{
	"onset":[0.064,3.273,5.686,7.413,14.666,16.351,19.397,21.299,23.102,25.952,27.869,40.491,42.282,46.029,59.176,61.053,76.047,79.178,81.806,85.56100000000001,87.71599999999999,90.51300000000001,94.13500000000001,96.80500000000001,98.794,102.234,105.009,107.309,108.839,110.862,113.666,117.186,119.587,123.485,126.224,129.657,141.954,143.429,145.585,150.594,153.739,155.885,166.933,170.341,175.905,177.362,179.268,182.339,184.34,186.91,193.22,195.514,198.34,200.455,202.785,205.118,207.456,209.67,212.461,215.886,218.256,221.043,234.265,237.642,239.965,252.728,256,259.456,261.705,263.506,265.298,268.292,271.846,275.391,277.102,279.189,282.683,284.512,295.252,298.328,300.147,304.106,306.243,309.269,311.055,319.626,321.611,324.841,326.516,329.414,332.316,335.053,338.444,340.11,342.113,349.523,351.586,354.475,357.41,361.764,372.924,374.792,376.741,380.961,383.585,385.066,391.025,393.853,396.02,399.321,403.039,405.536,422.393,424.319,427.234,433.377,436.315,437.869,442.129,444.715,453.305,456.175,458.943,460.713,463.355,465.964,470.492,472.353,475.229,479.52,481.384,483.842,491.973,494.948,497.871,503.676,506.53,508.209,511.639,514.2140000000001,516.124,518.921,521.725,530.696,533.3920000000001,536.73,540.273,542.37,545.5410000000001,547.28,550.549,552.064,558.606,560.198,563.65,566.399,578.502,580.869,591.667,594.09,596.114,599.303],
	"duration":[0.772,0.772,0.772,0.772,0.772,0.772,0.772,0.772,0.772,0.772,0.772,0.772,0.772,0.772,0.772,0.772,0.772,0.772,0.772,0.772,0.772,0.772,0.772,0.772,0.772,0.772,0.772,0.772,0.772,0.772,0.772,0.772,0.772,0.772,0.772,0.772,0.772,0.772,0.772,0.772,0.772,0.772,0.772,0.772,0.772,0.772,0.772,0.772,0.772,0.772,0.772,0.772,0.772,0.772,0.772,0.772,0.772,0.772,0.772,0.772,0.772,0.772,0.772,0.772,0.772,0.772,0.772,0.772,0.772,0.772,0.772,0.772,0.772,0.772,0.772,0.772,0.772,0.772,0.772,0.772,0.772,0.772,0.772,0.772,0.772,0.772,0.772,0.772,0.772,0.772,0.772,0.772,0.772,0.772,0.772,0.772,0.772,0.772,0.772,0.772,0.772,0.772,0.772,0.772,0.772,0.772,0.772,0.772,0.772,0.772,0.772,0.772,0.772,0.772,0.772,0.772,0.772,0.772,0.772,0.772,0.772,0.772,0.772,0.772,0.772,0.772,0.772,0.772,0.772,0.772,0.772,0.772,0.772,0.772,0.772,0.772,0.772,0.772,0.772,0.772,0.772,0.772,0.772,0.772,0.772,0.772,0.772,0.772,0.772,0.772,0.772,0.772,0.772,0.772,0.772,0.772,0.772,0.772,0.772,0.772,0.772,0.772],
	"trial_type":[
		"pumps_demean",
		"pumps_demean",
		"pumps_demean",
		"cash_demean",
		"control_pumps_demean",
		"control_pumps_demean",
		"control_pumps_demean",
		"control_pumps_demean",
		"control_pumps_demean",
		"control_pumps_demean",
		"control_pumps_demean",
		"pumps_demean",
		"pumps_demean",
		"explode_demean",
		"control_pumps_demean",
		"control_pumps_demean",
		"pumps_demean",
		"pumps_demean",
		"cash_demean",
		"pumps_demean",
		"pumps_demean",
		"cash_demean",
		"pumps_demean",
		"pumps_demean",
		"cash_demean",
		"control_pumps_demean",
		"control_pumps_demean",
		"control_pumps_demean",
		"control_pumps_demean",
		"control_pumps_demean",
		"control_pumps_demean",
		"control_pumps_demean",
		"control_pumps_demean",
		"control_pumps_demean",
		"control_pumps_demean",
		"control_pumps_demean",
		"pumps_demean",
		"pumps_demean",
		"cash_demean",
		"pumps_demean",
		"pumps_demean",
		"cash_demean",
		"pumps_demean",
		"explode_demean",
		"pumps_demean",
		"pumps_demean",
		"pumps_demean",
		"pumps_demean",
		"pumps_demean",
		"cash_demean",
		"control_pumps_demean",
		"control_pumps_demean",
		"control_pumps_demean",
		"control_pumps_demean",
		"control_pumps_demean",
		"control_pumps_demean",
		"control_pumps_demean",
		"control_pumps_demean",
		"control_pumps_demean",
		"control_pumps_demean",
		"control_pumps_demean",
		"control_pumps_demean",
		"pumps_demean",
		"pumps_demean",
		"cash_demean",
		"pumps_demean",
		"explode_demean",
		"control_pumps_demean",
		"control_pumps_demean",
		"control_pumps_demean",
		"control_pumps_demean",
		"control_pumps_demean",
		"control_pumps_demean",
		"control_pumps_demean",
		"control_pumps_demean",
		"control_pumps_demean",
		"control_pumps_demean",
		"control_pumps_demean",
		"pumps_demean",
		"pumps_demean",
		"cash_demean",
		"pumps_demean",
		"pumps_demean",
		"pumps_demean",
		"explode_demean",
		"pumps_demean",
		"pumps_demean",
		"pumps_demean",
		"pumps_demean",
		"pumps_demean",
		"pumps_demean",
		"explode_demean",
		"pumps_demean",
		"pumps_demean",
		"cash_demean",
		"pumps_demean",
		"pumps_demean",
		"pumps_demean",
		"explode_demean",
		"control_pumps_demean",
		"pumps_demean",
		"pumps_demean",
		"explode_demean",
		"pumps_demean",
		"pumps_demean",
		"explode_demean",
		"control_pumps_demean",
		"control_pumps_demean",
		"control_pumps_demean",
		"control_pumps_demean",
		"control_pumps_demean",
		"control_pumps_demean",
		"pumps_demean",
		"pumps_demean",
		"cash_demean",
		"pumps_demean",
		"pumps_demean",
		"cash_demean",
		"control_pumps_demean",
		"control_pumps_demean",
		"pumps_demean",
		"pumps_demean",
		"pumps_demean",
		"pumps_demean",
		"pumps_demean",
		"cash_demean",
		"pumps_demean",
		"pumps_demean",
		"explode_demean",
		"pumps_demean",
		"pumps_demean",
		"cash_demean",
		"pumps_demean",
		"pumps_demean",
		"explode_demean",
		"control_pumps_demean",
		"control_pumps_demean",
		"control_pumps_demean",
		"control_pumps_demean",
		"control_pumps_demean",
		"control_pumps_demean",
		"control_pumps_demean",
		"control_pumps_demean",
		"pumps_demean",
		"pumps_demean",
		"cash_demean",
		"pumps_demean",
		"pumps_demean",
		"pumps_demean",
		"pumps_demean",
		"pumps_demean",
		"explode_demean",
		"control_pumps_demean",
		"control_pumps_demean",
		"control_pumps_demean",
		"control_pumps_demean",
		"pumps_demean",
		"cash_demean",
		"pumps_demean",
		"pumps_demean",
		"pumps_demean",
		"cash_demean"
	],
	"cash_demean":[
		"n/a",
		"n/a",
		"n/a",
		0.588,
		"n/a",
		"n/a",
		"n/a",
		"n/a",
		"n/a",
		"n/a",
		"n/a",
		"n/a",
		"n/a",
		"n/a",
		"n/a",
		"n/a",
		"n/a",
		"n/a",
		-0.412,
		"n/a",
		"n/a",
		-0.412,
		"n/a",
		"n/a",
		-0.412,
		"n/a",
		"n/a",
		"n/a",
		"n/a",
		"n/a",
		"n/a",
		"n/a",
		"n/a",
		"n/a",
		"n/a",
		"n/a",
		"n/a",
		"n/a",
		-0.412,
		"n/a",
		"n/a",
		-0.412,
		"n/a",
		"n/a",
		"n/a",
		"n/a",
		"n/a",
		"n/a",
		"n/a",
		2.588,
		"n/a",
		"n/a",
		"n/a",
		"n/a",
		"n/a",
		"n/a",
		"n/a",
		"n/a",
		"n/a",
		"n/a",
		"n/a",
		"n/a",
		"n/a",
		"n/a",
		-0.412,
		"n/a",
		"n/a",
		"n/a",
		"n/a",
		"n/a",
		"n/a",
		"n/a",
		"n/a",
		"n/a",
		"n/a",
		"n/a",
		"n/a",
		"n/a",
		"n/a",
		"n/a",
		-0.412,
		"n/a",
		"n/a",
		"n/a",
		"n/a",
		"n/a",
		"n/a",
		"n/a",
		"n/a",
		"n/a",
		"n/a",
		"n/a",
		"n/a",
		"n/a",
		-0.412,
		"n/a",
		"n/a",
		"n/a",
		"n/a",
		"n/a",
		"n/a",
		"n/a",
		"n/a",
		"n/a",
		"n/a",
		"n/a",
		"n/a",
		"n/a",
		"n/a",
		"n/a",
		"n/a",
		"n/a",
		"n/a",
		"n/a",
		-0.412,
		"n/a",
		"n/a",
		-0.412,
		"n/a",
		"n/a",
		"n/a",
		"n/a",
		"n/a",
		"n/a",
		"n/a",
		2.588,
		"n/a",
		"n/a",
		"n/a",
		"n/a",
		"n/a",
		-0.412,
		"n/a",
		"n/a",
		"n/a",
		"n/a",
		"n/a",
		"n/a",
		"n/a",
		"n/a",
		"n/a",
		"n/a",
		"n/a",
		"n/a",
		"n/a",
		-0.412,
		"n/a",
		"n/a",
		"n/a",
		"n/a",
		"n/a",
		"n/a",
		"n/a",
		"n/a",
		"n/a",
		"n/a",
		"n/a",
		-1.412,
		"n/a",
		"n/a",
		"n/a",
		0.588
	],