{
	"onset":[7.5700039951398,9.015004757752351],
	"duration":[0,0],
	"sample":[7571,9016],
	"type":[
		"Markers",
		"Markers"
	],
	"value":[
		"BASE-START",
		"BASE-END"
	]
}
