{
	"onset":[1.483,3.496,7.49,20.492,26.599,28.596,40.592,47.706,49.702,64.70099999999999,72.80500000000001,74.80200000000001,78.81100000000001,90.807,99.91800000000001,101.914,105.907,120.907,127.014,129.01,133.02,147.013,154.127,156.123,160.133,166.223,168.22,172.23,181.34,183.336,198.336,205.449,207.446,221.439,227.546,229.542,233.569,239.676,241.673,245.699,254.809,256.806,260.816,266.923,268.919,272.929,287.929,296.032,298.029,311.032,317.139,319.135,323.162,331.265,333.262,337.272,352.271,359.385,361.381,373.377],
	"duration":[2,4,8,2.1,2,8,2.1,2,8,2.1,2,4,8,2.1,2,4,8,2.1,2,4,8,2.1,2,4,2.1,2,4,2.1,2,8,2.1,2,8,2.1,2,4,2.1,2,4,2.1,2,4,2.1,2,4,8,2.1,2,8,2.1,2,4,2.1,2,4,8,2.1,2,8,2.1],
	"trial_type":[
		"Look_Neg_Cue",
		"Look_Neg_Ant",
		"Look_Neg_Stim",
		"Look_Neg_Rating",
		"Reapp_Neg_Cue",
		"Reapp_Neg_Stim",
		"Reapp_Neg_Rating",
		"Look_Neutral_Cue",
		"Look_Neutral_Stim",
		"Look_Neutral_Rating",
		"Reapp_Neg_Cue",
		"Reapp_Neg_Ant",
		"Reapp_Neg_Stim",
		"Reapp_Neg_Rating",
		"Look_Neg_Cue",
		"Look_Neg_Ant",
		"Look_Neg_Stim",
		"Look_Neg_Rating",
		"Look_Neutral_Cue",
		"Look_Neutral_Ant",
		"Look_Neutral_Stim",
		"Look_Neutral_Rating",
		"Look_Neg_Cue",
		"Look_Neg_Ant",
		"Look_Neg_Rating",
		"Reapp_Neg_Cue",
		"Reapp_Neg_Ant",
		"Reapp_Neg_Rating",
		"Look_Neutral_Cue",
		"Look_Neutral_Stim",
		"Look_Neutral_Rating",
		"Reapp_Neg_Cue",
		"Reapp_Neg_Stim",
		"Reapp_Neg_Rating",
		"Look_Neutral_Cue",
		"Look_Neutral_Ant",
		"Look_Neutral_Rating",
		"Look_Neg_Cue",
		"Look_Neg_Ant",
		"Look_Neg_Rating",
		"Look_Neutral_Cue",
		"Look_Neutral_Ant",
		"Look_Neutral_Rating",
		"Reapp_Neg_Cue",
		"Reapp_Neg_Ant",
		"Reapp_Neg_Stim",
		"Reapp_Neg_Rating",
		"Look_Neg_Cue",
		"Look_Neg_Stim",
		"Look_Neg_Rating",
		"Reapp_Neg_Cue",
		"Reapp_Neg_Ant",
		"Reapp_Neg_Rating",
		"Look_Neutral_Cue",
		"Look_Neutral_Ant",
		"Look_Neutral_Stim",
		"Look_Neutral_Rating",
		"Look_Neg_Cue",
		"Look_Neg_Stim",
		"Look_Neg_Rating"
	]
}
