{
	"onset":[1.5,3.496,7.506,14.62,16.616,30.609,36.716,38.712,42.739,51.849,53.846,57.856,63.963,65.95999999999999,78.962,85.069,87.066,91.07599999999999,105.068,112.182,114.179,118.172,133.171,139.278,141.275,145.285,159.277,165.384,167.381,179.377,187.481,189.477,193.504,199.611,201.607,205.634,211.741,213.738,217.748,230.734,238.837,240.834,252.847,261.957,263.953,267.947,280.949,288.063,290.06,305.059,314.169,316.166,320.159,332.172,341.282,343.279,358.278,367.388,369.385,373.395],
	"duration":[2,4,2.1,2,8,2.1,2,4,2.1,2,4,2.1,2,8,2.1,2,4,8,2.1,2,4,8,2.1,2,4,8,2.1,2,8,2.1,2,4,2.1,2,4,2.1,2,4,8,2.1,2,8,2.1,2,4,8,2.1,2,8,2.1,2,4,8,2.1,2,8,2.1,2,4,2.1],
	"trial_type":[
		"Reapp_Neg_Cue",
		"Reapp_Neg_Ant",
		"Reapp_Neg_Rating",
		"Look_Neg_Cue",
		"Look_Neg_Stim",
		"Look_Neg_Rating",
		"Look_Neg_Cue",
		"Look_Neg_Ant",
		"Look_Neg_Rating",
		"Look_Neutral_Cue",
		"Look_Neutral_Ant",
		"Look_Neutral_Rating",
		"Reapp_Neg_Cue",
		"Reapp_Neg_Stim",
		"Reapp_Neg_Rating",
		"Look_Neg_Cue",
		"Look_Neg_Ant",
		"Look_Neg_Stim",
		"Look_Neg_Rating",
		"Look_Neutral_Cue",
		"Look_Neutral_Ant",
		"Look_Neutral_Stim",
		"Look_Neutral_Rating",
		"Reapp_Neg_Cue",
		"Reapp_Neg_Ant",
		"Reapp_Neg_Stim",
		"Reapp_Neg_Rating",
		"Look_Neutral_Cue",
		"Look_Neutral_Stim",
		"Look_Neutral_Rating",
		"Look_Neutral_Cue",
		"Look_Neutral_Ant",
		"Look_Neutral_Rating",
		"Reapp_Neg_Cue",
		"Reapp_Neg_Ant",
		"Reapp_Neg_Rating",
		"Look_Neutral_Cue",
		"Look_Neutral_Ant",
		"Look_Neutral_Stim",
		"Look_Neutral_Rating",
		"Reapp_Neg_Cue",
		"Reapp_Neg_Stim",
		"Reapp_Neg_Rating",
		"Look_Neg_Cue",
		"Look_Neg_Ant",
		"Look_Neg_Stim",
		"Look_Neg_Rating",
		"Look_Neutral_Cue",
		"Look_Neutral_Stim",
		"Look_Neutral_Rating",
		"Reapp_Neg_Cue",
		"Reapp_Neg_Ant",
		"Reapp_Neg_Stim",
		"Reapp_Neg_Rating",
		"Look_Neg_Cue",
		"Look_Neg_Stim",
		"Look_Neg_Rating",
		"Look_Neg_Cue",
		"Look_Neg_Ant",
		"Look_Neg_Rating"
	]
}
