{
	"onset":[23.92,27.0773,30.3345,33.6427,37,40.2245,43.5155,46.84,49.93,53.2209,56.5118,59.6864,62.81,65.84999999999999,69.0573,72.29819999999999,75.4727,78.56270000000001,81.67,84.8109,87.83450000000001,90.8909,94.0318,97.1391,100.314,103.47,106.695,109.768,113.059,116.266,119.641,122.798,125.939,128.995,132.086,135.194,138.417,141.491,144.665,147.889,151.064,154.405,157.545,160.819,164.06,167.251,170.425,173.682,176.94,180.097,183.154,186.245,189.518,192.709,195.934,199.107,202.165,205.322,208.563,211.62,214.726,217.734,220.991,224.182,227.489,230.63,233.837,236.978,240.085,243.343,246.383,249.674,252.831,256.055,259.263,262.27,265.427,268.685,271.892,274.915,278.14,281.347,284.588,287.778,290.903,294.21,297.417,300.541,303.682,306.739,310.03,313.187,316.479,319.618,322.809,326.1,329.341,332.598,335.755,338.946,342.271,345.411,348.502,351.693,354.883,358.091,361.215,364.438,367.563,370.72,373.794,377.052,380.192,383.415,386.59,389.646,392.921,396.145,399.369,402.543,405.7,408.941,412.098,415.389,418.63,421.905,424.962,428.135,431.326,434.383,437.591,440.665,443.872,446.878,450.035,453.143,456.25,459.457,462.632,465.656,468.929,472.07,475.244,478.385,481.675,484.715,487.739,490.98],
	"duration":[0,0,0,0,0,0,0,0,0,0,0,0,0,0,0,0,0,0,0,0,0,0,0,0,0,0,0,0,0,0,0,0,0,0,0,0,0,0,0,0,0,0,0,0,0,0,0,0,0,0,0,0,0,0,0,0,0,0,0,0,0,0,0,0,0,0,0,0,0,0,0,0,0,0,0,0,0,0,0,0,0,0,0,0,0,0,0,0,0,0,0,0,0,0,0,0,0,0,0,0,0,0,0,0,0,0,0,0,0,0,0,0,0,0,0,0,0,0,0,0,0,0,0,0,0,0,0,0,0,0,0,0,0,0,0,0,0,0,0,0,0,0,0,0,0,0,0,0],
	"event_sample":[26312,29785,33368,37007,40700,44247,47867,51524,54923,58543,62163,65655,69091,72435,75963,79528,83020,86419,89837,93292,96618,99980,103435,106853,110345,113817,117364,120745,124365,127893,131605,135078,138533,141895,145295,148713,152259,155640,159132,162678,166170,169845,173299,176901,180466,183976,187467,191050,194634,198107,201469,204869,208470,211980,215527,219018,222381,225854,229419,232782,236199,239507,243090,246600,250238,253693,257221,260676,264094,267677,271021,274641,278114,281661,285189,288497,291970,295553,299081,302407,305954,309482,313047,316556,319993,323631,327159,330595,334050,337413,341033,344506,348127,351580,355090,358710,362275,365858,369331,372841,376498,379952,383352,386862,390371,393900,397336,400882,404319,407792,411173,414757,418211,421757,425249,428611,432213,435759,439306,442797,446270,449835,453308,456928,460493,464095,467458,470949,474459,477821,481350,484731,488259,491566,495039,498457,501875,505403,508895,512222,515822,519277,522768,526223,529843,533187,536513,540078],
	"trial_type":[
		"Scrambled",
		"Scrambled",
		"Unfamiliar",
		"Unfamiliar",
		"Unfamiliar",
		"Unfamiliar",
		"Unfamiliar",
		"Famous",
		"Scrambled",
		"Unfamiliar",
		"Scrambled",
		"Famous",
		"Famous",
		"Scrambled",
		"Scrambled",
		"Unfamiliar",
		"Famous",
		"Famous",
		"Scrambled",
		"Scrambled",
		"Famous",
		"Famous",
		"Famous",
		"Unfamiliar",
		"Scrambled",
		"Scrambled",
		"Unfamiliar",
		"Unfamiliar",
		"Famous",
		"Famous",
		"Famous",
		"Famous",
		"Scrambled",
		"Famous",
		"Scrambled",
		"Famous",
		"Famous",
		"Famous",
		"Famous",
		"Scrambled",
		"Famous",
		"Unfamiliar",
		"Famous",
		"Scrambled",
		"Famous",
		"Unfamiliar",
		"Unfamiliar",
		"Scrambled",
		"Unfamiliar",
		"Unfamiliar",
		"Scrambled",
		"Famous",
		"Unfamiliar",
		"Famous",
		"Famous",
		"Scrambled",
		"Unfamiliar",
		"Scrambled",
		"Scrambled",
		"Scrambled",
		"Unfamiliar",
		"Unfamiliar",
		"Unfamiliar",
		"Unfamiliar",
		"Famous",
		"Famous",
		"Famous",
		"Unfamiliar",
		"Famous",
		"Famous",
		"Scrambled",
		"Scrambled",
		"Unfamiliar",
		"Scrambled",
		"Famous",
		"Scrambled",
		"Famous",
		"Famous",
		"Scrambled",
		"Unfamiliar",
		"Unfamiliar",
		"Unfamiliar",
		"Unfamiliar",
		"Scrambled",
		"Unfamiliar",
		"Scrambled",
		"Unfamiliar",
		"Unfamiliar",
		"Famous",
		"Unfamiliar",
		"Unfamiliar",
		"Scrambled",
		"Famous",
		"Unfamiliar",
		"Scrambled",
		"Scrambled",
		"Unfamiliar",
		"Unfamiliar",
		"Unfamiliar",
		"Famous",
		"Scrambled",
		"Famous",
		"Famous",
		"Scrambled",
		"Scrambled",
		"Scrambled",
		"Scrambled",
		"Unfamiliar",
		"Unfamiliar",
		"Famous",
		"Scrambled",
		"Scrambled",
		"Scrambled",
		"Famous",
		"Unfamiliar",
		"Famous",
		"Famous",
		"Famous",
		"Famous",
		"Scrambled",
		"Scrambled",
		"Scrambled",
		"Scrambled",
		"Scrambled",
		"Famous",
		"Famous",
		"Unfamiliar",
		"Unfamiliar",
		"Unfamiliar",
		"Scrambled",
		"Scrambled",
		"Scrambled",
		"Scrambled",
		"Unfamiliar",
		"Unfamiliar",
		"Famous",
		"Unfamiliar",
		"Scrambled",
		"Scrambled",
		"Unfamiliar",
		"Famous",
		"Unfamiliar",
		"Unfamiliar",
		"Scrambled",
		"Unfamiliar",
		"Famous",
		"Famous",
		"Famous"
	],
	"event_value":[17,17,13,14,13,13,14,5,19,13,19,5,6,17,18,15,5,6,17,18,7,5,6,15,17,17,13,14,5,6,5,5,19,5,19,5,6,5,6,17,7,13,7,17,7,13,14,17,13,14,19,5,15,5,6,19,13,17,18,19,13,14,13,14,7,5,5,15,5,6,17,18,13,17,7,17,7,5,17,13,15,13,14,19,13,19,13,14,7,13,14,19,5,15,17,18,13,14,15,5,17,5,7,17,18,17,18,13,14,7,17,19,17,7,13,5,6,5,6,17,19,17,18,19,5,6,15,13,13,17,18,19,17,13,14,5,15,17,18,15,5,13,14,19,13,5,6,7],
	"stim_file":[
		"s137.bmp",
		"s096.bmp",
		"u010.bmp",
		"u010.bmp",
		"u129.bmp",
		"u027.bmp",
		"u027.bmp",
		"f084.bmp",
		"s137.bmp",
		"u081.bmp",
		"s096.bmp",
		"f123.bmp",
		"f123.bmp",
		"s050.bmp",
		"s050.bmp",
		"u129.bmp",
		"f013.bmp",
		"f013.bmp",
		"s046.bmp",
		"s046.bmp",
		"f084.bmp",
		"f046.bmp",
		"f046.bmp",
		"u081.bmp",
		"s071.bmp",
		"s095.bmp",
		"u036.bmp",
		"u036.bmp",
		"f072.bmp",
		"f072.bmp",
		"f143.bmp",
		"f133.bmp",
		"s071.bmp",
		"f088.bmp",
		"s095.bmp",
		"f069.bmp",
		"f069.bmp",
		"f093.bmp",
		"f093.bmp",
		"s054.bmp",
		"f143.bmp",
		"u137.bmp",
		"f133.bmp",
		"s142.bmp",
		"f088.bmp",
		"u053.bmp",
		"u053.bmp",
		"s036.bmp",
		"u056.bmp",
		"u056.bmp",
		"s054.bmp",
		"f051.bmp",
		"u137.bmp",
		"f079.bmp",
		"f079.bmp",
		"s142.bmp",
		"u104.bmp",
		"s089.bmp",
		"s089.bmp",
		"s036.bmp",
		"u132.bmp",
		"u132.bmp",
		"u042.bmp",
		"u042.bmp",
		"f051.bmp",
		"f101.bmp",
		"f058.bmp",
		"u104.bmp",
		"f073.bmp",
		"f073.bmp",
		"s020.bmp",
		"s020.bmp",
		"u113.bmp",
		"s065.bmp",
		"f101.bmp",
		"s043.bmp",
		"f058.bmp",
		"f113.bmp",
		"s098.bmp",
		"u131.bmp",
		"u113.bmp",
		"u087.bmp",
		"u087.bmp",
		"s065.bmp",
		"u060.bmp",
		"s043.bmp",
		"u105.bmp",
		"u105.bmp",
		"f113.bmp",
		"u025.bmp",
		"u025.bmp",
		"s098.bmp",
		"f077.bmp",
		"u131.bmp",
		"s035.bmp",
		"s035.bmp",
		"u021.bmp",
		"u021.bmp",
		"u060.bmp",
		"f067.bmp",
		"s134.bmp",
		"f024.bmp",
		"f077.bmp",
		"s016.bmp",
		"s016.bmp",
		"s012.bmp",
		"s012.bmp",
		"u061.bmp",
		"u061.bmp",
		"f067.bmp",
		"s006.bmp",
		"s134.bmp",
		"s076.bmp",
		"f024.bmp",
		"u041.bmp",
		"f019.bmp",
		"f019.bmp",
		"f047.bmp",
		"f047.bmp",
		"s123.bmp",
		"s006.bmp",
		"s136.bmp",
		"s136.bmp",
		"s076.bmp",
		"f150.bmp",
		"f150.bmp",
		"u041.bmp",
		"u082.bmp",
		"u045.bmp",
		"s138.bmp",
		"s138.bmp",
		"s123.bmp",
		"s001.bmp",
		"u074.bmp",
		"u074.bmp",
		"f043.bmp",
		"u082.bmp",
		"s019.bmp",
		"s019.bmp",
		"u045.bmp",
		"f063.bmp",
		"u139.bmp",
		"u139.bmp",
		"s001.bmp",
		"u024.bmp",
		"f108.bmp",
		"f108.bmp",
		"f043.bmp"
	]
}
