{
	"onset":[23.7509,26.9582,30.1491,33.3236,36.5473,39.8545,43.0291,46.22,49.36,52.6173,55.8082,59.1836,62.4073,65.68089999999999,68.8218,71.92910000000001,75.06910000000001,78.2764,81.3836,84.4909,87.71550000000001,90.80549999999999,94.04640000000001,97.0882,100.144,103.217,106.475,109.733,112.94,116.131,119.171,122.412,125.653,128.643,131.884,134.957,138.081,141.322,144.463,147.536,150.777,154.052,157.309,160.349,163.49,166.681,169.938,172.995,176.035,179.125,182.116,185.256,188.431,191.471,194.612,197.835,201.126,204.285,207.391,210.548,213.622,216.663,219.686,222.81,226.067,229.208,232.198,235.523,238.613,241.887,245.195,248.319,251.559,254.767,258.007,261.198,264.389,267.614,270.937,274.112,277.085,280.142,283.233,286.39,289.447,292.671,295.778,299.019,302.243,305.45,308.541,311.682,314.839,318.046,321.154,324.394,327.551,330.658,333.865,337.124,340.397,343.622,346.695,349.769,353.094,356.235,362.515,365.555,368.846,371.887,374.911,378.035,381.142,384.198,387.456,390.596,393.62,396.745,400.002,403.225,406.383,409.641,412.882,415.988,419.012,422.035,425.193,428.25,431.507,434.732,437.923,441.113,444.254,447.411,450.602,453.742,456.833,460.006,463.164,466.271,469.412,472.535,475.626,478.85,482.007,485.182],
	"duration":[0,0,0,0,0,0,0,0,0,0,0,0,0,0,0,0,0,0,0,0,0,0,0,0,0,0,0,0,0,0,0,0,0,0,0,0,0,0,0,0,0,0,0,0,0,0,0,0,0,0,0,0,0,0,0,0,0,0,0,0,0,0,0,0,0,0,0,0,0,0,0,0,0,0,0,0,0,0,0,0,0,0,0,0,0,0,0,0,0,0,0,0,0,0,0,0,0,0,0,0,0,0,0,0,0,0,0,0,0,0,0,0,0,0,0,0,0,0,0,0,0,0,0,0,0,0,0,0,0,0,0,0,0,0,0,0,0,0,0,0,0,0,0,0,0,0],
	"event_sample":[26126,29654,33164,36656,40202,43840,47332,50842,54296,57879,61389,65102,68648,72249,75704,79122,82576,86104,89522,92940,96487,99886,103451,106797,110158,113539,117123,120706,124234,127744,131088,134653,138218,141507,145072,148453,151889,155454,158909,162290,165855,169457,173040,176384,179839,183349,186932,190295,193639,197038,200328,203782,207274,210618,214073,217619,221239,224713,228130,231603,234984,238329,241655,245091,248674,252129,255418,259075,262474,266076,269714,273151,276715,280244,283808,287318,290828,294375,298031,301523,304794,308156,311556,315029,318392,321938,325356,328921,332467,335995,339395,342850,346323,349851,353269,356833,360306,363724,367252,370836,374437,377984,381365,384746,388403,391858,398767,402111,405731,409076,412402,415838,419256,422618,426202,429656,432982,436419,440002,443548,447021,450605,454170,457587,460913,464239,467712,471075,474658,478205,481715,485224,488679,492152,495662,499116,502516,506007,509480,512898,516353,519789,523189,526735,530208,533700],
	"trial_type":[
		"Unfamiliar",
		"Unfamiliar",
		"Famous",
		"Famous",
		"Scrambled",
		"Famous",
		"Famous",
		"Scrambled",
		"Famous",
		"Famous",
		"Scrambled",
		"Unfamiliar",
		"Unfamiliar",
		"Scrambled",
		"Famous",
		"Scrambled",
		"Scrambled",
		"Famous",
		"Famous",
		"Famous",
		"Scrambled",
		"Scrambled",
		"Scrambled",
		"Famous",
		"Famous",
		"Unfamiliar",
		"Scrambled",
		"Scrambled",
		"Scrambled",
		"Scrambled",
		"Famous",
		"Unfamiliar",
		"Unfamiliar",
		"Famous",
		"Famous",
		"Famous",
		"Unfamiliar",
		"Scrambled",
		"Scrambled",
		"Unfamiliar",
		"Unfamiliar",
		"Famous",
		"Famous",
		"Unfamiliar",
		"Scrambled",
		"Unfamiliar",
		"Unfamiliar",
		"Unfamiliar",
		"Scrambled",
		"Scrambled",
		"Famous",
		"Famous",
		"Famous",
		"Famous",
		"Famous",
		"Scrambled",
		"Famous",
		"Unfamiliar",
		"Unfamiliar",
		"Scrambled",
		"Unfamiliar",
		"Famous",
		"Unfamiliar",
		"Scrambled",
		"Scrambled",
		"Scrambled",
		"Famous",
		"Scrambled",
		"Scrambled",
		"Unfamiliar",
		"Unfamiliar",
		"Scrambled",
		"Unfamiliar",
		"Famous",
		"Famous",
		"Scrambled",
		"Unfamiliar",
		"Unfamiliar",
		"Famous",
		"Unfamiliar",
		"Unfamiliar",
		"Unfamiliar",
		"Unfamiliar",
		"Scrambled",
		"Scrambled",
		"Unfamiliar",
		"Famous",
		"Famous",
		"Scrambled",
		"Scrambled",
		"Unfamiliar",
		"Famous",
		"Famous",
		"Scrambled",
		"Scrambled",
		"Scrambled",
		"Famous",
		"Famous",
		"Unfamiliar",
		"Famous",
		"Famous",
		"Famous",
		"Unfamiliar",
		"Unfamiliar",
		"Famous",
		"Famous",
		"Scrambled",
		"Unfamiliar",
		"Famous",
		"Unfamiliar",
		"Scrambled",
		"Scrambled",
		"Scrambled",
		"Scrambled",
		"Famous",
		"Unfamiliar",
		"Scrambled",
		"Scrambled",
		"Famous",
		"Unfamiliar",
		"Unfamiliar",
		"Unfamiliar",
		"Unfamiliar",
		"Unfamiliar",
		"Unfamiliar",
		"Famous",
		"Scrambled",
		"Scrambled",
		"Scrambled",
		"Unfamiliar",
		"Scrambled",
		"Unfamiliar",
		"Unfamiliar",
		"Unfamiliar",
		"Famous",
		"Unfamiliar",
		"Unfamiliar",
		"Unfamiliar",
		"Famous",
		"Scrambled",
		"Scrambled",
		"Scrambled",
		"Scrambled",
		"Famous",
		"Unfamiliar",
		"Famous"
	],
	"event_value":[13,14,5,6,17,5,6,17,5,6,17,13,14,19,5,17,19,5,6,5,19,17,18,5,7,13,19,17,17,18,7,13,13,7,5,6,15,17,19,13,14,5,6,15,17,15,13,14,17,19,5,5,6,5,6,19,5,13,14,19,13,7,13,17,17,18,7,17,18,13,15,17,15,5,6,19,13,14,5,13,15,13,14,19,17,13,5,7,17,18,15,5,6,17,18,19,5,6,15,5,6,7,13,14,5,6,17,13,5,13,17,18,17,18,5,15,17,18,7,13,15,13,13,14,13,7,17,18,17,15,17,15,13,14,5,15,13,14,5,19,17,18,19,5,13,7],
	"stim_file":[
		"u009.bmp",
		"u009.bmp",
		"f052.bmp",
		"f052.bmp",
		"s112.bmp",
		"f100.bmp",
		"f100.bmp",
		"s077.bmp",
		"f045.bmp",
		"f045.bmp",
		"s053.bmp",
		"u068.bmp",
		"u068.bmp",
		"s112.bmp",
		"f042.bmp",
		"s114.bmp",
		"s077.bmp",
		"f057.bmp",
		"f057.bmp",
		"f035.bmp",
		"s053.bmp",
		"s047.bmp",
		"s047.bmp",
		"f112.bmp",
		"f042.bmp",
		"u069.bmp",
		"s114.bmp",
		"s042.bmp",
		"s032.bmp",
		"s032.bmp",
		"f035.bmp",
		"u123.bmp",
		"u096.bmp",
		"f112.bmp",
		"f110.bmp",
		"f110.bmp",
		"u069.bmp",
		"s105.bmp",
		"s042.bmp",
		"u085.bmp",
		"u085.bmp",
		"f140.bmp",
		"f140.bmp",
		"u123.bmp",
		"s090.bmp",
		"u096.bmp",
		"u140.bmp",
		"u140.bmp",
		"s055.bmp",
		"s105.bmp",
		"f103.bmp",
		"f129.bmp",
		"f129.bmp",
		"f031.bmp",
		"f031.bmp",
		"s090.bmp",
		"f126.bmp",
		"u026.bmp",
		"u026.bmp",
		"s055.bmp",
		"u092.bmp",
		"f103.bmp",
		"u102.bmp",
		"s017.bmp",
		"s010.bmp",
		"s010.bmp",
		"f126.bmp",
		"s014.bmp",
		"s014.bmp",
		"u018.bmp",
		"u092.bmp",
		"s061.bmp",
		"u102.bmp",
		"f029.bmp",
		"f029.bmp",
		"s017.bmp",
		"u023.bmp",
		"u023.bmp",
		"f005.bmp",
		"u029.bmp",
		"u018.bmp",
		"u101.bmp",
		"u101.bmp",
		"s061.bmp",
		"s059.bmp",
		"u126.bmp",
		"f086.bmp",
		"f005.bmp",
		"s143.bmp",
		"s143.bmp",
		"u029.bmp",
		"f026.bmp",
		"f026.bmp",
		"s118.bmp",
		"s118.bmp",
		"s059.bmp",
		"f066.bmp",
		"f066.bmp",
		"u126.bmp",
		"f017.bmp",
		"f017.bmp",
		"f086.bmp",
		"u071.bmp",
		"u071.bmp",
		"f122.bmp",
		"f122.bmp",
		"s087.bmp",
		"u007.bmp",
		"f053.bmp",
		"u001.bmp",
		"s097.bmp",
		"s097.bmp",
		"s092.bmp",
		"s092.bmp",
		"f078.bmp",
		"u007.bmp",
		"s056.bmp",
		"s056.bmp",
		"f053.bmp",
		"u062.bmp",
		"u001.bmp",
		"u110.bmp",
		"u032.bmp",
		"u032.bmp",
		"u111.bmp",
		"f078.bmp",
		"s113.bmp",
		"s113.bmp",
		"s122.bmp",
		"u062.bmp",
		"s064.bmp",
		"u110.bmp",
		"u035.bmp",
		"u035.bmp",
		"f131.bmp",
		"u111.bmp",
		"u050.bmp",
		"u050.bmp",
		"f012.bmp",
		"s122.bmp",
		"s028.bmp",
		"s028.bmp",
		"s064.bmp",
		"f004.bmp",
		"u091.bmp",
		"f131.bmp"
	]
}
