{
	"onset":[23.6764,26.8336,29.9909,33.1982,36.4391,39.6964,42.7536,45.8445,49.1182,52.3091,55.4664,58.69,61.9809,65.2882,68.3627,71.5364,74.5936,77.65000000000001,80.79089999999999,83.9645,87.2055,90.4464,93.43819999999999,96.4773,99.7182,102.942,106.099,109.357,112.431,115.521,118.695,121.802,124.926,128.267,131.475,134.632,137.889,140.996,144.104,147.311,150.535,153.659,156.866,160.04,163.265,166.405,169.445,172.636,175.66,178.867,181.941,185.082,188.272,191.329,194.536,197.577,200.785,204.025,207.149,210.223,213.48,216.487,219.695,222.802,226.043,229.3,232.474,235.732,238.939,242.246,245.421,248.445,251.451,254.692,257.883,261.207,264.331,267.505,270.745,273.819,276.96,280.017,283.175,286.248,289.455,292.646,295.703,298.927,302.001,305.208,308.299,311.289,314.496,317.62,320.811,323.968,327.075,330.133,333.173,336.531,339.822,343.013,346.103,349.176,352.184,355.24,358.297,361.438,364.679,367.92,371.194,374.418,377.492,380.816,383.956,387.197,390.288,393.528,396.552,399.693,402.967,406.175,409.382,412.523,415.564,418.754,422.095,425.335,428.443,431.716,434.807,437.814,441.122,444.279,447.303,450.393,453.5,456.557,459.765,462.872,466.029,469.069,472.244,475.501,478.625,481.765,484.989],
	"duration":[0,0,0,0,0,0,0,0,0,0,0,0,0,0,0,0,0,0,0,0,0,0,0,0,0,0,0,0,0,0,0,0,0,0,0,0,0,0,0,0,0,0,0,0,0,0,0,0,0,0,0,0,0,0,0,0,0,0,0,0,0,0,0,0,0,0,0,0,0,0,0,0,0,0,0,0,0,0,0,0,0,0,0,0,0,0,0,0,0,0,0,0,0,0,0,0,0,0,0,0,0,0,0,0,0,0,0,0,0,0,0,0,0,0,0,0,0,0,0,0,0,0,0,0,0,0,0,0,0,0,0,0,0,0,0,0,0,0,0,0,0,0,0,0,0,0,0],
	"event_sample":[26044,29517,32990,36518,40083,43666,47029,50429,54030,57540,61013,64559,68179,71817,75199,78690,82053,85415,88870,92361,95926,99491,102782,106125,109690,113236,116709,120293,123674,127073,130565,133982,137419,141094,144622,148095,151678,155096,158514,162042,165589,169025,172553,176044,179591,183046,186390,189900,193226,196754,200135,203590,207099,210462,213990,217335,220863,224428,227864,231245,234828,238136,241664,245082,248647,252230,255721,259305,262833,266471,269963,273289,276596,280161,283671,287328,290764,294255,297820,301201,304656,308019,311492,314873,318401,321911,325273,328820,332201,335729,339129,342418,345946,349382,352892,356365,359783,363146,366490,370184,373804,377314,380713,384094,387402,390764,394127,397582,401147,404712,408313,411860,415241,418898,422352,425917,429317,432881,436207,439662,443264,446793,450320,453775,457120,460629,464304,467869,471287,474888,478288,481595,485234,488707,492033,495432,498850,502213,505741,509159,512632,515976,519468,523051,526487,529942,533488],
	"trial_type":[
		"Unfamiliar",
		"Unfamiliar",
		"Unfamiliar",
		"Unfamiliar",
		"Unfamiliar",
		"Unfamiliar",
		"Famous",
		"Famous",
		"Famous",
		"Scrambled",
		"Scrambled",
		"Unfamiliar",
		"Unfamiliar",
		"Unfamiliar",
		"Famous",
		"Famous",
		"Famous",
		"Unfamiliar",
		"Unfamiliar",
		"Scrambled",
		"Famous",
		"Famous",
		"Unfamiliar",
		"Unfamiliar",
		"Famous",
		"Scrambled",
		"Scrambled",
		"Scrambled",
		"Famous",
		"Unfamiliar",
		"Unfamiliar",
		"Scrambled",
		"Scrambled",
		"Famous",
		"Scrambled",
		"Scrambled",
		"Famous",
		"Scrambled",
		"Unfamiliar",
		"Unfamiliar",
		"Famous",
		"Unfamiliar",
		"Unfamiliar",
		"Scrambled",
		"Scrambled",
		"Famous",
		"Scrambled",
		"Scrambled",
		"Famous",
		"Unfamiliar",
		"Famous",
		"Famous",
		"Unfamiliar",
		"Famous",
		"Famous",
		"Famous",
		"Famous",
		"Famous",
		"Unfamiliar",
		"Scrambled",
		"Scrambled",
		"Unfamiliar",
		"Scrambled",
		"Scrambled",
		"Famous",
		"Famous",
		"Famous",
		"Famous",
		"Unfamiliar",
		"Scrambled",
		"Scrambled",
		"Scrambled",
		"Famous",
		"Famous",
		"Famous",
		"Scrambled",
		"Famous",
		"Scrambled",
		"Scrambled",
		"Famous",
		"Unfamiliar",
		"Unfamiliar",
		"Unfamiliar",
		"Famous",
		"Scrambled",
		"Famous",
		"Scrambled",
		"Famous",
		"Famous",
		"Unfamiliar",
		"Unfamiliar",
		"Scrambled",
		"Scrambled",
		"Famous",
		"Scrambled",
		"Unfamiliar",
		"Unfamiliar",
		"Famous",
		"Scrambled",
		"Scrambled",
		"Scrambled",
		"Scrambled",
		"Unfamiliar",
		"Unfamiliar",
		"Unfamiliar",
		"Famous",
		"Unfamiliar",
		"Unfamiliar",
		"Unfamiliar",
		"Scrambled",
		"Scrambled",
		"Unfamiliar",
		"Unfamiliar",
		"Unfamiliar",
		"Scrambled",
		"Scrambled",
		"Unfamiliar",
		"Scrambled",
		"Unfamiliar",
		"Unfamiliar",
		"Unfamiliar",
		"Unfamiliar",
		"Unfamiliar",
		"Scrambled",
		"Famous",
		"Scrambled",
		"Scrambled",
		"Famous",
		"Famous",
		"Famous",
		"Scrambled",
		"Scrambled",
		"Scrambled",
		"Unfamiliar",
		"Famous",
		"Scrambled",
		"Scrambled",
		"Scrambled",
		"Scrambled",
		"Famous",
		"Unfamiliar",
		"Famous",
		"Famous",
		"Famous",
		"Unfamiliar",
		"Famous",
		"Scrambled"
	],
	"event_value":[13,14,13,14,13,14,5,5,6,17,18,13,13,14,5,6,7,13,14,17,5,6,15,13,5,17,17,19,5,13,15,17,18,7,17,19,5,19,13,14,7,13,15,17,18,5,19,17,7,13,5,6,15,5,6,5,6,7,13,19,17,15,17,18,5,6,5,5,15,17,18,19,5,5,6,17,7,17,18,7,13,13,14,7,17,5,19,5,6,13,15,17,18,5,19,13,14,7,17,18,17,18,15,13,13,7,13,14,13,17,18,13,14,15,17,18,15,17,13,14,15,13,14,17,5,17,19,5,5,6,17,18,19,13,7,17,19,17,18,7,13,5,6,5,15,5,19],
	"stim_file":[
		"u119.bmp",
		"u119.bmp",
		"u121.bmp",
		"u121.bmp",
		"u075.bmp",
		"u075.bmp",
		"f096.bmp",
		"f028.bmp",
		"f028.bmp",
		"s073.bmp",
		"s073.bmp",
		"u059.bmp",
		"u080.bmp",
		"u080.bmp",
		"f011.bmp",
		"f011.bmp",
		"f096.bmp",
		"u015.bmp",
		"u015.bmp",
		"s049.bmp",
		"f149.bmp",
		"f149.bmp",
		"u059.bmp",
		"u124.bmp",
		"f054.bmp",
		"s130.bmp",
		"s093.bmp",
		"s049.bmp",
		"f083.bmp",
		"u043.bmp",
		"u124.bmp",
		"s126.bmp",
		"s126.bmp",
		"f054.bmp",
		"s100.bmp",
		"s130.bmp",
		"f124.bmp",
		"s093.bmp",
		"u063.bmp",
		"u063.bmp",
		"f083.bmp",
		"u116.bmp",
		"u043.bmp",
		"s133.bmp",
		"s133.bmp",
		"f030.bmp",
		"s100.bmp",
		"s011.bmp",
		"f124.bmp",
		"u037.bmp",
		"f120.bmp",
		"f120.bmp",
		"u116.bmp",
		"f010.bmp",
		"f010.bmp",
		"f146.bmp",
		"f146.bmp",
		"f030.bmp",
		"u014.bmp",
		"s011.bmp",
		"s072.bmp",
		"u037.bmp",
		"s127.bmp",
		"s127.bmp",
		"f002.bmp",
		"f002.bmp",
		"f021.bmp",
		"f118.bmp",
		"u014.bmp",
		"s034.bmp",
		"s034.bmp",
		"s072.bmp",
		"f068.bmp",
		"f147.bmp",
		"f147.bmp",
		"s082.bmp",
		"f021.bmp",
		"s129.bmp",
		"s129.bmp",
		"f118.bmp",
		"u054.bmp",
		"u006.bmp",
		"u006.bmp",
		"f068.bmp",
		"s027.bmp",
		"f137.bmp",
		"s082.bmp",
		"f125.bmp",
		"f125.bmp",
		"u136.bmp",
		"u054.bmp",
		"s007.bmp",
		"s007.bmp",
		"f089.bmp",
		"s027.bmp",
		"u034.bmp",
		"u034.bmp",
		"f137.bmp",
		"s031.bmp",
		"s031.bmp",
		"s062.bmp",
		"s062.bmp",
		"u136.bmp",
		"u097.bmp",
		"u100.bmp",
		"f089.bmp",
		"u022.bmp",
		"u022.bmp",
		"u149.bmp",
		"s094.bmp",
		"s094.bmp",
		"u117.bmp",
		"u117.bmp",
		"u097.bmp",
		"s060.bmp",
		"s060.bmp",
		"u100.bmp",
		"s119.bmp",
		"u090.bmp",
		"u090.bmp",
		"u149.bmp",
		"u005.bmp",
		"u005.bmp",
		"s131.bmp",
		"f098.bmp",
		"s058.bmp",
		"s119.bmp",
		"f116.bmp",
		"f070.bmp",
		"f070.bmp",
		"s128.bmp",
		"s128.bmp",
		"s131.bmp",
		"u047.bmp",
		"f098.bmp",
		"s078.bmp",
		"s058.bmp",
		"s135.bmp",
		"s135.bmp",
		"f116.bmp",
		"u004.bmp",
		"f128.bmp",
		"f128.bmp",
		"f091.bmp",
		"u047.bmp",
		"f056.bmp",
		"s078.bmp"
	]
}
