{
	"onset":[23.9691,27.26,30.5009,33.6745,36.7818,39.9564,43.1964,46.1873,49.3445,52.5518,55.6427,58.8164,61.9236,64.98,68.12090000000001,71.1782,74.26819999999999,77.4927,80.6664,83.9409,87.0809,90.18819999999999,93.26179999999999,96.5864,99.66,102.785,105.875,108.915,112.139,115.396,118.587,121.728,125.002,128.075,131.25,134.524,137.731,140.922,144.079,147.12,150.226,153.435,156.758,159.849,162.99,166.13,169.438,172.729,176.02,179.21,182.485,185.542,188.699,191.806,195.08,198.255,201.345,204.619,207.726,210.866,214.057,217.181,220.372,223.479,226.67,229.894,233.068,236.342,239.499,242.556,245.697,248.837,251.911,254.935,258.008,261.165,264.307,267.38,270.421,273.411,276.735,279.959,283.267,286.425,289.615,292.805,295.913,299.12,302.345,305.535,308.659,311.765,314.99,318.164,321.237,324.328,327.535,330.609,333.85,337.091,340.282,343.539,346.764,349.937,353.045,356.252,359.393,362.483,365.74,368.848,371.855,375.078,378.203,381.326,384.567,387.725,390.848,394.055,397.214,400.404,403.627,406.918,410.025,413.3,419.581,422.738,426.046,429.32,432.561,435.802,438.875,441.966,445.124,448.381,451.605,454.929,457.97,461.16,464.451,467.558,470.665,473.723,477.064,480.305,483.545,486.553],
	"duration":[0,0,0,0,0,0,0,0,0,0,0,0,0,0,0,0,0,0,0,0,0,0,0,0,0,0,0,0,0,0,0,0,0,0,0,0,0,0,0,0,0,0,0,0,0,0,0,0,0,0,0,0,0,0,0,0,0,0,0,0,0,0,0,0,0,0,0,0,0,0,0,0,0,0,0,0,0,0,0,0,0,0,0,0,0,0,0,0,0,0,0,0,0,0,0,0,0,0,0,0,0,0,0,0,0,0,0,0,0,0,0,0,0,0,0,0,0,0,0,0,0,0,0,0,0,0,0,0,0,0,0,0,0,0,0,0,0,0,0,0,0,0,0,0,0,0],
	"event_sample":[26366,29986,33551,37042,40460,43952,47516,50806,54279,57807,61207,64698,68116,71478,74933,78296,81695,85242,88733,92335,95789,99207,102588,106245,109626,113063,116463,119806,123353,126936,130446,133901,137502,140883,144375,147976,151504,155014,158487,161832,165249,168778,172434,175834,179289,182743,186382,190002,193622,197131,200733,204096,207569,210987,214588,218080,221479,225081,228499,231953,235463,238899,242409,245827,249337,252883,256375,259976,263449,266812,270267,273721,277102,280428,283809,287282,290738,294118,297463,300752,304409,307955,311594,315067,318576,322086,325504,329032,332579,336088,339525,342942,346489,349980,353361,356761,360289,363670,367235,370800,374310,377893,381440,384931,388349,391877,395332,398731,402314,405733,409040,412586,416023,419459,423024,426497,429933,433461,436935,440444,443990,447610,451028,454630,461539,465012,468651,472252,475817,479382,482763,486163,489636,493219,496765,500422,503767,507276,510896,514314,517732,521095,524770,528335,531900,535208],
	"trial_type":[
		"Scrambled",
		"Unfamiliar",
		"Unfamiliar",
		"Unfamiliar",
		"Unfamiliar",
		"Unfamiliar",
		"Unfamiliar",
		"Famous",
		"Famous",
		"Famous",
		"Scrambled",
		"Famous",
		"Famous",
		"Scrambled",
		"Unfamiliar",
		"Unfamiliar",
		"Unfamiliar",
		"Famous",
		"Famous",
		"Scrambled",
		"Scrambled",
		"Unfamiliar",
		"Unfamiliar",
		"Famous",
		"Famous",
		"Unfamiliar",
		"Unfamiliar",
		"Unfamiliar",
		"Unfamiliar",
		"Famous",
		"Famous",
		"Famous",
		"Scrambled",
		"Scrambled",
		"Scrambled",
		"Famous",
		"Unfamiliar",
		"Scrambled",
		"Scrambled",
		"Scrambled",
		"Unfamiliar",
		"Unfamiliar",
		"Unfamiliar",
		"Scrambled",
		"Scrambled",
		"Famous",
		"Famous",
		"Unfamiliar",
		"Unfamiliar",
		"Scrambled",
		"Famous",
		"Famous",
		"Unfamiliar",
		"Unfamiliar",
		"Scrambled",
		"Scrambled",
		"Famous",
		"Scrambled",
		"Scrambled",
		"Famous",
		"Scrambled",
		"Unfamiliar",
		"Scrambled",
		"Scrambled",
		"Scrambled",
		"Scrambled",
		"Scrambled",
		"Scrambled",
		"Unfamiliar",
		"Unfamiliar",
		"Famous",
		"Famous",
		"Famous",
		"Unfamiliar",
		"Scrambled",
		"Famous",
		"Famous",
		"Famous",
		"Famous",
		"Famous",
		"Scrambled",
		"Scrambled",
		"Scrambled",
		"Scrambled",
		"Unfamiliar",
		"Famous",
		"Famous",
		"Unfamiliar",
		"Unfamiliar",
		"Unfamiliar",
		"Scrambled",
		"Famous",
		"Famous",
		"Famous",
		"Unfamiliar",
		"Scrambled",
		"Scrambled",
		"Unfamiliar",
		"Famous",
		"Famous",
		"Scrambled",
		"Scrambled",
		"Scrambled",
		"Famous",
		"Unfamiliar",
		"Famous",
		"Famous",
		"Famous",
		"Unfamiliar",
		"Unfamiliar",
		"Scrambled",
		"Scrambled",
		"Scrambled",
		"Scrambled",
		"Unfamiliar",
		"Scrambled",
		"Unfamiliar",
		"Unfamiliar",
		"Unfamiliar",
		"Famous",
		"Famous",
		"Scrambled",
		"Scrambled",
		"Scrambled",
		"Famous",
		"Scrambled",
		"Unfamiliar",
		"Unfamiliar",
		"Famous",
		"Famous",
		"Unfamiliar",
		"Unfamiliar",
		"Unfamiliar",
		"Unfamiliar",
		"Unfamiliar",
		"Unfamiliar",
		"Famous",
		"Famous",
		"Famous",
		"Unfamiliar",
		"Scrambled",
		"Famous",
		"Famous",
		"Unfamiliar",
		"Scrambled",
		"Scrambled"
	],
	"event_value":[17,13,14,13,14,13,14,5,6,5,19,5,6,17,13,13,13,7,5,17,19,13,15,5,6,15,13,14,15,5,6,7,17,18,19,5,15,17,18,17,13,14,13,17,18,7,5,13,14,19,5,6,13,15,17,17,7,17,18,5,17,15,17,18,19,17,18,19,13,14,5,6,7,13,19,5,5,6,5,6,17,18,17,18,15,5,7,13,14,13,17,5,5,7,13,17,18,15,5,6,19,17,18,7,13,7,5,6,15,13,17,18,17,17,15,17,13,15,13,5,6,19,17,18,5,19,13,15,5,6,15,13,14,13,13,14,7,5,6,15,17,5,5,15,17,18],
	"stim_file":[
		"s125.bmp",
		"u070.bmp",
		"u070.bmp",
		"u120.bmp",
		"u120.bmp",
		"u076.bmp",
		"u076.bmp",
		"f062.bmp",
		"f062.bmp",
		"f117.bmp",
		"s125.bmp",
		"f130.bmp",
		"f130.bmp",
		"s037.bmp",
		"u114.bmp",
		"u012.bmp",
		"u008.bmp",
		"f117.bmp",
		"f048.bmp",
		"s150.bmp",
		"s037.bmp",
		"u011.bmp",
		"u114.bmp",
		"f040.bmp",
		"f040.bmp",
		"u012.bmp",
		"u016.bmp",
		"u016.bmp",
		"u008.bmp",
		"f032.bmp",
		"f032.bmp",
		"f048.bmp",
		"s024.bmp",
		"s024.bmp",
		"s150.bmp",
		"f065.bmp",
		"u011.bmp",
		"s091.bmp",
		"s091.bmp",
		"s022.bmp",
		"u072.bmp",
		"u072.bmp",
		"u077.bmp",
		"s029.bmp",
		"s029.bmp",
		"f065.bmp",
		"f074.bmp",
		"u147.bmp",
		"u147.bmp",
		"s022.bmp",
		"f119.bmp",
		"f119.bmp",
		"u048.bmp",
		"u077.bmp",
		"s004.bmp",
		"s057.bmp",
		"f074.bmp",
		"s021.bmp",
		"s021.bmp",
		"f138.bmp",
		"s052.bmp",
		"u048.bmp",
		"s044.bmp",
		"s044.bmp",
		"s004.bmp",
		"s048.bmp",
		"s048.bmp",
		"s057.bmp",
		"u112.bmp",
		"u112.bmp",
		"f036.bmp",
		"f036.bmp",
		"f138.bmp",
		"u064.bmp",
		"s052.bmp",
		"f025.bmp",
		"f114.bmp",
		"f114.bmp",
		"f134.bmp",
		"f134.bmp",
		"s003.bmp",
		"s003.bmp",
		"s108.bmp",
		"s108.bmp",
		"u064.bmp",
		"f076.bmp",
		"f025.bmp",
		"u033.bmp",
		"u033.bmp",
		"u094.bmp",
		"s066.bmp",
		"f127.bmp",
		"f104.bmp",
		"f076.bmp",
		"u106.bmp",
		"s080.bmp",
		"s080.bmp",
		"u094.bmp",
		"f044.bmp",
		"f044.bmp",
		"s066.bmp",
		"s075.bmp",
		"s075.bmp",
		"f127.bmp",
		"u118.bmp",
		"f104.bmp",
		"f081.bmp",
		"f081.bmp",
		"u106.bmp",
		"u051.bmp",
		"s086.bmp",
		"s086.bmp",
		"s132.bmp",
		"s146.bmp",
		"u118.bmp",
		"s002.bmp",
		"u150.bmp",
		"u051.bmp",
		"u141.bmp",
		"f023.bmp",
		"f023.bmp",
		"s132.bmp",
		"s106.bmp",
		"s106.bmp",
		"f064.bmp",
		"s002.bmp",
		"u115.bmp",
		"u150.bmp",
		"f018.bmp",
		"f018.bmp",
		"u141.bmp",
		"u107.bmp",
		"u107.bmp",
		"u127.bmp",
		"u058.bmp",
		"u058.bmp",
		"f064.bmp",
		"f082.bmp",
		"f082.bmp",
		"u115.bmp",
		"s148.bmp",
		"f121.bmp",
		"f144.bmp",
		"u127.bmp",
		"s116.bmp",
		"s116.bmp"
	]
}
