{
	"name":[
		"EEG001",
		"EEG002",
		"EEG003",
		"EEG004",
		"EEG005",
		"EEG006",
		"EEG007",
		"EEG008",
		"EEG009",
		"EEG010",
		"EEG011",
		"EEG012",
		"EEG013",
		"EEG014",
		"EEG015",
		"EEG016",
		"EEG017",
		"EEG018",
		"EEG019",
		"EEG020",
		"EEG021",
		"EEG022",
		"EEG023",
		"EEG024",
		"EEG025",
		"EEG026",
		"EEG027",
		"EEG028",
		"EEG029",
		"EEG030",
		"EEG031",
		"EEG032",
		"EEG033",
		"EEG034",
		"EEG035",
		"EEG036",
		"EEG037",
		"EEG038",
		"EEG039",
		"EEG040",
		"EEG041",
		"EEG042",
		"EEG043",
		"EEG044",
		"EEG045",
		"EEG046",
		"EEG047",
		"EEG048",
		"EEG049",
		"EEG050",
		"EEG051",
		"EEG052",
		"EEG053",
		"EEG054",
		"EEG055",
		"EEG056",
		"EEG057",
		"EEG058",
		"EEG059",
		"EEG060",
		"EEG065",
		"EEG066",
		"EEG067",
		"EEG068",
		"EEG069",
		"EEG070",
		"EEG071",
		"EEG072",
		"EEG073",
		"EEG074"
	],
	"x":[-0.03755,-0.00525939,0.043911,-0.0529112,-0.0342465,-0.00172449,0.0294739,0.0481799,-0.063162,-0.0556752,-0.0433266,-0.022905,-0.000451211,0.0249778,0.0426843,0.0548878,0.0615623,-0.0647515,-0.0659918,-0.0615529,-0.044364,-0.0167304,0.000582781,0.030491,0.0529695,0.0670895,0.07222480000000001,0.0716856,-0.0731276,-0.07304140000000001,-0.0694861,-0.054109,-0.0273681,0.00333099,0.0315202,0.0581289,0.07337970000000001,0.0758096,0.06908739999999999,-0.06421200000000001,-0.067991,-0.0660652,-0.0518575,-0.0233618,0.00548967,0.032413,0.0566332,0.0702251,0.070469,0.0661042,-0.0520306,-0.0567785,-0.053064,-0.0385346,-0.0142917,0.00554435,0.0288826,0.0462657,0.0602041,0.0623914,0.0582728,-0.0402322,-0.0234035,0.00421394,0.0347217,0.0479742,-0.0197068,0.00381297,0.0318388,0.00345336],
	"y":[-0.067984,0.0982355,-0.06603870000000001,0.0730045,0.08237800000000001,0.08709699999999999,0.0848521,0.0790926,0.0550461,0.0594164,0.062443,0.0631254,0.06621,0.0591696,0.0600083,0.0605547,0.0542924,0.0252854,0.0290125,0.0323613,0.0335522,0.0308793,0.0264859,0.0248881,0.0292275,0.0307159,0.0295458,0.0301325,0.00929868,0.00131294,0.00151533,-0.00182062,-0.00319457,-0.00706634,-0.0059996,-0.00248694,0.00100359,0.00133651,0.0146258,-0.031806,-0.0268148,-0.0288034,-0.0293736,-0.0322337,-0.0378243,-0.0374182,-0.0333346,-0.0283594,-0.028954,-0.0265884,-0.050645,-0.049964,-0.0521879,-0.0570764,-0.0574193,-0.06259430000000001,-0.0581524,-0.0576289,-0.0524858,-0.0493504,-0.0484022,-0.068555,-0.07352549999999999,-0.07784580000000001,-0.0744556,-0.0691119,-0.0807488,-0.0839898,-0.0806278,-0.08066520000000001],
	"z":[0.017852,0.0468066,0.0143164,0.0411862,0.0673728,0.0803606,0.0715099,0.0431396,0.0432998,0.0649816,0.0831109,0.0985842,0.101696,0.0998351,0.0870373,0.0664777,0.0419562,0.0123649,0.0387506,0.0673329,0.09372220000000001,0.11559,0.119081,0.112689,0.09557640000000001,0.06987210000000001,0.0432007,0.008325320000000001,0.0159559,0.041502,0.0750121,0.103346,0.120606,0.126147,0.119597,0.101778,0.0731991,0.0402615,0.0111453,0.0106844,0.0437295,0.0765189,0.102152,0.120128,0.121715,0.11416,0.0969216,0.07252020000000001,0.0387508,0.00937604,0.0165092,0.0478863,0.071101,0.0898513,0.101839,0.102479,0.100914,0.0861885,0.0646631,0.0420205,0.0107074,0.0485087,0.0734247,0.0745174,0.0682638,0.0448901,0.0488058,0.0440794,0.0454202,0.0122207]
}
