{
	"onset":[4.001,10.001,12.052,14.052,16.089,20.089,22.128,28.128,30.17,34.17,36.21,42.21,46.251,48.251,50.291,54.291,56.331,58.331,60.369,66.369,68.40900000000001,70.40900000000001,72.447,76.447,78.48699999999999,84.48699999999999,86.52800000000001,90.52800000000001,94.569,98.569,100.611,102.611,106.647,110.647,114.689,118.689,120.731,122.731,124.768,126.768,128.806,134.806,136.848,140.848,142.887,144.887,146.924,148.924,152.963,154.963,157.002,161.002,165.041,169.041,171.083,177.083,179.125,185.125,187.166,189.166,191.204,197.204,201.246,203.246,209.286,213.286,215.329,221.329,223.372,229.372,233.413,235.413,237.452,241.452,243.492,249.492,251.534,257.534,261.577,267.577,269.62,273.62,279.659,281.659,283.701,287.701,289.741,295.741,297.783,303.783,305.825,307.825,311.861,315.861,317.904,323.904,325.946,329.946,331.985,333.985,336.023,338.023,340.06,344.06,346.1,348.1,350.138,354.138,356.177,358.177,360.214,366.214],
	"duration":[1,0.5,1,0.5,1,0.5,1,0.5,1,0.5,1,0.5,1,0.5,1,0.5,1,0.5,1,0.5,1,0.5,1,0.5,1,0.5,1,0.5,1,0.5,1,0.5,1,0.5,1,0.5,1,0.5,1,0.5,1,0.5,1,0.5,1,0.5,1,0.5,1,0.5,1,0.5,1,0.5,1,0.5,1,0.5,1,0.5,1,0.5,1,0.5,1,0.5,1,0.5,1,0.5,1,0.5,1,0.5,1,0.5,1,0.5,1,0.5,1,0.5,1,0.5,1,0.5,1,0.5,1,0.5,1,0.5,1,0.5,1,0.5,1,0.5,1,0.5,1,0.5,1,0.5,1,0.5,1,0.5,1,0.5,1,0.5],
	"trial_type":[
		"Valid Other Greeble Cue: valid cue where following stimulus was an untested or no response greeble",
		"Valid Other Greeble: stimulus that was an untested or no response greeble and that followed a valid cue",
		"Valid Miss Cue: valid cue where following object was a subsequent miss",
		"Valid Miss Obj: object that was a subsequent miss and that followed a valid cue",
		"Valid HC-Hit Cue: valid cue where following object was a subsequent high confidence hit",
		"Valid HC-Hit Obj: object that was a subsequent high confidence hit and that followed a valid cue",
		"Valid Other Greeble Cue: valid cue where following stimulus was an untested or no response greeble",
		"Valid Other Greeble: stimulus that was an untested or no response greeble and that followed a valid cue",
		"Invalid Miss Cue: invalid cue where following object was a subsequent miss",
		"Invalid Miss Obj: object that was a subsequent miss and that followed an invalid cue",
		"Valid Other Obj Cue: valid cue where following stimulus was an untested or no response object",
		"Valid Other Obj: stimulus that was an untested or no response object and that followed a valid cue",
		"Valid HC-Hit Cue: valid cue where following object was a subsequent high confidence hit",
		"Valid HC-Hit Obj: object that was a subsequent high confidence hit and that followed a valid cue",
		"Valid Miss Cue: valid cue where following object was a subsequent miss",
		"Valid Miss Obj: object that was a subsequent miss and that followed a valid cue",
		"Invalid HC-Hit Cue: invalid cue where following object was a subsequent high confidence hit",
		"Invalid HC-Hit Obj: object that was a subsequent high confidence hit and that followed an invalid cue",
		"Valid Miss Cue: valid cue where following object was a subsequent miss",
		"Valid Miss Obj: object that was a subsequent miss and that followed a valid cue",
		"Valid Other Greeble Cue: valid cue where following stimulus was an untested or no response greeble",
		"Valid Other Greeble: stimulus that was an untested or no response greeble and that followed a valid cue",
		"Valid Miss Cue: valid cue where following object was a subsequent miss",
		"Valid Miss Obj: object that was a subsequent miss and that followed a valid cue",
		"Valid HC-Hit Cue: valid cue where following object was a subsequent high confidence hit",
		"Valid HC-Hit Obj: object that was a subsequent high confidence hit and that followed a valid cue",
		"Valid Miss Cue: valid cue where following object was a subsequent miss",
		"Valid Miss Obj: object that was a subsequent miss and that followed a valid cue",
		"Valid Other Greeble Cue: valid cue where following stimulus was an untested or no response greeble",
		"Valid Other Greeble: stimulus that was an untested or no response greeble and that followed a valid cue",
		"Invalid HC-Hit Cue: invalid cue where following object was a subsequent high confidence hit",
		"Invalid HC-Hit Obj: object that was a subsequent high confidence hit and that followed an invalid cue",
		"Valid HC-Hit Cue: valid cue where following object was a subsequent high confidence hit",
		"Valid HC-Hit Obj: object that was a subsequent high confidence hit and that followed a valid cue",
		"Valid LC-Hit Cue: valid cue where following object was a subsequent low confidence hit",
		"Valid LC-Hit Obj: object that was a subsequent low confidence hit and that followed a valid cue",
		"Valid Other Obj Cue: valid cue where following stimulus was an untested or no response object",
		"Valid Other Obj: stimulus that was an untested or no response object and that followed a valid cue",
		"Valid HC-Hit Cue: valid cue where following object was a subsequent high confidence hit",
		"Valid HC-Hit Obj: object that was a subsequent high confidence hit and that followed a valid cue",
		"Valid HC-Hit Cue: valid cue where following object was a subsequent high confidence hit",
		"Valid HC-Hit Obj: object that was a subsequent high confidence hit and that followed a valid cue",
		"Valid Other Greeble Cue: valid cue where following stimulus was an untested or no response greeble",
		"Valid Other Greeble: stimulus that was an untested or no response greeble and that followed a valid cue",
		"Valid HC-Hit Cue: valid cue where following object was a subsequent high confidence hit",
		"Valid HC-Hit Obj: object that was a subsequent high confidence hit and that followed a valid cue",
		"Valid Miss Cue: valid cue where following object was a subsequent miss",
		"Valid Miss Obj: object that was a subsequent miss and that followed a valid cue",
		"Valid LC-Hit Cue: valid cue where following object was a subsequent low confidence hit",
		"Valid LC-Hit Obj: object that was a subsequent low confidence hit and that followed a valid cue",
		"Invalid Miss Cue: invalid cue where following object was a subsequent miss",
		"Invalid Miss Obj: object that was a subsequent miss and that followed an invalid cue",
		"Valid Miss Cue: valid cue where following object was a subsequent miss",
		"Valid Miss Obj: object that was a subsequent miss and that followed a valid cue",
		"Valid Miss Cue: valid cue where following object was a subsequent miss",
		"Valid Miss Obj: object that was a subsequent miss and that followed a valid cue",
		"Valid Other Greeble Cue: valid cue where following stimulus was an untested or no response greeble",
		"Valid Other Greeble: stimulus that was an untested or no response greeble and that followed a valid cue",
		"Valid Other Greeble Cue: valid cue where following stimulus was an untested or no response greeble",
		"Valid Other Greeble: stimulus that was an untested or no response greeble and that followed a valid cue",
		"Valid Other Greeble Cue: valid cue where following stimulus was an untested or no response greeble",
		"Valid Other Greeble: stimulus that was an untested or no response greeble and that followed a valid cue",
		"Invalid Miss Cue: invalid cue where following object was a subsequent miss",
		"Invalid Miss Obj: object that was a subsequent miss and that followed an invalid cue",
		"Valid Other Obj Cue: valid cue where following stimulus was an untested or no response object",
		"Valid Other Obj: stimulus that was an untested or no response object and that followed a valid cue",
		"Valid Miss Cue: valid cue where following object was a subsequent miss",
		"Valid Miss Obj: object that was a subsequent miss and that followed a valid cue",
		"Valid Miss Cue: valid cue where following object was a subsequent miss",
		"Valid Miss Obj: object that was a subsequent miss and that followed a valid cue",
		"Valid LC-Hit Cue: valid cue where following object was a subsequent low confidence hit",
