{
	"onset":[4.001,8.000999999999999,10.049,14.049,16.088,20.088,26.128,32.128,34.174,36.174,38.211,42.211,46.251,50.251,52.293,54.293,56.33,62.33,64.371,66.371,72.40900000000001,76.40900000000001,78.453,84.453,86.495,92.495,94.53700000000001,98.53700000000001,100.576,104.576,106.615,108.615,112.654,114.654,116.693,118.693,120.731,124.731,126.77,132.77,136.811,138.811,140.852,146.852,150.894,152.894,154.932,160.932,162.975,168.975,171.016,173.016,175.053,179.053,181.094,187.094,189.136,191.136,193.173,197.173,199.212,201.212,203.25,209.25,211.291,217.291,219.333,225.333,227.375,229.375,231.412,233.412,235.45,241.45,245.492,251.492,255.535,259.535,261.578,265.578,267.617,271.617,275.657,281.657,283.701,285.701,289.738,291.738,293.778,297.778,299.817,305.817,307.859,309.859,311.897,315.897,317.936,319.936,321.973,323.973,328.011,334.011,336.055,340.055,342.095,346.095,350.135,352.135,354.174,360.174,362.216,366.216],
	"duration":[1,0.5,1,0.5,1,0.5,1,0.5,1,0.5,1,0.5,1,0.5,1,0.5,1,0.5,1,0.5,1,0.5,1,0.5,1,0.5,1,0.5,1,0.5,1,0.5,1,0.5,1,0.5,1,0.5,1,0.5,1,0.5,1,0.5,1,0.5,1,0.5,1,0.5,1,0.5,1,0.5,1,0.5,1,0.5,1,0.5,1,0.5,1,0.5,1,0.5,1,0.5,1,0.5,1,0.5,1,0.5,1,0.5,1,0.5,1,0.5,1,0.5,1,0.5,1,0.5,1,0.5,1,0.5,1,0.5,1,0.5,1,0.5,1,0.5,1,0.5,1,0.5,1,0.5,1,0.5,1,0.5,1,0.5,1,0.5],
	"trial_type":[
		"Valid Other Obj Cue: valid cue where following stimulus was an untested or no response object",
		"Valid Other Obj: stimulus that was an untested or no response object and that followed a valid cue",
		"Valid Other Greeble Cue: valid cue where following stimulus was an untested or no response greeble",
		"Valid Other Greeble: stimulus that was an untested or no response greeble and that followed a valid cue",
		"Valid Miss Cue: valid cue where following object was a subsequent miss",
		"Valid Miss Obj: object that was a subsequent miss and that followed a valid cue",
		"Valid HC-Hit Cue: valid cue where following object was a subsequent high confidence hit",
		"Valid HC-Hit Obj: object that was a subsequent high confidence hit and that followed a valid cue",
		"Valid Miss Cue: valid cue where following object was a subsequent miss",
		"Valid Miss Obj: object that was a subsequent miss and that followed a valid cue",
		"Invalid LC-Hit Cue: invalid cue where following object was a subsequent low confidence hit",
		"Invalid LC-Hit Obj: object that was a subsequent low confidence hit and that followed an invalid cue",
		"Valid Other Greeble Cue: valid cue where following stimulus was an untested or no response greeble",
		"Valid Other Greeble: stimulus that was an untested or no response greeble and that followed a valid cue",
		"Valid Miss Cue: valid cue where following object was a subsequent miss",
		"Valid Miss Obj: object that was a subsequent miss and that followed a valid cue",
		"Valid LC-Hit Cue: valid cue where following object was a subsequent low confidence hit",
		"Valid LC-Hit Obj: object that was a subsequent low confidence hit and that followed a valid cue",
		"Invalid Miss Cue: invalid cue where following object was a subsequent miss",
		"Invalid Miss Obj: object that was a subsequent miss and that followed an invalid cue",
		"Valid Miss Cue: valid cue where following object was a subsequent miss",
		"Valid Miss Obj: object that was a subsequent miss and that followed a valid cue",
		"Valid Miss Cue: valid cue where following object was a subsequent miss",
		"Valid Miss Obj: object that was a subsequent miss and that followed a valid cue",
		"Valid Other Greeble Cue: valid cue where following stimulus was an untested or no response greeble",
		"Valid Other Greeble: stimulus that was an untested or no response greeble and that followed a valid cue",
		"Valid Miss Cue: valid cue where following object was a subsequent miss",
		"Valid Miss Obj: object that was a subsequent miss and that followed a valid cue",
		"Invalid LC-Hit Cue: invalid cue where following object was a subsequent low confidence hit",
		"Invalid LC-Hit Obj: object that was a subsequent low confidence hit and that followed an invalid cue",
		"Invalid Miss Cue: invalid cue where following object was a subsequent miss",
		"Invalid Miss Obj: object that was a subsequent miss and that followed an invalid cue",
		"Valid HC-Hit Cue: valid cue where following object was a subsequent high confidence hit",
		"Valid HC-Hit Obj: object that was a subsequent high confidence hit and that followed a valid cue",
		"Valid Other Greeble Cue: valid cue where following stimulus was an untested or no response greeble",
		"Valid Other Greeble: stimulus that was an untested or no response greeble and that followed a valid cue",
		"Valid Miss Cue: valid cue where following object was a subsequent miss",
		"Valid Miss Obj: object that was a subsequent miss and that followed a valid cue",
		"Valid Other Greeble Cue: valid cue where following stimulus was an untested or no response greeble",
		"Valid Other Greeble: stimulus that was an untested or no response greeble and that followed a valid cue",
		"Valid Miss Cue: valid cue where following object was a subsequent miss",
		"Valid Miss Obj: object that was a subsequent miss and that followed a valid cue",
		"Valid Miss Cue: valid cue where following object was a subsequent miss",
		"Valid Miss Obj: object that was a subsequent miss and that followed a valid cue",
		"Valid Miss Cue: valid cue where following object was a subsequent miss",
		"Valid Miss Obj: object that was a subsequent miss and that followed a valid cue",
		"Valid Other Greeble Cue: valid cue where following stimulus was an untested or no response greeble",
		"Valid Other Greeble: stimulus that was an untested or no response greeble and that followed a valid cue",
		"Valid Other Greeble Cue: valid cue where following stimulus was an untested or no response greeble",
		"Valid Other Greeble: stimulus that was an untested or no response greeble and that followed a valid cue",
		"Valid Other Greeble Cue: valid cue where following stimulus was an untested or no response greeble",
		"Valid Other Greeble: stimulus that was an untested or no response greeble and that followed a valid cue",
		"Invalid Miss Cue: invalid cue where following object was a subsequent miss",
		"Invalid Miss Obj: object that was a subsequent miss and that followed an invalid cue",
		"Valid Miss Cue: valid cue where following object was a subsequent miss",
		"Valid Miss Obj: object that was a subsequent miss and that followed a valid cue",
		"Valid Other Greeble Cue: valid cue where following stimulus was an untested or no response greeble",
		"Valid Other Greeble: stimulus that was an untested or no response greeble and that followed a valid cue",
		"Invalid Other Greeble Cue: invalid cue where following stimulus was an untested or no response greeble",
		"Invalid Other Greeble: stimulus that was an untested or no response greeble and that followed a invalid cue",
		"Valid HC-Hit Cue: valid cue where following object was a subsequent high confidence hit",
		"Valid HC-Hit Obj: object that was a subsequent high confidence hit and that followed a valid cue",
		"Valid Other Obj Cue: valid cue where following stimulus was an untested or no response object",
		"Valid Other Obj: stimulus that was an untested or no response object and that followed a valid cue",
		"Valid HC-Hit Cue: valid cue where following object was a subsequent high confidence hit",
		"Valid HC-Hit Obj: object that was a subsequent high confidence hit and that followed a valid cue",
		"Valid Other Greeble Cue: valid cue where following stimulus was an untested or no response greeble",
		"Valid Other Greeble: stimulus that was an untested or no response greeble and that followed a valid cue",
		"Valid Miss Cue: valid cue where following object was a subsequent miss",
		"Valid Miss Obj: object that was a subsequent miss and that followed a valid cue",
		"Valid Other Greeble Cue: valid cue where following stimulus was an untested or no response greeble",
