{
	"onset":[4.001,10.001,12.057,16.057,18.097,22.097,26.136,32.136,34.18,38.18,40.219,44.219,48.259,50.259,52.299,54.299,56.336,60.336,62.376,64.376,68.414,74.414,78.45699999999999,80.45699999999999,84.497,88.497,92.539,98.539,100.583,106.583,108.625,114.625,116.666,120.666,122.706,124.706,128.743,134.743,136.787,140.787,142.827,148.827,150.869,156.869,158.911,160.911,162.948,168.948,172.991,176.991,179.032,181.032,183.069,185.069,187.107,193.107,195.148,199.148,201.188,205.188,207.228,209.228,211.265,215.265,217.305,219.305,221.342,225.342,227.381,233.381,235.424,239.424,241.464,243.464,245.501,247.501,249.538,255.538,257.58,259.58,265.617,267.617,269.659,271.659,273.696,275.696,277.734,283.734,287.776,293.776,295.82,301.82,305.862,309.862,311.903,313.903,315.94,321.94,323.982,325.982,328.02,330.02,332.057,336.057,338.097,344.097,346.139,350.139,352.179,356.179,358.218,362.218],
	"duration":[
		1,
		0.5,
		1,
		0.5,
		1,
		0.5,
		1,
		0.5,
		1,
		0.5,
		1,
		0.5,
		1,
		0.5,
		1,
		0.5,
		1,
		0.5,
		1,
		0.5,
		1,
		0.5,
		1,
		0.5,
		1,
		0.5,
		1,
		0.5,
		1,
		0.5,
		1,
		0.5,
		"n/a",
		"n/a",
		1,
		0.5,
		1,
		0.5,
		1,
		0.5,
		1,
		0.5,
		1,
		0.5,
		1,
		0.5,
		"n/a",
		"n/a",
		1,
		0.5,
		1,
		0.5,
		1,
		0.5,
		1,
		0.5,
		1,
		0.5,
		1,
		0.5,
		1,
		0.5,
		1,
		0.5,
		1,
		0.5,
		1,
		0.5,
		1,
		0.5,
		1,
		0.5,
		1,
		0.5,
		1,
		0.5,
		1,
		0.5,
		1,
		0.5,
		1,
		0.5,
		1,
		0.5,
		1,
		0.5,
		1,
		0.5,
		1,
		0.5,
		1,
		0.5,
		1,
		0.5,
		1,
		0.5,
		1,
		0.5,
		1,
		0.5,
		1,
		0.5,
		1,
		0.5,
		1,
		0.5,
		1,
		0.5,
		1,
		0.5,
		1,
		0.5
	],
	"trial_type":[
		"Valid Other Greeble Cue: valid cue where following stimulus was an untested or no response greeble",
		"Valid Other Greeble: stimulus that was an untested or no response greeble and that followed a valid cue",
		"Valid HC-Hit Cue: valid cue where following object was a subsequent high confidence hit",
		"Valid HC-Hit Obj: object that was a subsequent high confidence hit and that followed a valid cue",
		"Valid Miss Cue: valid cue where following object was a subsequent miss",
		"Valid Miss Obj: object that was a subsequent miss and that followed a valid cue",
		"Valid Other Greeble Cue: valid cue where following stimulus was an untested or no response greeble",
		"Valid Other Greeble: stimulus that was an untested or no response greeble and that followed a valid cue",
		"Valid Other Obj Cue: valid cue where following stimulus was an untested or no response object",
		"Valid Other Obj: stimulus that was an untested or no response object and that followed a valid cue",
		"Invalid HC-Hit Cue: invalid cue where following object was a subsequent high confidence hit",
		"Invalid HC-Hit Obj: object that was a subsequent high confidence hit and that followed an invalid cue",
		"Valid Other Greeble Cue: valid cue where following stimulus was an untested or no response greeble",
		"Valid Other Greeble: stimulus that was an untested or no response greeble and that followed a valid cue",
		"Valid Miss Cue: valid cue where following object was a subsequent miss",
		"Valid Miss Obj: object that was a subsequent miss and that followed a valid cue",
		"Valid LC-Hit Cue: valid cue where following object was a subsequent low confidence hit",
		"Valid LC-Hit Obj: object that was a subsequent low confidence hit and that followed a valid cue",
		"Invalid Miss Cue: invalid cue where following object was a subsequent miss",
		"Invalid Miss Obj: object that was a subsequent miss and that followed an invalid cue",
		"Valid Other Greeble Cue: valid cue where following stimulus was an untested or no response greeble",
		"Valid Other Greeble: stimulus that was an untested or no response greeble and that followed a valid cue",
		"Valid LC-Hit Cue: valid cue where following object was a subsequent low confidence hit",
		"Valid LC-Hit Obj: object that was a subsequent low confidence hit and that followed a valid cue",
		"Valid Miss Cue: valid cue where following object was a subsequent miss",
		"Valid Miss Obj: object that was a subsequent miss and that followed a valid cue",
		"Valid Other Obj Cue: valid cue where following stimulus was an untested or no response object",
		"Valid Other Obj: stimulus that was an untested or no response object and that followed a valid cue",
		"Valid LC-Hit Cue: valid cue where following object was a subsequent low confidence hit",
		"Valid LC-Hit Obj: object that was a subsequent low confidence hit and that followed a valid cue",
		"Valid Other Greeble Cue: valid cue where following stimulus was an untested or no response greeble",
		"Valid Other Greeble: stimulus that was an untested or no response greeble and that followed a valid cue",
		"n/a",
		"n/a",
		"Valid Miss Cue: valid cue where following object was a subsequent miss",
		"Valid Miss Obj: object that was a subsequent miss and that followed a valid cue",
		"Valid LC-Hit Cue: valid cue where following object was a subsequent low confidence hit",
		"Valid LC-Hit Obj: object that was a subsequent low confidence hit and that followed a valid cue",
		"Valid HC-Hit Cue: valid cue where following object was a subsequent high confidence hit",
		"Valid HC-Hit Obj: object that was a subsequent high confidence hit and that followed a valid cue",
		"Valid Other Greeble Cue: valid cue where following stimulus was an untested or no response greeble",
		"Valid Other Greeble: stimulus that was an untested or no response greeble and that followed a valid cue",
		"Valid Other Obj Cue: valid cue where following stimulus was an untested or no response object",
		"Valid Other Obj: stimulus that was an untested or no response object and that followed a valid cue",
		"Valid Miss Cue: valid cue where following object was a subsequent miss",
		"Valid Miss Obj: object that was a subsequent miss and that followed a valid cue",
		"n/a",
		"n/a",
		"Valid HC-Hit Cue: valid cue where following object was a subsequent high confidence hit",
		"Valid HC-Hit Obj: object that was a subsequent high confidence hit and that followed a valid cue",
		"Valid Other Greeble Cue: valid cue where following stimulus was an untested or no response greeble",
		"Valid Other Greeble: stimulus that was an untested or no response greeble and that followed a valid cue",
		"Valid Miss Cue: valid cue where following object was a subsequent miss",
		"Valid Miss Obj: object that was a subsequent miss and that followed a valid cue",
		"Valid Other Obj Cue: valid cue where following stimulus was an untested or no response object",
		"Valid Other Obj: stimulus that was an untested or no response object and that followed a valid cue",
		"Invalid Other Greeble Cue: invalid cue where following stimulus was an untested or no response greeble",
		"Invalid Other Greeble: stimulus that was an untested or no response greeble and that followed a invalid cue",
		"Valid Miss Cue: valid cue where following object was a subsequent miss",
		"Valid Miss Obj: object that was a subsequent miss and that followed a valid cue",
		"Valid Miss Cue: valid cue where following object was a subsequent miss",
		"Valid Miss Obj: object that was a subsequent miss and that followed a valid cue",
		"Invalid Miss Cue: invalid cue where following object was a subsequent miss",
		"Invalid Miss Obj: object that was a subsequent miss and that followed an invalid cue",
		"Valid Miss Cue: valid cue where following object was a subsequent miss",
		"Valid Miss Obj: object that was a subsequent miss and that followed a valid cue",
		"Valid Other Greeble Cue: valid cue where following stimulus was an untested or no response greeble",
		"Valid Other Greeble: stimulus that was an untested or no response greeble and that followed a valid cue",
		"Valid HC-Hit Cue: valid cue where following object was a subsequent high confidence hit",
		"Valid HC-Hit Obj: object that was a subsequent high confidence hit and that followed a valid cue",
