{
	"onset":[10.121,16.161,22.201,28.201,34.241,40.281,46.321,52.361,58.441,64.48099999999999,70.521,76.521,82.56100000000001,88.56100000000001,94.56100000000001,100.641,106.641,112.721,118.761,124.841,130.921,137.001,143.081,149.081,155.081,161.121,167.161,173.161,179.201,185.241,191.281,197.361,203.441,209.481,215.561,221.561,227.561,233.561,239.641,245.721,251.721,257.721,263.721,269.801,275.801,281.881,287.921,293.921,299.961,306.001,312.041,318.041,324.041,330.121,336.161,342.201,348.241,354.241,360.281,366.281],
	"duration":[2.999,2.999,2.999,2.999,2.999,2.999,2.999,2.999,2.999,2.999,2.999,2.999,2.999,2.999,2.999,2.999,2.999,2.999,2.999,2.999,2.999,2.999,2.999,2.999,2.999,2.999,2.999,2.999,2.999,2.999,2.999,2.999,2.999,2.999,2.999,2.999,2.999,2.999,2.999,2.999,2.999,2.999,2.999,2.999,2.999,2.999,2.999,2.999,2.999,2.999,2.999,2.999,2.999,2.999,2.999,2.999,2.999,2.999,2.999,2.999],
	"trial_type":[
		"tong_cue",
		"tong_cue",
		"hand_cue",
		"hand_cue",
		"hand_cue",
		"tong_cue",
		"tong_cue",
		"tong_cue",
		"hand_cue",
		"hand_cue",
		"tong_cue",
		"hand_cue",
		"hand_cue",
		"hand_cue",
		"tong_cue",
		"tong_cue",
		"tong_cue",
		"tong_cue",
		"tong_cue",
		"hand_cue",
		"tong_cue",
		"tong_cue",
		"hand_cue",
		"hand_cue",
		"hand_cue",
		"tong_cue",
		"hand_cue",
		"hand_cue",
		"tong_cue",
		"hand_cue",
		"tong_cue",
		"hand_cue",
		"tong_cue",
		"hand_cue",
		"tong_cue",
		"hand_cue",
		"hand_cue",
		"tong_cue",
		"tong_cue",
		"tong_cue",
		"tong_cue",
		"hand_cue",
		"tong_cue",
		"hand_cue",
		"hand_cue",
		"hand_cue",
		"hand_cue",
		"hand_cue",
		"tong_cue",
		"hand_cue",
		"tong_cue",
		"hand_cue",
		"tong_cue",
		"tong_cue",
		"hand_cue",
		"tong_cue",
		"tong_cue",
		"hand_cue",
		"tong_cue",
		"hand_cue"
	]
}
