{
	"onset":[23.7455,26.8855,30.06,33.1836,36.3409,39.5318,42.6218,45.8291,49.0536,52.2609,55.4518,58.4418,61.6491,64.92359999999999,68.1973,71.5218,74.8464,78.18729999999999,81.4618,84.51819999999999,87.6755,90.78270000000001,94.04000000000001,97.2645,100.438,103.512,106.686,109.894,112.951,116.208,119.349,122.489,125.696,129.055,132.112,135.152,138.243,141.433,144.674,147.797,150.955,154.296,157.42,160.527,163.517,166.575,169.798,172.922,176.029,179.154,182.411,185.535,188.725,191.933,195.09,198.147,201.287,204.428,207.569,210.676,213.866,217.007,220.047,223.355,226.463,229.736,232.81,236.017,239.125,242.165,245.289,248.63,251.704,254.761,257.935,260.992,264.149,267.356,270.597,273.721,276.812,279.818,282.975,286.184,289.274,292.381,295.522,298.612,301.635,304.709,307.967,311.107,314.215,317.422,320.596,323.836,326.977,330.085,333.208,336.433,339.54,342.564,345.654,348.878,352.052,355.193,358.283,361.374,364.647,367.922,371.079,374.203,377.477,380.751,383.959,387.099,390.29,393.547,396.838,400.179,403.32,406.595,409.702,412.842,416.066,419.156,422.431,425.638,428.678,431.752,435.01,438.15,441.375,444.665,447.873,451.114,454.204,457.428,460.735,464.01,467.201,470.358,473.465,476.655,479.93,482.92,486.161],
	"duration":[0,0,0,0,0,0,0,0,0,0,0,0,0,0,0,0,0,0,0,0,0,0,0,0,0,0,0,0,0,0,0,0,0,0,0,0,0,0,0,0,0,0,0,0,0,0,0,0,0,0,0,0,0,0,0,0,0,0,0,0,0,0,0,0,0,0,0,0,0,0,0,0,0,0,0,0,0,0,0,0,0,0,0,0,0,0,0,0,0,0,0,0,0,0,0,0,0,0,0,0,0,0,0,0,0,0,0,0,0,0,0,0,0,0,0,0,0,0,0,0,0,0,0,0,0,0,0,0,0,0,0,0,0,0,0,0,0,0,0,0,0,0,0,0,0,0,0],
	"onset_sample":[26120,29574,33066,36502,39975,43485,46884,50412,53959,57487,60997,64286,67814,71416,75017,78674,82331,86006,89608,92970,96443,99861,103444,106991,110482,113863,117355,120883,124246,127829,131284,134738,138266,141960,145323,148667,152067,155576,159141,162577,166050,169726,173162,176580,179869,183232,186778,190214,193632,197069,200652,204088,207598,211126,214599,217962,221416,224871,228326,231744,235253,238708,242052,245691,249109,252710,256091,259619,263037,266382,269818,273493,276874,280237,283728,287091,290564,294092,297657,301093,304493,307800,311273,314802,318201,321619,325074,328473,331799,335180,338764,342218,345636,349164,352656,356220,359675,363093,366529,370076,373494,376820,380219,383766,387257,390712,394111,397511,401112,404714,408187,411623,415225,418826,422355,425809,429319,432902,436522,440197,443652,447254,450672,454126,457673,461072,464674,468202,471546,474927,478511,481965,485512,489132,492660,496225,499624,503171,506809,510411,513921,517394,520812,524321,527923,531212,534777],
	"stim_type":[
		"Unfamiliar",
		"Unfamiliar",
		"Unfamiliar",
		"Scrambled",
		"Famous",
		"Scrambled",
		"Scrambled",
		"Unfamiliar",
		"Unfamiliar",
		"Unfamiliar",
		"Unfamiliar",
		"Unfamiliar",
		"Famous",
		"Scrambled",
		"Unfamiliar",
		"Unfamiliar",
		"Famous",
		"Unfamiliar",
		"Scrambled",
		"Scrambled",
		"Scrambled",
		"Scrambled",
		"Scrambled",
		"Scrambled",
		"Famous",
		"Famous",
		"Famous",
		"Unfamiliar",
		"Unfamiliar",
		"Unfamiliar",
		"Unfamiliar",
		"Unfamiliar",
		"Scrambled",
		"Famous",
		"Scrambled",
		"Famous",
		"Scrambled",
		"Scrambled",
		"Unfamiliar",
		"Scrambled",
		"Scrambled",
		"Unfamiliar",
		"Unfamiliar",
		"Unfamiliar",
		"Scrambled",
		"Famous",
		"Famous",
		"Scrambled",
		"Unfamiliar",
		"Unfamiliar",
		"Scrambled",
		"Scrambled",
		"Scrambled",
		"Unfamiliar",
		"Scrambled",
		"Scrambled",
		"Unfamiliar",
		"Famous",
		"Famous",
		"Scrambled",
		"Scrambled",
		"Scrambled",
		"Scrambled",
		"Unfamiliar",
		"Unfamiliar",
		"Famous",
		"Famous",
		"Famous",
		"Unfamiliar",
		"Unfamiliar",
		"Scrambled",
		"Unfamiliar",
		"Unfamiliar",
		"Scrambled",
		"Scrambled",
		"Scrambled",
		"Scrambled",
		"Unfamiliar",
		"Unfamiliar",
		"Famous",
		"Famous",
		"Famous",
		"Famous",
		"Scrambled",
		"Famous",
		"Famous",
		"Famous",
		"Unfamiliar",
		"Unfamiliar",
		"Famous",
		"Famous",
		"Famous",
		"Famous",
		"Scrambled",
		"Scrambled",
		"Scrambled",
		"Famous",
		"Famous",
		"Famous",
		"Famous",
		"Famous",
		"Famous",
		"Unfamiliar",
		"Scrambled",
		"Scrambled",
		"Scrambled",
		"Scrambled",
		"Scrambled",
		"Unfamiliar",
		"Unfamiliar",
		"Unfamiliar",
		"Unfamiliar",
		"Unfamiliar",
		"Scrambled",
		"Famous",
		"Scrambled",
		"Famous",
		"Famous",
		"Famous",
		"Unfamiliar",
		"Famous",
		"Famous",
		"Unfamiliar",
		"Scrambled",
		"Scrambled",
		"Scrambled",
		"Unfamiliar",
		"Unfamiliar",
		"Famous",
		"Unfamiliar",
		"Famous",
		"Unfamiliar",
		"Famous",
		"Scrambled",
		"Scrambled",
		"Famous",
		"Famous",
		"Scrambled",
		"Unfamiliar",
		"Famous",
		"Unfamiliar",
		"Famous",
		"Famous",
		"Famous",
		"Famous",
		"Famous",
		"Unfamiliar"
	],
	"trigger":[13,13,14,17,5,17,18,13,14,15,13,14,5,19,13,14,7,13,17,18,17,18,17,18,7,5,5,15,13,13,14,13,17,7,17,7,17,18,15,17,18,13,15,13,19,5,6,19,13,14,17,17,18,15,17,18,15,5,5,17,19,17,17,13,14,7,5,7,13,14,19,13,14,19,17,18,19,13,14,5,7,5,5,17,5,5,7,13,14,7,5,6,7,17,18,19,5,6,7,5,6,7,13,17,18,17,18,17,13,14,13,15,13,17,5,19,5,5,6,15,5,6,15,17,18,19,13,14,7,13,7,13,5,17,18,5,6,17,15,5,15,5,6,7,5,6,13],
	"stim_file":[
		"meg/u085.bmp",
		"meg/u064.bmp",
		"meg/u064.bmp",
		"meg/s107.bmp",
		"meg/f099.bmp",
		"meg/s139.bmp",
		"meg/s139.bmp",
		"meg/u049.bmp",
		"meg/u049.bmp",
		"meg/u085.bmp",
		"meg/u081.bmp",
		"meg/u081.bmp",
		"meg/f062.bmp",
		"meg/s107.bmp",
		"meg/u084.bmp",
		"meg/u084.bmp",
		"meg/f099.bmp",
		"meg/u059.bmp",
		"meg/s137.bmp",
		"meg/s137.bmp",
		"meg/s105.bmp",
		"meg/s105.bmp",
		"meg/s146.bmp",
		"meg/s146.bmp",
		"meg/f062.bmp",
		"meg/f074.bmp",
		"meg/f064.bmp",
		"meg/u059.bmp",
		"meg/u016.bmp",
		"meg/u076.bmp",
		"meg/u076.bmp",
		"meg/u114.bmp",
		"meg/s150.bmp",
		"meg/f074.bmp",
		"meg/s019.bmp",
		"meg/f064.bmp",
		"meg/s004.bmp",
		"meg/s004.bmp",
		"meg/u016.bmp",
		"meg/s083.bmp",
		"meg/s083.bmp",
		"meg/u118.bmp",
		"meg/u114.bmp",
		"meg/u111.bmp",
		"meg/s150.bmp",
		"meg/f011.bmp",
		"meg/f011.bmp",
		"meg/s019.bmp",
		"meg/u050.bmp",
		"meg/u050.bmp",
		"meg/s026.bmp",
		"meg/s142.bmp",
		"meg/s142.bmp",
		"meg/u118.bmp",
		"meg/s082.bmp",
		"meg/s082.bmp",
		"meg/u111.bmp",
		"meg/f052.bmp",
		"meg/f126.bmp",
		"meg/s048.bmp",
		"meg/s026.bmp",
		"meg/s102.bmp",
		"meg/s063.bmp",
		"meg/u009.bmp",
		"meg/u009.bmp",
		"meg/f052.bmp",
		"meg/f094.bmp",
		"meg/f126.bmp",
		"meg/u017.bmp",
		"meg/u017.bmp",
		"meg/s048.bmp",
		"meg/u040.bmp",
		"meg/u040.bmp",
		"meg/s102.bmp",
		"meg/s075.bmp",
		"meg/s075.bmp",
		"meg/s063.bmp",
		"meg/u147.bmp",
		"meg/u147.bmp",
		"meg/f127.bmp",
		"meg/f094.bmp",
		"meg/f080.bmp",
		"meg/f056.bmp",
		"meg/s093.bmp",
		"meg/f035.bmp",
		"meg/f081.bmp",
		"meg/f127.bmp",
		"meg/u060.bmp",
		"meg/u060.bmp",
		"meg/f080.bmp",
		"meg/f088.bmp",
		"meg/f088.bmp",
		"meg/f056.bmp",
		"meg/s078.bmp",
		"meg/s078.bmp",
		"meg/s093.bmp",
		"meg/f046.bmp",
		"meg/f046.bmp",
		"meg/f035.bmp",
		"meg/f055.bmp",
		"meg/f055.bmp",
		"meg/f081.bmp",
		"meg/u001.bmp",
		"meg/s094.bmp",
		"meg/s094.bmp",
		"meg/s015.bmp",
		"meg/s015.bmp",
		"meg/s052.bmp",
		"meg/u006.bmp",
		"meg/u006.bmp",
		"meg/u062.bmp",
		"meg/u001.bmp",
		"meg/u112.bmp",
		"meg/s090.bmp",
		"meg/f136.bmp",
		"meg/s052.bmp",
		"meg/f024.bmp",
		"meg/f066.bmp",
		"meg/f066.bmp",
		"meg/u062.bmp",
		"meg/f012.bmp",
		"meg/f012.bmp",
		"meg/u112.bmp",
		"meg/s053.bmp",
		"meg/s053.bmp",
		"meg/s090.bmp",
		"meg/u145.bmp",
		"meg/u145.bmp",
		"meg/f136.bmp",
		"meg/u079.bmp",
		"meg/f024.bmp",
		"meg/u106.bmp",
		"meg/f061.bmp",
		"meg/s106.bmp",
		"meg/s106.bmp",
		"meg/f117.bmp",
		"meg/f117.bmp",
		"meg/s138.bmp",
		"meg/u079.bmp",
		"meg/f037.bmp",
		"meg/u106.bmp",
		"meg/f143.bmp",
		"meg/f143.bmp",
		"meg/f061.bmp",
		"meg/f078.bmp",
		"meg/f078.bmp",
		"meg/u061.bmp"
	]
}
