{
	"onset":[23.4145,26.6882,29.8282,32.9691,36.1927,39.4673,42.6918,45.7982,48.8891,51.9291,55.1036,58.2773,61.4345,64.70910000000001,67.73269999999999,70.9736,74.04730000000001,77.1045,80.3445,83.5536,86.6591,89.8336,93.0073,96.1982,99.3891,102.496,105.536,108.811,112.068,115.242,118.333,121.506,124.765,128.005,131.245,134.403,137.477,140.684,143.925,146.949,150.055,153.146,156.27,159.36,162.517,165.792,168.899,172.073,175.18,178.187,181.461,184.685,187.876,191,194.275,197.265,200.405,203.479,206.703,209.894,213.017,216.175,219.248,222.473,225.731,228.77,231.877,235.068,238.225,241.299,244.506,247.664,250.888,254.145,257.403,260.61,263.835,266.908,270.099,273.273,276.38,279.487,282.595,285.752,288.975,292.033,295.19,298.297,301.521,304.813,308.003,311.026,314.067,317.191,320.482,323.605,326.679,329.836,332.877,336.017,339.058,342.365,345.724,348.864,352.005,355.278,358.569,361.726,364.884,368.175,371.249,374.524,377.714,380.955,384.045,387.253,390.476,393.617,396.725,399.882,403.189,406.396,409.47,412.544,415.635,418.792,421.965,425.206,428.28,431.521,434.712,437.919,441.01,444.167,447.375,450.415,453.572,456.763,459.886,463.211,466.268,469.292,472.332,475.589,478.696,481.854,484.911,488.235,491.409],
	"duration":[0,0,0,0,0,0,0,0,0,0,0,0,0,0,0,0,0,0,0,0,0,0,0,0,0,0,0,0,0,0,0,0,0,0,0,0,0,0,0,0,0,0,0,0,0,0,0,0,0,0,0,0,0,0,0,0,0,0,0,0,0,0,0,0,0,0,0,0,0,0,0,0,0,0,0,0,0,0,0,0,0,0,0,0,0,0,0,0,0,0,0,0,0,0,0,0,0,0,0,0,0,0,0,0,0,0,0,0,0,0,0,0,0,0,0,0,0,0,0,0,0,0,0,0,0,0,0,0,0,0,0,0,0,0,0,0,0,0,0,0,0,0,0,0,0,0,0,0,0],
	"onset_sample":[25756,29357,32811,36266,39812,43414,46961,50378,53778,57122,60614,64105,67578,71180,74506,78071,81452,84815,88379,91909,95325,98817,102308,105818,109328,112746,116090,119692,123275,126766,130166,133657,137241,140805,144370,147843,151225,154752,158317,161644,165061,168461,171897,175296,178769,182371,185789,189280,192698,196006,199607,203154,206664,210100,213702,216992,220445,223827,227373,230883,234319,237792,241173,244720,248304,251647,255065,258575,262048,265429,268957,272430,275977,279560,283143,286671,290218,293599,297109,300600,304018,307436,310854,314327,317873,321236,324709,328127,331673,335294,338803,342129,345474,348910,352530,355966,359347,362820,366165,369619,372964,376602,380296,383750,387205,390806,394426,397899,401372,404993,408374,411976,415485,419050,422449,425978,429524,432979,436397,439870,443508,447036,450417,453798,457198,460671,464162,467727,471108,474673,478183,481711,485111,488584,492112,495456,498929,502439,505875,509532,512895,516221,519565,523148,526566,530039,533402,537059,540550],
	"stim_type":[
		"Famous",
		"Famous",
		"Unfamiliar",
		"Unfamiliar",
		"Famous",
		"Unfamiliar",
		"Unfamiliar",
		"Scrambled",
		"Scrambled",
		"Scrambled",
		"Famous",
		"Scrambled",
		"Scrambled",
		"Unfamiliar",
		"Unfamiliar",
		"Unfamiliar",
		"Unfamiliar",
		"Scrambled",
		"Scrambled",
		"Scrambled",
		"Unfamiliar",
		"Scrambled",
		"Famous",
		"Famous",
		"Scrambled",
		"Famous",
		"Unfamiliar",
		"Famous",
		"Famous",
		"Scrambled",
		"Scrambled",
		"Unfamiliar",
		"Scrambled",
		"Scrambled",
		"Scrambled",
		"Famous",
		"Unfamiliar",
		"Unfamiliar",
		"Unfamiliar",
		"Unfamiliar",
		"Unfamiliar",
		"Famous",
		"Famous",
		"Unfamiliar",
		"Scrambled",
		"Famous",
		"Famous",
		"Unfamiliar",
		"Scrambled",
		"Scrambled",
		"Unfamiliar",
		"Scrambled",
		"Scrambled",
		"Scrambled",
		"Scrambled",
		"Scrambled",
		"Unfamiliar",
		"Famous",
		"Famous",
		"Famous",
		"Famous",
		"Unfamiliar",
		"Unfamiliar",
		"Unfamiliar",
		"Scrambled",
		"Scrambled",
		"Scrambled",
		"Famous",
		"Famous",
		"Famous",
		"Famous",
		"Unfamiliar",
		"Unfamiliar",
		"Scrambled",
		"Scrambled",
		"Scrambled",
		"Famous",
		"Famous",
		"Scrambled",
		"Scrambled",
		"Unfamiliar",
		"Unfamiliar",
		"Unfamiliar",
		"Famous",
		"Scrambled",
		"Famous",
		"Famous",
		"Scrambled",
		"Scrambled",
		"Unfamiliar",
		"Unfamiliar",
		"Scrambled",
		"Unfamiliar",
		"Unfamiliar",
		"Unfamiliar",
		"Famous",
		"Scrambled",
		"Scrambled",
		"Scrambled",
		"Scrambled",
		"Famous",
		"Famous",
		"Famous",
		"Famous",
		"Unfamiliar",
		"Unfamiliar",
		"Unfamiliar",
		"Famous",
		"Scrambled",
		"Scrambled",
		"Scrambled",
		"Famous",
		"Unfamiliar",
		"Unfamiliar",
		"Unfamiliar",
		"Famous",
		"Unfamiliar",
		"Scrambled",
		"Famous",
		"Famous",
		"Famous",
		"Famous",
		"Famous",
		"Unfamiliar",
		"Scrambled",
		"Famous",
		"Unfamiliar",
		"Unfamiliar",
		"Scrambled",
		"Unfamiliar",
		"Unfamiliar",
		"Famous",
		"Famous",
		"Famous",
		"Famous",
		"Unfamiliar",
		"Scrambled",
		"Scrambled",
		"Scrambled",
		"Scrambled",
		"Famous",
		"Famous",
		"Unfamiliar",
		"Famous",
		"Unfamiliar",
		"Unfamiliar",
		"Famous",
		"Famous",
		"Scrambled"
	],
	"trigger":[5,6,13,14,5,13,13,17,17,17,7,17,18,15,13,14,15,17,18,19,13,19,5,6,19,5,13,5,6,17,18,15,17,18,17,7,13,15,13,13,14,5,6,13,19,5,6,15,17,18,15,17,18,17,18,17,15,5,6,5,5,13,13,14,19,17,17,7,5,6,7,13,15,17,17,19,5,6,19,17,13,14,15,5,19,5,6,19,17,13,14,19,13,14,13,7,17,18,17,19,5,6,5,6,13,15,13,5,19,17,18,5,13,14,15,5,15,17,7,5,6,5,7,13,17,7,13,14,19,13,14,5,7,5,6,15,17,19,17,18,5,6,13,7,13,14,5,6,19],
	"stim_file":[
		"meg/f057.bmp",
		"meg/f057.bmp",
		"meg/u133.bmp",
		"meg/u133.bmp",
		"meg/f085.bmp",
		"meg/u024.bmp",
		"meg/u032.bmp",
		"meg/s079.bmp",
		"meg/s137.bmp",
		"meg/s013.bmp",
		"meg/f085.bmp",
		"meg/s064.bmp",
		"meg/s064.bmp",
		"meg/u024.bmp",
		"meg/u125.bmp",
		"meg/u125.bmp",
		"meg/u032.bmp",
		"meg/s097.bmp",
		"meg/s097.bmp",
		"meg/s079.bmp",
		"meg/u113.bmp",
		"meg/s137.bmp",
		"meg/f078.bmp",
		"meg/f078.bmp",
		"meg/s013.bmp",
		"meg/f056.bmp",
		"meg/u030.bmp",
		"meg/f054.bmp",
		"meg/f054.bmp",
		"meg/s102.bmp",
		"meg/s102.bmp",
		"meg/u113.bmp",
		"meg/s050.bmp",
		"meg/s050.bmp",
		"meg/s012.bmp",
		"meg/f056.bmp",
		"meg/u107.bmp",
		"meg/u030.bmp",
		"meg/u114.bmp",
		"meg/u036.bmp",
		"meg/u036.bmp",
		"meg/f008.bmp",
		"meg/f008.bmp",
		"meg/u071.bmp",
		"meg/s012.bmp",
		"meg/f031.bmp",
		"meg/f031.bmp",
		"meg/u107.bmp",
		"meg/s127.bmp",
		"meg/s127.bmp",
		"meg/u114.bmp",
		"meg/s045.bmp",
		"meg/s045.bmp",
		"meg/s018.bmp",
		"meg/s018.bmp",
		"meg/s010.bmp",
		"meg/u071.bmp",
		"meg/f068.bmp",
		"meg/f068.bmp",
		"meg/f144.bmp",
		"meg/f029.bmp",
		"meg/u146.bmp",
		"meg/u143.bmp",
		"meg/u143.bmp",
		"meg/s010.bmp",
		"meg/s049.bmp",
		"meg/s032.bmp",
		"meg/f144.bmp",
		"meg/f004.bmp",
		"meg/f004.bmp",
		"meg/f029.bmp",
		"meg/u117.bmp",
		"meg/u146.bmp",
		"meg/s046.bmp",
		"meg/s006.bmp",
		"meg/s049.bmp",
		"meg/f006.bmp",
		"meg/f006.bmp",
		"meg/s032.bmp",
		"meg/s145.bmp",
		"meg/u123.bmp",
		"meg/u123.bmp",
		"meg/u117.bmp",
		"meg/f146.bmp",
		"meg/s046.bmp",
		"meg/f150.bmp",
		"meg/f150.bmp",
		"meg/s006.bmp",
		"meg/s036.bmp",
		"meg/u005.bmp",
		"meg/u005.bmp",
		"meg/s145.bmp",
		"meg/u061.bmp",
		"meg/u061.bmp",
		"meg/u124.bmp",
		"meg/f146.bmp",
		"meg/s101.bmp",
		"meg/s101.bmp",
		"meg/s073.bmp",
		"meg/s036.bmp",
		"meg/f090.bmp",
		"meg/f090.bmp",
		"meg/f107.bmp",
		"meg/f107.bmp",
		"meg/u018.bmp",
		"meg/u124.bmp",
		"meg/u149.bmp",
		"meg/f141.bmp",
		"meg/s073.bmp",
		"meg/s039.bmp",
		"meg/s039.bmp",
		"meg/f020.bmp",
		"meg/u021.bmp",
		"meg/u021.bmp",
		"meg/u018.bmp",
		"meg/f121.bmp",
		"meg/u149.bmp",
		"meg/s135.bmp",
		"meg/f141.bmp",
		"meg/f055.bmp",
		"meg/f055.bmp",
		"meg/f018.bmp",
		"meg/f020.bmp",
		"meg/u039.bmp",
		"meg/s099.bmp",
		"meg/f121.bmp",
		"meg/u121.bmp",
		"meg/u121.bmp",
		"meg/s135.bmp",
		"meg/u112.bmp",
		"meg/u112.bmp",
		"meg/f007.bmp",
		"meg/f018.bmp",
		"meg/f096.bmp",
		"meg/f096.bmp",
		"meg/u039.bmp",
		"meg/s109.bmp",
		"meg/s099.bmp",
		"meg/s003.bmp",
		"meg/s003.bmp",
		"meg/f102.bmp",
		"meg/f102.bmp",
		"meg/u010.bmp",
		"meg/f007.bmp",
		"meg/u142.bmp",
		"meg/u142.bmp",
		"meg/f041.bmp",
		"meg/f041.bmp",
		"meg/s109.bmp"
	]
}
