{
	"onset":[2.016,4.016999999999999,6.018,8.019,10.02,12.02,14.005,16.005,18.006,20.007,24.025,26.01,28.01,30.011,32.012,34.01300000000001,36.014,38.014,40.015,42.01600000000001,68.01000000000001,70.01100000000001,72.012,74.01300000000001,76.01300000000001,78.014,80.015,82.01600000000001,84.01700000000001,86.01799999999999,90.01899999999999,92.02,94.021,96.02200000000001,98.02200000000001,100.023,102.024,104.025,106.009,108.01,154.012,156.013],
	"duration":[1,1,1,1,1,1,1,1,1,1,1,1,1,1,1,1,1,1,1,1,1,1,1,1,1,1,1,1,1,1,1,1,1,1,1,1,1,1,1,1,1,1],
	"trial_type":[
		"scene_nontarget_nbackparam",
		"scene_target_nbackparam",
		"scene_target_nbackparam",
		"scene_nontarget_nbackparam",
		"scene_dist_rtparam",
		"scene_nontarget_nbackparam",
		"scene_nontarget_nbackparam",
		"scene_dist_rtparam",
		"scene_nontarget_nbackparam",
		"scene_dist_rtparam",
		"faces_nontarget_rtparam",
		"faces_nontarget_rtparam",
		"faces_nontarget_rtparam",
		"faces_nontarget_rtparam",
		"faces_nontarget_rtparam",
		"faces_dist_nbackparam",
		"faces_target_rtparam",
		"faces_nontarget_rtparam",
		"faces_nontarget_rtparam",
		"faces_dist_nbackparam",
		"scene_nontarget_nbackparam",
		"scene_nontarget_nbackparam",
		"scene_nontarget_nbackparam",
		"scene_nontarget_nbackparam",
		"scene_dist_rtparam",
		"scene_target_nbackparam",
		"scene_nontarget_nbackparam",
		"scene_nontarget_nbackparam",
		"scene_nontarget_nbackparam",
		"scene_target_nbackparam",
		"faces_nontarget_rtparam",
		"faces_nontarget_rtparam",
		"faces_dist_nbackparam",
		"faces_dist_nbackparam",
		"faces_target_rtparam",
		"faces_nontarget_rtparam",
		"faces_nontarget_rtparam",
		"faces_target_rtparam",
		"faces_nontarget_rtparam",
		"faces_target_rtparam",
		"scene_nontarget_nbackparam",
		"scene_nontarget_nbackparam"
	],
	"weight":[-0.5,-0.5,-0.5,-0.5,0.348,-0.5,-0.5,-0.122,-0.5,0.104,0.026,-0.09699999999999999,-0.024,0.049,0.019,-0.455,-0.07400000000000001,-0.062,0.01,-0.455,0.5,0.5,0.5,0.5,0.136,0.5,0.5,0.5,0.5,0.5,-0.175,-0.195,0.545,0.545,-0.068,0.018,-0.019,0.156,-0.035,-0.057,-0.5,-0.5]
}
