{
	"onset":[0.17,3.567,7.324,11.669,16.716,19.832,25.129,28.324,33.669,37.762,41.991,46.324,53.621,57.762,61.755,68.395,71.574,74.76300000000001,78.86499999999999,82.13,86.059,90.971,95.209,99.319,102.549,106.504,110.693,116.944,120.199,125.022,128.685,132.574,140.182,145.621,150.012,153.198,156.824,160.254,163.511,170.471,174.504,180.587,183.629,187.629,191.762,194.971,198.831,202.809,210.366,213.199,220.539,224.93,228.009,231.064,237.322,241.938,245.304,248.759,252.384,256.268,260.367,264.197,268.198,275.751,278.949,282.251,285.555,288.572,291.697,296.952,300.251,305.698,310.601,313.502,319.018,321.947,326.072,329.792,335.666,339.314,344.501,348.68,351.659,354.766,358.751,361.698,366.455,371.001,374.001,377.562,381.259,384.616,388.563,392.877,396.18,400.322,404.072,407.705,410.826,414.306,417.204,420.251,427.751,432.876,439.134,444.562,450.199,455.135,460.376,464.322,468.722,472.392],
	"duration":[2.5,2.5,2.5,2.5,2.5,2.5,2.5,2.5,2.5,2.5,2.5,2.5,2.5,2.5,2.5,2.5,2.5,2.5,2.5,2.5,2.5,2.5,2.5,2.5,2.5,2.5,2.5,2.5,2.5,2.5,2.5,2.5,2.5,2.5,2.5,2.5,2.5,2.5,2.5,2.5,2.5,2.5,2.5,2.5,2.5,2.5,2.5,2.5,2.5,2.5,2.5,2.5,2.5,2.5,2.5,2.5,2.5,2.5,2.5,2.5,2.5,2.5,2.5,2.5,2.5,2.5,2.5,2.5,2.5,2.5,2.5,2.5,2.5,2.5,2.5,2.5,2.5,2.5,2.5,2.5,2.5,2.5,2.5,2.5,2.5,2.5,2.5,2.5,2.5,2.5,2.5,2.5,2.5,2.5,2.5,2.5,2.5,2.5,2.5,2.5,2.5,2.5,2.5,2.5,2.5,2.5,2.5,2.5,2.5,2.5,2.5,2.5],
	"trial_type":[
		"junk single-task items",
		"junk dual-task items",
		"correct classification of dual-task items",
		"junk dual-task items",
		"correct classification of single-task items",
		"correct classification of single-task items",
		"correct classification of single-task items",
		"correct classification of single-task items",
		"correct classification of dual-task items",
		"junk dual-task items",
		"correct classification of dual-task items",
		"correct classification of single-task items",
		"junk single-task items",
		"junk single-task items",
		"junk single-task items",
		"correct classification of dual-task items",
		"junk dual-task items",
		"correct classification of dual-task items",
		"junk single-task items",
		"correct classification of single-task items",
		"correct classification of dual-task items",
		"correct classification of dual-task items",
		"correct classification of single-task items",
		"correct classification of single-task items",
		"correct classification of single-task items",
		"correct classification of dual-task items",
		"junk dual-task items",
		"junk single-task items",
		"correct classification of dual-task items",
		"correct classification of single-task items",
		"junk dual-task items",
		"correct classification of dual-task items",
		"correct classification of dual-task items",
		"correct classification of dual-task items",
		"junk dual-task items",
		"correct classification of single-task items",
		"correct classification of single-task items",
		"correct classification of single-task items",
		"correct classification of dual-task items",
		"junk single-task items",
		"junk single-task items",
		"correct classification of dual-task items",
		"junk dual-task items",
		"junk single-task items",
		"correct classification of dual-task items",
		"correct classification of dual-task items",
		"correct classification of dual-task items",
		"correct classification of dual-task items",
		"correct classification of single-task items",
		"junk single-task items",
		"correct classification of dual-task items",
		"correct classification of single-task items",
		"junk single-task items",
		"junk single-task items",
		"junk dual-task items",
		"correct classification of dual-task items",
		"correct classification of dual-task items",
		"junk single-task items",
		"correct classification of single-task items",
		"correct classification of single-task items",
		"junk single-task items",
		"correct classification of single-task items",
		"correct classification of dual-task items",
		"correct classification of dual-task items",
		"correct classification of single-task items",
		"junk single-task items",
		"correct classification of single-task items",
		"correct classification of single-task items",
		"junk dual-task items",
		"correct classification of dual-task items",
		"correct classification of dual-task items",
		"correct classification of single-task items",
		"correct classification of single-task items",
		"correct classification of single-task items",
		"correct classification of dual-task items",
		"correct classification of dual-task items",
		"correct classification of dual-task items",
		"junk dual-task items",
		"junk single-task items",
		"junk single-task items",
		"correct classification of dual-task items",
		"junk dual-task items",
		"junk dual-task items",
		"junk single-task items",
		"correct classification of single-task items",
		"correct classification of single-task items",
		"correct classification of dual-task items",
		"correct classification of dual-task items",
		"junk dual-task items",
		"correct classification of single-task items",
		"correct classification of single-task items",
		"correct classification of single-task items",
		"junk dual-task items",
		"correct classification of single-task items",
		"correct classification of single-task items",
		"correct classification of single-task items",
		"correct classification of dual-task items",
		"junk dual-task items",
		"correct classification of dual-task items",
		"correct classification of dual-task items",
		"correct classification of single-task items",
		"junk single-task items",
		"junk dual-task items",
		"correct classification of dual-task items",
		"correct classification of dual-task items",
		"correct classification of dual-task items",
		"correct classification of single-task items",
		"correct classification of single-task items",
		"junk single-task items",
		"junk single-task items",
		"correct classification of dual-task items",
		"correct classification of dual-task items"
	]
}
