{
	"onset":[0.02,4.267,6.761,9.013999999999999,11.769,13.76,16.266,18.258,20.648,23.27,25.643,28.265,30.505,32.514,38.007,43.019,45.143,47.383,50.138,54.636,57.009,59.133,63.763,66.137,69.008,71.265,73.256,78.13500000000001,83.396,86.018,88.75700000000001,91.64400000000001,93.636,95.893,97.884,100.141,102.631,107.261,111.891,114.646,117.268,119.641,122.513,124.886,127.259,129.383,131.756,134.262,136.519,139.888,142.759,145.016,147.506,149.514,151.887,153.895,156.136,158.393,162.011,164.135,166.89,169.014,172.267,174.64,177.395,179.884,182.888,184.896,188.132,192.265,195.268,197.891,201.011,204.645,207.765,209.889,213.009,215.018,217.889,219.88,223.266,226.02,228.51,230.767,232.758,236.26,240.509,243.513,247.13,250.018,252.142,254.267,257.519,259.892,261.884,264.39,267.012,269.634,272.638,275.891,278.762,281.268,283.259,285.882,288.387,292.271,295.889,298.395,303.39,305.63,307.888,310.891,314.758,317.132,320.517,324.384,326.508,329.263,332.018,334.142,337.76,341.013,343.137,345.51,347.883,351.518,354.007,358.14],
	"duration":[1.5,1.5,1.5,1.5,1.5,1.5,1.5,1.5,1.5,1.5,1.5,1.5,1.5,1.5,1.5,1.5,1.5,1.5,1.5,1.5,1.5,1.5,1.5,1.5,1.5,1.5,1.5,1.5,1.5,1.5,1.5,1.5,1.5,1.5,1.5,1.5,1.5,1.5,1.5,1.5,1.5,1.5,1.5,1.5,1.5,1.5,1.5,1.5,1.5,1.5,1.5,1.5,1.5,1.5,1.5,1.5,1.5,1.5,1.5,1.5,1.5,1.5,1.5,1.5,1.5,1.5,1.5,1.5,1.5,1.5,1.5,1.5,1.5,1.5,1.5,1.5,1.5,1.5,1.5,1.5,1.5,1.5,1.5,1.5,1.5,1.5,1.5,1.5,1.5,1.5,1.5,1.5,1.5,1.5,1.5,1.5,1.5,1.5,1.5,1.5,1.5,1.5,1.5,1.5,1.5,1.5,1.5,1.5,1.5,1.5,1.5,1.5,1.5,1.5,1.5,1.5,1.5,1.5,1.5,1.5,1.5,1.5,1.5,1.5,1.5,1.5,1.5,1.5],
	"trial_type":[
		"unsucc_stop",
		"go",
		"go",
		"go",
		"go",
		"go",
		"go",
		"succ_stop",
		"unsucc_stop",
		"go",
		"go",
		"go",
		"go",
		"go",
		"go",
		"succ_stop",
		"go",
		"go",
		"go",
		"go",
		"go",
		"go",
		"unsucc_stop",
		"succ_stop",
		"junk",
		"go",
		"go",
		"unsucc_stop",
		"go",
		"go",
		"succ_stop",
		"go",
		"go",
		"go",
		"go",
		"go",
		"succ_stop",
		"go",
		"unsucc_stop",
		"go",
		"go",
		"go",
		"go",
		"go",
		"go",
		"succ_stop",
		"go",
		"unsucc_stop",
		"go",
		"go",
		"unsucc_stop",
		"go",
		"junk",
		"go",
		"go",
		"succ_stop",
		"unsucc_stop",
		"succ_stop",
		"go",
		"go",
		"go",
		"go",
		"go",
		"go",
		"go",
		"go",
		"go",
		"go",
		"go",
		"go",
		"unsucc_stop",
		"succ_stop",
		"unsucc_stop",
		"go",
		"go",
		"go",
		"go",
		"junk",
		"junk",
		"succ_stop",
		"go",
		"go",
		"go",
		"go",
		"go",
		"go",
		"unsucc_stop",
		"succ_stop",
		"go",
		"succ_stop",
		"go",
		"go",
		"go",
		"go",
		"go",
		"unsucc_stop",
		"go",
		"go",
		"go",
		"go",
		"go",
		"unsucc_stop",
		"go",
		"unsucc_stop",
		"unsucc_stop",
		"go",
		"succ_stop",
		"junk",
		"go",
		"go",
		"go",
		"go",
		"go",
		"go",
		"go",
		"go",
		"succ_stop",
		"succ_stop",
		"go",
		"go",
		"go",
		"go",
		"go",
		"unsucc_stop",
		"succ_stop",
		"go",
		"go",
		"go"
	]
}
