{
	"onset":[0,3.257,6.548,9.805,13.112,16.286,19.276,22.433,25.54,28.647,31.386,51.965,55.056,58.313,61.62,64.944,68.13500000000001,71.191,74.23099999999999,77.38800000000001,80.529,83.71899999999999,86.85899999999999,89.934,93.07299999999999,96.247,99.304,102.628,105.918,109.142,111.865,132.394,135.517,138.591,141.781,145.005,148.179,151.403,154.526,157.6,160.807,163.898,167.154,170.329,173.502,176.625,179.766,182.822,186.013,188.719,209.314,212.438,215.578,218.668,221.926,225.233,228.373,231.564,234.804,237.978,241.001,244.192,247.433,250.539,253.78,257.088,260.211,263.368,266.608,269.783,272.806,275.394,295.99,299.197,302.404,305.611,308.802,312.026,315.216,318.557,321.697,324.904,327.911,331.068,334.058,337.265,340.522,343.696,346.986,349.576,370.005,373.078,376.118,379.425,382.482,385.589,388.813,392.07,394.843],
	"duration":[0.909,0.824,0.981,0.996,0.976,0.8080000000000001,0.963,0.843,0.831,0.997,20,0.821,0.922,0.981,0.962,0.907,0.835,0.8110000000000001,0.895,0.912,0.97,0.927,0.849,0.82,0.958,0.8149999999999999,0.99,0.945,0.878,0.983,20,0.949,0.851,0.947,0.919,0.9330000000000001,0.997,0.8090000000000001,0.8120000000000001,0.876,0.904,0.908,0.995,0.915,0.874,0.875,0.861,0.873,0.954,20,0.8100000000000001,0.964,0.827,0.978,0.999,0.804,0.944,0.945,0.85,0.869,0.992,0.978,0.888,0.918,0.958,0.874,0.984,0.9,0.957,0.845,0.838,20,0.981,0.951,0.92,0.914,0.949,0.905,0.986,0.827,0.949,0.826,0.983,0.8110000000000001,0.862,0.952,0.895,0.997,0.843,20,0.821,0.861,0.988,0.856,0.851,0.946,0.96,0.975,0.012],
	"circle_duration":[0.5659999999999999,0.573,0.599,0.517,0.538,0.425,0.402,0.422,0.488,0.511,20,0.545,0.497,0.5649999999999999,0.555,0.6,0.516,0.461,0.458,0.49,0.46,0.465,0.449,0.468,0.549,0.446,0.478,0.5580000000000001,0.582,0.577,20,0.489,0.413,0.462,0.48,0.549,0.47,0.458,0.54,0.494,0.5600000000000001,0.418,0.574,0.418,0.488,0.468,0.499,0.423,0.538,20,0.5580000000000001,0.55,0.409,0.496,0.515,0.543,0.5639999999999999,0.417,0.531,0.5639999999999999,0.4,0.432,0.501,0.443,0.5610000000000001,0.585,0.474,0.413,0.578,0.451,0.417,20,0.5649999999999999,0.456,0.499,0.505,0.514,0.51,0.515,0.593,0.535,0.497,0.405,0.407,0.413,0.582,0.535,0.502,0.527,20,0.401,0.471,0.406,0.541,0.431,0.499,0.515,0.532,0],
	"stim_type":[
		"SCRAMBLED",
		"SCRAMBLED",
		"UNFAMILIAR",
		"SCRAMBLED",
		"SCRAMBLED",
		"FAMOUS",
		"FAMOUS",
		"UNFAMILIAR",
		"UNFAMILIAR",
		"FAMOUS",
		"n/a",
		"FAMOUS",
		"UNFAMILIAR",
		"FAMOUS",
		"SCRAMBLED",
		"UNFAMILIAR",
		"UNFAMILIAR",
		"FAMOUS",
		"FAMOUS",
		"FAMOUS",
		"FAMOUS",
		"FAMOUS",
		"SCRAMBLED",
		"FAMOUS",
		"SCRAMBLED",
		"SCRAMBLED",
		"UNFAMILIAR",
		"UNFAMILIAR",
		"FAMOUS",
		"FAMOUS",
		"n/a",
		"FAMOUS",
		"FAMOUS",
		"FAMOUS",
		"FAMOUS",
		"SCRAMBLED",
		"SCRAMBLED",
		"SCRAMBLED",
		"SCRAMBLED",
		"FAMOUS",
		"SCRAMBLED",
		"SCRAMBLED",
		"FAMOUS",
		"FAMOUS",
		"SCRAMBLED",
		"UNFAMILIAR",
		"SCRAMBLED",
		"SCRAMBLED",
		"FAMOUS",
		"n/a",
		"FAMOUS",
		"FAMOUS",
		"SCRAMBLED",
		"FAMOUS",
		"FAMOUS",
		"FAMOUS",
		"SCRAMBLED",
		"UNFAMILIAR",
		"UNFAMILIAR",
		"UNFAMILIAR",
		"UNFAMILIAR",
		"UNFAMILIAR",
		"UNFAMILIAR",
		"UNFAMILIAR",
		"SCRAMBLED",
		"UNFAMILIAR",
		"UNFAMILIAR",
		"SCRAMBLED",
		"UNFAMILIAR",
		"UNFAMILIAR",
		"UNFAMILIAR",
		"n/a",
		"SCRAMBLED",
		"SCRAMBLED",
		"SCRAMBLED",
		"UNFAMILIAR",
		"FAMOUS",
		"FAMOUS",
		"FAMOUS",
		"SCRAMBLED",
		"FAMOUS",
		"FAMOUS",
		"SCRAMBLED",
		"SCRAMBLED",
		"SCRAMBLED",
		"UNFAMILIAR",
		"UNFAMILIAR",
		"FAMOUS",
		"SCRAMBLED",
		"n/a",
		"UNFAMILIAR",
		"UNFAMILIAR",
		"UNFAMILIAR",
		"SCRAMBLED",
		"SCRAMBLED",
		"UNFAMILIAR",
		"UNFAMILIAR",
		"UNFAMILIAR",
		"n/a"
	],
	"trigger":[17,18,13,17,18,5,6,13,14,5,999,5,15,5,17,13,14,5,6,7,5,7,17,7,17,19,13,14,5,6,999,5,7,5,6,19,17,18,19,5,17,18,5,7,17,13,17,18,7,999,5,6,17,7,5,6,19,13,14,15,13,13,14,13,19,13,14,17,13,14,15,999,17,17,18,15,5,5,6,19,5,6,17,18,19,13,13,7,17,999,13,14,13,17,18,15,13,15,999],
	"button_pushed":[4,4,4,4,4,7,7,4,4,4,20000,4,4,4,4,4,4,4,4,4,4,4,4,4,4,4,4,4,4,4,20000,4,4,4,4,4,4,4,4,4,7,7,7,4,4,4,7,7,7,20000,7,7,4,7,7,7,4,4,4,4,4,4,4,4,4,4,4,4,4,7,4,20000,7,4,4,4,7,4,4,4,7,7,7,4,7,4,4,4,7,20000,7,7,4,4,4,4,4,4,0],
	"response_time":[1.052,0.643,0.781,0.795,0.637,0.902,0.648,0.633,0.6850000000000001,0.929,20,0.756,0.6929999999999999,0.754,0.9419999999999999,0.802,0.663,1.003,0.607,0.741,0.918,0.739,1.143,1.236,0.9419999999999999,0.992,0.995,1.356,1.578,1.673,20,1.008,0.9320000000000001,1.379,1.404,0.828,0.792,0.668,0.97,1.585,0.892,0.823,1.685,1.707,1,1.647,1.38,0.902,1.872,20,0.963,1.418,1.341,1.262,0.959,0.596,1.074,1.706,0.5669999999999999,1.063,1.061,1.241,1.354,1.624,1.114,1.375,1.069,0.803,1.742,0.954,1.608,20,1.458,0.784,0.8090000000000001,1.677,1.349,1.365,1.464,0.868,1.639,1.512,1.282,1.451,0.957,1.816,1.678,1.901,1.039,20,1.264,0.698,1.021,0.885,0.6870000000000001,0.805,1.414,2.085,0],
	"stim_file":[
		"func/s133.bmp",
		"func/s133.bmp",
		"func/u136.bmp",
		"func/s135.bmp",
		"func/s135.bmp",
		"func/f139.bmp",
		"func/f139.bmp",
		"func/u132.bmp",
		"func/u132.bmp",
		"func/f137.bmp",
		"func/i999.bmp",
		"func/f145.bmp",
		"func/u136.bmp",
		"func/f134.bmp",
		"func/s141.bmp",
		"func/u135.bmp",
		"func/u135.bmp",
		"func/f132.bmp",
		"func/f132.bmp",
		"func/f137.bmp",
		"func/f143.bmp",
		"func/f145.bmp",
		"func/s144.bmp",
		"func/f134.bmp",
		"func/s139.bmp",
		"func/s141.bmp",
		"func/u144.bmp",
		"func/u144.bmp",
		"func/f142.bmp",
		"func/f142.bmp",
		"func/i999.bmp",
		"func/f144.bmp",
		"func/f143.bmp",
		"func/f146.bmp",
		"func/f146.bmp",
		"func/s144.bmp",
		"func/s140.bmp",
		"func/s140.bmp",
		"func/s139.bmp",
		"func/f131.bmp",
		"func/s145.bmp",
		"func/s145.bmp",
		"func/f136.bmp",
		"func/f144.bmp",
		"func/s132.bmp",
		"func/u134.bmp",
		"func/s137.bmp",
		"func/s137.bmp",
		"func/f131.bmp",
		"func/i999.bmp",
		"func/f133.bmp",
		"func/f133.bmp",
		"func/s136.bmp",
		"func/f136.bmp",
		"func/f135.bmp",
		"func/f135.bmp",
		"func/s132.bmp",
		"func/u139.bmp",
		"func/u139.bmp",
		"func/u134.bmp",
		"func/u140.bmp",
		"func/u138.bmp",
		"func/u138.bmp",
		"func/u133.bmp",
		"func/s136.bmp",
		"func/u141.bmp",
		"func/u141.bmp",
		"func/s143.bmp",
		"func/u143.bmp",
		"func/u143.bmp",
		"func/u140.bmp",
		"func/i999.bmp",
		"func/s146.bmp",
		"func/s138.bmp",
		"func/s138.bmp",
		"func/u133.bmp",
		"func/f138.bmp",
		"func/f140.bmp",
		"func/f140.bmp",
		"func/s143.bmp",
		"func/f141.bmp",
		"func/f141.bmp",
		"func/s142.bmp",
		"func/s142.bmp",
		"func/s146.bmp",
		"func/u145.bmp",
		"func/u146.bmp",
		"func/f138.bmp",
		"func/s131.bmp",
		"func/i999.bmp",
		"func/u131.bmp",
		"func/u131.bmp",
		"func/u142.bmp",
		"func/s134.bmp",
		"func/s134.bmp",
		"func/u145.bmp",
		"func/u137.bmp",
		"func/u146.bmp",
		"func/Circle.bmp"
	]
}
