{
	"onset":[0,3.174,6.498,9.488,12.612,15.668,18.842,22.083,25.106,28.263,31.487,34.093,54.688,57.912,61.136,64.36,67.651,70.75700000000001,73.98099999999999,77.021,80.212,83.43600000000001,86.709,89.84999999999999,93.074,96.18000000000001,99.221,102.411,105.501,108.224,128.686,131.943,135.05,138.074,141.113,144.237,147.361,150.434,153.625,156.731,159.872,163.029,166.253,169.426,172.717,175.757,178.964,182.104,185.161,188.318,191.542,194.198,214.76,217.984,221.141,224.298,227.572,230.729,233.886,237.16,240.4,243.457,246.648,249.905,253.179,256.369,259.46,262.566,265.69,268.813,271.436,291.915,295.022,298.229,301.336,304.509,307.633,310.84,313.913,317.154,320.361,323.368,326.558,329.849,332.939,336.163,339.337,342.41,345.484,348.741,351.397,371.992,375.133,378.256,381.48,384.771,387.961,391.051,393.791],
	"duration":[0.9399999999999999,0.946,0.802,0.895,0.83,0.914,0.883,0.848,0.894,0.872,0.86,20,0.897,0.868,0.9360000000000001,0.993,0.881,0.921,0.854,0.837,0.918,0.928,0.915,0.947,0.886,0.868,0.95,0.804,0.985,20,0.918,0.804,0.844,0.821,0.923,0.849,0.889,0.909,0.913,0.921,0.8080000000000001,0.947,0.966,0.977,0.839,0.97,0.823,0.876,0.824,0.855,0.914,20,0.914,0.9,0.921,0.9360000000000001,0.839,0.9429999999999999,0.945,0.904,0.868,0.867,0.972,0.954,0.905,0.852,0.907,0.888,0.916,0.876,20,0.895,0.926,0.858,0.838,0.802,0.972,0.865,0.966,0.964,0.8120000000000001,0.826,0.9360000000000001,0.831,0.928,0.945,0.903,0.877,0.894,0.913,20,0.925,0.944,0.9419999999999999,0.961,0.965,0.8080000000000001,0.9429999999999999,0.012],
	"circle_duration":[0.425,0.453,0.512,0.426,0.459,0.453,0.495,0.593,0.407,0.49,0.569,20,0.5610000000000001,0.5669999999999999,0.589,0.523,0.534,0.466,0.518,0.414,0.578,0.538,0.577,0.457,0.506,0.466,0.413,0.479,0.51,20,0.427,0.58,0.522,0.417,0.436,0.433,0.515,0.415,0.504,0.423,0.445,0.574,0.505,0.437,0.54,0.423,0.465,0.541,0.41,0.5649999999999999,0.59,20,0.52,0.543,0.498,0.464,0.579,0.487,0.448,0.555,0.5649999999999999,0.427,0.5649999999999999,0.512,0.546,0.514,0.484,0.428,0.459,0.444,20,0.45,0.438,0.506,0.473,0.552,0.5659999999999999,0.452,0.447,0.517,0.481,0.425,0.585,0.586,0.498,0.528,0.467,0.407,0.432,0.595,20,0.5590000000000001,0.443,0.41,0.502,0.555,0.463,0.505,0],
	"stim_type":[
		"SCRAMBLED",
		"SCRAMBLED",
		"SCRAMBLED",
		"SCRAMBLED",
		"SCRAMBLED",
		"FAMOUS",
		"UNFAMILIAR",
		"SCRAMBLED",
		"FAMOUS",
		"FAMOUS",
		"SCRAMBLED",
		"n/a",
		"SCRAMBLED",
		"SCRAMBLED",
		"FAMOUS",
		"SCRAMBLED",
		"SCRAMBLED",
		"SCRAMBLED",
		"FAMOUS",
		"UNFAMILIAR",
		"UNFAMILIAR",
		"UNFAMILIAR",
		"FAMOUS",
		"FAMOUS",
		"FAMOUS",
		"FAMOUS",
		"FAMOUS",
		"FAMOUS",
		"FAMOUS",
		"n/a",
		"UNFAMILIAR",
		"UNFAMILIAR",
		"SCRAMBLED",
		"SCRAMBLED",
		"UNFAMILIAR",
		"FAMOUS",
		"UNFAMILIAR",
		"UNFAMILIAR",
		"UNFAMILIAR",
		"FAMOUS",
		"FAMOUS",
		"FAMOUS",
		"UNFAMILIAR",
		"UNFAMILIAR",
		"SCRAMBLED",
		"SCRAMBLED",
		"SCRAMBLED",
		"UNFAMILIAR",
		"UNFAMILIAR",
		"UNFAMILIAR",
		"FAMOUS",
		"n/a",
		"FAMOUS",
		"FAMOUS",
		"UNFAMILIAR",
		"UNFAMILIAR",
		"SCRAMBLED",
		"SCRAMBLED",
		"FAMOUS",
		"FAMOUS",
		"SCRAMBLED",
		"SCRAMBLED",
		"SCRAMBLED",
		"UNFAMILIAR",
		"UNFAMILIAR",
		"FAMOUS",
		"SCRAMBLED",
		"SCRAMBLED",
		"UNFAMILIAR",
		"SCRAMBLED",
		"n/a",
		"UNFAMILIAR",
		"UNFAMILIAR",
		"UNFAMILIAR",
		"FAMOUS",
		"FAMOUS",
		"FAMOUS",
		"UNFAMILIAR",
		"SCRAMBLED",
		"UNFAMILIAR",
		"UNFAMILIAR",
		"UNFAMILIAR",
		"FAMOUS",
		"FAMOUS",
		"FAMOUS",
		"FAMOUS",
		"SCRAMBLED",
		"FAMOUS",
		"SCRAMBLED",
		"UNFAMILIAR",
		"n/a",
		"SCRAMBLED",
		"FAMOUS",
		"FAMOUS",
		"UNFAMILIAR",
		"UNFAMILIAR",
		"UNFAMILIAR",
		"SCRAMBLED",
		"n/a"
	],
	"trigger":[17,17,17,18,17,5,13,19,5,6,19,999,17,18,5,19,17,18,7,13,14,15,5,6,5,5,6,7,5,999,13,14,17,18,13,7,13,14,13,7,5,5,13,15,17,18,17,15,13,14,7,999,5,7,13,15,17,18,5,6,19,17,18,13,14,7,17,18,15,17,999,13,13,14,5,6,5,13,19,13,14,15,5,6,5,6,17,7,17,15,999,17,5,6,13,13,14,19,999],
	"button_pushed":[
		4,
		4,
		7,
		7,
		4,
		7,
		4,
		4,
		7,
		7,
		7,
		20000,
		7,
		7,
		7,
		4,
		7,
		7,
		7,
		4,
		4,
		4,
		7,
		7,
		7,
		4,
		4,
		7,
		7,
		20000,
		7,
		7,
		4,
		4,
		4,
		7,
		7,
		7,
		4,
		7,
		4,
		7,
		4,
		4,
		4,
		4,
		7,
		4,
		4,
		4,
		4,
		20000,
		7,
		7,
		4,
		4,
		"n/a",
		4,
		7,
		7,
		7,
		7,
		7,
		7,
		7,
		7,
		4,
		4,
		4,
		4,
		20000,
		7,
		4,
		4,
		4,
		4,
		7,
		7,
		7,
		4,
		4,
		7,
		4,
		4,
		4,
		4,
		4,
		7,
		7,
		7,
		20000,
		7,
		7,
		7,
		7,
		4,
		4,
		4,
		0
	],
	"response_time":[0.8169999999999999,1.009,0.72,0.676,0.71,0.709,0.855,0.788,0.63,0.523,0.529,20,0.797,0.613,0.74,0.92,0.453,0.674,0.6840000000000001,0.782,0.929,1.093,0.878,0.632,0.637,0.85,0.908,0.971,0.5669999999999999,20,0.911,0.659,1.28,0.931,1.473,0.505,0.903,0.708,0.961,0.777,0.782,1.005,1.118,0.791,0.855,0.677,0.636,0.84,0.745,0.725,1.304,20,0.875,0.854,1.162,1.404,0,1.384,0.969,0.754,0.827,0.652,0.64,0.876,0.536,0.521,0.845,0.727,0.873,0.903,20,1.143,1.305,0.711,0.991,0.58,1.152,0.664,1.155,0.791,0.6879999999999999,1.404,0.702,0.788,1.078,1.101,1.27,0.821,1.533,1.118,20,1.007,0.8080000000000001,0.492,1.705,1.427,1.203,0.915,0],
	"stim_file":[
		"func/s110.bmp",
		"func/s104.bmp",
		"func/s102.bmp",
		"func/s102.bmp",
		"func/s100.bmp",
		"func/f101.bmp",
		"func/u111.bmp",
		"func/s110.bmp",
		"func/f111.bmp",
		"func/f111.bmp",
		"func/s104.bmp",
		"func/i999.bmp",
		"func/s113.bmp",
		"func/s113.bmp",
		"func/f102.bmp",
		"func/s100.bmp",
		"func/s098.bmp",
		"func/s098.bmp",
		"func/f101.bmp",
		"func/u099.bmp",
		"func/u099.bmp",
		"func/u111.bmp",
		"func/f098.bmp",
		"func/f098.bmp",
		"func/f110.bmp",
		"func/f100.bmp",
		"func/f100.bmp",
		"func/f102.bmp",
		"func/f103.bmp",
		"func/i999.bmp",
		"func/u098.bmp",
		"func/u098.bmp",
		"func/s111.bmp",
		"func/s111.bmp",
		"func/u107.bmp",
		"func/f110.bmp",
		"func/u102.bmp",
		"func/u102.bmp",
		"func/u108.bmp",
		"func/f103.bmp",
		"func/f104.bmp",
		"func/f109.bmp",
		"func/u105.bmp",
		"func/u107.bmp",
		"func/s105.bmp",
		"func/s105.bmp",
		"func/s109.bmp",
		"func/u108.bmp",
		"func/u100.bmp",
		"func/u100.bmp",
		"func/f104.bmp",
		"func/i999.bmp",
		"func/f108.bmp",
		"func/f109.bmp",
		"func/u112.bmp",
		"func/u105.bmp",
		"func/s112.bmp",
		"func/s112.bmp",
		"func/f112.bmp",
		"func/f112.bmp",
		"func/s109.bmp",
		"func/s106.bmp",
		"func/s106.bmp",
		"func/u109.bmp",
		"func/u109.bmp",
		"func/f108.bmp",
		"func/s099.bmp",
		"func/s099.bmp",
		"func/u112.bmp",
		"func/s101.bmp",
		"func/i999.bmp",
		"func/u103.bmp",
		"func/u113.bmp",
		"func/u113.bmp",
		"func/f106.bmp",
		"func/f106.bmp",
		"func/f099.bmp",
		"func/u101.bmp",
		"func/s101.bmp",
		"func/u110.bmp",
		"func/u110.bmp",
		"func/u103.bmp",
		"func/f105.bmp",
		"func/f105.bmp",
		"func/f107.bmp",
		"func/f107.bmp",
		"func/s107.bmp",
		"func/f099.bmp",
		"func/s103.bmp",
		"func/u101.bmp",
		"func/i999.bmp",
		"func/s108.bmp",
		"func/f113.bmp",
		"func/f113.bmp",
		"func/u106.bmp",
		"func/u104.bmp",
		"func/u104.bmp",
		"func/s107.bmp",
		"func/Circle.bmp"
	]
}
