{
	"onset":[0,3.19,6.581,9.670999999999999,12.945,16.152,19.309,22.349,25.59,28.313,48.925,52.116,55.172,58.346,61.52,64.76000000000001,67.84999999999999,71.00700000000001,74.06399999999999,77.271,80.395,83.569,86.65900000000001,89.916,93.09,96.247,99.42,102.594,105.801,108.992,112.099,114.721,135.183,138.307,141.614,144.755,147.794,150.968,153.975,157.182,160.322,163.496,166.62,169.66,172.984,176.274,179.481,182.622,185.662,188.852,191.491,212.087,215.127,218.401,221.725,224.882,228.04,231.246,234.437,237.544,240.684,243.724,246.831,250.021,253.162,256.285,259.292,262.549,265.556,268.145,288.707,291.898,294.954,298.161,301.435,304.56,307.733,310.873,314.063,317.087,320.093,323.267,326.491,329.648,332.872,335.945,339.069,342.276,345.483,348.707,351.396,371.958,375.166,378.289,381.279,384.52,387.677,390.885,393.54],
	"duration":[0.871,0.998,0.825,0.978,0.921,0.822,0.8159999999999999,0.987,0.985,20,0.96,0.8070000000000001,0.991,0.858,0.978,0.911,0.803,0.842,0.86,0.82,0.947,0.875,0.965,0.853,0.959,0.927,0.961,0.964,0.997,0.862,0.878,20,0.923,0.989,0.841,0.86,0.904,0.83,0.868,0.861,0.868,0.8149999999999999,0.849,0.974,0.957,0.911,0.9429999999999999,0.862,0.93,0.891,20,0.828,0.9429999999999999,0.98,0.824,0.882,0.857,0.89,0.835,0.945,0.835,0.8129999999999999,0.883,0.914,0.879,0.804,0.953,0.834,0.846,20,0.971,0.87,0.876,0.992,0.947,0.8179999999999999,0.903,0.9360000000000001,0.802,0.802,0.8179999999999999,0.883,0.873,0.987,0.803,0.828,0.9379999999999999,0.857,0.945,0.9419999999999999,20,0.988,0.945,0.8,0.901,0.928,0.944,0.856,0.012],
	"circle_duration":[0.509,0.541,0.533,0.5,0.522,0.502,0.556,0.461,0.472,20,0.578,0.453,0.479,0.414,0.547,0.496,0.415,0.595,0.446,0.571,0.531,0.467,0.437,0.527,0.543,0.43,0.471,0.438,0.479,0.424,0.483,20,0.426,0.43,0.539,0.534,0.414,0.485,0.409,0.577,0.505,0.542,0.546,0.43,0.572,0.5610000000000001,0.525,0.422,0.403,0.495,20,0.5639999999999999,0.443,0.556,0.575,0.554,0.518,0.53,0.522,0.505,0.432,0.437,0.526,0.535,0.465,0.483,0.422,0.526,0.406,20,0.527,0.438,0.428,0.5580000000000001,0.503,0.418,0.586,0.469,0.49,0.466,0.445,0.589,0.569,0.503,0.461,0.508,0.531,0.497,0.581,0.503,20,0.531,0.438,0.412,0.432,0.572,0.461,0.501,0],
	"stim_type":[
		"UNFAMILIAR",
		"SCRAMBLED",
		"FAMOUS",
		"FAMOUS",
		"FAMOUS",
		"SCRAMBLED",
		"FAMOUS",
		"FAMOUS",
		"UNFAMILIAR",
		"n/a",
		"UNFAMILIAR",
		"UNFAMILIAR",
		"SCRAMBLED",
		"UNFAMILIAR",
		"FAMOUS",
		"SCRAMBLED",
		"SCRAMBLED",
		"UNFAMILIAR",
		"UNFAMILIAR",
		"SCRAMBLED",
		"FAMOUS",
		"SCRAMBLED",
		"FAMOUS",
		"FAMOUS",
		"UNFAMILIAR",
		"SCRAMBLED",
		"FAMOUS",
		"FAMOUS",
		"FAMOUS",
		"FAMOUS",
		"FAMOUS",
		"n/a",
		"FAMOUS",
		"SCRAMBLED",
		"SCRAMBLED",
		"UNFAMILIAR",
		"UNFAMILIAR",
		"SCRAMBLED",
		"SCRAMBLED",
		"SCRAMBLED",
		"UNFAMILIAR",
		"SCRAMBLED",
		"FAMOUS",
		"FAMOUS",
		"FAMOUS",
		"SCRAMBLED",
		"SCRAMBLED",
		"SCRAMBLED",
		"SCRAMBLED",
		"SCRAMBLED",
		"n/a",
		"FAMOUS",
		"UNFAMILIAR",
		"FAMOUS",
		"FAMOUS",
		"SCRAMBLED",
		"UNFAMILIAR",
		"UNFAMILIAR",
		"FAMOUS",
		"FAMOUS",
		"FAMOUS",
		"SCRAMBLED",
		"FAMOUS",
		"UNFAMILIAR",
		"UNFAMILIAR",
		"UNFAMILIAR",
		"SCRAMBLED",
		"SCRAMBLED",
		"FAMOUS",
		"n/a",
		"UNFAMILIAR",
		"UNFAMILIAR",
		"FAMOUS",
		"SCRAMBLED",
		"SCRAMBLED",
		"UNFAMILIAR",
		"FAMOUS",
		"SCRAMBLED",
		"SCRAMBLED",
		"SCRAMBLED",
		"SCRAMBLED",
		"SCRAMBLED",
		"SCRAMBLED",
		"FAMOUS",
		"UNFAMILIAR",
		"SCRAMBLED",
		"UNFAMILIAR",
		"FAMOUS",
		"UNFAMILIAR",
		"UNFAMILIAR",
		"n/a",
		"FAMOUS",
		"FAMOUS",
		"UNFAMILIAR",
		"UNFAMILIAR",
		"UNFAMILIAR",
		"UNFAMILIAR",
		"UNFAMILIAR",
		"n/a"
	],
	"trigger":[13,17,5,5,6,17,5,6,15,999,13,14,19,13,7,17,18,13,14,19,5,17,5,6,15,17,5,6,5,6,7,999,5,19,17,13,14,19,17,18,13,17,7,5,6,19,17,18,17,18,999,5,15,5,6,19,13,14,5,5,6,17,7,13,13,14,17,18,7,999,13,14,5,19,17,15,5,17,18,17,18,17,18,7,13,19,13,7,13,13,999,5,6,13,15,13,14,15,999],
	"button_pushed":[7,4,4,4,4,4,4,4,7,20000,7,7,4,7,4,7,7,7,7,4,7,4,7,7,7,7,4,4,4,4,7,20000,4,4,7,7,7,7,7,4,7,4,4,4,4,7,4,7,7,7,20000,7,7,7,7,4,7,7,4,7,7,7,7,4,7,7,4,4,4,20000,4,4,4,7,4,7,4,4,4,7,7,4,7,4,7,4,7,4,7,7,20000,4,4,7,7,7,7,7,0],
	"response_time":[1.013,1.369,0.984,0.876,0.662,1.03,0.852,0.73,0.829,20,0.702,0.745,1.062,1.25,0.76,0.922,0.719,1.36,0.72,0.902,1.245,0.958,0.886,0.612,1.23,1.164,0.799,0.901,1.099,0.5590000000000001,0.855,20,0.898,0.926,0.673,1.149,0.74,0.869,0.964,0.976,1.112,0.909,0.952,1.231,0.879,1,1.022,1.006,0.921,0.803,20,1,0.828,0.535,0.494,0.799,1.146,0.9360000000000001,0.844,0.985,0.877,1.143,0.77,0.972,1.09,0.951,1.367,0.903,0.851,20,0.948,0.669,0.797,0.8070000000000001,0.786,1.206,0.83,0.953,0.753,0.86,1.064,1.125,1.354,1.36,1.161,0.869,0.819,0.902,0.705,0.87,20,0.871,0.651,0.835,0.714,0.952,0.856,1.567,0],
	"stim_file":[
		"func/u031.bmp",
		"func/s031.bmp",
		"func/f021.bmp",
		"func/f019.bmp",
		"func/f019.bmp",
		"func/s017.bmp",
		"func/f030.bmp",
		"func/f030.bmp",
		"func/u031.bmp",
		"func/i999.bmp",
		"func/u024.bmp",
		"func/u024.bmp",
		"func/s031.bmp",
		"func/u025.bmp",
		"func/f021.bmp",
		"func/s026.bmp",
		"func/s026.bmp",
		"func/u017.bmp",
		"func/u017.bmp",
		"func/s017.bmp",
		"func/f023.bmp",
		"func/s032.bmp",
		"func/f022.bmp",
		"func/f022.bmp",
		"func/u025.bmp",
		"func/s029.bmp",
		"func/f025.bmp",
		"func/f025.bmp",
		"func/f026.bmp",
		"func/f026.bmp",
		"func/f023.bmp",
		"func/i999.bmp",
		"func/f031.bmp",
		"func/s032.bmp",
		"func/s018.bmp",
		"func/u026.bmp",
		"func/u026.bmp",
		"func/s029.bmp",
		"func/s027.bmp",
		"func/s027.bmp",
		"func/u027.bmp",
		"func/s025.bmp",
		"func/f031.bmp",
		"func/f017.bmp",
		"func/f017.bmp",
		"func/s018.bmp",
		"func/s028.bmp",
		"func/s028.bmp",
		"func/s024.bmp",
		"func/s024.bmp",
		"func/i999.bmp",
		"func/f024.bmp",
		"func/u027.bmp",
		"func/f028.bmp",
		"func/f028.bmp",
		"func/s025.bmp",
		"func/u018.bmp",
		"func/u018.bmp",
		"func/f020.bmp",
		"func/f029.bmp",
		"func/f029.bmp",
		"func/s019.bmp",
		"func/f024.bmp",
		"func/u032.bmp",
		"func/u022.bmp",
		"func/u022.bmp",
		"func/s020.bmp",
		"func/s020.bmp",
		"func/f020.bmp",
		"func/i999.bmp",
		"func/u019.bmp",
		"func/u019.bmp",
		"func/f032.bmp",
		"func/s019.bmp",
		"func/s021.bmp",
		"func/u032.bmp",
		"func/f018.bmp",
		"func/s022.bmp",
		"func/s022.bmp",
		"func/s023.bmp",
		"func/s023.bmp",
		"func/s030.bmp",
		"func/s030.bmp",
		"func/f032.bmp",
		"func/u030.bmp",
		"func/s021.bmp",
		"func/u029.bmp",
		"func/f018.bmp",
		"func/u023.bmp",
		"func/u020.bmp",
		"func/i999.bmp",
		"func/f027.bmp",
		"func/f027.bmp",
		"func/u021.bmp",
		"func/u030.bmp",
		"func/u028.bmp",
		"func/u028.bmp",
		"func/u029.bmp",
		"func/Circle.bmp"
	]
}
