{
	"onset":[0,3.223,6.463,9.603,12.827,15.968,19.058,22.348,25.555,28.846,31.485,52.098,55.288,58.496,61.602,64.85899999999999,67.899,71.173,74.247,77.42100000000001,80.611,83.88500000000001,87.15900000000001,90.43300000000001,93.54000000000001,96.54600000000001,99.72,103.011,106.351,109.492,112.816,115.422,135.867,139.007,142.198,145.338,148.578,151.618,154.909,158.067,161.173,164.397,167.52,170.694,173.851,176.991,180.148,183.272,186.563,189.269,209.715,212.838,216.061,219.152,222.392,225.499,228.689,231.913,235.104,238.144,241.451,244.758,247.932,251.256,254.53,257.771,260.911,263.934,266.991,270.031,272.704,293.316,296.44,299.547,302.821,306.028,309.018,312.208,315.499,318.723,321.913,325.02,328.077,331.2,334.307,337.564,340.638,343.812,346.985,349.691,370.237,373.427,376.584,379.808,383.149,386.172,389.363,392.586,395.276],
	"duration":[0.95,0.901,0.849,0.906,0.924,0.819,0.927,0.886,0.926,0.9,20,0.824,0.992,0.924,0.898,0.851,0.99,0.901,0.955,0.93,0.945,0.9399999999999999,0.922,0.819,0.8090000000000001,0.949,0.975,0.996,0.956,0.994,0.86,20,0.8070000000000001,0.825,0.89,0.9340000000000001,0.857,0.931,0.96,0.871,0.905,0.853,0.8070000000000001,0.892,0.923,0.9379999999999999,0.835,0.971,0.964,20,0.931,0.981,0.84,0.872,0.802,0.965,0.826,0.837,0.849,0.9379999999999999,0.967,0.88,0.986,0.998,0.903,0.888,0.841,0.873,0.829,0.921,20,0.873,0.832,0.911,0.904,0.803,0.996,0.929,0.969,0.841,0.877,0.801,0.9429999999999999,0.866,0.9350000000000001,0.827,0.951,0.881,0.97,20,0.873,0.846,0.974,0.991,0.839,0.856,0.884,0.89,0.012],
	"circle_duration":[0.585,0.502,0.481,0.529,0.549,0.443,0.515,0.589,0.5570000000000001,0.597,20,0.569,0.592,0.451,0.406,0.591,0.424,0.516,0.416,0.44,0.492,0.553,0.5639999999999999,0.583,0.534,0.424,0.454,0.541,0.583,0.403,0.5570000000000001,20,0.414,0.5570000000000001,0.588,0.479,0.547,0.409,0.592,0.434,0.459,0.541,0.485,0.592,0.486,0.438,0.443,0.528,0.544,20,0.418,0.422,0.474,0.47,0.585,0.535,0.454,0.5659999999999999,0.577,0.434,0.598,0.575,0.533,0.573,0.512,0.581,0.48,0.412,0.411,0.439,20,0.576,0.48,0.515,0.591,0.523,0.428,0.433,0.589,0.499,0.574,0.456,0.488,0.411,0.481,0.556,0.483,0.46,0.532,20,0.505,0.542,0.535,0.474,0.58,0.409,0.5570000000000001,0.573,0],
	"stim_type":[
		"UNFAMILIAR",
		"UNFAMILIAR",
		"UNFAMILIAR",
		"UNFAMILIAR",
		"FAMOUS",
		"UNFAMILIAR",
		"UNFAMILIAR",
		"SCRAMBLED",
		"SCRAMBLED",
		"UNFAMILIAR",
		"n/a",
		"UNFAMILIAR",
		"UNFAMILIAR",
		"SCRAMBLED",
		"FAMOUS",
		"UNFAMILIAR",
		"FAMOUS",
		"FAMOUS",
		"UNFAMILIAR",
		"SCRAMBLED",
		"SCRAMBLED",
		"SCRAMBLED",
		"SCRAMBLED",
		"FAMOUS",
		"FAMOUS",
		"UNFAMILIAR",
		"FAMOUS",
		"FAMOUS",
		"SCRAMBLED",
		"SCRAMBLED",
		"FAMOUS",
		"n/a",
		"UNFAMILIAR",
		"SCRAMBLED",
		"FAMOUS",
		"FAMOUS",
		"FAMOUS",
		"FAMOUS",
		"FAMOUS",
		"SCRAMBLED",
		"SCRAMBLED",
		"FAMOUS",
		"FAMOUS",
		"UNFAMILIAR",
		"SCRAMBLED",
		"SCRAMBLED",
		"SCRAMBLED",
		"SCRAMBLED",
		"FAMOUS",
		"n/a",
		"SCRAMBLED",
		"FAMOUS",
		"FAMOUS",
		"UNFAMILIAR",
		"UNFAMILIAR",
		"SCRAMBLED",
		"SCRAMBLED",
		"SCRAMBLED",
		"SCRAMBLED",
		"SCRAMBLED",
		"SCRAMBLED",
		"FAMOUS",
		"FAMOUS",
		"UNFAMILIAR",
		"FAMOUS",
		"FAMOUS",
		"UNFAMILIAR",
		"UNFAMILIAR",
		"SCRAMBLED",
		"SCRAMBLED",
		"n/a",
		"FAMOUS",
		"FAMOUS",
		"UNFAMILIAR",
		"UNFAMILIAR",
		"UNFAMILIAR",
		"UNFAMILIAR",
		"UNFAMILIAR",
		"UNFAMILIAR",
		"FAMOUS",
		"SCRAMBLED",
		"UNFAMILIAR",
		"UNFAMILIAR",
		"FAMOUS",
		"UNFAMILIAR",
		"SCRAMBLED",
		"SCRAMBLED",
		"SCRAMBLED",
		"UNFAMILIAR",
		"n/a",
		"FAMOUS",
		"FAMOUS",
		"FAMOUS",
		"UNFAMILIAR",
		"FAMOUS",
		"UNFAMILIAR",
		"SCRAMBLED",
		"SCRAMBLED",
		"n/a"
	],
	"trigger":[13,14,13,14,5,13,14,17,18,13,999,13,14,17,7,13,5,5,15,17,17,18,19,5,6,15,5,7,17,18,7,999,13,19,5,6,5,5,7,17,18,5,6,15,17,18,17,18,7,999,17,7,5,13,14,17,18,17,18,17,19,5,7,13,5,6,13,14,17,19,999,5,7,13,14,15,13,14,13,5,19,13,14,7,13,17,18,17,15,999,5,6,7,13,5,15,17,18,999],
	"button_pushed":[
		7,
		7,
		7,
		7,
		4,
		7,
		7,
		4,
		4,
		4,
		20000,
		7,
		7,
		4,
		4,
		7,
		7,
		4,
		4,
		7,
		7,
		7,
		4,
		4,
		4,
		7,
		4,
		7,
		4,
		4,
		4,
		20000,
		7,
		7,
		4,
		4,
		7,
		4,
		4,
		7,
		7,
		7,
		7,
		7,
		7,
		7,
		4,
		4,
		7,
		20000,
		"n/a",
		4,
		7,
		7,
		7,
		7,
		7,
		7,
		7,
		7,
		7,
		7,
		7,
		7,
		4,
		4,
		4,
		"n/a",
		7,
		7,
		20000,
		4,
		7,
		7,
		7,
		7,
		7,
		7,
		7,
		4,
		7,
		7,
		7,
		4,
		4,
		7,
		7,
		4,
		7,
		20000,
		4,
		4,
		4,
		7,
		7,
		7,
		4,
		4,
		0
	],
	"response_time":[0.598,0.599,0.717,0.677,0.762,0.774,0.6820000000000001,0.845,0.8120000000000001,0.871,20,0.775,0.572,0.768,0.795,0.705,1.003,0.998,1.744,1.148,0.865,0.637,0.798,0.822,0.697,0.575,0.866,0.63,1.269,0.84,0.843,20,0.9399999999999999,0.899,0.918,0.903,1.095,0.953,0.836,1.243,0.6820000000000001,1.17,1.057,1.236,2.014,0.931,1.574,1.263,1.273,20,0,1.117,0.788,0.643,0.636,1.305,0.713,1.245,1.108,1.705,0.971,0.829,1.204,1.229,0.973,0.796,1.703,0,0.982,0.799,20,0.879,0.806,0.755,0.509,0.5669999999999999,0.652,0.495,0.662,0.799,1.127,0.774,0.741,0.6820000000000001,1.155,1.349,0.755,1.957,0.551,20,0.994,0.651,0.913,0.9360000000000001,0.989,0.866,1.001,1.758,0],
	"stim_file":[
		"func/u036.bmp",
		"func/u036.bmp",
		"func/u040.bmp",
		"func/u040.bmp",
		"func/f045.bmp",
		"func/u045.bmp",
		"func/u045.bmp",
		"func/s038.bmp",
		"func/s038.bmp",
		"func/u046.bmp",
		"func/i999.bmp",
		"func/u035.bmp",
		"func/u035.bmp",
		"func/s039.bmp",
		"func/f045.bmp",
		"func/u048.bmp",
		"func/f047.bmp",
		"func/f041.bmp",
		"func/u046.bmp",
		"func/s041.bmp",
		"func/s033.bmp",
		"func/s033.bmp",
		"func/s039.bmp",
		"func/f042.bmp",
		"func/f042.bmp",
		"func/u048.bmp",
		"func/f034.bmp",
		"func/f047.bmp",
		"func/s037.bmp",
		"func/s037.bmp",
		"func/f041.bmp",
		"func/i999.bmp",
		"func/u047.bmp",
		"func/s041.bmp",
		"func/f038.bmp",
		"func/f038.bmp",
		"func/f044.bmp",
		"func/f043.bmp",
		"func/f034.bmp",
		"func/s048.bmp",
		"func/s048.bmp",
		"func/f037.bmp",
		"func/f037.bmp",
		"func/u047.bmp",
		"func/s042.bmp",
		"func/s042.bmp",
		"func/s043.bmp",
		"func/s043.bmp",
		"func/f044.bmp",
		"func/i999.bmp",
		"func/s035.bmp",
		"func/f043.bmp",
		"func/f036.bmp",
		"func/u038.bmp",
		"func/u038.bmp",
		"func/s034.bmp",
		"func/s034.bmp",
		"func/s046.bmp",
		"func/s046.bmp",
		"func/s040.bmp",
		"func/s035.bmp",
		"func/f046.bmp",
		"func/f036.bmp",
		"func/u042.bmp",
		"func/f033.bmp",
		"func/f033.bmp",
		"func/u037.bmp",
		"func/u037.bmp",
		"func/s036.bmp",
		"func/s040.bmp",
		"func/i999.bmp",
		"func/f039.bmp",
		"func/f046.bmp",
		"func/u043.bmp",
		"func/u043.bmp",
		"func/u042.bmp",
		"func/u033.bmp",
		"func/u033.bmp",
		"func/u039.bmp",
		"func/f048.bmp",
		"func/s036.bmp",
		"func/u041.bmp",
		"func/u041.bmp",
		"func/f039.bmp",
		"func/u034.bmp",
		"func/s047.bmp",
		"func/s047.bmp",
		"func/s044.bmp",
		"func/u039.bmp",
		"func/i999.bmp",
		"func/f040.bmp",
		"func/f040.bmp",
		"func/f048.bmp",
		"func/u044.bmp",
		"func/f035.bmp",
		"func/u034.bmp",
		"func/s045.bmp",
		"func/s045.bmp",
		"func/Circle.bmp"
	]
}
