{
	"onset":[0,3.023,6.364,9.688000000000001,12.962,16.135,19.142,22.399,25.657,28.997,32.221,34.894,55.523,58.563,61.82,65.14400000000001,68.251,71.375,74.44799999999999,77.55500000000001,80.66200000000001,83.836,87.06,90.283,93.357,96.497,99.771,102.961,106.202,109.443,111.998,132.577,135.734,138.774,141.981,145.255,148.279,151.386,154.627,157.883,161.024,164.03,167.254,170.345,173.501,176.675,179.882,183.106,186.263,188.902,209.414,212.605,215.862,219.036,222.059,225.333,228.707,232.048,235.288,238.562,241.636,244.96,248.117,251.14,254.264,257.304,260.311,263.334,266.524,269.13,289.592,292.917,296.023,299.197,302.287,305.494,308.618,311.825,315.082,318.156,321.464,324.653,327.677,330.784,333.974,337.148,340.289,343.545,346.669,349.793,352.448,372.894,375.934,379.224,382.365,385.605,388.863,391.969,394.726],
	"duration":[0.801,0.9370000000000001,0.966,0.971,0.827,0.834,0.91,0.969,0.998,0.957,0.925,20,0.8090000000000001,0.89,0.988,0.829,0.8129999999999999,0.8159999999999999,0.841,0.896,0.8090000000000001,0.865,0.971,0.825,0.967,0.948,0.826,0.987,0.973,0.8070000000000001,20,0.959,0.834,0.958,0.913,0.822,0.85,0.9340000000000001,0.89,0.899,0.803,0.972,0.882,0.881,0.806,0.892,0.975,0.859,0.888,20,0.89,0.905,1,0.839,0.986,0.988,0.974,0.9389999999999999,0.917,0.8100000000000001,0.998,0.9360000000000001,0.801,0.847,0.868,0.802,0.849,0.975,0.857,20,0.978,0.858,0.951,0.847,0.878,0.952,0.99,0.898,0.896,0.977,0.95,0.842,0.846,0.849,0.896,0.88,0.901,0.947,0.853,0.919,20,0.847,0.985,0.805,0.967,0.98,0.8179999999999999,0.957,0.012],
	"circle_duration":[0.432,0.457,0.526,0.593,0.52,0.582,0.408,0.574,0.524,0.57,0.49,20,0.585,0.461,0.598,0.5580000000000001,0.502,0.539,0.491,0.499,0.439,0.597,0.586,0.479,0.475,0.404,0.5590000000000001,0.587,0.468,0.498,20,0.55,0.421,0.445,0.482,0.59,0.424,0.49,0.551,0.585,0.475,0.45,0.472,0.451,0.502,0.595,0.54,0.473,0.532,20,0.471,0.533,0.57,0.402,0.405,0.524,0.54,0.593,0.523,0.588,0.496,0.5639999999999999,0.453,0.452,0.514,0.417,0.449,0.408,0.443,20,0.418,0.584,0.471,0.46,0.48,0.5639999999999999,0.414,0.438,0.593,0.402,0.5679999999999999,0.48,0.411,0.5,0.577,0.506,0.501,0.593,0.413,0.488,20,0.404,0.42,0.538,0.554,0.506,0.513,0.528,0],
	"stim_type":[
		"FAMOUS",
		"FAMOUS",
		"UNFAMILIAR",
		"FAMOUS",
		"FAMOUS",
		"FAMOUS",
		"UNFAMILIAR",
		"FAMOUS",
		"SCRAMBLED",
		"SCRAMBLED",
		"FAMOUS",
		"n/a",
		"UNFAMILIAR",
		"UNFAMILIAR",
		"SCRAMBLED",
		"SCRAMBLED",
		"FAMOUS",
		"SCRAMBLED",
		"SCRAMBLED",
		"SCRAMBLED",
		"UNFAMILIAR",
		"SCRAMBLED",
		"SCRAMBLED",
		"FAMOUS",
		"FAMOUS",
		"UNFAMILIAR",
		"SCRAMBLED",
		"SCRAMBLED",
		"UNFAMILIAR",
		"SCRAMBLED",
		"n/a",
		"SCRAMBLED",
		"SCRAMBLED",
		"UNFAMILIAR",
		"UNFAMILIAR",
		"UNFAMILIAR",
		"UNFAMILIAR",
		"FAMOUS",
		"SCRAMBLED",
		"SCRAMBLED",
		"UNFAMILIAR",
		"FAMOUS",
		"FAMOUS",
		"FAMOUS",
		"FAMOUS",
		"SCRAMBLED",
		"SCRAMBLED",
		"FAMOUS",
		"UNFAMILIAR",
		"n/a",
		"FAMOUS",
		"FAMOUS",
		"FAMOUS",
		"FAMOUS",
		"UNFAMILIAR",
		"FAMOUS",
		"SCRAMBLED",
		"SCRAMBLED",
		"UNFAMILIAR",
		"UNFAMILIAR",
		"UNFAMILIAR",
		"UNFAMILIAR",
		"SCRAMBLED",
		"FAMOUS",
		"SCRAMBLED",
		"UNFAMILIAR",
		"FAMOUS",
		"SCRAMBLED",
		"UNFAMILIAR",
		"n/a",
		"SCRAMBLED",
		"SCRAMBLED",
		"FAMOUS",
		"FAMOUS",
		"SCRAMBLED",
		"FAMOUS",
		"FAMOUS",
		"SCRAMBLED",
		"UNFAMILIAR",
		"FAMOUS",
		"FAMOUS",
		"FAMOUS",
		"SCRAMBLED",
		"UNFAMILIAR",
		"UNFAMILIAR",
		"UNFAMILIAR",
		"UNFAMILIAR",
		"UNFAMILIAR",
		"FAMOUS",
		"UNFAMILIAR",
		"n/a",
		"SCRAMBLED",
		"UNFAMILIAR",
		"UNFAMILIAR",
		"UNFAMILIAR",
		"UNFAMILIAR",
		"UNFAMILIAR",
		"SCRAMBLED",
		"n/a"
	],
	"trigger":[5,5,13,5,5,6,13,7,17,18,7,999,13,15,17,18,7,17,17,18,15,17,18,5,6,15,17,18,13,19,999,17,18,13,14,13,14,5,17,18,15,5,6,5,5,17,18,7,13,999,5,6,5,7,13,7,17,18,13,15,13,14,17,7,17,15,5,17,15,999,17,18,5,6,19,5,6,19,13,7,5,6,19,13,13,14,13,14,5,15,999,17,13,14,15,13,14,17,999],
	"button_pushed":[
		7,
		4,
		4,
		4,
		4,
		4,
		7,
		7,
		4,
		7,
		7,
		20000,
		7,
		4,
		7,
		7,
		7,
		7,
		4,
		4,
		7,
		7,
		7,
		4,
		4,
		7,
		4,
		4,
		7,
		7,
		20000,
		4,
		4,
		7,
		7,
		7,
		7,
		4,
		4,
		4,
		7,
		4,
		4,
		7,
		4,
		4,
		4,
		4,
		7,
		20000,
		4,
		4,
		4,
		7,
		7,
		4,
		7,
		7,
		7,
		7,
		4,
		4,
		7,
		4,
		7,
		7,
		4,
		7,
		7,
		20000,
		"n/a",
		4,
		4,
		4,
		7,
		4,
		4,
		4,
		7,
		4,
		4,
		4,
		7,
		7,
		7,
		7,
		7,
		7,
		4,
		4,
		20000,
		4,
		7,
		7,
		7,
		7,
		7,
		4,
		0
	],
	"response_time":[2.016,2.112,1.055,1.091,1.043,0.8159999999999999,1.033,0.842,1.627,1.891,1.606,20,1.177,1.268,0.9370000000000001,0.9419999999999999,0.852,0.97,1.282,0.876,0.96,1.56,0.9360000000000001,0.9350000000000001,1.111,1.054,1.051,0.787,0.8100000000000001,1.084,20,1.451,0.792,0.879,0.862,1.196,0.834,1.326,1.601,0.957,0.785,0.978,1.088,0.85,0.776,1.432,0.931,1.8,0.792,20,1.019,0.957,0.851,1.15,1.361,0.745,1.1,0.672,0.858,0.911,0.844,0.803,1.069,1.097,0.842,0.955,0.783,1.293,0.853,20,0,1.073,0.905,0.724,0.667,0.903,0.734,1.085,1.059,1.466,1.088,0.947,1.072,1.021,0.9,0.643,0.849,0.652,1.008,1.24,20,1.034,0.91,0.658,0.784,0.915,1.032,1.059,0],
	"stim_file":[
		"func/f012.bmp",
		"func/f001.bmp",
		"func/u006.bmp",
		"func/f015.bmp",
		"func/f005.bmp",
		"func/f005.bmp",
		"func/u007.bmp",
		"func/f012.bmp",
		"func/s016.bmp",
		"func/s016.bmp",
		"func/f001.bmp",
		"func/i999.bmp",
		"func/u011.bmp",
		"func/u006.bmp",
		"func/s004.bmp",
		"func/s004.bmp",
		"func/f015.bmp",
		"func/s015.bmp",
		"func/s011.bmp",
		"func/s011.bmp",
		"func/u007.bmp",
		"func/s001.bmp",
		"func/s001.bmp",
		"func/f016.bmp",
		"func/f016.bmp",
		"func/u011.bmp",
		"func/s007.bmp",
		"func/s007.bmp",
		"func/u005.bmp",
		"func/s015.bmp",
		"func/i999.bmp",
		"func/s005.bmp",
		"func/s005.bmp",
		"func/u001.bmp",
		"func/u001.bmp",
		"func/u012.bmp",
		"func/u012.bmp",
		"func/f013.bmp",
		"func/s010.bmp",
		"func/s010.bmp",
		"func/u005.bmp",
		"func/f009.bmp",
		"func/f009.bmp",
		"func/f003.bmp",
		"func/f004.bmp",
		"func/s009.bmp",
		"func/s009.bmp",
		"func/f013.bmp",
		"func/u014.bmp",
		"func/i999.bmp",
		"func/f011.bmp",
		"func/f011.bmp",
		"func/f008.bmp",
		"func/f003.bmp",
		"func/u013.bmp",
		"func/f004.bmp",
		"func/s013.bmp",
		"func/s013.bmp",
		"func/u015.bmp",
		"func/u014.bmp",
		"func/u016.bmp",
		"func/u016.bmp",
		"func/s012.bmp",
		"func/f008.bmp",
		"func/s002.bmp",
		"func/u013.bmp",
		"func/f002.bmp",
		"func/s003.bmp",
		"func/u015.bmp",
		"func/i999.bmp",
		"func/s014.bmp",
		"func/s014.bmp",
		"func/f014.bmp",
		"func/f014.bmp",
		"func/s012.bmp",
		"func/f006.bmp",
		"func/f006.bmp",
		"func/s002.bmp",
		"func/u002.bmp",
		"func/f002.bmp",
		"func/f010.bmp",
		"func/f010.bmp",
		"func/s003.bmp",
		"func/u009.bmp",
		"func/u003.bmp",
		"func/u003.bmp",
		"func/u004.bmp",
		"func/u004.bmp",
		"func/f007.bmp",
		"func/u002.bmp",
		"func/i999.bmp",
		"func/s008.bmp",
		"func/u008.bmp",
		"func/u008.bmp",
		"func/u009.bmp",
		"func/u010.bmp",
		"func/u010.bmp",
		"func/s006.bmp",
		"func/Circle.bmp"
	]
}
