{
	"onset":[0,3.324,6.631,9.772,12.945,16.153,19.493,22.617,25.724,28.881,32.088,34.71,55.189,58.313,61.553,64.67700000000001,67.98399999999999,71.27500000000001,74.449,77.672,80.863,84.10299999999999,87.461,90.551,93.758,96.94799999999999,100.105,103.413,106.72,109.927,113.084,115.673,136.236,139.343,142.466,145.723,148.78,152.004,155.128,158.285,161.492,164.582,167.823,171.08,174.186,177.444,180.634,183.975,187.215,189.855,210.467,213.758,216.965,220.222,223.329,226.619,229.843,233.217,236.441,239.548,242.805,246.029,249.119,252.277,255.484,258.624,261.731,264.838,268.078,271.152,273.707,294.169,297.326,300.551,303.707,306.981,310.222,313.329,316.636,319.943,323.2,326.424,329.715,332.788,335.929,338.985,342.259,345.583,348.573,351.279,371.775,374.949,378.106,381.18,384.403,387.643,390.75,393.54],
	"duration":[1,0.968,0.922,0.994,0.962,0.997,0.892,0.864,0.825,0.95,0.88,20,0.847,0.887,0.8159999999999999,0.988,0.9370000000000001,0.977,0.953,0.988,0.899,0.997,0.82,0.974,0.909,0.849,0.951,0.973,0.838,0.91,0.842,20,0.9320000000000001,0.853,1,0.8090000000000001,0.898,0.899,0.919,0.9409999999999999,0.838,0.907,0.993,0.822,0.926,0.971,0.977,0.997,0.898,20,0.928,0.873,0.917,0.876,0.945,0.984,0.977,0.899,0.91,0.915,1,0.886,0.982,0.841,0.927,0.878,0.887,0.885,0.801,0.8110000000000001,20,0.862,0.95,0.8100000000000001,0.9320000000000001,0.93,0.927,0.968,0.961,0.924,0.977,0.96,0.83,0.908,0.857,0.972,0.967,0.8139999999999999,0.965,20,0.9360000000000001,0.824,0.869,0.961,0.9320000000000001,0.858,0.982,0.012],
	"circle_duration":[0.536,0.5639999999999999,0.479,0.443,0.41,0.471,0.579,0.466,0.48,0.5659999999999999,0.5,20,0.447,0.503,0.57,0.539,0.547,0.569,0.425,0.513,0.427,0.583,0.592,0.509,0.453,0.512,0.547,0.596,0.5570000000000001,0.587,0.474,20,0.521,0.412,0.515,0.49,0.48,0.5639999999999999,0.466,0.477,0.494,0.474,0.5679999999999999,0.497,0.512,0.5590000000000001,0.442,0.588,0.469,20,0.581,0.59,0.5620000000000001,0.581,0.456,0.573,0.48,0.5600000000000001,0.556,0.426,0.57,0.463,0.438,0.417,0.599,0.446,0.462,0.439,0.596,0.515,20,0.425,0.525,0.518,0.579,0.578,0.539,0.416,0.569,0.5679999999999999,0.556,0.472,0.552,0.471,0.464,0.431,0.528,0.597,0.416,20,0.461,0.475,0.5629999999999999,0.451,0.496,0.536,0.475,0],
	"stim_type":[
		"SCRAMBLED",
		"SCRAMBLED",
		"SCRAMBLED",
		"FAMOUS",
		"FAMOUS",
		"UNFAMILIAR",
		"UNFAMILIAR",
		"SCRAMBLED",
		"SCRAMBLED",
		"SCRAMBLED",
		"SCRAMBLED",
		"n/a",
		"FAMOUS",
		"FAMOUS",
		"SCRAMBLED",
		"UNFAMILIAR",
		"SCRAMBLED",
		"SCRAMBLED",
		"SCRAMBLED",
		"UNFAMILIAR",
		"UNFAMILIAR",
		"UNFAMILIAR",
		"UNFAMILIAR",
		"SCRAMBLED",
		"FAMOUS",
		"UNFAMILIAR",
		"UNFAMILIAR",
		"SCRAMBLED",
		"UNFAMILIAR",
		"UNFAMILIAR",
		"SCRAMBLED",
		"n/a",
		"FAMOUS",
		"FAMOUS",
		"SCRAMBLED",
		"SCRAMBLED",
		"UNFAMILIAR",
		"UNFAMILIAR",
		"FAMOUS",
		"FAMOUS",
		"FAMOUS",
		"UNFAMILIAR",
		"FAMOUS",
		"UNFAMILIAR",
		"UNFAMILIAR",
		"FAMOUS",
		"UNFAMILIAR",
		"SCRAMBLED",
		"SCRAMBLED",
		"n/a",
		"FAMOUS",
		"FAMOUS",
		"FAMOUS",
		"FAMOUS",
		"FAMOUS",
		"FAMOUS",
		"FAMOUS",
		"UNFAMILIAR",
		"UNFAMILIAR",
		"SCRAMBLED",
		"SCRAMBLED",
		"FAMOUS",
		"UNFAMILIAR",
		"SCRAMBLED",
		"FAMOUS",
		"FAMOUS",
		"UNFAMILIAR",
		"UNFAMILIAR",
		"UNFAMILIAR",
		"SCRAMBLED",
		"n/a",
		"UNFAMILIAR",
		"SCRAMBLED",
		"UNFAMILIAR",
		"UNFAMILIAR",
		"FAMOUS",
		"FAMOUS",
		"SCRAMBLED",
		"UNFAMILIAR",
		"FAMOUS",
		"FAMOUS",
		"SCRAMBLED",
		"SCRAMBLED",
		"UNFAMILIAR",
		"FAMOUS",
		"FAMOUS",
		"UNFAMILIAR",
		"SCRAMBLED",
		"SCRAMBLED",
		"n/a",
		"FAMOUS",
		"UNFAMILIAR",
		"UNFAMILIAR",
		"UNFAMILIAR",
		"FAMOUS",
		"SCRAMBLED",
		"SCRAMBLED",
		"n/a"
	],
	"trigger":[17,17,18,5,6,13,14,17,17,18,19,999,5,6,17,13,17,19,17,13,14,13,14,19,5,15,13,19,13,14,19,999,5,6,17,18,13,14,7,5,6,15,5,13,14,5,13,17,18,999,5,7,5,6,5,6,7,13,15,17,17,7,13,17,5,6,15,13,14,19,999,13,19,13,15,5,6,19,13,5,6,17,18,15,5,6,15,17,18,999,5,15,13,14,5,17,17,999],
	"button_pushed":[7,7,7,7,7,7,7,7,7,7,7,20000,4,4,7,7,7,7,4,7,7,4,4,7,7,7,7,7,4,4,4,20000,7,7,7,7,7,7,7,7,7,7,4,4,4,4,4,4,4,20000,4,4,7,7,4,4,4,7,7,4,7,4,7,7,4,4,7,7,7,7,20000,4,7,7,7,7,7,7,4,4,4,7,7,7,4,4,7,7,7,20000,4,4,7,7,4,7,4,0],
	"response_time":[1.036,0.624,0.757,0.758,0.6899999999999999,0.709,0.468,0.968,0.889,0.923,0.632,20,0.8179999999999999,0.631,0.954,0.772,0.612,0.643,0.876,0.906,0.893,0.8110000000000001,0.958,1.386,0.964,0.662,0.986,1.197,1.015,0.918,1.466,20,0.645,0.663,0.911,0.6830000000000001,0.748,0.611,0.658,0.766,0.596,0.504,0.712,1.079,1.24,0.874,1.233,1.104,1.071,20,0.8159999999999999,0.7,0.5590000000000001,0.666,1.364,1.088,0.79,1.428,0.67,1.238,0.585,0.865,0.647,1.827,0.8149999999999999,0.969,0.646,0.611,0.746,1.588,20,1.054,0.714,0.514,0.487,0.599,0.467,0.786,0.697,1.043,1.061,0.704,0.618,0.879,0.829,0.828,0.6,1.178,0.799,20,0.855,1.052,0.985,0.65,1.345,0.739,1.278,0],
	"stim_file":[
		"func/s059.bmp",
		"func/s057.bmp",
		"func/s057.bmp",
		"func/f058.bmp",
		"func/f058.bmp",
		"func/u061.bmp",
		"func/u061.bmp",
		"func/s053.bmp",
		"func/s051.bmp",
		"func/s051.bmp",
		"func/s059.bmp",
		"func/i999.bmp",
		"func/f062.bmp",
		"func/f062.bmp",
		"func/s062.bmp",
		"func/u056.bmp",
		"func/s054.bmp",
		"func/s053.bmp",
		"func/s052.bmp",
		"func/u057.bmp",
		"func/u057.bmp",
		"func/u064.bmp",
		"func/u064.bmp",
		"func/s062.bmp",
		"func/f050.bmp",
		"func/u056.bmp",
		"func/u049.bmp",
		"func/s054.bmp",
		"func/u060.bmp",
		"func/u060.bmp",
		"func/s052.bmp",
		"func/i999.bmp",
		"func/f049.bmp",
		"func/f049.bmp",
		"func/s063.bmp",
		"func/s063.bmp",
		"func/u050.bmp",
		"func/u050.bmp",
		"func/f050.bmp",
		"func/f056.bmp",
		"func/f056.bmp",
		"func/u049.bmp",
		"func/f053.bmp",
		"func/u054.bmp",
		"func/u054.bmp",
		"func/f063.bmp",
		"func/u055.bmp",
		"func/s049.bmp",
		"func/s049.bmp",
		"func/i999.bmp",
		"func/f059.bmp",
		"func/f053.bmp",
		"func/f054.bmp",
		"func/f054.bmp",
		"func/f051.bmp",
		"func/f051.bmp",
		"func/f063.bmp",
		"func/u058.bmp",
		"func/u055.bmp",
		"func/s064.bmp",
		"func/s050.bmp",
		"func/f059.bmp",
		"func/u062.bmp",
		"func/s055.bmp",
		"func/f052.bmp",
		"func/f052.bmp",
		"func/u058.bmp",
		"func/u051.bmp",
		"func/u051.bmp",
		"func/s064.bmp",
		"func/i999.bmp",
		"func/u052.bmp",
		"func/s050.bmp",
		"func/u059.bmp",
		"func/u062.bmp",
		"func/f055.bmp",
		"func/f055.bmp",
		"func/s055.bmp",
		"func/u053.bmp",
		"func/f060.bmp",
		"func/f060.bmp",
		"func/s061.bmp",
		"func/s061.bmp",
		"func/u052.bmp",
		"func/f057.bmp",
		"func/f057.bmp",
		"func/u059.bmp",
		"func/s056.bmp",
		"func/s056.bmp",
		"func/i999.bmp",
		"func/f064.bmp",
		"func/u053.bmp",
		"func/u063.bmp",
		"func/u063.bmp",
		"func/f061.bmp",
		"func/s058.bmp",
		"func/s060.bmp",
		"func/Circle.bmp"
	]
}
