{
	"onset":[0.12,6.399,13.176,16.799,19.889,25.596,32.816,36.803,41.722,46.802,50.586,53.723,58.816,65.599,70.09099999999999,75.596,79.078,86.282,89.724,92.81,97.60899999999999,100.994,104.421,109.306,114.31,121.204,126.815,130.505,133.722,137.585,141.599,145.7,152.581,157.582,163.998,167.814,172.302,175.403,182.095,188.398,191.411,198.316,201.998,205.888,208.89,212.275,215.613,222.11,225.223,228.892,232.911,235.982,239.389,242.579,249.98,254.2,259.304,262.413,266.697,272.676,277.106,280.582,287.099,294.014,297.3,301.998,307.591,313.317,316.581,321.7,327.51,333.319,336.721,343.085,350.514,353.5,357.086,361.998,366.585,370.686,377.5,384.68,390.014,394.48,398.392,402.579,405.986,410.418,413.998,419.787,425.708,432.203,437.204,441.185,444.613,448.395,455.399,460.012,463.802,468.111],
	"duration":[2,2,2,2,2,2,2,2,2,2,2,2,2,2,2,2,2,2,2,2,2,2,2,2,2,2,2,2,2,2,2,2,2,2,2,2,2,2,2,2,2,2,2,2,2,2,2,2,2,2,2,2,2,2,2,2,2,2,2,2,2,2,2,2,2,2,2,2,2,2,2,2,2,2,2,2,2,2,2,2,2,2,2,2,2,2,2,2,2,2,2,2,2,2,2,2,2,2,2,2],
	"trial_type":[
		"classification-probabilistic",
		"classification-deterministic",
		"classification-deterministic",
		"classification-deterministic",
		"classification-deterministic",
		"classification-deterministic",
		"classification-probabilistic",
		"classification-probabilistic",
		"classification-probabilistic",
		"classification-deterministic",
		"classification-deterministic",
		"classification-deterministic",
		"classification-probabilistic",
		"classification-probabilistic",
		"classification-probabilistic",
		"classification-deterministic",
		"classification-deterministic",
		"classification-probabilistic",
		"classification-deterministic",
		"classification-deterministic",
		"classification-probabilistic",
		"classification-probabilistic",
		"classification-probabilistic",
		"classification-probabilistic",
		"classification-deterministic",
		"classification-deterministic",
		"classification-probabilistic",
		"classification-probabilistic",
		"classification-probabilistic",
		"classification-deterministic",
		"classification-probabilistic",
		"classification-probabilistic",
		"classification-deterministic",
		"classification-probabilistic",
		"classification-probabilistic",
		"classification-deterministic",
		"classification-deterministic",
		"classification-deterministic",
		"classification-probabilistic",
		"classification-probabilistic",
		"classification-deterministic",
		"classification-deterministic",
		"classification-deterministic",
		"classification-probabilistic",
		"classification-probabilistic",
		"classification-probabilistic",
		"classification-deterministic",
		"classification-deterministic",
		"classification-deterministic",
		"classification-probabilistic",
		"classification-deterministic",
		"classification-deterministic",
		"classification-deterministic",
		"classification-probabilistic",
		"classification-probabilistic",
		"classification-probabilistic",
		"classification-probabilistic",
		"classification-probabilistic",
		"classification-deterministic",
		"classification-probabilistic",
		"classification-probabilistic",
		"classification-probabilistic",
		"classification-probabilistic",
		"classification-deterministic",
		"classification-probabilistic",
		"classification-probabilistic",
		"classification-deterministic",
		"classification-deterministic",
		"classification-deterministic",
		"classification-deterministic",
		"classification-probabilistic",
		"classification-probabilistic",
		"classification-probabilistic",
		"classification-deterministic",
		"classification-deterministic",
		"classification-probabilistic",
		"classification-deterministic",
		"classification-deterministic",
		"classification-deterministic",
		"classification-deterministic",
		"classification-probabilistic",
		"classification-probabilistic",
		"classification-deterministic",
		"classification-deterministic",
		"classification-probabilistic",
		"classification-probabilistic",
		"classification-probabilistic",
		"classification-probabilistic",
		"classification-deterministic",
		"classification-deterministic",
		"classification-deterministic",
		"classification-deterministic",
		"classification-probabilistic",
		"classification-probabilistic",
		"classification-probabilistic",
		"classification-probabilistic",
		"classification-deterministic",
		"classification-deterministic",
		"classification-deterministic",
		"classification-deterministic"
	],
	"TrialNum":[1,3,5,7,9,11,13,15,17,19,21,23,25,27,29,31,33,35,37,39,41,43,45,47,49,51,53,55,57,59,61,63,65,67,69,71,73,75,77,79,81,83,85,87,89,91,93,95,97,99,101,103,105,107,109,111,113,115,117,119,121,123,125,127,129,131,133,135,137,139,141,143,145,147,149,151,153,155,157,159,161,163,165,167,169,171,173,175,177,179,181,183,185,187,189,191,193,195,197,199],
	"StimCond":[1,2,2,2,2,2,1,1,1,2,2,2,1,1,1,2,2,1,2,2,1,1,1,1,2,2,1,1,1,2,1,1,2,1,1,2,2,2,1,1,2,2,2,1,1,1,2,2,2,1,2,2,2,1,1,1,1,1,2,1,1,1,1,2,1,1,2,2,2,2,1,1,1,2,2,1,2,2,2,2,1,1,2,2,1,1,1,1,2,2,2,2,1,1,1,1,2,2,2,2],
	"StimulusNum":[10,10,10,11,10,2,3,11,10,13,2,5,3,14,2,1,13,10,10,2,10,10,3,4,1,3,4,5,6,3,14,3,11,11,7,3,13,9,1,6,13,3,7,8,8,5,6,5,7,5,11,12,8,11,4,3,11,13,1,6,10,11,11,6,14,10,2,4,13,3,10,11,10,1,7,5,3,5,2,12,6,5,6,2,9,14,2,11,10,7,13,1,1,12,8,10,10,7,13,9],
	"Response":[
		"R",
		"R",
		"R",
		"L",
		"R",
		"L",
		"L",
		"L",
		"R",
		"R",
		"L",
		"-",
		"L",
		"L",
		"L",
		"L",
		"R",
		"R",
		"R",
		"L",
		"R",
		"R",
		"L",
		"R",
		"L",
		"L",
		"R",
		"L",
		"L",
		"-",
		"L",
		"-",
		"-",
		"L",
		"R",
		"-",
		"R",
		"R",
		"-",
		"L",
		"R",
		"L",
		"R",
		"L",
		"L",
		"L",
		"-",
		"L",
		"R",
		"L",
		"-",
		"R",
		"L",
		"L",
		"R",
		"L",
		"L",
		"R",
		"L",
		"L",
		"R",
		"L",
		"L",
		"L",
		"L",
		"R",
		"L",
		"R",
		"R",
		"L",
		"R",
		"L",
		"R",
		"L",
		"R",
		"L",
		"L",
		"L",
		"L",
		"R",
		"L",
		"L",
		"-",
		"L",
		"-",
		"L",
		"-",
		"-",
		"R",
		"R",
		"R",
		"L",
		"-",
		"-",
		"L",
		"-",
		"R",
		"R",
		"L",
		"R"
	],
	"response_time":[1.064,1.576,1.389,1.216,0.8149999999999999,1.125,1.246,0.98,0.8139999999999999,1.452,1.723,0,1.751,0.9379999999999999,0.829,0.656,2.481,1.064,1.182,0.883,0.671,0.806,1.145,0.874,1.101,2.042,1.084,1.589,0.828,0,0.829,0,0,0.759,1.04,0,1.501,1.159,0,1.593,1.558,1.017,1.377,0.802,0.845,0.891,0,0.854,1.313,2.25,0,0.971,1.078,1.394,1.119,1,0.947,2.214,1.018,0.861,1.313,1.11,0.664,1.101,1.045,1.047,0.795,1.067,1.242,1.02,1.971,1.169,1.852,0.852,2.358,1.103,1.086,1.176,0.847,0.989,1.585,1.097,0,0.731,0,0.777,0,0,0.907,0.778,1.306,0.826,0,0,0.951,0,1.171,0.777,1.629,1.136],
	"Correct":[1,1,1,1,1,1,0,1,1,1,1,-1,0,1,1,0,1,1,1,1,1,1,0,1,0,1,1,1,0,-1,1,-1,-1,1,1,-1,1,0,-1,0,1,1,1,1,1,1,-1,1,1,1,-1,0,1,1,1,0,1,1,0,0,1,1,1,0,1,1,1,1,1,1,1,1,1,0,1,1,1,1,1,0,0,1,-1,1,-1,1,-1,-1,1,1,1,0,-1,-1,1,-1,1,1,0,0]
}
