{
	"onset":[0.224,4.688,9.188000000000001,13.614,18.113,22.678,27.177,31.677,36.187,40.687,45.113,49.588,54.112,58.678,63.177,67.67700000000001,72.11,76.685,81.084,85.58799999999999,90.08799999999999,94.703,99.182,103.677,108.109,112.612,117.088,121.61,126.114,130.69,135.177,139.676,144.113,148.584,153.112,157.688,162.088,166.676,171.177,175.676,180.187,184.612,189.113,193.61,198.087,202.677,207.177,211.678,216.11,220.687,225.113,229.613,234.188,238.677,243.177,247.678,252.113,256.688,261.087,265.688,270.187,274.676,279.178,283.679,288.114,292.688,297.088,301.613,306.11,310.689,315.176,319.676,324.114,328.589,333.087,337.61,342.085,346.676,351.177,355.677],
	"duration":[
		2,
		2,
		2,
		2,
		2,
		"n/a",
		"n/a",
		"n/a",
		2,
		2,
		2,
		2,
		2,
		"n/a",
		"n/a",
		"n/a",
		2,
		2,
		2,
		2,
		2,
		"n/a",
		"n/a",
		"n/a",
		2,
		2,
		2,
		2,
		2,
		"n/a",
		"n/a",
		"n/a",
		2,
		2,
		2,
		2,
		2,
		"n/a",
		"n/a",
		"n/a",
		2,
		2,
		2,
		2,
		2,
		"n/a",
		"n/a",
		"n/a",
		2,
		2,
		2,
		2,
		2,
		"n/a",
		"n/a",
		"n/a",
		2,
		2,
		2,
		2,
		2,
		"n/a",
		"n/a",
		"n/a",
		2,
		2,
		2,
		2,
		2,
		"n/a",
		"n/a",
		"n/a",
		2,
		2,
		2,
		2,
		2,
		"n/a",
		"n/a",
		"n/a"
	],
	"trial_type":[
		"feedback",
		"feedback",
		"feedback",
		"feedback",
		"feedback",
		"n/a",
		"n/a",
		"n/a",
		"feedback",
		"feedback",
		"feedback",
		"feedback",
		"feedback",
		"n/a",
		"n/a",
		"n/a",
		"feedback",
		"feedback",
		"feedback",
		"feedback",
		"feedback",
		"n/a",
		"n/a",
		"n/a",
		"feedback",
		"feedback",
		"feedback",
		"feedback",
		"feedback",
		"n/a",
		"n/a",
		"n/a",
		"feedback",
		"feedback",
		"feedback",
		"feedback",
		"feedback",
		"n/a",
		"n/a",
		"n/a",
		"feedback",
		"feedback",
		"feedback",
		"feedback",
		"feedback",
		"n/a",
		"n/a",
		"n/a",
		"feedback",
		"feedback",
		"feedback",
		"feedback",
		"feedback",
		"n/a",
		"n/a",
		"n/a",
		"feedback",
		"feedback",
		"feedback",
		"feedback",
		"feedback",
		"n/a",
		"n/a",
		"n/a",
		"feedback",
		"feedback",
		"feedback",
		"feedback",
		"feedback",
		"n/a",
		"n/a",
		"n/a",
		"feedback",
		"feedback",
		"feedback",
		"feedback",
		"feedback",
		"n/a",
		"n/a",
		"n/a"
	],
	"feedback":[
		-1.28,
		0.72,
		0.72,
		-1.28,
		0.72,
		"n/a",
		"n/a",
		"n/a",
		0.72,
		0.72,
		0.72,
		-1.28,
		0.72,
		"n/a",
		"n/a",
		"n/a",
		0.72,
		0.72,
		0.72,
		-1.28,
		0.72,
		"n/a",
		"n/a",
		"n/a",
		0.72,
		-1.28,
		-1.28,
		-1.28,
		0.72,
		"n/a",
		"n/a",
		"n/a",
		0.72,
		-1.28,
		0.72,
		-1.28,
		0.72,
		"n/a",
		"n/a",
		"n/a",
		0.72,
		0.72,
		-1.28,
		-1.28,
		0.72,
		"n/a",
		"n/a",
		"n/a",
		-1.28,
		0.72,
		0.72,
		0.72,
		0.72,
		"n/a",
		"n/a",
		"n/a",
		-1.28,
		-1.28,
		0.72,
		0.72,
		0.72,
		"n/a",
		"n/a",
		"n/a",
		-1.28,
		0.72,
		-1.28,
		-1.28,
		0.72,
		"n/a",
		"n/a",
		"n/a",
		0.72,
		0.72,
		-1.28,
		0.72,
		0.72,
		"n/a",
		"n/a",
		"n/a"
	],
	"TrialNum":[1,2,3,4,5,6,7,8,9,10,11,12,13,14,15,16,17,18,19,20,21,22,23,24,25,26,27,28,29,30,31,32,33,34,35,36,37,38,39,40,41,42,43,44,45,46,47,48,49,50,51,52,53,54,55,56,57,58,59,60,61,62,63,64,65,66,67,68,69,70,71,72,73,74,75,76,77,78,79,80],
	"StimCond":[2,2,2,2,2,2,2,2,2,2,2,2,2,2,2,2,2,2,2,2,2,2,2,2,2,2,2,2,2,2,2,2,2,2,2,2,2,2,2,2,2,2,2,2,2,2,2,2,2,2,2,2,2,2,2,2,2,2,2,2,2,2,2,2,2,2,2,2,2,2,2,2,2,2,2,2,2,2,2,2],
	"StimulusNum":[13,12,12,7,7,0,0,0,11,11,10,3,8,0,0,0,7,13,3,2,2,0,0,0,10,6,1,9,10,0,0,0,10,2,8,13,3,0,0,0,11,5,10,6,1,0,0,0,5,11,7,10,13,0,0,0,9,12,3,12,14,0,0,0,7,13,3,7,7,0,0,0,10,4,1,10,3,0,0,0],
	"Response":[
		"L",
		"L",
		"L",
		"L",
		"R",
		"R",
		"R",
		"R",
		"L",
		"L",
		"R",
		"R",
		"L",
		"R",
		"R",
		"R",
		"R",
		"R",
		"L",
		"-",
		"L",
		"R",
		"R",
		"R",
		"R",
		"L",
		"L",
		"R",
		"R",
		"R",
		"-",
		"R",
		"R",
		"-",
		"L",
		"-",
		"L",
		"R",
		"R",
		"R",
		"L",
		"L",
		"-",
		"L",
		"R",
		"R",
		"R",
		"R",
		"-",
		"L",
		"R",
		"R",
		"R",
		"R",
		"R",
		"R",
		"R",
		"R",
		"L",
		"L",
		"L",
		"-",
		"R",
		"R",
		"L",
		"R",
		"-",
		"-",
		"R",
		"R",
		"-",
		"R",
		"R",
		"R",
		"L",
		"R",
		"L",
		"-",
		"R",
		"R"
	],
	"response_time":[1.924,1.999,1.428,1.409,0.927,0.743,0.412,0.433,1.968,1.124,1.407,1.214,1.177,0.736,0.374,0.433,1.263,1.705,1.34,0,0.6919999999999999,0.712,0.33,0.435,1.026,1.361,0.9340000000000001,1.333,1.17,0.695,0,0.365,1.448,0,1.054,0,1.431,0.6870000000000001,0.37,0.551,1.15,1.275,0,0.994,1.481,0.744,0.355,0.471,0,1.161,2.135,0.924,1.43,0.8169999999999999,0.405,0.513,1.128,1.532,1.484,1.396,1.09,0,0.302,0.449,1.07,1.909,0,0,1.706,0.64,0,0.438,1.691,1.192,0.9370000000000001,1.022,0.989,0,0.378,0.367],
	"Correct":[
		0,
		1,
		1,
		0,
		1,
		"-",
		"-",
		"-",
		1,
		1,
		1,
		0,
		1,
		"-",
		"-",
		"-",
		1,
		1,
		1,
		-1,
		1,
		"-",
		"-",
		"-",
		1,
		0,
		0,
		0,
		1,
		"-",
		"-",
		"-",
		1,
		-1,
		1,
		-1,
		1,
		"-",
		"-",
		"-",
		1,
		1,
		-1,
		0,
		1,
		"-",
		"-",
		"-",
		-1,
		1,
		1,
		1,
		1,
		"-",
		"-",
		"-",
		0,
		0,
		1,
		1,
		1,
		"-",
		"-",
		"-",
		0,
		1,
		-1,
		-1,
		1,
		"-",
		"-",
		"-",
		1,
		1,
		0,
		1,
		1,
		"-",
		"-",
		"-"
	],
	"Feedback":[
		"R",
		"L",
		"L",
		"R",
		"R",
		"-",
		"-",
		"-",
		"L",
		"L",
		"R",
		"L",
		"L",
		"-",
		"-",
		"-",
		"R",
		"R",
		"L",
		"L",
		"L",
		"-",
		"-",
		"-",
		"R",
		"R",
		"R",
		"L",
		"R",
		"-",
		"-",
		"-",
		"R",
		"L",
		"L",
		"R",
		"L",
		"-",
		"-",
		"-",
		"L",
		"L",
		"R",
		"R",
		"R",
		"-",
		"-",
		"-",
		"L",
		"L",
		"R",
		"R",
		"R",
		"-",
		"-",
		"-",
		"L",
		"L",
		"L",
		"L",
		"L",
		"-",
		"-",
		"-",
		"R",
		"R",
		"L",
		"R",
		"R",
		"-",
		"-",
		"-",
		"R",
		"R",
		"R",
		"R",
		"L",
		"-",
		"-",
		"-"
	]
}
