{
	"onset":[0.118,5.896,13.206,18.396,25.62,32.481,35.723,40.922,44.183,48.594,51.584,56.678,60.117,65.494,71.18300000000001,75.922,80.60899999999999,84.492,91.206,97.203,101.186,105.912,113.207,116.493,119.701,124.423,131.817,139.483,142.813,146.311,150.316,156.594,159.9,159.95,163.084,167.399,170.384,174.221,180.392,185.595,190.481,194.922,199.187,202.183,208.792,213.38,219.887,223.183,226.72,229.884,235.782,240.817,244.11,247.976,252.481,258.011,261.582,265.721,272.397,275.683,281.698,289.12,293.476,299.206,304.315,307.523,310.81,316.01,322.317,325.217,328.42,332.512,336.613,339.883,344.012,349.284,352.791,358.712,362.382,366.779,372.721,377,379.996,383.697,386.695,391.385,395.81,401.11,405.216,408.394,411.697,416.225,422.105,426.685,431.111,434.613,437.723,443.221,448.984,452.112,456.497],
	"duration":[
		2,
		2,
		2,
		2,
		2,
		2,
		2,
		2,
		2,
		2,
		2,
		2,
		2,
		2,
		2,
		2,
		2,
		2,
		2,
		2,
		2,
		2,
		2,
		2,
		2,
		2,
		2,
		2,
		2,
		2,
		2,
		2,
		2,
		"n/a",
		2,
		2,
		2,
		2,
		2,
		2,
		2,
		2,
		2,
		2,
		2,
		2,
		2,
		2,
		2,
		2,
		2,
		2,
		2,
		2,
		2,
		2,
		2,
		2,
		2,
		2,
		2,
		2,
		2,
		2,
		2,
		2,
		2,
		2,
		2,
		2,
		2,
		2,
		2,
		2,
		2,
		2,
		2,
		2,
		2,
		2,
		2,
		2,
		2,
		2,
		2,
		2,
		2,
		2,
		2,
		2,
		2,
		2,
		2,
		2,
		2,
		2,
		2,
		2,
		2,
		2,
		2
	],
	"trial_type":[
		"classification-probabilistic",
		"classification-deterministic",
		"classification-deterministic",
		"classification-deterministic",
		"classification-probabilistic",
		"classification-probabilistic",
		"classification-probabilistic",
		"classification-deterministic",
		"classification-deterministic",
		"classification-probabilistic",
		"classification-probabilistic",
		"classification-probabilistic",
		"classification-probabilistic",
		"classification-probabilistic",
		"classification-deterministic",
		"classification-deterministic",
		"classification-deterministic",
		"classification-probabilistic",
		"classification-deterministic",
		"classification-deterministic",
		"classification-deterministic",
		"classification-probabilistic",
		"classification-deterministic",
		"classification-probabilistic",
		"classification-probabilistic",
		"classification-probabilistic",
		"classification-deterministic",
		"classification-probabilistic",
		"classification-probabilistic",
		"classification-probabilistic",
		"classification-probabilistic",
		"classification-deterministic",
		"classification-probabilistic",
		"n/a",
		"classification-deterministic",
		"classification-deterministic",
		"classification-deterministic",
		"classification-deterministic",
		"classification-probabilistic",
		"classification-probabilistic",
		"classification-deterministic",
		"classification-deterministic",
		"classification-deterministic",
		"classification-deterministic",
		"classification-probabilistic",
		"classification-probabilistic",
		"classification-deterministic",
		"classification-deterministic",
		"classification-deterministic",
		"classification-deterministic",
		"classification-probabilistic",
		"classification-probabilistic",
		"classification-deterministic",
		"classification-probabilistic",
		"classification-probabilistic",
		"classification-probabilistic",
		"classification-probabilistic",
		"classification-deterministic",
		"classification-deterministic",
		"classification-deterministic",
		"classification-probabilistic",
		"classification-probabilistic",
		"classification-probabilistic",
		"classification-deterministic",
		"classification-deterministic",
		"classification-deterministic",
		"classification-deterministic",
		"classification-probabilistic",
		"classification-probabilistic",
		"classification-probabilistic",
		"classification-probabilistic",
		"classification-deterministic",
		"classification-deterministic",
		"classification-deterministic",
		"classification-deterministic",
		"classification-deterministic",
		"classification-probabilistic",
		"classification-probabilistic",
		"classification-probabilistic",
		"classification-probabilistic",
		"classification-deterministic",
		"classification-deterministic",
		"classification-deterministic",
		"classification-probabilistic",
		"classification-probabilistic",
		"classification-probabilistic",
		"classification-deterministic",
		"classification-deterministic",
		"classification-probabilistic",
		"classification-probabilistic",
		"classification-deterministic",
		"classification-deterministic",
		"classification-probabilistic",
		"classification-probabilistic",
		"classification-probabilistic",
		"classification-deterministic",
		"classification-deterministic",
		"classification-probabilistic",
		"classification-probabilistic",
		"classification-deterministic",
		"classification-deterministic"
	],
	"TrialNum":[
		1,
		3,
		5,
		7,
		9,
		11,
		13,
		15,
		17,
		19,
		21,
		23,
		25,
		27,
		29,
		31,
		33,
		35,
		37,
		39,
		41,
		43,
		45,
		47,
		49,
		51,
		53,
		55,
		57,
		59,
		61,
		63,
		"n/a",
		65,
		67,
		69,
		71,
		73,
		75,
		77,
		79,
		81,
		83,
		85,
		87,
		89,
		91,
		93,
		95,
		97,
		99,
		101,
		103,
		105,
		107,
		109,
		111,
		113,
		115,
		117,
		119,
		121,
		123,
		125,
		127,
		129,
		131,
		133,
		135,
		137,
		139,
		141,
		143,
		145,
		147,
		149,
		151,
		153,
		155,
		157,
		159,
		161,
		163,
		165,
		167,
		169,
		171,
		173,
		175,
		177,
		179,
		181,
		183,
		185,
		187,
		189,
		191,
		193,
		195,
		197,
		199
	],
	"StimCond":[
		1,
		2,
		2,
		2,
		1,
		1,
		1,
		2,
		2,
		1,
		1,
		1,
		1,
		1,
		2,
		2,
		2,
		1,
		2,
		2,
		2,
		1,
		2,
		1,
		1,
		1,
		2,
		1,
		1,
		1,
		1,
		2,
		"n/a",
		1,
		2,
		2,
		2,
		2,
		1,
		1,
		2,
		2,
		2,
		2,
		1,
		1,
		2,
		2,
		2,
		2,
		1,
		1,
		2,
		1,
		1,
		1,
		1,
		2,
		2,
		2,
		1,
		1,
		1,
		2,
		2,
		2,
		2,
		1,
		1,
		1,
		1,
		2,
		2,
		2,
		2,
		2,
		1,
		1,
		1,
		1,
		2,
		2,
		2,
		1,
		1,
		1,
		2,
		2,
		1,
		1,
		2,
		2,
		1,
		1,
		1,
		2,
		2,
		1,
		1,
		2,
		2
	],
	"StimulusNum":[
		10,
		5,
		13,
		10,
		6,
		1,
		8,
		3,
		12,
		14,
		1,
		8,
		5,
		10,
		12,
		2,
		5,
		10,
		4,
		4,
		12,
		14,
		4,
		6,
		2,
		4,
		1,
		13,
		1,
		4,
		11,
		11,
		"n/a",
		1,
		4,
		7,
		7,
		9,
		10,
		11,
		4,
		3,
		13,
		12,
		5,
		6,
		5,
		11,
		8,
		8,
		6,
		11,
		5,
		2,
		13,
		6,
		3,
		5,
		7,
		12,
		4,
		6,
		2,
		1,
		1,
		14,
		4,
		6,
		14,
		10,
		4,
		10,
		8,
		5,
		7,
		5,
		12,
		2,
		10,
		5,
		8,
		6,
		10,
		1,
		3,
		8,
		2,
		9,
		10,
		6,
		4,
		7,
		10,
		11,
		8,
		10,
		10,
		10,
		2,
		10,
		7
	],
	"Response":[
		"R",
		"L",
		"R",
		"R",
		"-",
		"L",
		"L",
		"L",
		"R",
		"L",
		"L",
		"-",
		"-",
		"R",
		"-",
		"L",
		"L",
		"R",
		"-",
		"-",
		"R",
		"L",
		"R",
		"L",
		"L",
		"R",
		"L",
		"R",
		"L",
		"R",
		"L",
		"L",
		"n/a",
		"L",
		"R",
		"-",
		"-",
		"-",
		"R",
		"-",
		"R",
		"L",
		"R",
		"R",
		"L",
		"L",
		"L",
		"L",
		"L",
		"L",
		"L",
		"L",
		"L",
		"L",
		"R",
		"-",
		"-",
		"L",
		"-",
		"R",
		"R",
		"L",
		"L",
		"-",
		"L",
		"L",
		"R",
		"-",
		"L",
		"R",
		"R",
		"R",
		"L",
		"L",
		"-",
		"L",
		"R",
		"L",
		"R",
		"L",
		"L",
		"L",
		"R",
		"L",
		"L",
		"L",
		"L",
		"R",
		"R",
		"-",
		"-",
		"R",
		"R",
		"L",
		"L",
		"R",
		"R",
		"R",
		"L",
		"R",
		"R"
	],