{
	"onset":[4.001,6.001,8.045999999999999,14.046,16.088,20.088,22.128,24.128,26.164,30.164,32.204,36.204,40.244,42.244,44.283,48.283,50.323,52.323,54.361,60.361,62.402,66.402,68.44199999999999,72.44199999999999,74.48099999999999,76.48099999999999,78.51900000000001,84.51900000000001,86.56100000000001,90.56100000000001,92.605,98.605,102.658,104.658,106.699,108.699,112.736,116.736,122.778,128.778,132.824,138.824,140.868,142.868,148.905,150.905,152.947,158.947,160.989,164.989,167.028,173.028,175.07,179.07,181.11,183.11,187.147,189.147,191.186,197.186,199.228,205.228,207.27,213.27,215.312,219.312,223.352,225.352,227.391,229.391,233.429,237.429,239.471,245.471,247.512,251.512,253.552,259.552,261.593,265.593,267.634,269.634,271.671,277.671,279.713,283.713,285.753,291.753,293.794,295.794,297.831,299.831,301.869,305.869,307.908,313.908,315.951,321.951,325.992,329.992,334.034,340.034,344.077,346.077,348.118,352.118,354.157,358.157,360.197,362.197,364.234,366.234],
	"duration":[1,0.5,1,0.5,1,0.5,1,0.5,1,0.5,1,0.5,1,0.5,1,0.5,1,0.5,1,0.5,1,0.5,1,0.5,1,0.5,1,0.5,1,0.5,1,0.5,1,0.5,1,0.5,1,0.5,1,0.5,1,0.5,1,0.5,1,0.5,1,0.5,1,0.5,1,0.5,1,0.5,1,0.5,1,0.5,1,0.5,1,0.5,1,0.5,1,0.5,1,0.5,1,0.5,1,0.5,1,0.5,1,0.5,1,0.5,1,0.5,1,0.5,1,0.5,1,0.5,1,0.5,1,0.5,1,0.5,1,0.5,1,0.5,1,0.5,1,0.5,1,0.5,1,0.5,1,0.5,1,0.5,1,0.5,1,0.5],
	"trial_type":[
		"Valid Other Obj Cue: valid cue where following stimulus was an untested or no response object",
		"Valid Other Obj: stimulus that was an untested or no response object and that followed a valid cue",
		"Valid Miss Cue: valid cue where following object was a subsequent miss",
		"Valid Miss Obj: object that was a subsequent miss and that followed a valid cue",
		"Valid Miss Cue: valid cue where following object was a subsequent miss",
		"Valid Miss Obj: object that was a subsequent miss and that followed a valid cue",
		"Valid Other Greeble Cue: valid cue where following stimulus was an untested or no response greeble",
		"Valid Other Greeble: stimulus that was an untested or no response greeble and that followed a valid cue",
		"Valid Other Obj Cue: valid cue where following stimulus was an untested or no response object",
		"Valid Other Obj: stimulus that was an untested or no response object and that followed a valid cue",
		"Valid Miss Cue: valid cue where following object was a subsequent miss",
		"Valid Miss Obj: object that was a subsequent miss and that followed a valid cue",
		"Invalid HC-Hit Cue: invalid cue where following object was a subsequent high confidence hit",
		"Invalid HC-Hit Obj: object that was a subsequent high confidence hit and that followed an invalid cue",
		"Valid Other Obj Cue: valid cue where following stimulus was an untested or no response object",
		"Valid Other Obj: stimulus that was an untested or no response object and that followed a valid cue",
		"Valid Other Greeble Cue: valid cue where following stimulus was an untested or no response greeble",
		"Valid Other Greeble: stimulus that was an untested or no response greeble and that followed a valid cue",
		"Valid Other Greeble Cue: valid cue where following stimulus was an untested or no response greeble",
		"Valid Other Greeble: stimulus that was an untested or no response greeble and that followed a valid cue",
		"Valid HC-Hit Cue: valid cue where following object was a subsequent high confidence hit",
		"Valid HC-Hit Obj: object that was a subsequent high confidence hit and that followed a valid cue",
		"Invalid Miss Cue: invalid cue where following object was a subsequent miss",
		"Invalid Miss Obj: object that was a subsequent miss and that followed an invalid cue",
		"Valid Other Greeble Cue: valid cue where following stimulus was an untested or no response greeble",
		"Valid Other Greeble: stimulus that was an untested or no response greeble and that followed a valid cue",
		"Valid HC-Hit Cue: valid cue where following object was a subsequent high confidence hit",
		"Valid HC-Hit Obj: object that was a subsequent high confidence hit and that followed a valid cue",
		"Valid Other Greeble Cue: valid cue where following stimulus was an untested or no response greeble",
		"Valid Other Greeble: stimulus that was an untested or no response greeble and that followed a valid cue",
		"Invalid Other Greeble Cue: invalid cue where following stimulus was an untested or no response greeble",
		"Invalid Other Greeble: stimulus that was an untested or no response greeble and that followed a invalid cue",
		"Valid Miss Cue: valid cue where following object was a subsequent miss",
		"Valid Miss Obj: object that was a subsequent miss and that followed a valid cue",
		"Valid Miss Cue: valid cue where following object was a subsequent miss",
		"Valid Miss Obj: object that was a subsequent miss and that followed a valid cue",
		"Valid Miss Cue: valid cue where following object was a subsequent miss",
		"Valid Miss Obj: object that was a subsequent miss and that followed a valid cue",
		"Invalid LC-Hit Cue: invalid cue where following object was a subsequent low confidence hit",
		"Invalid LC-Hit Obj: object that was a subsequent low confidence hit and that followed an invalid cue",
		"Valid Other Greeble Cue: valid cue where following stimulus was an untested or no response greeble",
		"Valid Other Greeble: stimulus that was an untested or no response greeble and that followed a valid cue",
		"Invalid Miss Cue: invalid cue where following object was a subsequent miss",
		"Invalid Miss Obj: object that was a subsequent miss and that followed an invalid cue",
		"Valid Other Greeble Cue: valid cue where following stimulus was an untested or no response greeble",
		"Valid Other Greeble: stimulus that was an untested or no response greeble and that followed a valid cue",
		"Valid Miss Cue: valid cue where following object was a subsequent miss",
		"Valid Miss Obj: object that was a subsequent miss and that followed a valid cue",
		"Valid Miss Cue: valid cue where following object was a subsequent miss",
		"Valid Miss Obj: object that was a subsequent miss and that followed a valid cue",
		"Valid Other Greeble Cue: valid cue where following stimulus was an untested or no response greeble",
		"Valid Other Greeble: stimulus that was an untested or no response greeble and that followed a valid cue",
		"Valid LC-Hit Cue: valid cue where following object was a subsequent low confidence hit",
		"Valid LC-Hit Obj: object that was a subsequent low confidence hit and that followed a valid cue",
		"Invalid LC-Hit Cue: invalid cue where following object was a subsequent low confidence hit",
		"Invalid LC-Hit Obj: object that was a subsequent low confidence hit and that followed an invalid cue",
		"Valid Miss Cue: valid cue where following object was a subsequent miss",
		"Valid Miss Obj: object that was a subsequent miss and that followed a valid cue",
		"Valid Other Greeble Cue: valid cue where following stimulus was an untested or no response greeble",
		"Valid Other Greeble: stimulus that was an untested or no response greeble and that followed a valid cue",
		"Valid HC-Hit Cue: valid cue where following object was a subsequent high confidence hit",
		"Valid HC-Hit Obj: object that was a subsequent high confidence hit and that followed a valid cue",
		"Valid Other Greeble Cue: valid cue where following stimulus was an untested or no response greeble",
		"Valid Other Greeble: stimulus that was an untested or no response greeble and that followed a valid cue",
		"Invalid Miss Cue: invalid cue where following object was a subsequent miss",
		"Invalid Miss Obj: object that was a subsequent miss and that followed an invalid cue",
		"Valid Miss Cue: valid cue where following object was a subsequent miss",
		"Valid Miss Obj: object that was a subsequent miss and that followed a valid cue",
		"Valid Miss Cue: valid cue where following object was a subsequent miss",
		"Valid Miss Obj: object that was a subsequent miss and that followed a valid cue",
