{
	"onset":[0,3.174,6.264,9.288,12.545,15.652,18.775,21.967,25.256,28.28,30.852,51.314,54.354,57.578,60.651,63.775,66.798,70.039,73.196,76.40300000000001,79.593,82.717,85.79000000000001,88.964,92.13800000000001,95.462,98.485,101.692,104.849,108.089,110.729,131.324,134.464,137.805,140.979,144.037,147.243,150.316,153.59,156.881,160.005,163.312,166.502,169.509,172.816,176.056,179.213,182.521,185.828,188.467,208.979,212.17,215.427,218.668,221.741,224.747,228.038,231.145,234.386,237.426,240.649,243.856,247.03,250.271,253.344,256.451,259.658,262.832,266.189,269.346,271.902,292.347,295.504,298.694,301.935,305.058,308.266,311.473,314.596,317.77,321.027,324.067,327.274,330.481,333.638,336.896,340.203,343.31,346.467,349.625,352.213,372.775,375.932,379.122,382.229,385.353,388.644,391.45],
	"duration":[0.838,0.819,0.835,0.9,0.9330000000000001,0.821,0.955,0.931,0.84,0.826,20,0.83,0.864,0.862,0.905,0.824,0.9429999999999999,0.969,0.876,0.876,0.95,0.8,0.839,0.821,0.964,0.85,0.991,0.823,0.91,0.892,20,0.821,0.988,0.868,0.878,0.855,0.839,0.948,0.999,0.832,0.963,0.972,0.8100000000000001,0.979,0.919,0.901,0.985,0.974,0.888,20,0.987,0.973,0.965,0.877,0.824,0.957,0.856,0.926,0.852,0.958,0.958,0.856,0.9399999999999999,0.871,0.823,0.877,0.969,0.999,0.864,0.8179999999999999,20,0.92,0.919,0.918,0.8110000000000001,0.976,0.916,0.9409999999999999,0.886,0.905,0.85,0.916,0.962,0.853,0.998,0.96,0.8139999999999999,0.845,0.894,0.839,20,0.873,0.998,0.859,0.895,0.982,0.999,0.012],
	"circle_duration":[0.426,0.556,0.404,0.434,0.589,0.414,0.525,0.468,0.598,0.409,20,0.425,0.44,0.595,0.437,0.439,0.418,0.527,0.423,0.5649999999999999,0.535,0.405,0.503,0.5600000000000001,0.58,0.588,0.402,0.437,0.5639999999999999,0.555,20,0.554,0.542,0.572,0.55,0.418,0.576,0.465,0.552,0.527,0.534,0.57,0.437,0.429,0.5590000000000001,0.556,0.495,0.5600000000000001,0.5629999999999999,20,0.483,0.425,0.508,0.517,0.425,0.413,0.489,0.472,0.551,0.421,0.486,0.476,0.539,0.534,0.418,0.502,0.5590000000000001,0.435,0.6,0.522,20,0.403,0.466,0.508,0.5610000000000001,0.542,0.457,0.522,0.416,0.532,0.57,0.427,0.527,0.479,0.538,0.489,0.581,0.519,0.551,0.501,20,0.526,0.517,0.421,0.468,0.455,0.551,0],
	"stim_type":[
		"SCRAMBLED",
		"SCRAMBLED",
		"FAMOUS",
		"UNFAMILIAR",
		"UNFAMILIAR",
		"UNFAMILIAR",
		"UNFAMILIAR",
		"SCRAMBLED",
		"UNFAMILIAR",
		"UNFAMILIAR",
		"n/a",
		"FAMOUS",
		"FAMOUS",
		"UNFAMILIAR",
		"UNFAMILIAR",
		"SCRAMBLED",
		"UNFAMILIAR",
		"SCRAMBLED",
		"FAMOUS",
		"FAMOUS",
		"SCRAMBLED",
		"FAMOUS",
		"UNFAMILIAR",
		"UNFAMILIAR",
		"SCRAMBLED",
		"SCRAMBLED",
		"SCRAMBLED",
		"UNFAMILIAR",
		"UNFAMILIAR",
		"UNFAMILIAR",
		"n/a",
		"UNFAMILIAR",
		"SCRAMBLED",
		"SCRAMBLED",
		"SCRAMBLED",
		"SCRAMBLED",
		"SCRAMBLED",
		"SCRAMBLED",
		"FAMOUS",
		"SCRAMBLED",
		"FAMOUS",
		"FAMOUS",
		"UNFAMILIAR",
		"FAMOUS",
		"FAMOUS",
		"UNFAMILIAR",
		"UNFAMILIAR",
		"SCRAMBLED",
		"FAMOUS",
		"n/a",
		"SCRAMBLED",
		"SCRAMBLED",
		"FAMOUS",
		"FAMOUS",
		"FAMOUS",
		"FAMOUS",
		"FAMOUS",
		"SCRAMBLED",
		"SCRAMBLED",
		"SCRAMBLED",
		"SCRAMBLED",
		"UNFAMILIAR",
		"UNFAMILIAR",
		"UNFAMILIAR",
		"FAMOUS",
		"FAMOUS",
		"FAMOUS",
		"FAMOUS",
		"SCRAMBLED",
		"SCRAMBLED",
		"n/a",
		"UNFAMILIAR",
		"UNFAMILIAR",
		"UNFAMILIAR",
		"FAMOUS",
		"UNFAMILIAR",
		"UNFAMILIAR",
		"FAMOUS",
		"UNFAMILIAR",
		"UNFAMILIAR",
		"SCRAMBLED",
		"SCRAMBLED",
		"SCRAMBLED",
		"FAMOUS",
		"FAMOUS",
		"UNFAMILIAR",
		"UNFAMILIAR",
		"FAMOUS",
		"FAMOUS",
		"SCRAMBLED",
		"n/a",
		"FAMOUS",
		"SCRAMBLED",
		"UNFAMILIAR",
		"UNFAMILIAR",
		"FAMOUS",
		"FAMOUS",
		"n/a"
	],
	"trigger":[17,18,5,13,14,13,14,17,13,14,999,5,7,13,14,17,13,19,5,6,17,7,13,14,17,19,17,15,13,14,999,13,19,17,18,17,18,19,5,19,5,5,15,5,6,13,14,17,7,999,17,18,7,5,6,7,5,17,17,18,19,13,13,14,5,7,5,6,19,17,999,13,14,15,5,13,14,7,13,14,17,18,19,5,6,13,14,7,5,17,999,5,17,13,14,5,7,999],
	"button_pushed":[
		7,
		7,
		4,
		4,
		4,
		4,
		4,
		7,
		7,
		7,
		20000,
		7,
		4,
		4,
		4,
		7,
		7,
		7,
		7,
		7,
		7,
		7,
		7,
		7,
		7,
		7,
		"n/a",
		4,
		"n/a",
		4,
		20000,
		7,
		4,
		7,
		7,
		4,
		4,
		7,
		4,
		7,
		4,
		4,
		4,
		4,
		4,
		4,
		4,
		4,
		4,
		20000,
		7,
		7,
		4,
		7,
		7,
		7,
		4,
		7,
		7,
		7,
		4,
		4,
		7,
		4,
		7,
		7,
		7,
		7,
		7,
		7,
		20000,
		4,
		4,
		7,
		7,
		7,
		7,
		7,
		4,
		4,
		4,
		4,
		4,
		7,
		7,
		4,
		4,
		4,
		7,
		4,
		20000,
		4,
		7,
		4,
		4,
		4,
		7,
		0
	],
	"response_time":[1.537,1.191,2.033,1.442,1.149,1.337,0.969,2.265,1.818,1.31,20,1.37,1.159,1.34,0.63,0.991,1.581,1.314,1.095,0.5590000000000001,1.392,0.996,1.323,1.695,2.161,1.826,0,2.024,0,1.562,20,1.21,1.546,0.714,0.694,1.574,0.839,1.311,1.969,1.234,1.069,1.036,1.641,0.952,0.953,1.408,0.864,1.923,1.725,20,1.338,0.778,0.781,1.422,1.037,1.61,1.029,1.244,1.264,0.702,1.223,1.785,0.95,2.286,1.303,2.075,1.176,0.929,1.143,1.108,20,1.104,0.824,1.331,0.861,1.067,0.768,1.079,1.136,0.617,1.274,0.645,1.541,1.525,1.285,1.038,0.8139999999999999,2.128,1.127,1.902,20,1.368,1.145,0.915,0.864,0.9350000000000001,1.304,0],
	"stim_file":[
		"func/s141.bmp",
		"func/s141.bmp",
		"func/f146.bmp",
		"func/u138.bmp",
		"func/u138.bmp",
		"func/u145.bmp",
		"func/u145.bmp",
		"func/s132.bmp",
		"func/u131.bmp",
		"func/u131.bmp",
		"func/i999.bmp",
		"func/f137.bmp",
		"func/f146.bmp",
		"func/u141.bmp",
		"func/u141.bmp",
		"func/s131.bmp",
		"func/u136.bmp",
		"func/s132.bmp",
		"func/f143.bmp",
		"func/f143.bmp",
		"func/s133.bmp",
		"func/f137.bmp",
		"func/u144.bmp",
		"func/u144.bmp",
		"func/s144.bmp",
		"func/s131.bmp",
		"func/s142.bmp",
		"func/u136.bmp",
		"func/u139.bmp",
		"func/u139.bmp",
		"func/i999.bmp",
		"func/u140.bmp",
		"func/s133.bmp",
		"func/s139.bmp",
		"func/s139.bmp",
		"func/s134.bmp",
		"func/s134.bmp",
		"func/s144.bmp",
		"func/f145.bmp",
		"func/s142.bmp",
		"func/f131.bmp",
		"func/f133.bmp",
		"func/u140.bmp",
		"func/f141.bmp",
		"func/f141.bmp",
		"func/u146.bmp",
		"func/u146.bmp",
		"func/s143.bmp",
		"func/f145.bmp",
		"func/i999.bmp",
		"func/s137.bmp",
		"func/s137.bmp",
		"func/f131.bmp",
		"func/f138.bmp",
		"func/f138.bmp",
		"func/f133.bmp",
		"func/f144.bmp",
		"func/s146.bmp",
		"func/s145.bmp",
		"func/s145.bmp",
		"func/s143.bmp",
		"func/u143.bmp",
		"func/u134.bmp",
		"func/u134.bmp",
		"func/f135.bmp",
		"func/f144.bmp",
		"func/f132.bmp",
		"func/f132.bmp",
		"func/s146.bmp",
		"func/s136.bmp",
		"func/i999.bmp",
		"func/u137.bmp",
		"func/u137.bmp",
		"func/u143.bmp",
		"func/f136.bmp",
		"func/u133.bmp",
		"func/u133.bmp",
		"func/f135.bmp",
		"func/u132.bmp",
		"func/u132.bmp",
		"func/s140.bmp",
		"func/s140.bmp",
		"func/s136.bmp",
		"func/f134.bmp",
		"func/f134.bmp",
		"func/u142.bmp",
		"func/u142.bmp",
		"func/f136.bmp",
		"func/f139.bmp",
		"func/s138.bmp",
		"func/i999.bmp",
		"func/f140.bmp",
		"func/s135.bmp",
		"func/u135.bmp",
		"func/u135.bmp",
		"func/f142.bmp",
		"func/f139.bmp",
		"func/Circle.bmp"
	]
}
