{
	"onset":[0,3.107,6.414,9.688000000000001,12.762,15.919,19.109,22.249,25.423,28.631,31.253,51.798,54.988,57.995,61.003,64.209,67.416,70.556,73.78,76.904,79.944,82.934,85.98999999999999,88.998,92.104,95.31100000000001,98.45099999999999,101.658,104.949,107.922,110.628,131.207,134.499,137.772,140.995,144.202,147.293,150.416,153.641,156.931,160.021,163.178,166.502,169.559,172.849,176.023,179.146,182.186,185.41,188.5,191.206,211.702,214.909,218.116,221.306,224.53,227.888,231.179,234.435,237.475,240.683,243.806,247.013,250.17,253.21,256.217,259.474,262.664,265.872,269.062,271.684,292.297,295.353,298.36,301.701,304.841,308.048,311.138,314.362,317.636,320.943,324.067,327.124,330.348,333.388,336.712,339.802,343.026,346.333,349.507,352.63,355.37,375.848,378.872,381.912,385.069,388.092,391.232,394.473,397.112],
	"duration":[0.931,0.968,0.997,0.8169999999999999,0.956,0.913,0.929,0.877,0.884,0.87,20,0.865,0.834,0.843,0.955,0.992,0.843,0.877,0.95,0.8,0.819,0.8110000000000001,0.8179999999999999,0.829,0.946,0.888,0.901,0.997,0.8,0.955,20,0.9399999999999999,0.913,0.967,0.9370000000000001,0.805,0.844,0.914,0.974,0.8070000000000001,0.91,0.954,0.855,0.926,0.906,0.8169999999999999,0.853,0.914,0.8120000000000001,0.96,20,0.908,0.929,0.861,0.96,0.958,0.997,0.976,0.827,0.87,0.84,0.881,0.945,0.8120000000000001,0.8,0.999,0.9340000000000001,0.837,0.86,0.875,20,0.8149999999999999,0.8080000000000001,0.976,0.819,0.924,0.804,0.878,0.9419999999999999,0.948,0.919,0.834,0.953,0.832,0.97,0.8080000000000001,0.927,0.988,0.984,0.945,0.994,20,0.8149999999999999,0.8179999999999999,0.911,0.848,0.8159999999999999,0.976,0.859,0.012],
	"circle_duration":[0.521,0.403,0.475,0.504,0.491,0.426,0.512,0.442,0.519,0.5679999999999999,20,0.509,0.5649999999999999,0.404,0.401,0.473,0.437,0.531,0.569,0.416,0.476,0.407,0.469,0.434,0.51,0.496,0.474,0.55,0.52,0.412,20,0.543,0.585,0.597,0.49,0.491,0.506,0.514,0.551,0.549,0.515,0.479,0.587,0.428,0.59,0.497,0.544,0.423,0.539,0.507,20,0.462,0.533,0.507,0.556,0.492,0.569,0.534,0.507,0.44,0.576,0.506,0.554,0.437,0.459,0.443,0.498,0.495,0.589,0.556,20,0.58,0.473,0.425,0.595,0.556,0.507,0.502,0.581,0.5659999999999999,0.589,0.436,0.463,0.503,0.436,0.599,0.516,0.529,0.539,0.43,0.403,20,0.447,0.435,0.46,0.475,0.414,0.5580000000000001,0.485,0],
	"stim_type":[
		"UNFAMILIAR",
		"UNFAMILIAR",
		"SCRAMBLED",
		"SCRAMBLED",
		"FAMOUS",
		"SCRAMBLED",
		"SCRAMBLED",
		"FAMOUS",
		"SCRAMBLED",
		"SCRAMBLED",
		"n/a",
		"UNFAMILIAR",
		"UNFAMILIAR",
		"UNFAMILIAR",
		"FAMOUS",
		"UNFAMILIAR",
		"SCRAMBLED",
		"SCRAMBLED",
		"FAMOUS",
		"FAMOUS",
		"FAMOUS",
		"UNFAMILIAR",
		"FAMOUS",
		"FAMOUS",
		"UNFAMILIAR",
		"UNFAMILIAR",
		"UNFAMILIAR",
		"UNFAMILIAR",
		"UNFAMILIAR",
		"FAMOUS",
		"n/a",
		"SCRAMBLED",
		"FAMOUS",
		"FAMOUS",
		"FAMOUS",
		"FAMOUS",
		"SCRAMBLED",
		"FAMOUS",
		"SCRAMBLED",
		"SCRAMBLED",
		"FAMOUS",
		"UNFAMILIAR",
		"UNFAMILIAR",
		"SCRAMBLED",
		"UNFAMILIAR",
		"UNFAMILIAR",
		"FAMOUS",
		"FAMOUS",
		"SCRAMBLED",
		"FAMOUS",
		"n/a",
		"UNFAMILIAR",
		"FAMOUS",
		"FAMOUS",
		"SCRAMBLED",
		"SCRAMBLED",
		"SCRAMBLED",
		"SCRAMBLED",
		"FAMOUS",
		"SCRAMBLED",
		"SCRAMBLED",
		"UNFAMILIAR",
		"SCRAMBLED",
		"SCRAMBLED",
		"FAMOUS",
		"UNFAMILIAR",
		"UNFAMILIAR",
		"SCRAMBLED",
		"SCRAMBLED",
		"SCRAMBLED",
		"n/a",
		"SCRAMBLED",
		"UNFAMILIAR",
		"UNFAMILIAR",
		"UNFAMILIAR",
		"FAMOUS",
		"FAMOUS",
		"SCRAMBLED",
		"FAMOUS",
		"SCRAMBLED",
		"SCRAMBLED",
		"SCRAMBLED",
		"UNFAMILIAR",
		"UNFAMILIAR",
		"UNFAMILIAR",
		"FAMOUS",
		"FAMOUS",
		"FAMOUS",
		"UNFAMILIAR",
		"UNFAMILIAR",
		"FAMOUS",
		"n/a",
		"SCRAMBLED",
		"SCRAMBLED",
		"FAMOUS",
		"UNFAMILIAR",
		"UNFAMILIAR",
		"UNFAMILIAR",
		"FAMOUS",
		"n/a"
	],
	"trigger":[13,14,17,18,5,17,18,5,17,18,999,13,13,14,7,13,17,18,7,5,5,15,5,5,15,13,14,13,14,7,999,17,7,5,6,7,17,7,17,18,5,13,14,19,13,14,5,6,19,5,999,13,7,5,17,17,17,18,7,17,18,15,17,18,7,13,14,19,17,19,999,17,13,13,14,5,5,19,5,19,17,18,15,13,14,5,6,7,13,14,7,999,17,18,7,13,14,13,5,999],
	"button_pushed":[
		4,
		4,
		4,
		4,
		4,
		4,
		4,
		4,
		4,
		4,
		20000,
		7,
		4,
		4,
		4,
		4,
		4,
		4,
		4,
		4,
		7,
		7,
		7,
		4,
		4,
		7,
		7,
		4,
		4,
		4,
		20000,
		4,
		7,
		4,
		4,
		7,
		4,
		4,
		"n/a",
		4,
		4,
		4,
		4,
		4,
		4,
		4,
		4,
		4,
		7,
		7,
		20000,
		7,
		7,
		7,
		7,
		7,
		7,
		7,
		4,
		4,
		4,
		"n/a",
		4,
		4,
		7,
		7,
		7,
		7,
		7,
		7,
		20000,
		7,
		4,
		4,
		4,
		4,
		7,
		7,
		7,
		7,
		7,
		7,
		4,
		4,
		4,
		4,
		4,
		4,
		4,
		4,
		7,
		20000,
		7,
		7,
		4,
		7,
		7,
		7,
		4,
		0
	],
	"response_time":[1.095,0.948,1.266,0.865,1.575,1.341,0.97,1.128,1.312,0.944,20,1.05,1.01,0.697,1.92,1.095,1.261,0.886,1.081,2.399,1.591,1.097,1.235,1.537,1.14,0.919,0.881,0.855,1.8,1.286,20,1.477,1.599,1.637,0.878,1.579,1.232,1.855,0,1.239,1.002,1.265,1.031,1.455,0.967,0.859,1.077,0.8070000000000001,1.339,1.373,20,2.226,1.921,1.242,1.134,0.896,1.077,1.038,1.451,0.989,1.36,0,2.276,1.733,0.666,1.107,0.969,1.3,0.92,1,20,1.419,1.473,1.04,1.287,1.289,0.951,0.947,1.73,1.48,1.235,1.068,1.139,0.985,0.906,1.147,0.98,0.961,0.926,0.834,0.68,20,1.636,1.561,1.231,1.247,0.753,1.178,1.231,0],
	"stim_file":[
		"func/u127.bmp",
		"func/u127.bmp",
		"func/s116.bmp",
		"func/s116.bmp",
		"func/f126.bmp",
		"func/s125.bmp",
		"func/s125.bmp",
		"func/f130.bmp",
		"func/s120.bmp",
		"func/s120.bmp",
		"func/i999.bmp",
		"func/u114.bmp",
		"func/u120.bmp",
		"func/u120.bmp",
		"func/f126.bmp",
		"func/u129.bmp",
		"func/s122.bmp",
		"func/s122.bmp",
		"func/f130.bmp",
		"func/f120.bmp",
		"func/f115.bmp",
		"func/u114.bmp",
		"func/f114.bmp",
		"func/f116.bmp",
		"func/u129.bmp",
		"func/u115.bmp",
		"func/u115.bmp",
		"func/u118.bmp",
		"func/u118.bmp",
		"func/f120.bmp",
		"func/i999.bmp",
		"func/s124.bmp",
		"func/f115.bmp",
		"func/f124.bmp",
		"func/f124.bmp",
		"func/f114.bmp",
		"func/s127.bmp",
		"func/f116.bmp",
		"func/s118.bmp",
		"func/s118.bmp",
		"func/f125.bmp",
		"func/u123.bmp",
		"func/u123.bmp",
		"func/s124.bmp",
		"func/u122.bmp",
		"func/u122.bmp",
		"func/f122.bmp",
		"func/f122.bmp",
		"func/s127.bmp",
		"func/f128.bmp",
		"func/i999.bmp",
		"func/u121.bmp",
		"func/f125.bmp",
		"func/f129.bmp",
		"func/s128.bmp",
		"func/s115.bmp",
		"func/s114.bmp",
		"func/s114.bmp",
		"func/f128.bmp",
		"func/s130.bmp",
		"func/s130.bmp",
		"func/u121.bmp",
		"func/s119.bmp",
		"func/s119.bmp",
		"func/f129.bmp",
		"func/u126.bmp",
		"func/u126.bmp",
		"func/s128.bmp",
		"func/s123.bmp",
		"func/s115.bmp",
		"func/i999.bmp",
		"func/s121.bmp",
		"func/u124.bmp",
		"func/u125.bmp",
		"func/u125.bmp",
		"func/f127.bmp",
		"func/f123.bmp",
		"func/s123.bmp",
		"func/f118.bmp",
		"func/s121.bmp",
		"func/s129.bmp",
		"func/s129.bmp",
		"func/u124.bmp",
		"func/u128.bmp",
		"func/u128.bmp",
		"func/f119.bmp",
		"func/f119.bmp",
		"func/f127.bmp",
		"func/u119.bmp",
		"func/u119.bmp",
		"func/f123.bmp",
		"func/i999.bmp",
		"func/s126.bmp",
		"func/s126.bmp",
		"func/f118.bmp",
		"func/u130.bmp",
		"func/u130.bmp",
		"func/u116.bmp",
		"func/f121.bmp",
		"func/Circle.bmp"
	]
}
