{
	"onset":[0,3.24,6.498,9.538,12.644,16.002,19.309,22.483,25.774,28.947,32.004,34.643,55.088,58.245,61.553,64.60899999999999,67.65000000000001,70.857,73.947,76.953,80.161,83.20099999999999,86.408,89.598,92.855,95.96299999999999,99.15300000000001,102.31,105.4,107.989,128.484,131.558,134.681,137.972,141.045,144.353,147.409,150.533,153.74,156.981,160.138,163.411,166.619,169.792,172.999,176.089,179.246,182.42,185.644,188.901,191.473,211.986,215.159,218.233,221.54,224.68,227.938,231.061,234.151,237.309,240.465,243.69,246.963,250.103,253.327,256.451,259.608,262.832,265.988,268.678,289.19,292.347,295.52,298.611,301.868,305.125,308.299,311.372,314.646,317.937,321.16,324.184,327.257,330.297,333.571,336.645,339.768,342.759,346.049,348.755,369.233,372.407,375.598,378.754,381.861,384.952,388.008,391.266,394.506,397.128],
	"duration":[0.983,0.971,0.832,0.898,0.993,0.952,0.915,0.946,0.998,0.83,0.898,20,0.97,0.955,0.848,0.844,0.888,0.855,0.8100000000000001,0.9320000000000001,0.851,0.989,0.835,0.973,0.859,0.906,0.967,0.843,0.84,20,0.855,0.95,0.927,0.822,0.9370000000000001,0.87,0.917,0.917,0.984,0.97,0.969,0.895,0.871,0.887,0.82,0.83,0.9370000000000001,0.9350000000000001,0.972,0.833,20,0.93,0.832,0.957,0.951,0.901,0.821,0.861,0.876,0.857,0.926,0.95,0.9379999999999999,0.968,0.855,0.986,0.968,0.951,0.953,20,0.925,0.842,0.8129999999999999,0.986,0.957,0.851,0.801,0.9409999999999999,0.95,0.876,0.822,0.842,0.85,0.927,0.9,0.916,0.801,0.9409999999999999,0.968,20,0.946,0.89,0.949,0.867,0.853,0.825,0.931,0.977,0.852,0.012],
	"circle_duration":[0.492,0.488,0.409,0.441,0.445,0.585,0.591,0.5,0.584,0.415,0.453,20,0.415,0.426,0.57,0.445,0.425,0.542,0.463,0.42,0.504,0.433,0.448,0.589,0.511,0.484,0.516,0.429,0.472,20,0.457,0.437,0.408,0.588,0.471,0.599,0.428,0.441,0.531,0.49,0.434,0.545,0.55,0.525,0.54,0.492,0.5620000000000001,0.455,0.52,0.502,20,0.482,0.48,0.476,0.583,0.426,0.514,0.525,0.458,0.518,0.533,0.534,0.5629999999999999,0.431,0.486,0.496,0.415,0.501,0.446,20,0.483,0.463,0.556,0.514,0.511,0.524,0.552,0.515,0.552,0.578,0.571,0.422,0.458,0.431,0.569,0.405,0.444,0.434,0.572,20,0.443,0.456,0.531,0.447,0.478,0.475,0.464,0.552,0.491,0],
	"stim_type":[
		"SCRAMBLED",
		"SCRAMBLED",
		"SCRAMBLED",
		"FAMOUS",
		"FAMOUS",
		"FAMOUS",
		"SCRAMBLED",
		"SCRAMBLED",
		"SCRAMBLED",
		"SCRAMBLED",
		"SCRAMBLED",
		"n/a",
		"UNFAMILIAR",
		"UNFAMILIAR",
		"UNFAMILIAR",
		"FAMOUS",
		"FAMOUS",
		"FAMOUS",
		"FAMOUS",
		"UNFAMILIAR",
		"UNFAMILIAR",
		"UNFAMILIAR",
		"UNFAMILIAR",
		"UNFAMILIAR",
		"SCRAMBLED",
		"FAMOUS",
		"SCRAMBLED",
		"SCRAMBLED",
		"SCRAMBLED",
		"n/a",
		"FAMOUS",
		"UNFAMILIAR",
		"UNFAMILIAR",
		"UNFAMILIAR",
		"FAMOUS",
		"FAMOUS",
		"SCRAMBLED",
		"UNFAMILIAR",
		"UNFAMILIAR",
		"FAMOUS",
		"FAMOUS",
		"SCRAMBLED",
		"FAMOUS",
		"FAMOUS",
		"UNFAMILIAR",
		"UNFAMILIAR",
		"FAMOUS",
		"FAMOUS",
		"SCRAMBLED",
		"SCRAMBLED",
		"n/a",
		"FAMOUS",
		"FAMOUS",
		"UNFAMILIAR",
		"FAMOUS",
		"FAMOUS",
		"FAMOUS",
		"UNFAMILIAR",
		"SCRAMBLED",
		"SCRAMBLED",
		"UNFAMILIAR",
		"UNFAMILIAR",
		"SCRAMBLED",
		"UNFAMILIAR",
		"FAMOUS",
		"SCRAMBLED",
		"SCRAMBLED",
		"UNFAMILIAR",
		"SCRAMBLED",
		"n/a",
		"FAMOUS",
		"FAMOUS",
		"FAMOUS",
		"FAMOUS",
		"SCRAMBLED",
		"UNFAMILIAR",
		"FAMOUS",
		"SCRAMBLED",
		"SCRAMBLED",
		"SCRAMBLED",
		"UNFAMILIAR",
		"UNFAMILIAR",
		"SCRAMBLED",
		"SCRAMBLED",
		"SCRAMBLED",
		"UNFAMILIAR",
		"UNFAMILIAR",
		"UNFAMILIAR",
		"SCRAMBLED",
		"n/a",
		"FAMOUS",
		"FAMOUS",
		"UNFAMILIAR",
		"FAMOUS",
		"FAMOUS",
		"SCRAMBLED",
		"UNFAMILIAR",
		"UNFAMILIAR",
		"UNFAMILIAR",
		"n/a"
	],
	"trigger":[17,17,18,5,6,5,17,18,17,18,19,999,13,13,14,5,7,5,6,13,14,13,15,13,17,7,17,18,17,999,5,15,13,15,5,6,19,13,14,5,6,19,5,7,13,15,5,6,17,18,999,5,6,13,7,5,6,15,17,17,13,14,17,15,5,17,19,13,19,999,5,6,5,6,19,13,7,17,18,19,13,15,17,17,18,13,14,15,17,999,5,6,15,5,6,19,13,13,14,999],
	"button_pushed":[7,7,4,4,4,7,7,7,7,7,4,20000,4,7,7,7,4,7,7,7,7,7,7,7,7,7,4,4,7,20000,4,7,7,7,7,7,7,4,4,4,4,7,4,4,4,7,4,4,7,7,20000,4,4,7,7,7,7,7,7,4,7,7,4,7,7,4,4,7,4,20000,7,7,4,4,4,7,7,4,4,7,4,7,7,7,7,7,7,7,7,20000,4,4,4,4,4,7,7,7,7,0],
	"response_time":[1.553,1.904,1.548,1.685,1.482,1.135,1.334,0.955,0.826,1.163,1.317,20,1.583,1.571,0.861,0.976,1.682,1.069,0.75,0.973,0.963,1.462,1.595,1.091,1.311,0.981,1.025,0.823,0.997,20,1.569,0.766,0.76,1.337,1.305,1.387,1.094,1.199,1.041,1.16,0.852,1.263,1.312,1.714,1.594,1.031,0.882,0.9330000000000001,0.6870000000000001,0.677,20,0.893,0.852,0.885,1.274,0.8070000000000001,0.979,0.8110000000000001,1.073,0.966,0.708,0.867,0.846,0.759,1.284,0.747,1.014,0.8179999999999999,0.9330000000000001,20,1.166,0.767,1.023,0.747,0.9320000000000001,1.141,0.9350000000000001,1.181,1.279,1.03,0.9429999999999999,0.639,0.755,0.791,0.759,0.791,0.789,0.636,1.342,20,0.991,0.787,0.835,1,0.6,1.136,1.23,0.907,1.018,0],
	"stim_file":[
		"func/s008.bmp",
		"func/s004.bmp",
		"func/s004.bmp",
		"func/f002.bmp",
		"func/f002.bmp",
		"func/f016.bmp",
		"func/s001.bmp",
		"func/s001.bmp",
		"func/s010.bmp",
		"func/s010.bmp",
		"func/s008.bmp",
		"func/i999.bmp",
		"func/u002.bmp",
		"func/u010.bmp",
		"func/u010.bmp",
		"func/f012.bmp",
		"func/f016.bmp",
		"func/f003.bmp",
		"func/f003.bmp",
		"func/u003.bmp",
		"func/u003.bmp",
		"func/u004.bmp",
		"func/u002.bmp",
		"func/u008.bmp",
		"func/s012.bmp",
		"func/f012.bmp",
		"func/s007.bmp",
		"func/s007.bmp",
		"func/s014.bmp",
		"func/i999.bmp",
		"func/f013.bmp",
		"func/u004.bmp",
		"func/u005.bmp",
		"func/u008.bmp",
		"func/f011.bmp",
		"func/f011.bmp",
		"func/s012.bmp",
		"func/u013.bmp",
		"func/u013.bmp",
		"func/f009.bmp",
		"func/f009.bmp",
		"func/s014.bmp",
		"func/f006.bmp",
		"func/f013.bmp",
		"func/u001.bmp",
		"func/u005.bmp",
		"func/f014.bmp",
		"func/f014.bmp",
		"func/s015.bmp",
		"func/s015.bmp",
		"func/i999.bmp",
		"func/f008.bmp",
		"func/f008.bmp",
		"func/u012.bmp",
		"func/f006.bmp",
		"func/f001.bmp",
		"func/f001.bmp",
		"func/u001.bmp",
		"func/s005.bmp",
		"func/s009.bmp",
		"func/u014.bmp",
		"func/u014.bmp",
		"func/s016.bmp",
		"func/u012.bmp",
		"func/f015.bmp",
		"func/s011.bmp",
		"func/s005.bmp",
		"func/u006.bmp",
		"func/s009.bmp",
		"func/i999.bmp",
		"func/f010.bmp",
		"func/f010.bmp",
		"func/f004.bmp",
		"func/f004.bmp",
		"func/s016.bmp",
		"func/u007.bmp",
		"func/f015.bmp",
		"func/s006.bmp",
		"func/s006.bmp",
		"func/s011.bmp",
		"func/u016.bmp",
		"func/u006.bmp",
		"func/s013.bmp",
		"func/s002.bmp",
		"func/s002.bmp",
		"func/u009.bmp",
		"func/u009.bmp",
		"func/u007.bmp",
		"func/s003.bmp",
		"func/i999.bmp",
		"func/f005.bmp",
		"func/f005.bmp",
		"func/u016.bmp",
		"func/f007.bmp",
		"func/f007.bmp",
		"func/s013.bmp",
		"func/u015.bmp",
		"func/u011.bmp",
		"func/u011.bmp",
		"func/Circle.bmp"
	]
}
