{
	"onset":[0,3.107,6.297,9.454000000000001,12.661,15.952,19.059,22.199,25.456,28.028,48.657,51.764,54.822,58.062,61.235,64.44199999999999,67.684,70.773,73.846,77.02,80.327,83.351,86.675,89.849,92.989,96.16200000000001,99.336,102.66,105.767,109.024,111.68,132.142,135.182,138.523,141.697,144.92,148.111,151.318,154.375,157.465,160.521,163.678,166.886,170.093,173.35,176.457,179.714,182.888,186.011,189.268,192.409,195.081,215.694,218.784,221.957,225.181,228.271,231.295,234.385,237.592,240.682,243.822,247.046,250.17,253.36,256.601,259.824,263.082,266.122,269.396,272.068,292.647,295.721,298.961,302.101,305.158,308.298,311.472,314.679,317.903,321.027,324.1,327.308,330.631,333.838,337.062,340.236,343.292,346.55,349.824,352.546,373.025,376.199,379.472,382.746,386.054,389.194,392.418,395.441,398.565,401.154],
	"duration":[0.893,0.894,0.979,0.856,0.925,0.83,0.952,0.964,0.825,20,0.821,0.831,0.976,0.926,0.852,0.927,0.84,0.892,0.907,0.967,0.829,0.976,0.931,0.844,0.902,0.805,0.955,0.83,0.998,0.91,20,0.842,0.971,0.917,0.864,0.916,0.925,0.851,0.806,0.803,0.858,0.951,0.915,0.924,0.886,0.9320000000000001,0.911,0.915,0.967,0.898,0.9350000000000001,20,0.826,0.901,0.883,0.855,0.804,0.893,0.889,0.909,0.846,0.962,0.8100000000000001,0.868,0.92,0.864,0.998,0.881,0.927,0.927,20,0.806,0.889,0.906,0.857,0.853,0.975,0.9340000000000001,0.864,0.84,0.84,0.947,0.97,0.876,0.987,0.841,0.883,0.891,0.991,0.979,20,0.822,0.957,0.944,0.973,0.854,0.902,0.822,0.902,0.821,0.012],
	"circle_duration":[0.588,0.444,0.424,0.407,0.582,0.593,0.506,0.421,0.533,20,0.594,0.513,0.468,0.497,0.468,0.59,0.551,0.471,0.416,0.498,0.58,0.425,0.58,0.478,0.523,0.515,0.595,0.598,0.512,0.495,20,0.427,0.421,0.586,0.491,0.586,0.509,0.517,0.445,0.516,0.495,0.529,0.489,0.525,0.5590000000000001,0.455,0.5590000000000001,0.5,0.444,0.526,0.473,20,0.571,0.491,0.511,0.576,0.406,0.446,0.421,0.55,0.409,0.522,0.5,0.54,0.553,0.545,0.597,0.5,0.4,0.582,20,0.539,0.49,0.578,0.451,0.432,0.504,0.432,0.506,0.589,0.512,0.463,0.501,0.583,0.5600000000000001,0.455,0.5620000000000001,0.415,0.598,0.515,20,0.444,0.575,0.545,0.5649999999999999,0.555,0.51,0.556,0.432,0.464,0],
	"stim_type":[
		"FAMOUS",
		"FAMOUS",
		"UNFAMILIAR",
		"SCRAMBLED",
		"SCRAMBLED",
		"FAMOUS",
		"SCRAMBLED",
		"FAMOUS",
		"FAMOUS",
		"n/a",
		"UNFAMILIAR",
		"UNFAMILIAR",
		"SCRAMBLED",
		"SCRAMBLED",
		"FAMOUS",
		"FAMOUS",
		"SCRAMBLED",
		"SCRAMBLED",
		"SCRAMBLED",
		"SCRAMBLED",
		"SCRAMBLED",
		"UNFAMILIAR",
		"FAMOUS",
		"FAMOUS",
		"FAMOUS",
		"FAMOUS",
		"FAMOUS",
		"UNFAMILIAR",
		"UNFAMILIAR",
		"SCRAMBLED",
		"n/a",
		"UNFAMILIAR",
		"SCRAMBLED",
		"SCRAMBLED",
		"SCRAMBLED",
		"SCRAMBLED",
		"SCRAMBLED",
		"FAMOUS",
		"FAMOUS",
		"UNFAMILIAR",
		"UNFAMILIAR",
		"UNFAMILIAR",
		"UNFAMILIAR",
		"FAMOUS",
		"FAMOUS",
		"FAMOUS",
		"FAMOUS",
		"FAMOUS",
		"UNFAMILIAR",
		"UNFAMILIAR",
		"FAMOUS",
		"n/a",
		"UNFAMILIAR",
		"UNFAMILIAR",
		"UNFAMILIAR",
		"SCRAMBLED",
		"UNFAMILIAR",
		"UNFAMILIAR",
		"FAMOUS",
		"UNFAMILIAR",
		"UNFAMILIAR",
		"FAMOUS",
		"FAMOUS",
		"UNFAMILIAR",
		"SCRAMBLED",
		"SCRAMBLED",
		"SCRAMBLED",
		"SCRAMBLED",
		"UNFAMILIAR",
		"FAMOUS",
		"n/a",
		"UNFAMILIAR",
		"UNFAMILIAR",
		"SCRAMBLED",
		"SCRAMBLED",
		"UNFAMILIAR",
		"UNFAMILIAR",
		"SCRAMBLED",
		"UNFAMILIAR",
		"UNFAMILIAR",
		"SCRAMBLED",
		"UNFAMILIAR",
		"FAMOUS",
		"FAMOUS",
		"SCRAMBLED",
		"UNFAMILIAR",
		"UNFAMILIAR",
		"SCRAMBLED",
		"FAMOUS",
		"FAMOUS",
		"n/a",
		"FAMOUS",
		"FAMOUS",
		"UNFAMILIAR",
		"FAMOUS",
		"FAMOUS",
		"SCRAMBLED",
		"SCRAMBLED",
		"SCRAMBLED",
		"SCRAMBLED",
		"n/a"
	],
	"trigger":[5,6,13,17,18,5,17,5,6,999,13,15,17,18,5,7,17,19,17,17,18,15,5,6,5,6,7,13,14,19,999,13,19,17,18,17,18,5,5,13,14,15,13,5,6,5,6,7,13,14,7,999,13,13,15,17,13,14,5,13,15,5,6,15,17,18,19,17,13,7,999,13,15,17,17,13,14,19,13,15,17,15,5,6,19,13,14,19,5,6,999,5,6,15,5,6,19,17,18,17,999],
	"button_pushed":[
		4,
		4,
		7,
		7,
		7,
		4,
		7,
		4,
		4,
		20000,
		7,
		7,
		7,
		7,
		7,
		7,
		4,
		7,
		4,
		7,
		7,
		7,
		7,
		7,
		7,
		7,
		7,
		7,
		7,
		7,
		20000,
		4,
		4,
		7,
		4,
		7,
		4,
		7,
		7,
		4,
		4,
		4,
		7,
		7,
		7,
		4,
		4,
		4,
		4,
		4,
		7,
		20000,
		7,
		7,
		7,
		7,
		4,
		4,
		4,
		7,
		7,
		7,
		7,
		4,
		7,
		7,
		7,
		4,
		7,
		4,
		20000,
		7,
		7,
		4,
		7,
		4,
		4,
		4,
		4,
		7,
		4,
		7,
		4,
		4,
		4,
		4,
		4,
		7,
		"n/a",
		7,
		20000,
		4,
		4,
		4,
		4,
		4,
		4,
		7,
		7,
		7,
		0
	],
	"response_time":[1.412,0.77,0.919,1.519,0.969,1.014,0.996,1.23,0.892,20,1.373,0.997,1.074,1.059,1.138,1.088,1.186,1.196,1.208,1.429,1.026,0.918,0.952,0.6879999999999999,1.419,0.852,0.8179999999999999,1.442,1.159,1.425,20,1.006,1.021,1.131,1.09,1.063,0.931,1.98,1.108,0.8139999999999999,1.018,0.944,0.771,1.014,0.786,0.84,0.71,0.758,0.258,0.803,1.001,20,0.837,0.983,0.551,0.944,1.334,0.878,1.178,0.9350000000000001,1.121,0.824,1.132,1.3,1.771,0.961,1.139,1.147,1.057,0.989,20,1.067,1.251,0.991,1.024,1.918,1.203,1.702,1.373,0.652,0.904,0.59,1.228,0.877,1.721,1.446,1.318,1.611,0,0.977,20,1.221,0.6820000000000001,0.969,1.019,1.183,0.958,1.255,0.877,1.244,0],
	"stim_file":[
		"func/f084.bmp",
		"func/f084.bmp",
		"func/u090.bmp",
		"func/s085.bmp",
		"func/s085.bmp",
		"func/f089.bmp",
		"func/s092.bmp",
		"func/f092.bmp",
		"func/f092.bmp",
		"func/i999.bmp",
		"func/u086.bmp",
		"func/u090.bmp",
		"func/s093.bmp",
		"func/s093.bmp",
		"func/f087.bmp",
		"func/f089.bmp",
		"func/s095.bmp",
		"func/s092.bmp",
		"func/s088.bmp",
		"func/s094.bmp",
		"func/s094.bmp",
		"func/u086.bmp",
		"func/f090.bmp",
		"func/f090.bmp",
		"func/f095.bmp",
		"func/f095.bmp",
		"func/f087.bmp",
		"func/u089.bmp",
		"func/u089.bmp",
		"func/s095.bmp",
		"func/i999.bmp",
		"func/u094.bmp",
		"func/s088.bmp",
		"func/s086.bmp",
		"func/s086.bmp",
		"func/s089.bmp",
		"func/s089.bmp",
		"func/f083.bmp",
		"func/f094.bmp",
		"func/u083.bmp",
		"func/u083.bmp",
		"func/u094.bmp",
		"func/u082.bmp",
		"func/f088.bmp",
		"func/f088.bmp",
		"func/f082.bmp",
		"func/f082.bmp",
		"func/f083.bmp",
		"func/u093.bmp",
		"func/u093.bmp",
		"func/f094.bmp",
		"func/i999.bmp",
		"func/u095.bmp",
		"func/u084.bmp",
		"func/u082.bmp",
		"func/s091.bmp",
		"func/u096.bmp",
		"func/u096.bmp",
		"func/f093.bmp",
		"func/u087.bmp",
		"func/u095.bmp",
		"func/f086.bmp",
		"func/f086.bmp",
		"func/u084.bmp",
		"func/s083.bmp",
		"func/s083.bmp",
		"func/s091.bmp",
		"func/s084.bmp",
		"func/u091.bmp",
		"func/f093.bmp",
		"func/i999.bmp",
		"func/u092.bmp",
		"func/u087.bmp",
		"func/s097.bmp",
		"func/s096.bmp",
		"func/u097.bmp",
		"func/u097.bmp",
		"func/s084.bmp",
		"func/u085.bmp",
		"func/u091.bmp",
		"func/s082.bmp",
		"func/u092.bmp",
		"func/f097.bmp",
		"func/f097.bmp",
		"func/s097.bmp",
		"func/u088.bmp",
		"func/u088.bmp",
		"func/s096.bmp",
		"func/f085.bmp",
		"func/f085.bmp",
		"func/i999.bmp",
		"func/f096.bmp",
		"func/f096.bmp",
		"func/u085.bmp",
		"func/f091.bmp",
		"func/f091.bmp",
		"func/s082.bmp",
		"func/s090.bmp",
		"func/s090.bmp",
		"func/s087.bmp",
		"func/Circle.bmp"
	]
}
