{
	"onset":[0.118,3.306,6.524,10.78,15.398,18.995,22.296,27.109,34.595,40.094,43.577,50.478,55.712,59.492,63.882,67.893,72.70699999999999,77.081,82.179,88.98099999999999,93.584,100.195,107.203,110.384,113.815,117.809,125.181,131.511,136.818,139.697,143.921,149.694,157.317,161.9,161.95,165.608,169.809,173.12,176.276,180.385,184.815,189.422,192.72,196.281,199.392,202.798,208.584,215.699,222.703,227.084,233.596,236.691,239.996,244.725,247.884,250.999,254.51,259.393,262.409,265.911,272.176,275.577,280.076,283.077,289.508,293.809,300.618,305.076,308.221,311.584,316.492,323.095,326.909,331.901,339.394,343.001,347.817,351.975,356.112,363.014,367.192,371.98,374.922,378.108,382.709,386.585,393.095,397.897,400.976,407.31,412.888,419.175,423.187,427.091,432.09,435.111,441.008,446.512,451.897,455.687,460.225],
	"duration":[
		2,
		2,
		2,
		2,
		2,
		2,
		2,
		2,
		2,
		2,
		2,
		2,
		2,
		2,
		2,
		2,
		2,
		2,
		2,
		2,
		2,
		2,
		2,
		2,
		2,
		2,
		2,
		2,
		2,
		2,
		2,
		2,
		2,
		2,
		"n/a",
		2,
		2,
		2,
		2,
		2,
		2,
		2,
		2,
		2,
		2,
		2,
		2,
		2,
		2,
		2,
		2,
		2,
		2,
		2,
		2,
		2,
		2,
		2,
		2,
		2,
		2,
		2,
		2,
		2,
		2,
		2,
		2,
		2,
		2,
		2,
		2,
		2,
		2,
		2,
		2,
		2,
		2,
		2,
		2,
		2,
		2,
		2,
		2,
		2,
		2,
		2,
		2,
		2,
		2,
		2,
		2,
		2,
		2,
		2,
		2,
		2,
		2,
		2,
		2,
		2,
		2
	],
	"trial_type":[
		"classification-probabilistic",
		"classification-probabilistic",
		"classification-probabilistic",
		"classification-probabilistic",
		"classification-deterministic",
		"classification-deterministic",
		"classification-deterministic",
		"classification-deterministic",
		"classification-deterministic",
		"classification-probabilistic",
		"classification-probabilistic",
		"classification-deterministic",
		"classification-probabilistic",
		"classification-probabilistic",
		"classification-probabilistic",
		"classification-probabilistic",
		"classification-deterministic",
		"classification-probabilistic",
		"classification-deterministic",
		"classification-deterministic",
		"classification-deterministic",
		"classification-probabilistic",
		"classification-probabilistic",
		"classification-deterministic",
		"classification-deterministic",
		"classification-deterministic",
		"classification-probabilistic",
		"classification-probabilistic",
		"classification-probabilistic",
		"classification-deterministic",
		"classification-deterministic",
		"classification-probabilistic",
		"classification-probabilistic",
		"classification-deterministic",
		"n/a",
		"classification-probabilistic",
		"classification-probabilistic",
		"classification-probabilistic",
		"classification-probabilistic",
		"classification-probabilistic",
		"classification-deterministic",
		"classification-deterministic",
		"classification-deterministic",
		"classification-probabilistic",
		"classification-probabilistic",
		"classification-probabilistic",
		"classification-probabilistic",
		"classification-deterministic",
		"classification-deterministic",
		"classification-probabilistic",
		"classification-probabilistic",
		"classification-probabilistic",
		"classification-deterministic",
		"classification-deterministic",
		"classification-deterministic",
		"classification-deterministic",
		"classification-probabilistic",
		"classification-probabilistic",
		"classification-deterministic",
		"classification-deterministic",
		"classification-deterministic",
		"classification-probabilistic",
		"classification-probabilistic",
		"classification-probabilistic",
		"classification-probabilistic",
		"classification-deterministic",
		"classification-probabilistic",
		"classification-probabilistic",
		"classification-deterministic",
		"classification-deterministic",
		"classification-probabilistic",
		"classification-deterministic",
		"classification-deterministic",
		"classification-probabilistic",
		"classification-probabilistic",
		"classification-probabilistic",
		"classification-deterministic",
		"classification-deterministic",
		"classification-deterministic",
		"classification-probabilistic",
		"classification-probabilistic",
		"classification-probabilistic",
		"classification-deterministic",
		"classification-deterministic",
		"classification-probabilistic",
		"classification-deterministic",
		"classification-deterministic",
		"classification-deterministic",
		"classification-deterministic",
		"classification-probabilistic",
		"classification-deterministic",
		"classification-deterministic",
		"classification-deterministic",
		"classification-deterministic",
		"classification-probabilistic",
		"classification-probabilistic",
		"classification-probabilistic",
		"classification-deterministic",
		"classification-deterministic",
		"classification-deterministic",
		"classification-deterministic"
	],
	"TrialNum":[
		1,
		3,
		5,
		7,
		9,
		11,
		13,
		15,
		17,
		19,
		21,
		23,
		25,
		27,
		29,
		31,
		33,
		35,
		37,
		39,
		41,
		43,
		45,
		47,
		49,
		51,
		53,
		55,
		57,
		59,
		61,
		63,
		65,
		"n/a",
		67,
		69,
		71,
		73,
		75,
		77,
		79,
		81,
		83,
		85,
		87,
		89,
		91,
		93,
		95,
		97,
		99,
		101,
		103,
		105,
		107,
		109,
		111,
		113,
		115,
		117,
		119,
		121,
		123,
		125,
		127,
		129,
		131,
		133,
		135,
		137,
		139,
		141,
		143,
		145,
		147,
		149,
		151,
		153,
		155,
		157,
		159,
		161,
		163,
		165,
		167,
		169,
		171,
		173,
		175,
		177,
		179,
		181,
		183,
		185,
		187,
		189,
		191,
		193,
		195,
		197,
		199
	],
	"StimCond":[
		1,
		1,
		1,
		1,
		2,
		2,
		2,
		2,
		2,
		1,
		1,
		2,
		1,
		1,
		1,
		1,
		2,
		1,
		2,
		2,
		2,
		1,
		1,
		2,
		2,
		2,
		1,
		1,
		1,
		2,
		2,
		1,
		1,
		"n/a",
		2,
		1,
		1,
		1,
		1,
		1,
		2,
		2,
		2,
		1,
		1,
		1,
		1,
		2,
		2,
		1,
		1,
		1,
		2,
		2,
		2,
		2,
		1,
		1,
		2,
		2,
		2,
		1,
		1,
		1,
		1,
		2,
		1,
		1,
		2,
		2,
		1,
		2,
		2,
		1,
		1,
		1,
		2,
		2,
		2,
		1,
		1,
		1,
		2,
		2,
		1,
		2,
		2,
		2,
		2,
		1,
		2,
		2,
		2,
		2,
		1,
		1,
		1,
		2,
		2,
		2,
		2
	],
	"StimulusNum":[
		10,
		3,
		11,
		10,
		10,
		10,
		11,
		10,
		2,
		3,
		14,
		13,
		2,
		10,
		10,
		10,
		2,
		3,
		5,
		1,
		13,
		4,
		4,
		10,
		2,
		1,
		5,
		6,
		14,
		3,
		3,
		3,
		11,
		"n/a",
		11,
		7,
		1,
		6,
		8,
		8,
		3,
		13,
		9,
		5,
		5,
		11,
		4,
		13,
		3,
		3,
		11,
		13,
		7,
		6,
		5,
		7,
		6,
		10,
		11,
		12,
		8,
		11,
		11,
		14,
		10,
		1,
		10,
		11,
		6,
		2,
		10,
		4,
		13,
		5,
		6,
		5,
		3,
		1,
		7,
		9,
		14,
		2,
		3,
		5,
		11,
		2,
		12,
		6,
		2,
		1,
		10,
		7,
		13,
		1,
		12,
		8,
		10,
		10,
		7,
		13,
		9
	],
	"Response":[
		"L",
		"L",
		"R",
		"L",
		"L",
		"L",
		"R",
		"L",
		"R",
		"L",
		"R",
		"R",
		"R",
		"L",
		"L",
		"L",
		"R",
		"L",
		"R",
		"L",
		"R",
		"L",
		"L",
		"R",
		"R",
		"L",
		"R",
		"L",
		"R",
		"R",
		"R",
		"L",
		"R",
		"n/a",
		"R",
		"L",
		"L",
		"L",
		"R",
		"R",
		"R",
		"R",
		"R",
		"R",
		"R",
		"R",
		"L",
		"R",
		"R",
		"L",
		"R",
		"L",
		"L",
		"R",
		"R",
		"L",
		"L",
		"L",
		"R",
		"L",
		"R",
		"R",
		"-",
		"-",
		"L",
		"L",
		"L",
		"R",
		"R",
		"R",
		"L",
		"L",
		"-",
		"R",
		"L",
		"R",
		"R",
		"L",
		"L",
		"L",
		"R",
		"R",
		"R",
		"R",
		"R",
		"R",
		"L",
		"R",
		"R",
		"L",
		"L",
		"L",
		"L",
		"L",
		"L",
		"R",
		"L",
		"L",
		"L",
		"R",
		"R"
	],