{
	"onset":[0.118,4.611,9.108000000000001,13.697,18.118,22.678,27.178,31.679,36.111,40.612,45.19,49.69,54.082,58.705,63.177,67.678,72.111,76.69,81.11499999999999,85.58499999999999,90.081,94.70399999999999,99.17700000000001,103.678,108.108,112.593,117.093,121.589,126.085,130.679,135.179,139.677,144.19,148.69,153.115,157.618,162.108,166.693,171.178,175.678,180.19,184.69,189.092,193.613,198.111,202.692,207.178,211.677,216.111,220.619,225.111,229.615,234.118,238.679,243.218,247.684,252.114,256.588,261.19,265.594,270.082,274.704,279.177,283.678,288.191,292.608,297.118,301.582,306.178,310.69,315.178,319.679,324.118,328.615,333.19,337.69,342.19,346.678,351.179,355.678],
	"duration":[
		2,
		2,
		2,
		2,
		2,
		"n/a",
		"n/a",
		"n/a",
		2,
		2,
		2,
		2,
		2,
		"n/a",
		"n/a",
		"n/a",
		2,
		2,
		2,
		2,
		2,
		"n/a",
		"n/a",
		"n/a",
		2,
		2,
		2,
		2,
		2,
		"n/a",
		"n/a",
		"n/a",
		2,
		2,
		2,
		2,
		2,
		"n/a",
		"n/a",
		"n/a",
		2,
		2,
		2,
		2,
		2,
		"n/a",
		"n/a",
		"n/a",
		2,
		2,
		2,
		2,
		2,
		"n/a",
		"n/a",
		"n/a",
		2,
		2,
		2,
		2,
		2,
		"n/a",
		"n/a",
		"n/a",
		2,
		2,
		2,
		2,
		2,
		"n/a",
		"n/a",
		"n/a",
		2,
		2,
		2,
		2,
		2,
		"n/a",
		"n/a",
		"n/a"
	],
	"trial_type":[
		"feedback",
		"feedback",
		"feedback",
		"feedback",
		"feedback",
		"n/a",
		"n/a",
		"n/a",
		"feedback",
		"feedback",
		"feedback",
		"feedback",
		"feedback",
		"n/a",
		"n/a",
		"n/a",
		"feedback",
		"feedback",
		"feedback",
		"feedback",
		"feedback",
		"n/a",
		"n/a",
		"n/a",
		"feedback",
		"feedback",
		"feedback",
		"feedback",
		"feedback",
		"n/a",
		"n/a",
		"n/a",
		"feedback",
		"feedback",
		"feedback",
		"feedback",
		"feedback",
		"n/a",
		"n/a",
		"n/a",
		"feedback",
		"feedback",
		"feedback",
		"feedback",
		"feedback",
		"n/a",
		"n/a",
		"n/a",
		"feedback",
		"feedback",
		"feedback",
		"feedback",
		"feedback",
		"n/a",
		"n/a",
		"n/a",
		"feedback",
		"feedback",
		"feedback",
		"feedback",
		"feedback",
		"n/a",
		"n/a",
		"n/a",
		"feedback",
		"feedback",
		"feedback",
		"feedback",
		"feedback",
		"n/a",
		"n/a",
		"n/a",
		"feedback",
		"feedback",
		"feedback",
		"feedback",
		"feedback",
		"n/a",
		"n/a",
		"n/a"
	],
	"feedback":[
		-1.32,
		0.68,
		-1.32,
		0.68,
		0.68,
		"n/a",
		"n/a",
		"n/a",
		0.68,
		0.68,
		-1.32,
		0.68,
		-1.32,
		"n/a",
		"n/a",
		"n/a",
		-1.32,
		0.68,
		0.68,
		-1.32,
		-1.32,
		"n/a",
		"n/a",
		"n/a",
		0.68,
		0.68,
		-1.32,
		-1.32,
		0.68,
		"n/a",
		"n/a",
		"n/a",
		0.68,
		0.68,
		0.68,
		0.68,
		0.68,
		"n/a",
		"n/a",
		"n/a",
		0.68,
		-1.32,
		-1.32,
		0.68,
		-1.32,
		"n/a",
		"n/a",
		"n/a",
		0.68,
		0.68,
		0.68,
		-1.32,
		0.68,
		"n/a",
		"n/a",
		"n/a",
		-1.32,
		0.68,
		0.68,
		0.68,
		-1.32,
		"n/a",
		"n/a",
		"n/a",
		0.68,
		0.68,
		0.68,
		0.68,
		-1.32,
		"n/a",
		"n/a",
		"n/a",
		0.68,
		-1.32,
		0.68,
		0.68,
		0.68,
		"n/a",
		"n/a",
		"n/a"
	],
	"TrialNum":[1,2,3,4,5,6,7,8,9,10,11,12,13,14,15,16,17,18,19,20,21,22,23,24,25,26,27,28,29,30,31,32,33,34,35,36,37,38,39,40,41,42,43,44,45,46,47,48,49,50,51,52,53,54,55,56,57,58,59,60,61,62,63,64,65,66,67,68,69,70,71,72,73,74,75,76,77,78,79,80],
	"StimCond":[1,1,1,1,1,1,1,1,1,1,1,1,1,1,1,1,1,1,1,1,1,1,1,1,1,1,1,1,1,1,1,1,1,1,1,1,1,1,1,1,1,1,1,1,1,1,1,1,1,1,1,1,1,1,1,1,1,1,1,1,1,1,1,1,1,1,1,1,1,1,1,1,1,1,1,1,1,1,1,1],
	"StimulusNum":[2,6,10,13,5,0,0,0,6,6,11,14,3,0,0,0,6,11,8,1,3,0,0,0,10,4,2,1,4,0,0,0,14,13,8,10,10,0,0,0,11,13,4,6,6,0,0,0,6,5,7,8,5,0,0,0,9,1,14,2,3,0,0,0,11,10,5,4,5,0,0,0,5,8,11,11,11,0,0,0],
	"Response":[
		"L",
		"L",
		"R",
		"L",
		"R",
		"R",
		"R",
		"R",
		"L",
		"L",
		"L",
		"R",
		"R",
		"R",
		"R",
		"R",
		"R",
		"R",
		"R",
		"L",
		"R",
		"R",
		"R",
		"R",
		"L",
		"L",
		"R",
		"L",
		"L",
		"R",
		"R",
		"R",
		"R",
		"L",
		"R",
		"L",
		"L",
		"R",
		"R",
		"R",
		"L",
		"L",
		"L",
		"L",
		"L",
		"R",
		"R",
		"R",
		"L",
		"R",
		"L",
		"L",
		"R",
		"R",
		"R",
		"R",
		"R",
		"R",
		"R",
		"R",
		"L",
		"R",
		"R",
		"R",
		"R",
		"L",
		"R",
		"L",
		"L",
		"R",
		"R",
		"R",
		"R",
		"L",
		"R",
		"R",
		"R",
		"R",
		"R",
		"R"
	],
	"response_time":[1.128,1.243,0.9409999999999999,0.836,0.665,0.603,0.751,0.873,0.864,0.929,0.918,0.946,0.802,1.006,0.353,0.629,0.977,0.996,0.905,0.8149999999999999,0.761,0.492,0.643,0.548,1.113,0.755,0.951,1.372,0.876,0.711,0.594,0.592,1.242,0.638,1.244,0.715,0.891,0.674,0.573,0.473,1.483,0.783,0.772,1.156,0.95,0.868,0.542,0.971,0.862,1.15,0.84,1.444,1.192,1.011,0.954,0.367,1.378,1.073,1.39,0.8080000000000001,0.995,0.763,0.586,0.669,1.157,0.884,0.86,1.087,1.083,0.569,0.524,0.541,1.188,1.447,1.288,1.437,1.305,0.847,0.586,0.528],
	"Correct":[
		0,
		1,
		0,
		1,
		1,
		"-",
		"-",
		"-",
		1,
		1,
		0,
		1,
		0,
		"-",
		"-",
		"-",
		0,
		1,
		1,
		0,
		0,
		"-",
		"-",
		"-",
		1,
		1,
		1,
		0,
		1,
		"-",
		"-",
		"-",
		1,
		1,
		1,
		1,
		1,
		"-",
		"-",
		"-",
		0,
		1,
		1,
		1,
		1,
		"-",
		"-",
		"-",
		1,
		1,
		1,
		0,
		1,
		"-",
		"-",
		"-",
		0,
		1,
		1,
		1,
		1,
		"-",
		"-",
		"-",
		1,
		1,
		1,
		1,
		0,
		"-",
		"-",
		"-",
		1,
		0,
		1,
		1,
		1,
		"-",
		"-",
		"-"
	],
	"Feedback":[
		"R",
		"L",
		"L",
		"L",
		"R",
		"-",
		"-",
		"-",
		"L",
		"L",
		"R",
		"R",
		"L",
		"-",
		"-",
		"-",
		"L",
		"R",
		"R",
		"R",
		"L",
		"-",
		"-",
		"-",
		"L",
		"L",
		"L",
		"R",
		"L",
		"-",
		"-",
		"-",
		"R",
		"L",
		"R",
		"L",
		"L",
		"-",
		"-",
		"-",
		"L",
		"R",
		"R",
		"L",
		"R",
		"-",
		"-",
		"-",
		"L",
		"R",
		"L",
		"R",
		"R",
		"-",
		"-",
		"-",
		"L",
		"R",
		"R",
		"R",
		"R",
		"-",
		"-",
		"-",
		"R",
		"L",
		"R",
		"L",
		"R",
		"-",
		"-",
		"-",
		"R",
		"R",
		"R",
		"R",
		"R",
		"-",
		"-",
		"-"
	]
}
