{
	"onset":[0.19,4.617,9.083,13.615,18.088,22.673,27.172,31.672,36.115,40.617,45.114,49.615,54.093,58.672,63.172,67.672,72.093,76.60899999999999,81.114,85.608,90.10899999999999,94.685,99.173,103.672,108.19,112.594,117.109,121.69,126.183,130.673,135.172,139.672,144.108,148.582,153.091,157.585,162.113,166.686,171.179,175.672,180.115,184.61,189.081,193.615,198.121,202.686,207.172,211.672,216.109,220.69,225.115,229.589,234.108,238.67,243.172,247.673,252.19,256.588,261.084,265.592,270.2,274.671,279.173,283.672,288.094,292.69,297.109,301.69,306.109,310.672,315.172,319.672,324.183,328.69,333.19,337.608,342.082,346.699,351.173,355.673],
	"duration":[
		2,
		2,
		2,
		2,
		2,
		"n/a",
		"n/a",
		"n/a",
		2,
		2,
		2,
		2,
		2,
		"n/a",
		"n/a",
		"n/a",
		2,
		2,
		2,
		2,
		2,
		"n/a",
		"n/a",
		"n/a",
		2,
		2,
		2,
		2,
		2,
		"n/a",
		"n/a",
		"n/a",
		2,
		2,
		2,
		2,
		2,
		"n/a",
		"n/a",
		"n/a",
		2,
		2,
		2,
		2,
		2,
		"n/a",
		"n/a",
		"n/a",
		2,
		2,
		2,
		2,
		2,
		"n/a",
		"n/a",
		"n/a",
		2,
		2,
		2,
		2,
		2,
		"n/a",
		"n/a",
		"n/a",
		2,
		2,
		2,
		2,
		2,
		"n/a",
		"n/a",
		"n/a",
		2,
		2,
		2,
		2,
		2,
		"n/a",
		"n/a",
		"n/a"
	],
	"trial_type":[
		"feedback",
		"feedback",
		"feedback",
		"feedback",
		"feedback",
		"n/a",
		"n/a",
		"n/a",
		"feedback",
		"feedback",
		"feedback",
		"feedback",
		"feedback",
		"n/a",
		"n/a",
		"n/a",
		"feedback",
		"feedback",
		"feedback",
		"feedback",
		"feedback",
		"n/a",
		"n/a",
		"n/a",
		"feedback",
		"feedback",
		"feedback",
		"feedback",
		"feedback",
		"n/a",
		"n/a",
		"n/a",
		"feedback",
		"feedback",
		"feedback",
		"feedback",
		"feedback",
		"n/a",
		"n/a",
		"n/a",
		"feedback",
		"feedback",
		"feedback",
		"feedback",
		"feedback",
		"n/a",
		"n/a",
		"n/a",
		"feedback",
		"feedback",
		"feedback",
		"feedback",
		"feedback",
		"n/a",
		"n/a",
		"n/a",
		"feedback",
		"feedback",
		"feedback",
		"feedback",
		"feedback",
		"n/a",
		"n/a",
		"n/a",
		"feedback",
		"feedback",
		"feedback",
		"feedback",
		"feedback",
		"n/a",
		"n/a",
		"n/a",
		"feedback",
		"feedback",
		"feedback",
		"feedback",
		"feedback",
		"n/a",
		"n/a",
		"n/a"
	],
	"feedback":[
		0.52,
		0.52,
		-1.48,
		0.52,
		-1.48,
		"n/a",
		"n/a",
		"n/a",
		0.52,
		0.52,
		0.52,
		0.52,
		0.52,
		"n/a",
		"n/a",
		"n/a",
		0.52,
		0.52,
		0.52,
		0.52,
		0.52,
		"n/a",
		"n/a",
		"n/a",
		0.52,
		0.52,
		0.52,
		0.52,
		-1.48,
		"n/a",
		"n/a",
		"n/a",
		-1.48,
		-1.48,
		0.52,
		0.52,
		0.52,
		"n/a",
		"n/a",
		"n/a",
		-1.48,
		-1.48,
		0.52,
		-1.48,
		-1.48,
		"n/a",
		"n/a",
		"n/a",
		0.52,
		0.52,
		0.52,
		0.52,
		0.52,
		"n/a",
		"n/a",
		"n/a",
		-1.48,
		0.52,
		-1.48,
		0.52,
		0.52,
		"n/a",
		"n/a",
		"n/a",
		0.52,
		0.52,
		0.52,
		0.52,
		0.52,
		"n/a",
		"n/a",
		"n/a",
		0.52,
		0.52,
		-1.48,
		0.52,
		-1.48,
		"n/a",
		"n/a",
		"n/a"
	],
	"TrialNum":[1,2,3,4,5,6,7,8,9,10,11,12,13,14,15,16,17,18,19,20,21,22,23,24,25,26,27,28,29,30,31,32,33,34,35,36,37,38,39,40,41,42,43,44,45,46,47,48,49,50,51,52,53,54,55,56,57,58,59,60,61,62,63,64,65,66,67,68,69,70,71,72,73,74,75,76,77,78,79,80],
	"StimCond":[1,1,1,1,1,1,1,1,1,1,1,1,1,1,1,1,1,1,1,1,1,1,1,1,1,1,1,1,1,1,1,1,1,1,1,1,1,1,1,1,1,1,1,1,1,1,1,1,1,1,1,1,1,1,1,1,1,1,1,1,1,1,1,1,1,1,1,1,1,1,1,1,1,1,1,1,1,1,1,1],
	"StimulusNum":[10,5,4,10,1,0,0,0,8,5,8,8,2,0,0,0,2,6,5,10,6,0,0,0,11,2,6,11,12,0,0,0,10,3,1,3,6,0,0,0,8,6,3,10,5,0,0,0,6,14,8,1,10,0,0,0,14,1,4,1,14,0,0,0,2,11,10,13,10,0,0,0,12,11,14,10,3,0,0,0],
	"Response":[
		"L",
		"R",
		"L",
		"L",
		"R",
		"R",
		"R",
		"R",
		"R",
		"R",
		"R",
		"R",
		"R",
		"R",
		"R",
		"R",
		"R",
		"L",
		"R",
		"L",
		"L",
		"R",
		"R",
		"R",
		"R",
		"R",
		"L",
		"R",
		"L",
		"R",
		"R",
		"R",
		"L",
		"L",
		"R",
		"R",
		"L",
		"R",
		"R",
		"R",
		"R",
		"L",
		"L",
		"R",
		"L",
		"R",
		"R",
		"R",
		"L",
		"R",
		"R",
		"R",
		"L",
		"R",
		"R",
		"R",
		"R",
		"R",
		"L",
		"R",
		"R",
		"R",
		"R",
		"R",
		"R",
		"R",
		"L",
		"L",
		"L",
		"R",
		"R",
		"R",
		"L",
		"R",
		"R",
		"L",
		"R",
		"R",
		"R",
		"R"
	],
	"response_time":[1.276,0.861,0.734,0.89,0.804,0.712,0.44,0.626,1.015,1.046,1.112,1.349,1.021,0.626,0.607,1.066,1.204,0.912,1.002,1.178,1.172,0.799,0.446,0.411,1.217,0.856,0.749,0.9330000000000001,0.575,0.732,0.008999999999999999,0.541,1.056,1.175,1.051,1.212,0.8,0.704,0.499,0.59,0.836,0.852,1.184,0.953,1.089,0.53,0.428,0.376,0.778,0.966,0.783,1.296,0.788,0.667,0.509,1.032,0.99,1.161,0.782,0.906,1.025,0.747,0.549,0.651,0.964,0.794,1.054,0.674,0.774,0.652,0.519,0.436,0.629,0.748,0.889,0.763,0.886,1.026,0.736,0.572],
	"Correct":[
		1,
		1,
		1,
		1,
		1,
		"-",
		"-",
		"-",
		1,
		1,
		1,
		1,
		1,
		"-",
		"-",
		"-",
		1,
		1,
		1,
		1,
		1,
		"-",
		"-",
		"-",
		1,
		1,
		1,
		1,
		-1,
		"-",
		"-",
		"-",
		1,
		1,
		1,
		0,
		1,
		"-",
		"-",
		"-",
		1,
		1,
		1,
		0,
		0,
		"-",
		"-",
		"-",
		1,
		1,
		1,
		1,
		1,
		"-",
		"-",
		"-",
		1,
		1,
		1,
		1,
		1,
		"-",
		"-",
		"-",
		1,
		1,
		1,
		1,
		1,
		"-",
		"-",
		"-",
		-1,
		1,
		1,
		1,
		0,
		"-",
		"-",
		"-"
	],
	"Feedback":[
		"L",
		"R",
		"R",
		"L",
		"L",
		"-",
		"-",
		"-",
		"R",
		"R",
		"R",
		"R",
		"R",
		"-",
		"-",
		"-",
		"R",
		"L",
		"R",
		"L",
		"L",
		"-",
		"-",
		"-",
		"R",
		"R",
		"L",
		"R",
		"R",
		"-",
		"-",
		"-",
		"R",
		"R",
		"R",
		"R",
		"L",
		"-",
		"-",
		"-",
		"L",
		"R",
		"L",
		"L",
		"R",
		"-",
		"-",
		"-",
		"L",
		"R",
		"R",
		"R",
		"L",
		"-",
		"-",
		"-",
		"L",
		"R",
		"R",
		"R",
		"R",
		"-",
		"-",
		"-",
		"R",
		"R",
		"L",
		"L",
		"L",
		"-",
		"-",
		"-",
		"L",
		"R",
		"L",
		"L",
		"L",
		"-",
		"-",
		"-"
	]
}
