{
	"onset":[16.002,21.263,31.751,37.012,42.256,47.517,52.761,58.006,63.267,68.511,73.755,79.01600000000001,84.26000000000001,89.504,94.765,105.254,110.515,115.759,121.003,126.264,131.509,136.753,142.014,147.258,152.502,157.763,163.007,168.252,178.757,184.001,189.262,194.506,199.767,205.011,210.256,215.516,220.761,226.005,231.266,236.51,241.755,252.26,257.504,262.765,268.009,273.253,278.514,283.758,289.003,294.264,299.508,304.752,310.013,315.257,325.762,331.007,336.251,341.512,346.756,352.017,357.261,362.505,367.766,373.01,378.255,383.516,388.76,399.265,404.51,409.754,415.015,420.259,425.503,430.764,436.008,441.252,446.513,451.758,457.002,462.263,472.751,478.012,483.257,488.517,493.762,499.006,504.267,509.511,514.755,520.016,525.26,530.505,535.766,546.254,551.515,556.759],
	"duration":[4.5,4.5,4.5,4.5,4.5,4.5,4.5,4.5,4.5,4.5,4.5,4.5,4.5,4.5,4.5,4.5,4.5,4.5,4.5,4.5,4.5,4.5,4.5,4.5,4.5,4.5,4.5,4.5,4.5,4.5,4.5,4.5,4.5,4.5,4.5,4.5,4.5,4.5,4.5,4.5,4.5,4.5,4.5,4.5,4.5,4.5,4.5,4.5,4.5,4.5,4.5,4.5,4.5,4.5,4.5,4.5,4.5,4.5,4.5,4.5,4.5,4.5,4.5,4.5,4.5,4.5,4.5,4.5,4.5,4.5,4.5,4.5,4.5,4.5,4.5,4.5,4.5,4.5,4.5,4.5,4.5,4.5,4.5,4.5,4.5,4.5,4.5,4.5,4.5,4.5,4.5,4.5,4.5,4.5,4.5,4.5],
	"trial_type":[
		"easy_par",
		"easy_par",
		"easy_par",
		"easy_par",
		"hard_par",
		"easy_par",
		"easy_par",
		"easy_par",
		"hard_par",
		"hard_par",
		"hard_par",
		"easy_par",
		"easy_par",
		"easy_par",
		"easy_par",
		"hard_par",
		"hard_par",
		"hard_par",
		"easy_par",
		"hard_par",
		"hard_par",
		"easy_par",
		"easy_par",
		"hard_par",
		"easy_par",
		"hard_par",
		"hard_par",
		"hard_par",
		"easy_par",
		"hard_par",
		"hard_par",
		"easy_par",
		"easy_par",
		"hard_par",
		"hard_par",
		"hard_par",
		"hard_par",
		"easy_par",
		"easy_par",
		"hard_par",
		"easy_par",
		"easy_par",
		"easy_par",
		"hard_par",
		"easy_par",
		"easy_par",
		"hard_par",
		"easy_par",
		"easy_par",
		"hard_par",
		"hard_par",
		"easy_par",
		"easy_par",
		"hard_par",
		"easy_par",
		"easy_par",
		"hard_par",
		"hard_par",
		"hard_par",
		"easy_par",
		"hard_par",
		"easy_par",
		"hard_par",
		"easy_par",
		"easy_par",
		"easy_par",
		"hard_par",
		"hard_par",
		"easy_par",
		"hard_par",
		"hard_par",
		"hard_par",
		"easy_par",
		"hard_par",
		"hard_par",
		"easy_par",
		"hard_par",
		"hard_par",
		"easy_par",
		"easy_par",
		"easy_par",
		"hard_par",
		"hard_par",
		"easy_par",
		"hard_par",
		"easy_par",
		"easy_par",
		"easy_par",
		"hard_par",
		"easy_par",
		"hard_par",
		"hard_par",
		"easy_par",
		"hard_par",
		"hard_par",
		"hard_par"
	],
	"easy_par":[
		0.542,
		-0.458,
		0.542,
		-0.458,
		"n/a",
		-0.458,
		-0.458,
		-0.458,
		"n/a",
		"n/a",
		"n/a",
		-0.458,
		0.542,
		0.542,
		0.542,
		"n/a",
		"n/a",
		"n/a",
		0.542,
		"n/a",
		"n/a",
		-0.458,
		0.542,
		"n/a",
		0.542,
		"n/a",
		"n/a",
		"n/a",
		-0.458,
		"n/a",
		"n/a",
		0.542,
		-0.458,
		"n/a",
		"n/a",
		"n/a",
		"n/a",
		-0.458,
		0.542,
		"n/a",
		-0.458,
		-0.458,
		-0.458,
		"n/a",
		0.542,
		-0.458,
		"n/a",
		0.542,
		-0.458,
		"n/a",
		"n/a",
		-0.458,
		0.542,
		"n/a",
		-0.458,
		-0.458,
		"n/a",
		"n/a",
		"n/a",
		-0.458,
		"n/a",
		-0.458,
		"n/a",
		-0.458,
		0.542,
		-0.458,
		"n/a",
		"n/a",
		0.542,
		"n/a",
		"n/a",
		"n/a",
		0.542,
		"n/a",
		"n/a",
		0.542,
		"n/a",
		"n/a",
		0.542,
		-0.458,
		-0.458,
		"n/a",
		"n/a",
		-0.458,
		"n/a",
		0.542,
		-0.458,
		0.542,
		"n/a",
		0.542,
		"n/a",
		"n/a",
		0.542,
		"n/a",
		"n/a",
		"n/a"
	],
	"hard_par":[
		"n/a",
		"n/a",
		"n/a",
		"n/a",
		-1.979,
		"n/a",
		"n/a",
		"n/a",
		-1.979,
		-2.979,
		-1.979,
		"n/a",
		"n/a",
		"n/a",
		"n/a",
		-1.979,
		-1.979,
		-1.979,
		"n/a",
		-1.979,
		-1.979,
		"n/a",
		"n/a",
		-1.979,
		"n/a",
		-1.979,
		-1.979,
		-1.979,
		"n/a",
		-1.979,
		-1.979,
		"n/a",
		"n/a",
		-2.979,
		-1.979,
		-1.979,
		-1.979,
		"n/a",
		"n/a",
		-1.979,
		"n/a",
		"n/a",
		"n/a",
		-1.979,
		"n/a",
		"n/a",
		-1.979,
		"n/a",
		"n/a",
		-1.979,
		-1.979,
		"n/a",
		"n/a",
		-1.979,
		"n/a",
		"n/a",
		-1.979,
		-1.979,
		-1.979,
		"n/a",
		-1.979,
		"n/a",
		-1.979,
		"n/a",
		"n/a",
		"n/a",
		-2.979,
		-1.979,
		"n/a",
		-1.979,
		-1.979,
		-1.979,
		"n/a",
		-1.979,
		-1.979,
		"n/a",
		-1.979,
		-1.979,
		"n/a",
		"n/a",
		"n/a",
		-1.979,
		-1.979,
		"n/a",
		96.021,
		"n/a",
		"n/a",
		"n/a",
		-1.979,
		"n/a",
		-1.979,
		-1.979,
		"n/a",
		-1.979,
		-1.979,
		-1.979
	]
}
