{
	"onset":[0.026,2.514,5.136,8.256,10.895,13.019,15.393,17.517,19.774,22.645,26.13,29.632,33.631,36.27,39.639,42.012,44.767,47.008,50.393,52.767,55.77,58.26,60.766,63.52,66.889,69.26300000000001,71.52,74.39100000000001,76.631,78.755,81.39400000000001,83.767,86.771,90.887,93.011,96.264,98.77,101.508,104.512,107.516,113.009,115.017,117.009,119.382,121.639,124.145,126.883,129.389,131.513,133.638,136.144,139.131,143.131,147.014,149.005,152.258,154.88,159.394,162.133,164.506,167.51,170.016,172.256,174.264,176.256,179.143,182.645,184.769,187.756,191.258,194.395,198.145,203.008,205.381,208.518,210.642,215.638,217.762,220.019,222.259,225.645,228.632,231.138,233.644,238.888,241.262,243.635,246.141,249.261,251.518,254.14,256.131,258.139,260.131,262.139,264.761,267.267,269.508,272.76,274.885,277.507,279.515,283.514,286.518,289.14,292.393,294.766,299.131,301.637,303.894,306.018,308.01,310.881,312.889,315.262,317.635,320.39,324.639,327.261,329.269,331.393,335.144,337.766,340.006,342.015,346.894,349.383,351.889],
	"duration":[1.5,1.5,1.5,1.5,1.5,1.5,1.5,1.5,1.5,1.5,1.5,1.5,1.5,1.5,1.5,1.5,1.5,1.5,1.5,1.5,1.5,1.5,1.5,1.5,1.5,1.5,1.5,1.5,1.5,1.5,1.5,1.5,1.5,1.5,1.5,1.5,1.5,1.5,1.5,1.5,1.5,1.5,1.5,1.5,1.5,1.5,1.5,1.5,1.5,1.5,1.5,1.5,1.5,1.5,1.5,1.5,1.5,1.5,1.5,1.5,1.5,1.5,1.5,1.5,1.5,1.5,1.5,1.5,1.5,1.5,1.5,1.5,1.5,1.5,1.5,1.5,1.5,1.5,1.5,1.5,1.5,1.5,1.5,1.5,1.5,1.5,1.5,1.5,1.5,1.5,1.5,1.5,1.5,1.5,1.5,1.5,1.5,1.5,1.5,1.5,1.5,1.5,1.5,1.5,1.5,1.5,1.5,1.5,1.5,1.5,1.5,1.5,1.5,1.5,1.5,1.5,1.5,1.5,1.5,1.5,1.5,1.5,1.5,1.5,1.5,1.5,1.5,1.5],
	"trial_type":[
		"go",
		"unsucc_stop",
		"unsucc_stop",
		"go",
		"go",
		"go",
		"go",
		"go",
		"unsucc_stop",
		"go",
		"go",
		"unsucc_stop",
		"go",
		"go",
		"go",
		"go",
		"go",
		"go",
		"go",
		"unsucc_stop",
		"go",
		"go",
		"go",
		"succ_stop",
		"go",
		"go",
		"go",
		"go",
		"go",
		"go",
		"succ_stop",
		"unsucc_stop",
		"succ_stop",
		"go",
		"go",
		"go",
		"go",
		"go",
		"go",
		"unsucc_stop",
		"unsucc_stop",
		"go",
		"go",
		"succ_stop",
		"go",
		"go",
		"go",
		"go",
		"go",
		"go",
		"go",
		"go",
		"go",
		"go",
		"succ_stop",
		"unsucc_stop",
		"succ_stop",
		"succ_stop",
		"go",
		"go",
		"go",
		"go",
		"go",
		"go",
		"go",
		"go",
		"go",
		"go",
		"go",
		"unsucc_stop",
		"unsucc_stop",
		"go",
		"succ_stop",
		"go",
		"go",
		"go",
		"go",
		"go",
		"go",
		"succ_stop",
		"go",
		"go",
		"go",
		"go",
		"go",
		"go",
		"unsucc_stop",
		"unsucc_stop",
		"unsucc_stop",
		"go",
		"go",
		"succ_stop",
		"go",
		"go",
		"go",
		"go",
		"go",
		"go",
		"unsucc_stop",
		"go",
		"succ_stop",
		"go",
		"go",
		"go",
		"go",
		"go",
		"unsucc_stop",
		"go",
		"go",
		"unsucc_stop",
		"junk",
		"go",
		"go",
		"go",
		"succ_stop",
		"succ_stop",
		"go",
		"go",
		"go",
		"go",
		"unsucc_stop",
		"go",
		"go",
		"go",
		"go",
		"go",
		"go",
		"unsucc_stop"
	]
}
