{
	"onset":[1.006,7.013,15.012,21.003,29.003,36.006,41.002,48.005,53.017,61.016,69.015,76.002,83.005,89.01300000000001,100.016,106.007,111.002,117.01,121.01,127.001,139.016,146.003,150.003,157.006,163.014,171.013,176.008,183.012,188.007,196.006,201.001,208.005,212.005,219.008,225.016,233.015,240.002,247.005,252.017,259.004,263.003,270.007,276.015,285.009,292.013,301.008,307.015,314.002,319.014,325.005,332.009,339.012,344.007,351.011,355.011,361.002,365.018,373.017,381.016,387.007],
	"duration":[5,3,5,3,5,3,5,3,5,3,5,3,5,3,5,3,5,3,5,3,5,3,5,3,5,3,5,3,5,3,5,3,5,3,5,3,5,3,5,3,5,3,5,3,5,3,5,3,5,3,5,3,5,3,5,3,5,3,5,3],
	"trial_type":[
		"att_neut",
		"rating_par",
		"att_neg",
		"rating_par",
		"att_neg",
		"rating_par",
		"suppr_neg",
		"rating_par",
		"suppr_neg",
		"rating_par",
		"att_neg",
		"rating_par",
		"suppr_neg",
		"junk_rating",
		"att_neut",
		"rating_par",
		"att_neut",
		"rating_par",
		"suppr_neg",
		"rating_par",
		"att_neg",
		"rating_par",
		"att_neut",
		"rating_par",
		"suppr_neg",
		"rating_par",
		"att_neut",
		"rating_par",
		"att_neut",
		"rating_par",
		"att_neg",
		"rating_par",
		"att_neut",
		"rating_par",
		"att_neg",
		"rating_par",
		"att_neut",
		"rating_par",
		"suppr_neg",
		"rating_par",
		"att_neg",
		"rating_par",
		"att_neg",
		"rating_par",
		"att_neut",
		"rating_par",
		"suppr_neg",
		"rating_par",
		"suppr_neg",
		"rating_par",
		"suppr_neg",
		"rating_par",
		"suppr_neg",
		"rating_par",
		"att_neg",
		"rating_par",
		"att_neut",
		"rating_par",
		"att_neg",
		"rating_par"
	],
	"rating_par":[
		"n/a",
		-0.931,
		"n/a",
		0.06900000000000001,
		"n/a",
		1.069,
		"n/a",
		-0.931,
		"n/a",
		0.06900000000000001,
		"n/a",
		2.069,
		"n/a",
		"n/a",
		"n/a",
		-0.931,
		"n/a",
		-0.931,
		"n/a",
		0.06900000000000001,
		"n/a",
		2.069,
		"n/a",
		-0.931,
		"n/a",
		0.06900000000000001,
		"n/a",
		-0.931,
		"n/a",
		-0.931,
		"n/a",
		2.069,
		"n/a",
		-0.931,
		"n/a",
		1.069,
		"n/a",
		-0.931,
		"n/a",
		0.06900000000000001,
		"n/a",
		1.069,
		"n/a",
		1.069,
		"n/a",
		-0.931,
		"n/a",
		-0.931,
		"n/a",
		0.06900000000000001,
		"n/a",
		-0.931,
		"n/a",
		-0.931,
		"n/a",
		1.069,
		"n/a",
		-0.931,
		"n/a",
		1.069
	]
}
