{
	"onset":[0,3.19,6.581,9.923,13.246,16.47,19.594,22.867,26.125,29.231,31.921,52.366,55.574,58.831,61.954,65.095,68.33499999999999,71.627,74.816,77.907,81.047,84.271,87.361,90.685,93.809,97.01600000000001,100.156,103.23,106.32,109.427,112.116,132.595,135.652,138.709,141.866,145.006,148.23,151.337,154.511,157.851,161.008,164.182,167.289,170.546,173.754,176.944,180.118,183.108,186.332,189.505,192.178,212.707,215.797,218.921,222.095,225.318,228.425,231.666,234.773,237.88,241.12,244.227,247.334,250.424,253.499,256.722,259.929,263.203,266.377,269.367,271.939,292.535,295.659,298.816,302.073,305.23,308.537,311.644,314.818,318.025,321.266,324.289,327.479,330.687,333.777,337.017,340.258,343.348,346.338,349.595,352.301,372.797,375.937,379.011,382.101,385.442,388.549,391.305],
	"duration":[0.9399999999999999,0.98,0.997,0.997,0.9399999999999999,0.858,0.95,0.996,0.898,0.946,20,0.923,0.98,0.846,0.867,0.88,0.96,0.838,0.891,0.944,0.903,0.843,0.965,0.803,0.852,0.96,0.873,0.894,0.8139999999999999,0.946,20,0.803,0.871,0.863,0.819,0.998,0.924,0.858,0.987,0.913,0.8139999999999999,0.924,0.913,0.9370000000000001,0.954,0.966,0.801,0.865,0.886,0.9360000000000001,20,0.801,0.824,0.949,0.946,0.9340000000000001,0.8090000000000001,0.9330000000000001,0.877,0.962,0.869,0.8080000000000001,0.891,0.859,0.89,0.9409999999999999,0.903,0.827,0.8,0.836,20,0.862,0.911,0.89,0.802,0.945,0.9350000000000001,0.967,0.9320000000000001,0.9340000000000001,0.806,0.832,0.894,0.844,0.927,0.974,0.837,0.8179999999999999,0.959,0.957,20,0.882,0.858,0.897,0.985,0.835,0.951,0.012],
	"circle_duration":[0.599,0.481,0.542,0.585,0.555,0.517,0.501,0.5629999999999999,0.498,0.448,20,0.404,0.502,0.513,0.509,0.504,0.587,0.5679999999999999,0.583,0.425,0.431,0.547,0.478,0.593,0.539,0.593,0.415,0.428,0.431,0.531,20,0.442,0.482,0.408,0.523,0.5590000000000001,0.466,0.417,0.547,0.596,0.48,0.589,0.407,0.569,0.499,0.457,0.45,0.422,0.589,0.522,20,0.499,0.528,0.528,0.461,0.511,0.405,0.595,0.408,0.455,0.516,0.48,0.531,0.42,0.451,0.555,0.491,0.594,0.579,0.428,20,0.5590000000000001,0.486,0.483,0.597,0.588,0.586,0.403,0.446,0.506,0.544,0.435,0.596,0.545,0.482,0.546,0.499,0.473,0.404,0.532,20,0.465,0.497,0.438,0.419,0.593,0.517,0],
	"stim_type":[
		"UNFAMILIAR",
		"UNFAMILIAR",
		"UNFAMILIAR",
		"UNFAMILIAR",
		"FAMOUS",
		"FAMOUS",
		"SCRAMBLED",
		"FAMOUS",
		"FAMOUS",
		"UNFAMILIAR",
		"n/a",
		"FAMOUS",
		"UNFAMILIAR",
		"UNFAMILIAR",
		"SCRAMBLED",
		"UNFAMILIAR",
		"UNFAMILIAR",
		"FAMOUS",
		"FAMOUS",
		"UNFAMILIAR",
		"UNFAMILIAR",
		"UNFAMILIAR",
		"FAMOUS",
		"UNFAMILIAR",
		"UNFAMILIAR",
		"UNFAMILIAR",
		"SCRAMBLED",
		"UNFAMILIAR",
		"UNFAMILIAR",
		"SCRAMBLED",
		"n/a",
		"FAMOUS",
		"SCRAMBLED",
		"SCRAMBLED",
		"SCRAMBLED",
		"UNFAMILIAR",
		"UNFAMILIAR",
		"SCRAMBLED",
		"SCRAMBLED",
		"SCRAMBLED",
		"SCRAMBLED",
		"FAMOUS",
		"UNFAMILIAR",
		"SCRAMBLED",
		"FAMOUS",
		"FAMOUS",
		"SCRAMBLED",
		"FAMOUS",
		"FAMOUS",
		"UNFAMILIAR",
		"n/a",
		"SCRAMBLED",
		"FAMOUS",
		"FAMOUS",
		"SCRAMBLED",
		"UNFAMILIAR",
		"UNFAMILIAR",
		"UNFAMILIAR",
		"SCRAMBLED",
		"UNFAMILIAR",
		"UNFAMILIAR",
		"FAMOUS",
		"FAMOUS",
		"SCRAMBLED",
		"FAMOUS",
		"FAMOUS",
		"SCRAMBLED",
		"SCRAMBLED",
		"FAMOUS",
		"SCRAMBLED",
		"n/a",
		"UNFAMILIAR",
		"UNFAMILIAR",
		"FAMOUS",
		"FAMOUS",
		"SCRAMBLED",
		"SCRAMBLED",
		"SCRAMBLED",
		"SCRAMBLED",
		"SCRAMBLED",
		"FAMOUS",
		"SCRAMBLED",
		"SCRAMBLED",
		"FAMOUS",
		"FAMOUS",
		"UNFAMILIAR",
		"FAMOUS",
		"SCRAMBLED",
		"SCRAMBLED",
		"SCRAMBLED",
		"n/a",
		"FAMOUS",
		"FAMOUS",
		"FAMOUS",
		"UNFAMILIAR",
		"UNFAMILIAR",
		"FAMOUS",
		"n/a"
	],
	"trigger":[13,14,13,14,5,6,17,5,6,13,999,5,13,13,19,13,14,5,6,15,13,14,7,13,14,15,17,15,13,17,999,5,17,17,19,13,15,17,18,19,17,7,13,19,5,6,19,5,6,15,999,17,5,6,19,13,14,15,17,13,14,5,6,19,5,6,17,18,5,19,999,13,14,5,6,17,18,17,17,18,7,17,18,5,6,13,5,19,17,17,999,5,5,6,15,13,7,999],
	"button_pushed":[
		7,
		7,
		7,
		7,
		7,
		7,
		7,
		7,
		7,
		4,
		20000,
		7,
		7,
		7,
		7,
		7,
		7,
		7,
		7,
		4,
		7,
		"n/a",
		7,
		4,
		4,
		7,
		7,
		7,
		7,
		7,
		20000,
		7,
		7,
		7,
		7,
		4,
		7,
		7,
		7,
		7,
		7,
		7,
		4,
		7,
		7,
		7,
		7,
		4,
		4,
		4,
		20000,
		7,
		7,
		7,
		7,
		7,
		7,
		4,
		7,
		7,
		7,
		7,
		7,
		7,
		7,
		7,
		"n/a",
		7,
		7,
		7,
		20000,
		7,
		7,
		7,
		7,
		7,
		7,
		7,
		7,
		7,
		4,
		4,
		7,
		7,
		7,
		4,
		7,
		7,
		7,
		7,
		20000,
		4,
		7,
		7,
		"n/a",
		7,
		7,
		0
	],
	"response_time":[1.242,0.696,0.758,0.633,0.844,0.902,0.9370000000000001,0.793,0.6899999999999999,0.907,20,1.169,0.711,1.539,0.638,1.008,0.703,1.267,0.8129999999999999,1.018,1.068,0,0.652,0.952,1.017,1.027,2.066,0.838,1.161,0.93,20,0.96,0.825,0.915,1.012,1.345,1.031,0.869,0.916,0.905,0.823,1.402,1.057,0.884,1.141,1.749,0.959,0.921,0.8,1.14,20,0.611,0.897,0.698,0.828,0.767,0.979,0.929,1.028,0.756,0.716,0.907,0.771,0.823,0.614,0.842,0,0.728,0.794,0.913,20,1.132,1.213,0.918,0.488,0.715,0.859,0.9409999999999999,0.708,0.766,0.9399999999999999,0.944,1.294,0.895,0.741,0.86,0.704,0.852,0.823,0.911,20,1.201,0.795,0.8159999999999999,0,1.269,0.879,0],
	"stim_file":[
		"func/u089.bmp",
		"func/u089.bmp",
		"func/u083.bmp",
		"func/u083.bmp",
		"func/f086.bmp",
		"func/f086.bmp",
		"func/s085.bmp",
		"func/f083.bmp",
		"func/f083.bmp",
		"func/u091.bmp",
		"func/i999.bmp",
		"func/f096.bmp",
		"func/u097.bmp",
		"func/u085.bmp",
		"func/s085.bmp",
		"func/u087.bmp",
		"func/u087.bmp",
		"func/f082.bmp",
		"func/f082.bmp",
		"func/u091.bmp",
		"func/u094.bmp",
		"func/u094.bmp",
		"func/f096.bmp",
		"func/u084.bmp",
		"func/u084.bmp",
		"func/u097.bmp",
		"func/s097.bmp",
		"func/u085.bmp",
		"func/u096.bmp",
		"func/s087.bmp",
		"func/i999.bmp",
		"func/f084.bmp",
		"func/s095.bmp",
		"func/s091.bmp",
		"func/s097.bmp",
		"func/u090.bmp",
		"func/u096.bmp",
		"func/s090.bmp",
		"func/s090.bmp",
		"func/s087.bmp",
		"func/s094.bmp",
		"func/f084.bmp",
		"func/u095.bmp",
		"func/s095.bmp",
		"func/f087.bmp",
		"func/f087.bmp",
		"func/s091.bmp",
		"func/f088.bmp",
		"func/f088.bmp",
		"func/u090.bmp",
		"func/i999.bmp",
		"func/s088.bmp",
		"func/f090.bmp",
		"func/f090.bmp",
		"func/s094.bmp",
		"func/u086.bmp",
		"func/u086.bmp",
		"func/u095.bmp",
		"func/s086.bmp",
		"func/u092.bmp",
		"func/u092.bmp",
		"func/f089.bmp",
		"func/f089.bmp",
		"func/s088.bmp",
		"func/f091.bmp",
		"func/f091.bmp",
		"func/s084.bmp",
		"func/s084.bmp",
		"func/f085.bmp",
		"func/s086.bmp",
		"func/i999.bmp",
		"func/u093.bmp",
		"func/u093.bmp",
		"func/f092.bmp",
		"func/f092.bmp",
		"func/s082.bmp",
		"func/s082.bmp",
		"func/s092.bmp",
		"func/s083.bmp",
		"func/s083.bmp",
		"func/f085.bmp",
		"func/s093.bmp",
		"func/s093.bmp",
		"func/f093.bmp",
		"func/f093.bmp",
		"func/u082.bmp",
		"func/f095.bmp",
		"func/s092.bmp",
		"func/s089.bmp",
		"func/s096.bmp",
		"func/i999.bmp",
		"func/f094.bmp",
		"func/f097.bmp",
		"func/f097.bmp",
		"func/u082.bmp",
		"func/u088.bmp",
		"func/f095.bmp",
		"func/Circle.bmp"
	]
}
