{
	"onset":[0,3.257,6.531,9.538,12.745,16.002,19.26,22.484,25.657,28.347,48.909,51.882,55.073,58.33,61.588,64.794,67.88500000000001,71.02500000000001,74.29900000000001,77.40600000000001,80.63,83.854,87.09399999999999,90.33499999999999,93.408,96.633,99.873,103.046,106.053,108.692,129.171,132.378,135.485,138.776,142,145.174,148.297,151.504,154.712,157.768,160.975,164.082,167.256,170.513,173.771,176.894,180.035,183.142,186.148,189.272,191.978,212.423,215.53,218.804,222.012,225.235,228.359,231.767,234.957,238.081,241.154,244.178,247.201,250.542,253.832,257.106,260.247,263.304,266.427,269.033,289.479,292.686,295.859,298.933,302.19,305.28,308.488,311.528,314.569,317.708,320.865,324.106,327.179,330.303,333.51,336.517,339.757,342.914,346.088,349.245,352.268,354.941,375.52,378.794,382.052,385.125,388.315,391.372,394.663,397.319],
	"duration":[0.957,0.91,0.826,0.908,0.895,0.992,0.891,0.821,0.9389999999999999,20,0.8,0.96,0.991,0.954,0.995,0.834,0.854,0.911,0.851,0.926,0.956,0.9350000000000001,0.874,0.857,0.883,0.992,0.831,0.825,0.896,20,0.968,0.804,0.958,0.922,0.839,0.828,0.87,0.997,0.828,0.893,0.8100000000000001,0.996,0.98,0.889,0.887,0.917,0.9350000000000001,0.8100000000000001,0.806,0.964,20,0.858,0.913,0.946,0.876,0.902,1,0.917,0.945,0.878,0.8179999999999999,0.834,0.997,0.96,0.9379999999999999,0.9419999999999999,0.877,0.845,0.869,20,0.95,0.995,0.8,0.9419999999999999,0.911,0.944,0.844,0.849,0.853,0.947,0.902,0.832,0.906,0.882,0.826,0.901,0.806,0.849,0.9399999999999999,0.8080000000000001,0.923,20,0.968,0.999,0.876,0.863,0.842,0.981,0.884,0.012],
	"circle_duration":[0.431,0.532,0.491,0.406,0.522,0.587,0.488,0.5629999999999999,0.569,20,0.52,0.402,0.466,0.499,0.534,0.442,0.499,0.504,0.596,0.49,0.52,0.501,0.535,0.6,0.443,0.585,0.48,0.582,0.407,20,0.45,0.479,0.519,0.5659999999999999,0.527,0.5649999999999999,0.52,0.553,0.438,0.464,0.54,0.53,0.416,0.515,0.598,0.452,0.457,0.416,0.43,0.55,20,0.405,0.474,0.587,0.491,0.58,0.465,0.569,0.511,0.407,0.421,0.439,0.421,0.574,0.5629999999999999,0.5659999999999999,0.434,0.409,0.516,20,0.41,0.491,0.406,0.51,0.547,0.411,0.498,0.422,0.435,0.518,0.45,0.584,0.473,0.445,0.5590000000000001,0.412,0.578,0.577,0.552,0.438,0.44,20,0.538,0.546,0.485,0.426,0.555,0.449,0.543,0],
	"stim_type":[
		"SCRAMBLED",
		"SCRAMBLED",
		"SCRAMBLED",
		"SCRAMBLED",
		"SCRAMBLED",
		"SCRAMBLED",
		"FAMOUS",
		"FAMOUS",
		"FAMOUS",
		"n/a",
		"FAMOUS",
		"SCRAMBLED",
		"FAMOUS",
		"FAMOUS",
		"SCRAMBLED",
		"UNFAMILIAR",
		"SCRAMBLED",
		"FAMOUS",
		"UNFAMILIAR",
		"UNFAMILIAR",
		"SCRAMBLED",
		"FAMOUS",
		"UNFAMILIAR",
		"UNFAMILIAR",
		"UNFAMILIAR",
		"UNFAMILIAR",
		"FAMOUS",
		"FAMOUS",
		"SCRAMBLED",
		"n/a",
		"UNFAMILIAR",
		"UNFAMILIAR",
		"SCRAMBLED",
		"SCRAMBLED",
		"SCRAMBLED",
		"FAMOUS",
		"UNFAMILIAR",
		"UNFAMILIAR",
		"UNFAMILIAR",
		"UNFAMILIAR",
		"UNFAMILIAR",
		"SCRAMBLED",
		"SCRAMBLED",
		"UNFAMILIAR",
		"FAMOUS",
		"UNFAMILIAR",
		"UNFAMILIAR",
		"UNFAMILIAR",
		"FAMOUS",
		"UNFAMILIAR",
		"n/a",
		"SCRAMBLED",
		"SCRAMBLED",
		"SCRAMBLED",
		"UNFAMILIAR",
		"FAMOUS",
		"FAMOUS",
		"UNFAMILIAR",
		"SCRAMBLED",
		"SCRAMBLED",
		"UNFAMILIAR",
		"SCRAMBLED",
		"SCRAMBLED",
		"FAMOUS",
		"UNFAMILIAR",
		"UNFAMILIAR",
		"SCRAMBLED",
		"UNFAMILIAR",
		"UNFAMILIAR",
		"n/a",
		"FAMOUS",
		"FAMOUS",
		"FAMOUS",
		"FAMOUS",
		"UNFAMILIAR",
		"FAMOUS",
		"SCRAMBLED",
		"SCRAMBLED",
		"SCRAMBLED",
		"FAMOUS",
		"UNFAMILIAR",
		"UNFAMILIAR",
		"FAMOUS",
		"FAMOUS",
		"SCRAMBLED",
		"SCRAMBLED",
		"SCRAMBLED",
		"SCRAMBLED",
		"FAMOUS",
		"FAMOUS",
		"FAMOUS",
		"n/a",
		"UNFAMILIAR",
		"UNFAMILIAR",
		"FAMOUS",
		"FAMOUS",
		"FAMOUS",
		"FAMOUS",
		"FAMOUS",
		"n/a"
	],
	"trigger":[17,18,17,17,17,18,5,5,6,999,5,19,5,6,19,13,17,7,13,14,17,7,13,14,13,15,5,6,19,999,13,14,17,18,19,5,13,15,13,14,13,17,18,13,7,13,15,13,5,15,999,17,17,18,15,5,6,15,17,18,15,17,18,7,13,14,19,13,14,999,5,6,5,6,13,5,17,17,18,5,13,15,5,7,17,18,19,17,5,6,7,999,13,15,5,6,7,5,6,999],
	"button_pushed":[
		7,
		7,
		7,
		7,
		4,
		4,
		7,
		7,
		7,
		20000,
		7,
		7,
		7,
		7,
		4,
		7,
		4,
		7,
		7,
		7,
		7,
		7,
		7,
		7,
		4,
		7,
		7,
		7,
		7,
		20000,
		7,
		7,
		7,
		7,
		7,
		4,
		7,
		7,
		7,
		7,
		7,
		7,
		7,
		7,
		4,
		4,
		7,
		7,
		7,
		7,
		20000,
		7,
		7,
		7,
		4,
		7,
		4,
		4,
		7,
		7,
		4,
		"n/a",
		7,
		7,
		7,
		7,
		7,
		4,
		4,
		20000,
		7,
		7,
		7,
		7,
		7,
		7,
		7,
		7,
		7,
		7,
		7,
		7,
		7,
		7,
		7,
		7,
		7,
		7,
		7,
		7,
		7,
		20000,
		4,
		7,
		7,
		7,
		7,
		7,
		7,
		0
	],
	"response_time":[0.921,0.734,0.91,0.833,0.897,0.778,0.703,0.917,0.653,20,1.072,0.916,0.762,0.719,1.359,1.174,1.018,0.707,0.699,0.751,0.902,0.824,0.919,0.5,0.93,1.19,1.313,1.132,1.165,20,2.306,0.955,1.045,0.878,1.093,1.001,0.881,0.511,0.868,0.6909999999999999,1.115,0.749,0.802,0.901,1.113,0.912,0.889,0.73,0.946,0.838,20,0.805,0.896,0.741,0.954,0.9360000000000001,0.997,1.132,0.927,0.919,1.048,0,0.824,1.055,0.947,0.6840000000000001,0.795,0.963,1.537,20,1.459,0.487,1.168,0.719,1.045,0.848,0.831,1.018,0.766,1.055,1.265,1.051,0.9360000000000001,0.617,1.026,1.061,0.776,0.902,0.856,0.873,1.261,20,1.179,1.205,0.847,0.754,1.09,0.681,1.236,0],
	"stim_file":[
		"func/s073.bmp",
		"func/s073.bmp",
		"func/s066.bmp",
		"func/s072.bmp",
		"func/s067.bmp",
		"func/s067.bmp",
		"func/f068.bmp",
		"func/f081.bmp",
		"func/f081.bmp",
		"func/i999.bmp",
		"func/f072.bmp",
		"func/s066.bmp",
		"func/f071.bmp",
		"func/f071.bmp",
		"func/s072.bmp",
		"func/u071.bmp",
		"func/s079.bmp",
		"func/f068.bmp",
		"func/u065.bmp",
		"func/u065.bmp",
		"func/s081.bmp",
		"func/f072.bmp",
		"func/u075.bmp",
		"func/u075.bmp",
		"func/u069.bmp",
		"func/u071.bmp",
		"func/f065.bmp",
		"func/f065.bmp",
		"func/s079.bmp",
		"func/i999.bmp",
		"func/u068.bmp",
		"func/u068.bmp",
		"func/s070.bmp",
		"func/s070.bmp",
		"func/s081.bmp",
		"func/f067.bmp",
		"func/u079.bmp",
		"func/u069.bmp",
		"func/u070.bmp",
		"func/u070.bmp",
		"func/u072.bmp",
		"func/s074.bmp",
		"func/s074.bmp",
		"func/u074.bmp",
		"func/f067.bmp",
		"func/u078.bmp",
		"func/u079.bmp",
		"func/u073.bmp",
		"func/f070.bmp",
		"func/u072.bmp",
		"func/i999.bmp",
		"func/s065.bmp",
		"func/s068.bmp",
		"func/s068.bmp",
		"func/u074.bmp",
		"func/f074.bmp",
		"func/f074.bmp",
		"func/u078.bmp",
		"func/s071.bmp",
		"func/s071.bmp",
		"func/u073.bmp",
		"func/s080.bmp",
		"func/s080.bmp",
		"func/f070.bmp",
		"func/u081.bmp",
		"func/u081.bmp",
		"func/s065.bmp",
		"func/u067.bmp",
		"func/u067.bmp",
		"func/i999.bmp",
		"func/f066.bmp",
		"func/f066.bmp",
		"func/f079.bmp",
		"func/f079.bmp",
		"func/u080.bmp",
		"func/f078.bmp",
		"func/s077.bmp",
		"func/s078.bmp",
		"func/s078.bmp",
		"func/f077.bmp",
		"func/u066.bmp",
		"func/u080.bmp",
		"func/f073.bmp",
		"func/f078.bmp",
		"func/s075.bmp",
		"func/s075.bmp",
		"func/s077.bmp",
		"func/s069.bmp",
		"func/f080.bmp",
		"func/f080.bmp",
		"func/f077.bmp",
		"func/i999.bmp",
		"func/u077.bmp",
		"func/u066.bmp",
		"func/f069.bmp",
		"func/f069.bmp",
		"func/f073.bmp",
		"func/f075.bmp",
		"func/f075.bmp",
		"func/Circle.bmp"
	]
}
