{
	"onset":[0,3.075,6.398,9.705,12.929,16.27,19.527,22.684,25.825,28.531,49.076,52.317,55.491,58.664,62.005,65.095,68.152,71.276,74.51600000000001,77.59,80.73,84.038,87.27800000000001,90.43600000000001,93.726,96.90000000000001,100.09,103.164,106.321,109.043,129.623,132.88,136.137,139.328,142.652,145.825,148.949,152.191,155.347,158.387,161.627,164.851,167.958,171.032,174.189,177.245,180.369,183.66,186.767,189.439,209.985,213.092,216.199,219.49,222.697,225.904,228.961,232.051,235.308,238.365,241.656,244.813,248.07,251.277,254.601,257.758,260.965,264.239,267.53,270.72,273.376,293.922,297.146,300.303,303.443,306.584,309.707,312.814,315.854,318.961,322.118,325.409,328.716,331.756,334.913,337.987,341.227,344.334,347.475,350.081,370.66,373.85,377.074,380.181,383.371,386.545,389.752,392.859,395.615],
	"duration":[0.832,0.952,0.99,0.858,0.975,0.896,0.891,0.863,0.954,20,0.9429999999999999,0.945,0.978,0.987,0.882,0.824,0.895,0.949,0.903,0.832,0.974,0.917,0.99,0.982,0.924,0.865,0.875,0.905,0.972,20,0.923,0.9419999999999999,0.9320000000000001,0.998,0.824,0.846,0.944,0.962,0.819,0.954,0.898,0.863,0.831,0.949,0.8100000000000001,0.947,0.9330000000000001,0.832,0.931,20,0.928,0.903,0.9320000000000001,0.902,0.988,0.874,0.802,0.95,0.848,0.9350000000000001,0.829,0.92,0.901,0.981,0.879,0.959,0.96,0.977,0.974,0.914,20,0.908,0.857,0.8070000000000001,0.8110000000000001,0.892,0.83,0.853,0.8129999999999999,0.971,0.993,0.986,0.8179999999999999,0.972,0.84,0.973,0.877,0.952,0.854,20,0.844,0.991,0.878,0.882,0.8139999999999999,0.995,0.91,0.96,0.012],
	"circle_duration":[0.414,0.485,0.512,0.542,0.591,0.585,0.59,0.495,0.505,20,0.514,0.53,0.457,0.432,0.577,0.441,0.464,0.465,0.527,0.412,0.539,0.555,0.5580000000000001,0.401,0.548,0.48,0.5629999999999999,0.432,0.475,20,0.547,0.556,0.535,0.5,0.5600000000000001,0.578,0.514,0.535,0.431,0.46,0.511,0.5649999999999999,0.472,0.476,0.44,0.47,0.403,0.592,0.51,20,0.514,0.41,0.432,0.596,0.544,0.444,0.409,0.462,0.548,0.437,0.589,0.5590000000000001,0.58,0.549,0.581,0.516,0.471,0.548,0.548,0.447,20,0.512,0.539,0.525,0.553,0.5580000000000001,0.457,0.517,0.425,0.527,0.41,0.529,0.5600000000000001,0.457,0.414,0.458,0.493,0.457,0.421,20,0.545,0.569,0.452,0.461,0.538,0.598,0.448,0.433,0],
	"stim_type":[
		"FAMOUS",
		"FAMOUS",
		"UNFAMILIAR",
		"UNFAMILIAR",
		"UNFAMILIAR",
		"UNFAMILIAR",
		"UNFAMILIAR",
		"UNFAMILIAR",
		"UNFAMILIAR",
		"n/a",
		"SCRAMBLED",
		"SCRAMBLED",
		"UNFAMILIAR",
		"UNFAMILIAR",
		"UNFAMILIAR",
		"SCRAMBLED",
		"SCRAMBLED",
		"UNFAMILIAR",
		"SCRAMBLED",
		"SCRAMBLED",
		"UNFAMILIAR",
		"UNFAMILIAR",
		"UNFAMILIAR",
		"UNFAMILIAR",
		"UNFAMILIAR",
		"SCRAMBLED",
		"FAMOUS",
		"FAMOUS",
		"UNFAMILIAR",
		"n/a",
		"SCRAMBLED",
		"SCRAMBLED",
		"SCRAMBLED",
		"UNFAMILIAR",
		"SCRAMBLED",
		"SCRAMBLED",
		"FAMOUS",
		"FAMOUS",
		"FAMOUS",
		"FAMOUS",
		"FAMOUS",
		"SCRAMBLED",
		"SCRAMBLED",
		"FAMOUS",
		"FAMOUS",
		"SCRAMBLED",
		"SCRAMBLED",
		"SCRAMBLED",
		"FAMOUS",
		"n/a",
		"FAMOUS",
		"FAMOUS",
		"FAMOUS",
		"SCRAMBLED",
		"SCRAMBLED",
		"FAMOUS",
		"FAMOUS",
		"FAMOUS",
		"SCRAMBLED",
		"SCRAMBLED",
		"SCRAMBLED",
		"SCRAMBLED",
		"SCRAMBLED",
		"SCRAMBLED",
		"SCRAMBLED",
		"FAMOUS",
		"UNFAMILIAR",
		"UNFAMILIAR",
		"FAMOUS",
		"SCRAMBLED",
		"n/a",
		"SCRAMBLED",
		"SCRAMBLED",
		"FAMOUS",
		"FAMOUS",
		"SCRAMBLED",
		"UNFAMILIAR",
		"UNFAMILIAR",
		"FAMOUS",
		"UNFAMILIAR",
		"UNFAMILIAR",
		"UNFAMILIAR",
		"UNFAMILIAR",
		"FAMOUS",
		"UNFAMILIAR",
		"FAMOUS",
		"FAMOUS",
		"UNFAMILIAR",
		"FAMOUS",
		"n/a",
		"SCRAMBLED",
		"SCRAMBLED",
		"UNFAMILIAR",
		"FAMOUS",
		"FAMOUS",
		"UNFAMILIAR",
		"UNFAMILIAR",
		"FAMOUS",
		"n/a"
	],
	"trigger":[5,6,13,13,14,13,13,13,14,999,17,18,15,13,14,17,18,15,17,18,15,13,13,14,13,17,5,5,15,999,17,18,17,15,17,19,5,7,5,7,5,17,19,5,6,19,17,18,7,999,5,6,7,17,18,7,5,6,19,17,18,17,17,18,17,5,13,14,5,19,999,17,18,5,6,19,13,14,7,13,14,13,14,7,13,5,5,13,5,999,17,18,15,5,7,13,14,7,999],
	"button_pushed":[
		7,
		7,
		7,
		7,
		7,
		4,
		4,
		7,
		4,
		20000,
		7,
		7,
		7,
		7,
		"n/a",
		7,
		7,
		4,
		7,
		7,
		7,
		7,
		7,
		7,
		7,
		7,
		7,
		7,
		7,
		20000,
		7,
		7,
		7,
		7,
		7,
		7,
		4,
		7,
		4,
		7,
		7,
		7,
		7,
		7,
		7,
		7,
		7,
		7,
		4,
		20000,
		7,
		7,
		7,
		7,
		7,
		7,
		7,
		7,
		7,
		7,
		7,
		7,
		7,
		7,
		7,
		4,
		7,
		7,
		7,
		7,
		20000,
		7,
		7,
		7,
		4,
		7,
		7,
		7,
		4,
		7,
		7,
		4,
		7,
		7,
		4,
		7,
		7,
		7,
		7,
		20000,
		4,
		4,
		4,
		7,
		7,
		7,
		7,
		7,
		0
	],
	"response_time":[1.023,0.8129999999999999,1.122,0.862,0.737,0.827,1.044,0.858,1.002,20,1.182,1.006,1.002,0.742,0,1.061,0.95,0.777,0.981,1.039,1.003,0.83,0.821,1.024,0.929,0.8159999999999999,1.038,1.379,1.803,20,0.98,1.697,1.158,0.673,0.824,0.774,0.969,0.917,0.864,1.002,1.181,1.015,1.063,1.091,0.851,0.986,0.725,0.704,0.899,20,0.952,0.801,1.18,1.155,0.914,1.164,0.981,0.868,0.82,1.063,0.696,0.793,0.72,0.748,1.025,0.947,1.225,0.613,1.317,1.086,20,1.088,0.998,0.852,0.666,0.803,0.594,0.709,0.923,0.897,0.632,0.886,0.63,1.194,0.992,0.954,1.23,0.854,0.793,20,0.986,0.9330000000000001,0.819,1.13,0.596,0.768,0.839,1.039,0],
	"stim_file":[
		"func/f101.bmp",
		"func/f101.bmp",
		"func/u099.bmp",
		"func/u107.bmp",
		"func/u107.bmp",
		"func/u098.bmp",
		"func/u109.bmp",
		"func/u111.bmp",
		"func/u111.bmp",
		"func/i999.bmp",
		"func/s102.bmp",
		"func/s102.bmp",
		"func/u099.bmp",
		"func/u105.bmp",
		"func/u105.bmp",
		"func/s109.bmp",
		"func/s109.bmp",
		"func/u098.bmp",
		"func/s106.bmp",
		"func/s106.bmp",
		"func/u109.bmp",
		"func/u104.bmp",
		"func/u108.bmp",
		"func/u108.bmp",
		"func/u113.bmp",
		"func/s105.bmp",
		"func/f105.bmp",
		"func/f112.bmp",
		"func/u104.bmp",
		"func/i999.bmp",
		"func/s103.bmp",
		"func/s103.bmp",
		"func/s112.bmp",
		"func/u113.bmp",
		"func/s108.bmp",
		"func/s105.bmp",
		"func/f113.bmp",
		"func/f105.bmp",
		"func/f098.bmp",
		"func/f112.bmp",
		"func/f099.bmp",
		"func/s101.bmp",
		"func/s112.bmp",
		"func/f104.bmp",
		"func/f104.bmp",
		"func/s108.bmp",
		"func/s111.bmp",
		"func/s111.bmp",
		"func/f113.bmp",
		"func/i999.bmp",
		"func/f109.bmp",
		"func/f109.bmp",
		"func/f098.bmp",
		"func/s099.bmp",
		"func/s099.bmp",
		"func/f099.bmp",
		"func/f102.bmp",
		"func/f102.bmp",
		"func/s101.bmp",
		"func/s110.bmp",
		"func/s110.bmp",
		"func/s107.bmp",
		"func/s100.bmp",
		"func/s100.bmp",
		"func/s104.bmp",
		"func/f111.bmp",
		"func/u106.bmp",
		"func/u106.bmp",
		"func/f103.bmp",
		"func/s107.bmp",
		"func/i999.bmp",
		"func/s098.bmp",
		"func/s098.bmp",
		"func/f110.bmp",
		"func/f110.bmp",
		"func/s104.bmp",
		"func/u112.bmp",
		"func/u112.bmp",
		"func/f111.bmp",
		"func/u110.bmp",
		"func/u110.bmp",
		"func/u102.bmp",
		"func/u102.bmp",
		"func/f103.bmp",
		"func/u101.bmp",
		"func/f100.bmp",
		"func/f106.bmp",
		"func/u103.bmp",
		"func/f108.bmp",
		"func/i999.bmp",
		"func/s113.bmp",
		"func/s113.bmp",
		"func/u101.bmp",
		"func/f107.bmp",
		"func/f100.bmp",
		"func/u100.bmp",
		"func/u100.bmp",
		"func/f106.bmp",
		"func/Circle.bmp"
	]
}
