{
	"onset":[0.197,4.614,9.113,13.585,18.11,22.671,27.169,31.674,36.113,40.611,45.185,49.588,54.118,58.689,63.173,67.675,72.188,76.584,81.113,85.61199999999999,90.11199999999999,94.67400000000001,99.17400000000001,103.673,108.187,112.587,117.111,121.588,126.112,130.673,135.171,139.672,144.087,148.611,153.109,157.587,162.188,166.67,171.174,175.674,180.113,184.688,189.188,193.587,198.084,202.667,207.172,211.674,216.087,220.613,225.086,229.613,234.188,238.675,243.175,247.674,252.185,256.587,261.113,265.611,270.11,274.669,279.175,283.674,288.113,292.688,297.111,301.588,306.113,310.675,315.179,319.675,324.188,328.588,333.113,337.688,342.112,346.675,351.174,355.674],
	"duration":[
		2,
		2,
		2,
		2,
		2,
		"n/a",
		"n/a",
		"n/a",
		2,
		2,
		2,
		2,
		2,
		"n/a",
		"n/a",
		"n/a",
		2,
		2,
		2,
		2,
		2,
		"n/a",
		"n/a",
		"n/a",
		2,
		2,
		2,
		2,
		2,
		"n/a",
		"n/a",
		"n/a",
		2,
		2,
		2,
		2,
		2,
		"n/a",
		"n/a",
		"n/a",
		2,
		2,
		2,
		2,
		2,
		"n/a",
		"n/a",
		"n/a",
		2,
		2,
		2,
		2,
		2,
		"n/a",
		"n/a",
		"n/a",
		2,
		2,
		2,
		2,
		2,
		"n/a",
		"n/a",
		"n/a",
		2,
		2,
		2,
		2,
		2,
		"n/a",
		"n/a",
		"n/a",
		2,
		2,
		2,
		2,
		2,
		"n/a",
		"n/a",
		"n/a"
	],
	"trial_type":[
		"feedback",
		"feedback",
		"feedback",
		"feedback",
		"feedback",
		"n/a",
		"n/a",
		"n/a",
		"feedback",
		"feedback",
		"feedback",
		"feedback",
		"feedback",
		"n/a",
		"n/a",
		"n/a",
		"feedback",
		"feedback",
		"feedback",
		"feedback",
		"feedback",
		"n/a",
		"n/a",
		"n/a",
		"feedback",
		"feedback",
		"feedback",
		"feedback",
		"feedback",
		"n/a",
		"n/a",
		"n/a",
		"feedback",
		"feedback",
		"feedback",
		"feedback",
		"feedback",
		"n/a",
		"n/a",
		"n/a",
		"feedback",
		"feedback",
		"feedback",
		"feedback",
		"feedback",
		"n/a",
		"n/a",
		"n/a",
		"feedback",
		"feedback",
		"feedback",
		"feedback",
		"feedback",
		"n/a",
		"n/a",
		"n/a",
		"feedback",
		"feedback",
		"feedback",
		"feedback",
		"feedback",
		"n/a",
		"n/a",
		"n/a",
		"feedback",
		"feedback",
		"feedback",
		"feedback",
		"feedback",
		"n/a",
		"n/a",
		"n/a",
		"feedback",
		"feedback",
		"feedback",
		"feedback",
		"feedback",
		"n/a",
		"n/a",
		"n/a"
	],
	"feedback":[
		0.6,
		-1.4,
		-1.4,
		0.6,
		0.6,
		"n/a",
		"n/a",
		"n/a",
		0.6,
		0.6,
		-1.4,
		0.6,
		0.6,
		"n/a",
		"n/a",
		"n/a",
		-1.4,
		0.6,
		0.6,
		0.6,
		-1.4,
		"n/a",
		"n/a",
		"n/a",
		-1.4,
		0.6,
		0.6,
		0.6,
		0.6,
		"n/a",
		"n/a",
		"n/a",
		0.6,
		0.6,
		0.6,
		0.6,
		-1.4,
		"n/a",
		"n/a",
		"n/a",
		0.6,
		-1.4,
		0.6,
		0.6,
		0.6,
		"n/a",
		"n/a",
		"n/a",
		-1.4,
		-1.4,
		0.6,
		0.6,
		-1.4,
		"n/a",
		"n/a",
		"n/a",
		0.6,
		-1.4,
		0.6,
		0.6,
		0.6,
		"n/a",
		"n/a",
		"n/a",
		0.6,
		-1.4,
		0.6,
		0.6,
		-1.4,
		"n/a",
		"n/a",
		"n/a",
		0.6,
		0.6,
		-1.4,
		0.6,
		0.6,
		"n/a",
		"n/a",
		"n/a"
	],
	"TrialNum":[1,2,3,4,5,6,7,8,9,10,11,12,13,14,15,16,17,18,19,20,21,22,23,24,25,26,27,28,29,30,31,32,33,34,35,36,37,38,39,40,41,42,43,44,45,46,47,48,49,50,51,52,53,54,55,56,57,58,59,60,61,62,63,64,65,66,67,68,69,70,71,72,73,74,75,76,77,78,79,80],
	"StimCond":[2,2,2,2,2,2,2,2,2,2,2,2,2,2,2,2,2,2,2,2,2,2,2,2,2,2,2,2,2,2,2,2,2,2,2,2,2,2,2,2,2,2,2,2,2,2,2,2,2,2,2,2,2,2,2,2,2,2,2,2,2,2,2,2,2,2,2,2,2,2,2,2,2,2,2,2,2,2,2,2],
	"StimulusNum":[5,5,7,3,10,0,0,0,5,7,11,1,6,0,0,0,12,4,10,10,9,0,0,0,12,1,5,4,5,0,0,0,2,8,10,2,12,0,0,0,10,14,13,2,1,0,0,0,3,10,1,7,13,0,0,0,13,3,7,8,7,0,0,0,5,13,8,1,9,0,0,0,11,2,5,13,5,0,0,0],
	"Response":[
		"R",
		"L",
		"R",
		"R",
		"L",
		"R",
		"R",
		"R",
		"R",
		"L",
		"L",
		"L",
		"L",
		"R",
		"R",
		"R",
		"L",
		"L",
		"L",
		"L",
		"L",
		"R",
		"R",
		"R",
		"L",
		"L",
		"R",
		"L",
		"R",
		"R",
		"R",
		"R",
		"R",
		"R",
		"L",
		"R",
		"L",
		"R",
		"R",
		"R",
		"L",
		"L",
		"L",
		"R",
		"L",
		"R",
		"R",
		"R",
		"L",
		"R",
		"L",
		"L",
		"R",
		"R",
		"R",
		"R",
		"L",
		"L",
		"L",
		"R",
		"L",
		"R",
		"R",
		"R",
		"R",
		"R",
		"R",
		"L",
		"L",
		"R",
		"R",
		"R",
		"R",
		"R",
		"L",
		"L",
		"R",
		"R",
		"R",
		"R"
	],
	"response_time":[1.213,1.187,0.913,1.013,1.068,0.664,0.439,0.366,1.538,0.6899999999999999,1.012,1.09,0.649,0.776,0.363,0.382,1.786,0.55,1.194,0.897,1.646,0.656,0.412,0.385,1.733,1.022,1.656,0.764,0.952,0.6909999999999999,0.496,0.467,1.434,1.311,1.27,0.973,1.149,0.67,0.494,0.523,1.551,1.195,1.126,0.919,1.004,0.6909999999999999,0.466,0.396,1.205,1.501,0.888,0.981,0.846,0.597,0.625,0.406,1.159,1.29,1.058,0.921,0.882,0.62,0.314,0.463,1.82,2.285,0.904,0.698,1.644,0.583,0.399,0.536,1.836,1.203,0.9330000000000001,0.903,1.725,1.129,0.454,0.458],
	"Correct":[
		1,
		0,
		0,
		1,
		1,
		"-",
		"-",
		"-",
		1,
		1,
		0,
		1,
		1,
		"-",
		"-",
		"-",
		0,
		1,
		1,
		1,
		0,
		"-",
		"-",
		"-",
		0,
		1,
		1,
		1,
		1,
		"-",
		"-",
		"-",
		1,
		1,
		1,
		1,
		0,
		"-",
		"-",
		"-",
		1,
		0,
		1,
		1,
		1,
		"-",
		"-",
		"-",
		0,
		0,
		1,
		1,
		0,
		"-",
		"-",
		"-",
		1,
		0,
		1,
		1,
		1,
		"-",
		"-",
		"-",
		1,
		0,
		1,
		1,
		0,
		"-",
		"-",
		"-",
		1,
		1,
		0,
		1,
		1,
		"-",
		"-",
		"-"
	],
	"Feedback":[
		"R",
		"R",
		"L",
		"R",
		"L",
		"-",
		"-",
		"-",
		"R",
		"L",
		"R",
		"L",
		"L",
		"-",
		"-",
		"-",
		"R",
		"L",
		"L",
		"L",
		"R",
		"-",
		"-",
		"-",
		"R",
		"L",
		"R",
		"L",
		"R",
		"-",
		"-",
		"-",
		"R",
		"R",
		"L",
		"R",
		"R",
		"-",
		"-",
		"-",
		"L",
		"R",
		"L",
		"R",
		"L",
		"-",
		"-",
		"-",
		"R",
		"L",
		"L",
		"L",
		"L",
		"-",
		"-",
		"-",
		"L",
		"R",
		"L",
		"R",
		"L",
		"-",
		"-",
		"-",
		"R",
		"L",
		"R",
		"L",
		"R",
		"-",
		"-",
		"-",
		"R",
		"R",
		"R",
		"L",
		"R",
		"-",
		"-",
		"-"
	]
}
