{
	"onset":[0.01,14,26,38,50,62,72,82.01000000000001,96,108.01,122,134,146,158,168,180,192,204,216,226,238.01,252.01,266,276,288],
	"duration":[6,6,6,6,6,6,6,6,6,6,6,6,6,6,6,6,6,6,6,6,6,6,6,6,6],
	"trial_type":[
		"country",
		"metal",
		"ambient",
		"symphonic",
		"country",
		"rocknroll",
		"symphonic",
		"symphonic",
		"rocknroll",
		"metal",
		"rocknroll",
		"rocknroll",
		"ambient",
		"ambient",
		"metal",
		"country",
		"symphonic",
		"metal",
		"metal",
		"symphonic",
		"ambient",
		"rocknroll",
		"country",
		"ambient",
		"country"
	],
	"run":[7,7,7,7,7,7,7,7,7,7,7,7,7,7,7,7,7,7,7,7,7,7,7,7,7],
	"run_id":[5,5,5,5,5,5,5,5,5,5,5,5,5,5,5,5,5,5,5,5,5,5,5,5,5],
	"volume":[918,925,931,937,943,949,954,959,966,972,979,985,991,997,1002,1008,1014,1020,1026,1031,1037,1044,1051,1056,1062],
	"run_volume":[0,7,13,19,25,31,36,41,48,54,61,67,73,79,84,90,96,102,108,113,119,126,133,138,144],
	"stim":[
		"country_003.wav",
		"metal_004.wav",
		"ambient_004.wav",
		"symphonic_002.wav",
		"country_002.wav",
		"rocknroll_001.wav",
		"symphonic_004.wav",
		"symphonic_001.wav",
		"rocknroll_003.wav",
		"metal_000.wav",
		"rocknroll_000.wav",
		"rocknroll_004.wav",
		"ambient_003.wav",
		"ambient_000.wav",
		"metal_003.wav",
		"country_001.wav",
		"symphonic_003.wav",
		"metal_001.wav",
		"metal_002.wav",
		"symphonic_000.wav",
		"ambient_002.wav",
		"rocknroll_002.wav",
		"country_000.wav",
		"ambient_001.wav",
		"country_004.wav"
	],
	"genre":[
		"country",
		"metal",
		"ambient",
		"symphonic",
		"country",
		"rocknroll",
		"symphonic",
		"symphonic",
		"rocknroll",
		"metal",
		"rocknroll",
		"rocknroll",
		"ambient",
		"ambient",
		"metal",
		"country",
		"symphonic",
		"metal",
		"metal",
		"symphonic",
		"ambient",
		"rocknroll",
		"country",
		"ambient",
		"country"
	],
	"delay":[8,6,6,6,6,4,4,8,6,8,6,6,6,4,6,6,6,6,4,6,8,8,4,6,6],
	"catch":[1,0,0,0,0,0,0,1,0,1,0,0,0,0,0,0,0,0,0,0,1,1,0,0,0],
	"sound_soa":[0.01470000000017535,0.003099999999903957,0.002800000000206637,0.003499999999803549,0.00250000000005457,0.00250000000005457,0.002700000000004366,0.0102999999999156,0.002700000000004366,0.008299999999962894,0.002700000000004366,0.00250000000005457,0.003900000000157888,0.002600000000256841,0.002399999999852298,0.002200000000357249,0.002800000000206637,0.002499999999599823,0.002800000000206637,0.00250000000005457,0.008100000000013097,0.01080000000001746,0.002700000000004366,0.00250000000005457,0.002599999999802094],
	"trigger_ts":[2874.8891,2888.8891,2900.8882,2912.8876,2924.8872,2936.888,2946.8876,2956.8877,2970.8881,2982.8874,2996.8876,3008.8873,3020.8875,3032.888,3042.8881,3054.8882,3066.8876,3078.8877,3090.8882,3100.8875,3112.8881,3126.8881,3140.8873,3150.8875,3162.8872]
}
