{
	"onset":[0.01,12,24.01,38,50,62,72,84,96,108,120.01,134,146,158,170,180,192.02,206,218.01,232,242,252,264,276,286.01],
	"duration":[6,6,6,6,6,6,6,6,6,6,6,6,6,6,6,6,6,6,6,6,6,6,6,6,6],
	"trial_type":[
		"ambient",
		"country",
		"metal",
		"country",
		"rocknroll",
		"symphonic",
		"symphonic",
		"metal",
		"metal",
		"symphonic",
		"country",
		"country",
		"symphonic",
		"rocknroll",
		"metal",
		"ambient",
		"symphonic",
		"ambient",
		"rocknroll",
		"country",
		"ambient",
		"metal",
		"rocknroll",
		"rocknroll",
		"ambient"
	],
	"run":[4,4,4,4,4,4,4,4,4,4,4,4,4,4,4,4,4,4,4,4,4,4,4,4,4],
	"run_id":[0,0,0,0,0,0,0,0,0,0,0,0,0,0,0,0,0,0,0,0,0,0,0,0,0],
	"volume":[459,465,471,478,484,490,495,501,507,513,519,526,532,538,544,549,555,562,568,575,580,585,591,597,602],
	"run_volume":[0,6,12,19,25,31,36,42,48,54,60,67,73,79,85,90,96,103,109,116,121,126,132,138,143],
	"stim":[
		"ambient_004.wav",
		"country_003.wav",
		"metal_002.wav",
		"country_002.wav",
		"rocknroll_004.wav",
		"symphonic_004.wav",
		"symphonic_000.wav",
		"metal_003.wav",
		"metal_001.wav",
		"symphonic_001.wav",
		"country_001.wav",
		"country_000.wav",
		"symphonic_002.wav",
		"rocknroll_002.wav",
		"metal_004.wav",
		"ambient_000.wav",
		"symphonic_003.wav",
		"ambient_001.wav",
		"rocknroll_003.wav",
		"country_004.wav",
		"ambient_002.wav",
		"metal_000.wav",
		"rocknroll_001.wav",
		"rocknroll_000.wav",
		"ambient_003.wav"
	],
	"genre":[
		"ambient",
		"country",
		"metal",
		"country",
		"rocknroll",
		"symphonic",
		"symphonic",
		"metal",
		"metal",
		"symphonic",
		"country",
		"country",
		"symphonic",
		"rocknroll",
		"metal",
		"ambient",
		"symphonic",
		"ambient",
		"rocknroll",
		"country",
		"ambient",
		"metal",
		"rocknroll",
		"rocknroll",
		"ambient"
	],
	"delay":[6,6,8,6,6,4,6,6,6,6,8,6,6,6,4,6,8,6,8,4,4,6,6,4,8],
	"catch":[0,0,1,0,0,0,0,0,0,0,1,0,0,0,0,0,1,0,1,0,0,0,0,0,1],
	"sound_soa":[0.007100000000036744,0.003799999999955617,0.01469999999994798,0.003100000000131331,0.002499999999827196,0.003500000000030923,0.003399999999828651,0.002399999999852298,0.003500000000030923,0.002400000000079672,0.01209999999991851,0.002599999999802094,0.004099999999880311,0.002499999999827196,0.00250000000005457,0.003400000000056025,0.01649999999995089,0.00430000000005748,0.009799999999813735,0.002700000000004366,0.003399999999828651,0.003600000000005821,0.003299999999853753,0.00250000000005457,0.0124999999998181],
	"trigger_ts":[1764.0905,1776.0902,1788.0905,1802.0907,1814.0911,1826.0905,1836.0903,1848.0904,1860.0904,1872.0906,1884.0903,1898.0911,1910.0902,1922.0903,1934.0906,1944.0905,1956.0902,1970.0904,1982.0902,1996.0909,2006.0902,2016.0903,2028.0904,2040.0906,2050.0902]
}
