{
	"onset":[23.3736,26.6473,29.8555,33.0791,36.2545,39.4436,42.5682,45.8255,49.0664,52.3073,55.5473,58.8055,61.9455,65.13639999999999,68.2436,71.3845,74.45820000000001,77.6991,80.73909999999999,83.99639999999999,87.0536,90.12730000000001,93.3682,96.5591,99.8664,103.041,106.265,109.455,112.596,115.887,119.027,122.202,125.409,128.533,131.706,134.881,138.005,141.112,144.185,147.21,150.466,153.59,156.665,159.888,162.929,166.119,169.16,172.184,175.224,178.397,181.505,184.629,187.769,190.944,194.034,197.107,200.149,203.288,206.413,209.519,212.76,216.018,219.158,222.466,225.624,228.864,231.905,235.128,238.185,241.31,244.567,247.808,251.065,254.273,257.514,260.705,263.928,267.269,270.376,273.685,276.875,280.149,283.223,286.447,289.487,292.595,295.752,298.925,302.234,305.508,308.565,311.705,314.845,318.12,321.227,324.385,327.608,330.765,333.873,337.03,340.071,343.211,346.268,349.359,352.683,355.974,359.047,362.173,365.295,368.503,371.61,374.718,377.857,381.032,384.189,387.363,390.554,393.661,396.885,400.175,403.517,406.691,409.932,413.205,416.28,419.404,422.527,425.685,428.859,431.915,435.09,438.18,441.455,444.495,447.719,450.876,454.034,457.124,460.315,463.422,466.513,469.553,472.626,475.8,478.841,482.098,485.105],
	"duration":[0,0,0,0,0,0,0,0,0,0,0,0,0,0,0,0,0,0,0,0,0,0,0,0,0,0,0,0,0,0,0,0,0,0,0,0,0,0,0,0,0,0,0,0,0,0,0,0,0,0,0,0,0,0,0,0,0,0,0,0,0,0,0,0,0,0,0,0,0,0,0,0,0,0,0,0,0,0,0,0,0,0,0,0,0,0,0,0,0,0,0,0,0,0,0,0,0,0,0,0,0,0,0,0,0,0,0,0,0,0,0,0,0,0,0,0,0,0,0,0,0,0,0,0,0,0,0,0,0,0,0,0,0,0,0,0,0,0,0,0,0,0,0,0,0,0,0],
	"onset_sample":[25711,29312,32841,36387,39880,43388,46825,50408,53973,57538,61102,64686,68140,71650,75068,78523,81904,85469,88813,92396,95759,99140,102705,106215,109853,113345,116891,120401,123856,127476,130930,134422,137950,141386,144877,148369,151805,155223,158604,161931,165513,168949,172331,175877,179222,182731,186076,189402,192746,196237,199655,203092,206546,210038,213437,216818,220164,223617,227054,230471,234036,237620,241074,244713,248186,251750,255095,258641,262004,265441,269024,272589,276172,279700,283265,286775,290321,293996,297414,301053,304562,308164,311545,315092,318436,321854,325327,328818,332457,336059,339421,342876,346330,349932,353350,356823,360369,363842,367260,370733,374078,377532,380895,384295,387951,391571,394952,398390,401825,405353,408771,412190,415643,419135,422608,426099,429609,433027,436573,440193,443869,447360,450925,454526,457908,461344,464780,468253,471745,475107,478599,481998,485600,488944,492491,495964,499437,502836,506346,509764,513164,516508,519889,523380,526725,530308,533616],
	"stim_type":[
		"Unfamiliar",
		"Unfamiliar",
		"Famous",
		"Famous",
		"Scrambled",
		"Scrambled",
		"Famous",
		"Famous",
		"Unfamiliar",
		"Scrambled",
		"Scrambled",
		"Scrambled",
		"Scrambled",
		"Unfamiliar",
		"Unfamiliar",
		"Scrambled",
		"Famous",
		"Famous",
		"Unfamiliar",
		"Unfamiliar",
		"Unfamiliar",
		"Famous",
		"Famous",
		"Scrambled",
		"Scrambled",
		"Famous",
		"Unfamiliar",
		"Unfamiliar",
		"Scrambled",
		"Famous",
		"Famous",
		"Famous",
		"Famous",
		"Scrambled",
		"Scrambled",
		"Famous",
		"Famous",
		"Famous",
		"Unfamiliar",
		"Unfamiliar",
		"Scrambled",
		"Scrambled",
		"Unfamiliar",
		"Famous",
		"Famous",
		"Scrambled",
		"Unfamiliar",
		"Scrambled",
		"Scrambled",
		"Famous",
		"Famous",
		"Scrambled",
		"Famous",
		"Unfamiliar",
		"Unfamiliar",
		"Scrambled",
		"Unfamiliar",
		"Scrambled",
		"Scrambled",
		"Famous",
		"Famous",
		"Famous",
		"Scrambled",
		"Scrambled",
		"Unfamiliar",
		"Unfamiliar",
		"Scrambled",
		"Unfamiliar",
		"Unfamiliar",
		"Unfamiliar",
		"Famous",
		"Famous",
		"Famous",
		"Unfamiliar",
		"Unfamiliar",
		"Unfamiliar",
		"Unfamiliar",
		"Unfamiliar",
		"Scrambled",
		"Scrambled",
		"Unfamiliar",
		"Unfamiliar",
		"Unfamiliar",
		"Unfamiliar",
		"Famous",
		"Famous",
		"Unfamiliar",
		"Unfamiliar",
		"Unfamiliar",
		"Scrambled",
		"Unfamiliar",
		"Unfamiliar",
		"Unfamiliar",
		"Scrambled",
		"Famous",
		"Famous",
		"Famous",
		"Famous",
		"Famous",
		"Unfamiliar",
		"Unfamiliar",
		"Unfamiliar",
		"Scrambled",
		"Famous",
		"Scrambled",
		"Scrambled",
		"Scrambled",
		"Famous",
		"Famous",
		"Famous",
		"Scrambled",
		"Scrambled",
		"Famous",
		"Unfamiliar",
		"Scrambled",
		"Scrambled",
		"Scrambled",
		"Scrambled",
		"Scrambled",
		"Unfamiliar",
		"Unfamiliar",
		"Famous",
		"Famous",
		"Famous",
		"Famous",
		"Unfamiliar",
		"Scrambled",
		"Scrambled",
		"Scrambled",
		"Famous",
		"Scrambled",
		"Unfamiliar",
		"Unfamiliar",
		"Famous",
		"Famous",
		"Scrambled",
		"Scrambled",
		"Scrambled",
		"Scrambled",
		"Famous",
		"Unfamiliar",
		"Scrambled",
		"Unfamiliar",
		"Famous",
		"Famous",
		"Famous",
		"Scrambled"
	],
	"trigger":[13,14,5,6,17,17,5,6,13,17,18,17,19,13,14,19,5,6,13,14,15,5,5,19,17,5,13,14,17,7,5,6,7,17,19,5,6,7,13,14,17,19,13,5,6,19,13,17,18,5,6,19,5,15,13,17,15,17,18,5,5,7,17,18,15,13,19,13,13,14,7,5,7,13,14,13,14,15,17,18,15,13,14,13,7,5,13,14,13,17,13,14,15,17,7,5,6,5,6,15,13,14,19,5,17,19,17,5,6,5,17,18,7,13,19,17,19,17,18,13,14,7,5,6,5,15,17,18,19,5,17,13,14,5,7,17,18,17,18,7,13,19,13,5,6,7,17],
	"stim_file":[
		"meg/u141.bmp",
		"meg/u141.bmp",
		"meg/f026.bmp",
		"meg/f026.bmp",
		"meg/s103.bmp",
		"meg/s021.bmp",
		"meg/f109.bmp",
		"meg/f109.bmp",
		"meg/u108.bmp",
		"meg/s034.bmp",
		"meg/s034.bmp",
		"meg/s101.bmp",
		"meg/s103.bmp",
		"meg/u074.bmp",
		"meg/u074.bmp",
		"meg/s021.bmp",
		"meg/f133.bmp",
		"meg/f133.bmp",
		"meg/u139.bmp",
		"meg/u139.bmp",
		"meg/u108.bmp",
		"meg/f063.bmp",
		"meg/f110.bmp",
		"meg/s101.bmp",
		"meg/s083.bmp",
		"meg/f087.bmp",
		"meg/u089.bmp",
		"meg/u089.bmp",
		"meg/s114.bmp",
		"meg/f063.bmp",
		"meg/f014.bmp",
		"meg/f014.bmp",
		"meg/f110.bmp",
		"meg/s144.bmp",
		"meg/s083.bmp",
		"meg/f062.bmp",
		"meg/f062.bmp",
		"meg/f087.bmp",
		"meg/u004.bmp",
		"meg/u004.bmp",
		"meg/s062.bmp",
		"meg/s114.bmp",
		"meg/u086.bmp",
		"meg/f107.bmp",
		"meg/f107.bmp",
		"meg/s144.bmp",
		"meg/u062.bmp",
		"meg/s012.bmp",
		"meg/s012.bmp",
		"meg/f150.bmp",
		"meg/f150.bmp",
		"meg/s062.bmp",
		"meg/f069.bmp",
		"meg/u086.bmp",
		"meg/u090.bmp",
		"meg/s030.bmp",
		"meg/u062.bmp",
		"meg/s017.bmp",
		"meg/s017.bmp",
		"meg/f147.bmp",
		"meg/f021.bmp",
		"meg/f069.bmp",
		"meg/s058.bmp",
		"meg/s058.bmp",
		"meg/u090.bmp",
		"meg/u061.bmp",
		"meg/s030.bmp",
		"meg/u136.bmp",
		"meg/u047.bmp",
		"meg/u047.bmp",
		"meg/f147.bmp",
		"meg/f064.bmp",
		"meg/f021.bmp",
		"meg/u093.bmp",
		"meg/u093.bmp",
		"meg/u103.bmp",
		"meg/u103.bmp",
		"meg/u061.bmp",
		"meg/s054.bmp",
		"meg/s054.bmp",
		"meg/u136.bmp",
		"meg/u082.bmp",
		"meg/u082.bmp",
		"meg/u055.bmp",
		"meg/f064.bmp",
		"meg/f115.bmp",
		"meg/u038.bmp",
		"meg/u038.bmp",
		"meg/u037.bmp",
		"meg/s140.bmp",
		"meg/u050.bmp",
		"meg/u050.bmp",
		"meg/u055.bmp",
		"meg/s150.bmp",
		"meg/f115.bmp",
		"meg/f030.bmp",
		"meg/f030.bmp",
		"meg/f004.bmp",
		"meg/f004.bmp",
		"meg/u037.bmp",
		"meg/u122.bmp",
		"meg/u122.bmp",
		"meg/s140.bmp",
		"meg/f132.bmp",
		"meg/s089.bmp",
		"meg/s150.bmp",
		"meg/s087.bmp",
		"meg/f041.bmp",
		"meg/f041.bmp",
		"meg/f093.bmp",
		"meg/s069.bmp",
		"meg/s069.bmp",
		"meg/f132.bmp",
		"meg/u127.bmp",
		"meg/s089.bmp",
		"meg/s125.bmp",
		"meg/s087.bmp",
		"meg/s007.bmp",
		"meg/s007.bmp",
		"meg/u001.bmp",
		"meg/u001.bmp",
		"meg/f093.bmp",
		"meg/f034.bmp",
		"meg/f034.bmp",
		"meg/f051.bmp",
		"meg/u127.bmp",
		"meg/s071.bmp",
		"meg/s071.bmp",
		"meg/s125.bmp",
		"meg/f094.bmp",
		"meg/s053.bmp",
		"meg/u132.bmp",
		"meg/u132.bmp",
		"meg/f096.bmp",
		"meg/f051.bmp",
		"meg/s113.bmp",
		"meg/s113.bmp",
		"meg/s031.bmp",
		"meg/s031.bmp",
		"meg/f094.bmp",
		"meg/u145.bmp",
		"meg/s053.bmp",
		"meg/u042.bmp",
		"meg/f088.bmp",
		"meg/f088.bmp",
		"meg/f096.bmp",
		"meg/s127.bmp"
	]
}
