{
	"onset":[0.123,5.386,9.084,14.185,17.69,22.4,26.299,29.5,33.819,38.91,42.922,47.291,51.505,55.185,59.719,63.722,69.81999999999999,73.999,81.47799999999999,84.584,87.803,91.40000000000001,97.203,102.212,109.59,112.912,118.084,122.584,130.09,136.478,142.084,149.209,152.423,155.495,159.09,162.803,169.685,177.123,180.611,185.008,190.822,194.111,197.384,201.319,204.309,210.481,215.687,221.411,224.499,227.915,232.899,236.686,241.721,248.788,251.921,255.5,260.623,263.724,269.923,275.083,279.31,283.478,286.607,291.317,295.495,298.978,305.585,311.986,315.106,319.308,322.589,329.9,337.288,342.788,349.825,354.895,359.005,363.883,369.221,372.609,379.9,385.819,389.421,393.391,396.383,400.482,407.007,413.509,417.219,421.721,426.196,430.998,434.415,438.517,441.608,445.509,450.62,454.59,458.382,461.499],
	"duration":[2,2,2,2,2,2,2,2,2,2,2,2,2,2,2,2,2,2,2,2,2,2,2,2,2,2,2,2,2,2,2,2,2,2,2,2,2,2,2,2,2,2,2,2,2,2,2,2,2,2,2,2,2,2,2,2,2,2,2,2,2,2,2,2,2,2,2,2,2,2,2,2,2,2,2,2,2,2,2,2,2,2,2,2,2,2,2,2,2,2,2,2,2,2,2,2,2,2,2,2],
	"trial_type":[
		"classification-probabilistic",
		"classification-probabilistic",
		"classification-probabilistic",
		"classification-probabilistic",
		"classification-probabilistic",
		"classification-deterministic",
		"classification-deterministic",
		"classification-deterministic",
		"classification-deterministic",
		"classification-deterministic",
		"classification-probabilistic",
		"classification-probabilistic",
		"classification-probabilistic",
		"classification-deterministic",
		"classification-probabilistic",
		"classification-probabilistic",
		"classification-deterministic",
		"classification-deterministic",
		"classification-deterministic",
		"classification-deterministic",
		"classification-probabilistic",
		"classification-probabilistic",
		"classification-deterministic",
		"classification-probabilistic",
		"classification-probabilistic",
		"classification-probabilistic",
		"classification-probabilistic",
		"classification-deterministic",
		"classification-deterministic",
		"classification-deterministic",
		"classification-probabilistic",
		"classification-probabilistic",
		"classification-probabilistic",
		"classification-probabilistic",
		"classification-deterministic",
		"classification-probabilistic",
		"classification-probabilistic",
		"classification-probabilistic",
		"classification-probabilistic",
		"classification-deterministic",
		"classification-probabilistic",
		"classification-deterministic",
		"classification-deterministic",
		"classification-deterministic",
		"classification-deterministic",
		"classification-probabilistic",
		"classification-deterministic",
		"classification-deterministic",
		"classification-deterministic",
		"classification-probabilistic",
		"classification-probabilistic",
		"classification-deterministic",
		"classification-deterministic",
		"classification-deterministic",
		"classification-probabilistic",
		"classification-deterministic",
		"classification-deterministic",
		"classification-deterministic",
		"classification-deterministic",
		"classification-probabilistic",
		"classification-deterministic",
		"classification-deterministic",
		"classification-probabilistic",
		"classification-probabilistic",
		"classification-probabilistic",
		"classification-deterministic",
		"classification-deterministic",
		"classification-probabilistic",
		"classification-probabilistic",
		"classification-probabilistic",
		"classification-probabilistic",
		"classification-deterministic",
		"classification-deterministic",
		"classification-deterministic",
		"classification-probabilistic",
		"classification-probabilistic",
		"classification-probabilistic",
		"classification-deterministic",
		"classification-deterministic",
		"classification-deterministic",
		"classification-deterministic",
		"classification-probabilistic",
		"classification-probabilistic",
		"classification-probabilistic",
		"classification-deterministic",
		"classification-deterministic",
		"classification-probabilistic",
		"classification-probabilistic",
		"classification-probabilistic",
		"classification-deterministic",
		"classification-deterministic",
		"classification-deterministic",
		"classification-probabilistic",
		"classification-probabilistic",
		"classification-deterministic",
		"classification-deterministic",
		"classification-probabilistic",
		"classification-probabilistic",
		"classification-deterministic",
		"classification-deterministic"
	],
	"TrialNum":[1,3,5,7,9,11,13,15,17,19,21,23,25,27,29,31,33,35,37,39,41,43,45,47,49,51,53,55,57,59,61,63,65,67,69,71,73,75,77,79,81,83,85,87,89,91,93,95,97,99,101,103,105,107,109,111,113,115,117,119,121,123,125,127,129,131,133,135,137,139,141,143,145,147,149,151,153,155,157,159,161,163,165,167,169,171,173,175,177,179,181,183,185,187,189,191,193,195,197,199],
	"StimCond":[1,1,1,1,1,2,2,2,2,2,1,1,1,2,1,1,2,2,2,2,1,1,2,1,1,1,1,2,2,2,1,1,1,1,2,1,1,1,1,2,1,2,2,2,2,1,2,2,2,1,1,2,2,2,1,2,2,2,2,1,2,2,1,1,1,2,2,1,1,1,1,2,2,2,1,1,1,2,2,2,2,1,1,1,2,2,1,1,1,2,2,2,1,1,2,2,1,1,2,2],
	"StimulusNum":[10,6,1,8,14,5,13,10,3,12,1,8,5,12,10,10,2,5,4,4,14,6,12,2,4,13,1,4,1,11,4,11,1,10,4,11,5,6,6,7,11,7,9,4,3,2,13,12,5,13,6,11,8,8,3,5,5,7,12,4,1,1,6,2,6,14,4,14,10,4,12,10,8,5,2,10,5,7,5,8,6,1,3,8,10,2,10,6,10,9,4,7,11,8,10,10,10,2,10,7],
	"Response":[
		"L",
		"L",
		"L",
		"R",
		"-",
		"-",
		"L",
		"L",
		"R",
		"L",
		"L",
		"R",
		"R",
		"L",
		"L",
		"L",
		"R",
		"R",
		"L",
		"L",
		"R",
		"-",
		"L",
		"R",
		"L",
		"L",
		"R",
		"L",
		"L",
		"R",
		"L",
		"R",
		"R",
		"L",
		"L",
		"R",
		"R",
		"R",
		"R",
		"L",
		"R",
		"L",
		"L",
		"L",
		"R",
		"R",
		"L",
		"L",
		"R",
		"L",
		"R",
		"R",
		"R",
		"R",
		"R",
		"R",
		"R",
		"L",
		"R",
		"L",
		"L",
		"L",
		"R",
		"R",
		"R",
		"R",
		"L",
		"R",
		"L",
		"L",
		"L",
		"L",
		"R",
		"R",
		"R",
		"L",
		"R",
		"L",
		"R",
		"R",
		"L",
		"L",
		"R",
		"R",
		"L",
		"R",
		"L",
		"R",
		"L",
		"L",
		"L",
		"L",
		"R",
		"R",
		"L",
		"L",
		"L",
		"R",
		"L",
		"L"
	],
	"response_time":[1.498,2.015,2.273,1.074,0,0,1.587,1.385,2.318,1.246,2.318,1.387,1.176,1.515,2.14,1.141,1.598,1.688,1.621,2.023,1.56,0,1.299,0.832,1.404,1.276,1.276,0.961,1.056,1.672,0.763,1.574,1.309,0.929,2.033,1.517,1.077,1.906,1.357,1.185,1.526,1.001,0.844,0.801,0.79,0.6870000000000001,1.667,1.12,1.883,1.659,1.162,1.469,0.976,1.279,1.527,1.706,1.889,1.531,1.9,1.013,1.304,1.255,2.297,1.697,2.03,1.724,1.066,1.491,1.344,0.973,1.696,1.686,1.135,2.035,0.833,1.352,1.361,1.825,1.422,0.929,2.288,2.285,1.153,1.606,1.462,1.779,1.022,1.904,1.055,1.246,1.325,1.336,1.399,1.272,1.654,1.046,1.149,0.855,1.098,1.213],
	"Correct":[1,1,0,1,-1,-1,1,1,1,0,0,1,1,0,1,1,1,1,1,1,1,-1,0,1,1,1,1,1,1,1,1,1,1,1,1,1,1,0,0,1,1,1,0,1,1,1,1,0,1,1,0,1,1,1,0,1,1,1,1,1,1,1,0,1,0,1,1,1,1,1,-1,1,1,1,1,1,1,1,1,1,1,0,0,1,1,1,1,0,1,0,1,1,1,1,1,1,1,1,1,1]
}
