{
	"onset":[0.194,4.611,9.111000000000001,13.611,18.192,22.673,27.169,31.667,36.088,40.611,45.112,49.587,54.112,58.666,63.167,67.667,72.108,76.611,81.087,85.587,90.111,94.66800000000001,99.16800000000001,103.667,108.185,112.587,117.111,121.684,126.087,130.667,135.167,139.667,144.111,148.587,153.185,157.611,162.087,166.668,171.167,175.668,180.111,184.685,189.087,193.587,198.111,202.668,207.168,211.668,216.087,220.686,225.185,229.587,234.185,238.668,243.169,247.668,252.185,256.587,261.185,265.611,270.185,274.667,279.168,283.667,288.112,292.611,297.111,301.584,306.118,310.676,315.174,319.667,324.087,328.612,333.112,337.61,342.108,346.667,351.168,355.67],
	"duration":[
		2,
		2,
		2,
		2,
		2,
		"n/a",
		"n/a",
		"n/a",
		2,
		2,
		2,
		2,
		2,
		"n/a",
		"n/a",
		"n/a",
		2,
		2,
		2,
		2,
		2,
		"n/a",
		"n/a",
		"n/a",
		2,
		2,
		2,
		2,
		2,
		"n/a",
		"n/a",
		"n/a",
		2,
		2,
		2,
		2,
		2,
		"n/a",
		"n/a",
		"n/a",
		2,
		2,
		2,
		2,
		2,
		"n/a",
		"n/a",
		"n/a",
		2,
		2,
		2,
		2,
		2,
		"n/a",
		"n/a",
		"n/a",
		2,
		2,
		2,
		2,
		2,
		"n/a",
		"n/a",
		"n/a",
		2,
		2,
		2,
		2,
		2,
		"n/a",
		"n/a",
		"n/a",
		2,
		2,
		2,
		2,
		2,
		"n/a",
		"n/a",
		"n/a"
	],
	"trial_type":[
		"feedback",
		"feedback",
		"feedback",
		"feedback",
		"feedback",
		"n/a",
		"n/a",
		"n/a",
		"feedback",
		"feedback",
		"feedback",
		"feedback",
		"feedback",
		"n/a",
		"n/a",
		"n/a",
		"feedback",
		"feedback",
		"feedback",
		"feedback",
		"feedback",
		"n/a",
		"n/a",
		"n/a",
		"feedback",
		"feedback",
		"feedback",
		"feedback",
		"feedback",
		"n/a",
		"n/a",
		"n/a",
		"feedback",
		"feedback",
		"feedback",
		"feedback",
		"feedback",
		"n/a",
		"n/a",
		"n/a",
		"feedback",
		"feedback",
		"feedback",
		"feedback",
		"feedback",
		"n/a",
		"n/a",
		"n/a",
		"feedback",
		"feedback",
		"feedback",
		"feedback",
		"feedback",
		"n/a",
		"n/a",
		"n/a",
		"feedback",
		"feedback",
		"feedback",
		"feedback",
		"feedback",
		"n/a",
		"n/a",
		"n/a",
		"feedback",
		"feedback",
		"feedback",
		"feedback",
		"feedback",
		"n/a",
		"n/a",
		"n/a",
		"feedback",
		"feedback",
		"feedback",
		"feedback",
		"feedback",
		"n/a",
		"n/a",
		"n/a"
	],
	"feedback":[
		-1.68,
		0.32,
		0.32,
		0.32,
		0.32,
		"n/a",
		"n/a",
		"n/a",
		0.32,
		0.32,
		0.32,
		0.32,
		-1.68,
		"n/a",
		"n/a",
		"n/a",
		0.32,
		0.32,
		0.32,
		0.32,
		0.32,
		"n/a",
		"n/a",
		"n/a",
		-1.68,
		0.32,
		0.32,
		0.32,
		0.32,
		"n/a",
		"n/a",
		"n/a",
		0.32,
		0.32,
		-1.68,
		0.32,
		0.32,
		"n/a",
		"n/a",
		"n/a",
		0.32,
		-1.68,
		0.32,
		0.32,
		0.32,
		"n/a",
		"n/a",
		"n/a",
		-1.68,
		0.32,
		0.32,
		0.32,
		0.32,
		"n/a",
		"n/a",
		"n/a",
		-1.68,
		0.32,
		0.32,
		-1.68,
		0.32,
		"n/a",
		"n/a",
		"n/a",
		0.32,
		0.32,
		0.32,
		0.32,
		0.32,
		"n/a",
		"n/a",
		"n/a",
		0.32,
		0.32,
		0.32,
		0.32,
		0.32,
		"n/a",
		"n/a",
		"n/a"
	],
	"TrialNum":[1,2,3,4,5,6,7,8,9,10,11,12,13,14,15,16,17,18,19,20,21,22,23,24,25,26,27,28,29,30,31,32,33,34,35,36,37,38,39,40,41,42,43,44,45,46,47,48,49,50,51,52,53,54,55,56,57,58,59,60,61,62,63,64,65,66,67,68,69,70,71,72,73,74,75,76,77,78,79,80],
	"StimCond":[2,2,2,2,2,2,2,2,2,2,2,2,2,2,2,2,2,2,2,2,2,2,2,2,2,2,2,2,2,2,2,2,2,2,2,2,2,2,2,2,2,2,2,2,2,2,2,2,2,2,2,2,2,2,2,2,2,2,2,2,2,2,2,2,2,2,2,2,2,2,2,2,2,2,2,2,2,2,2,2],
	"StimulusNum":[5,7,10,10,11,0,0,0,2,7,8,3,6,0,0,0,8,7,2,4,7,0,0,0,13,1,10,11,4,0,0,0,8,3,12,10,4,0,0,0,10,12,4,3,5,0,0,0,1,13,13,3,14,0,0,0,13,3,11,9,13,0,0,0,9,5,5,4,10,0,0,0,1,10,8,7,6,0,0,0],
	"Response":[
		"L",
		"L",
		"L",
		"L",
		"R",
		"R",
		"R",
		"R",
		"R",
		"L",
		"R",
		"R",
		"R",
		"R",
		"R",
		"R",
		"R",
		"L",
		"R",
		"L",
		"L",
		"R",
		"R",
		"R",
		"R",
		"L",
		"L",
		"R",
		"L",
		"R",
		"R",
		"R",
		"R",
		"R",
		"L",
		"L",
		"L",
		"R",
		"R",
		"R",
		"L",
		"L",
		"L",
		"R",
		"R",
		"R",
		"R",
		"R",
		"R",
		"L",
		"L",
		"R",
		"R",
		"R",
		"R",
		"R",
		"R",
		"R",
		"R",
		"-",
		"L",
		"R",
		"R",
		"R",
		"R",
		"R",
		"R",
		"L",
		"L",
		"R",
		"R",
		"R",
		"L",
		"L",
		"R",
		"L",
		"L",
		"R",
		"R",
		"R"
	],
	"response_time":[1.558,1.571,1.59,0.978,1.105,0.5600000000000001,1.088,0.959,0.838,2.076,1.375,0.869,1.271,0.625,0.332,1.264,0.702,1.158,0.754,0.831,1.275,0.889,0.308,1.098,1.963,1.783,1.124,1.129,0.755,0.603,0.751,0.492,0.835,0.93,1.718,1.494,0.86,0.676,0.537,1.083,1.231,1.286,1.317,1.649,1.502,0.91,1.986,0.966,1.833,1.514,1.647,0.748,1.233,1.415,0.5620000000000001,0.303,2.289,0.717,2.553,0,1.778,2.465,1.717,1.722,2.273,1.695,1.403,0.8139999999999999,1.377,0.658,0.632,2.075,1.477,1.232,1.659,1.299,1.555,1.196,0.368,0.394],
	"Correct":[
		0,
		1,
		1,
		1,
		1,
		"-",
		"-",
		"-",
		1,
		1,
		1,
		1,
		0,
		"-",
		"-",
		"-",
		1,
		1,
		1,
		1,
		1,
		"-",
		"-",
		"-",
		0,
		1,
		1,
		1,
		1,
		"-",
		"-",
		"-",
		1,
		1,
		0,
		1,
		1,
		"-",
		"-",
		"-",
		1,
		0,
		1,
		1,
		1,
		"-",
		"-",
		"-",
		0,
		1,
		1,
		1,
		1,
		"-",
		"-",
		"-",
		0,
		1,
		1,
		-1,
		1,
		"-",
		"-",
		"-",
		1,
		1,
		1,
		1,
		1,
		"-",
		"-",
		"-",
		1,
		1,
		1,
		1,
		1,
		"-",
		"-",
		"-"
	],
	"Feedback":[
		"R",
		"L",
		"L",
		"L",
		"R",
		"-",
		"-",
		"-",
		"R",
		"L",
		"R",
		"R",
		"L",
		"-",
		"-",
		"-",
		"R",
		"L",
		"R",
		"L",
		"L",
		"-",
		"-",
		"-",
		"L",
		"L",
		"L",
		"R",
		"L",
		"-",
		"-",
		"-",
		"R",
		"R",
		"R",
		"L",
		"L",
		"-",
		"-",
		"-",
		"L",
		"R",
		"L",
		"R",
		"R",
		"-",
		"-",
		"-",
		"L",
		"L",
		"L",
		"R",
		"R",
		"-",
		"-",
		"-",
		"L",
		"R",
		"R",
		"R",
		"L",
		"-",
		"-",
		"-",
		"R",
		"R",
		"R",
		"L",
		"L",
		"-",
		"-",
		"-",
		"L",
		"L",
		"R",
		"L",
		"L",
		"-",
		"-",
		"-"
	]
}
