{
	"onset":[0.108,4.61,9.085000000000001,13.581,18.185,22.667,27.168,31.668,36.108,40.587,45.113,49.608,54.189,58.668,63.169,67.66800000000001,72.18899999999999,76.688,81.10899999999999,85.605,90.11,94.66800000000001,99.16800000000001,103.668,108.11,112.614,117.114,121.682,126.116,130.668,135.168,139.668,144.189,148.608,153.189,157.583,162.111,166.669,171.168,175.668,180.087,184.61,189.189,193.615,198.108,202.667,207.168,211.667,216.092,220.688,225.115,229.608,234.11,238.668,243.169,247.668,252.115,256.615,261.086,265.608,270.11,274.667,279.169,283.668,288.19,292.582,297.188,301.61,306.188,310.668,315.168,319.667,324.086,328.608,333.115,337.608,342.109,346.668,351.167,355.667],
	"duration":[
		2,
		2,
		2,
		2,
		2,
		"n/a",
		"n/a",
		"n/a",
		2,
		2,
		2,
		2,
		2,
		"n/a",
		"n/a",
		"n/a",
		2,
		2,
		2,
		2,
		2,
		"n/a",
		"n/a",
		"n/a",
		2,
		2,
		2,
		2,
		2,
		"n/a",
		"n/a",
		"n/a",
		2,
		2,
		2,
		2,
		2,
		"n/a",
		"n/a",
		"n/a",
		2,
		2,
		2,
		2,
		2,
		"n/a",
		"n/a",
		"n/a",
		2,
		2,
		2,
		2,
		2,
		"n/a",
		"n/a",
		"n/a",
		2,
		2,
		2,
		2,
		2,
		"n/a",
		"n/a",
		"n/a",
		2,
		2,
		2,
		2,
		2,
		"n/a",
		"n/a",
		"n/a",
		2,
		2,
		2,
		2,
		2,
		"n/a",
		"n/a",
		"n/a"
	],
	"trial_type":[
		"feedback",
		"feedback",
		"feedback",
		"feedback",
		"feedback",
		"n/a",
		"n/a",
		"n/a",
		"feedback",
		"feedback",
		"feedback",
		"feedback",
		"feedback",
		"n/a",
		"n/a",
		"n/a",
		"feedback",
		"feedback",
		"feedback",
		"feedback",
		"feedback",
		"n/a",
		"n/a",
		"n/a",
		"feedback",
		"feedback",
		"feedback",
		"feedback",
		"feedback",
		"n/a",
		"n/a",
		"n/a",
		"feedback",
		"feedback",
		"feedback",
		"feedback",
		"feedback",
		"n/a",
		"n/a",
		"n/a",
		"feedback",
		"feedback",
		"feedback",
		"feedback",
		"feedback",
		"n/a",
		"n/a",
		"n/a",
		"feedback",
		"feedback",
		"feedback",
		"feedback",
		"feedback",
		"n/a",
		"n/a",
		"n/a",
		"feedback",
		"feedback",
		"feedback",
		"feedback",
		"feedback",
		"n/a",
		"n/a",
		"n/a",
		"feedback",
		"feedback",
		"feedback",
		"feedback",
		"feedback",
		"n/a",
		"n/a",
		"n/a",
		"feedback",
		"feedback",
		"feedback",
		"feedback",
		"feedback",
		"n/a",
		"n/a",
		"n/a"
	],
	"feedback":[
		-1.12,
		0.88,
		-1.12,
		0.88,
		-1.12,
		"n/a",
		"n/a",
		"n/a",
		-1.12,
		-1.12,
		0.88,
		0.88,
		0.88,
		"n/a",
		"n/a",
		"n/a",
		-1.12,
		-1.12,
		-1.12,
		0.88,
		0.88,
		"n/a",
		"n/a",
		"n/a",
		-1.12,
		-1.12,
		0.88,
		0.88,
		-1.12,
		"n/a",
		"n/a",
		"n/a",
		0.88,
		0.88,
		0.88,
		0.88,
		0.88,
		"n/a",
		"n/a",
		"n/a",
		0.88,
		-1.12,
		-1.12,
		0.88,
		0.88,
		"n/a",
		"n/a",
		"n/a",
		-1.12,
		-1.12,
		0.88,
		0.88,
		0.88,
		"n/a",
		"n/a",
		"n/a",
		-1.12,
		-1.12,
		0.88,
		0.88,
		0.88,
		"n/a",
		"n/a",
		"n/a",
		-1.12,
		-1.12,
		0.88,
		0.88,
		-1.12,
		"n/a",
		"n/a",
		"n/a",
		-1.12,
		0.88,
		-1.12,
		0.88,
		0.88,
		"n/a",
		"n/a",
		"n/a"
	],
	"TrialNum":[1,2,3,4,5,6,7,8,9,10,11,12,13,14,15,16,17,18,19,20,21,22,23,24,25,26,27,28,29,30,31,32,33,34,35,36,37,38,39,40,41,42,43,44,45,46,47,48,49,50,51,52,53,54,55,56,57,58,59,60,61,62,63,64,65,66,67,68,69,70,71,72,73,74,75,76,77,78,79,80],
	"StimCond":[1,1,1,1,1,1,1,1,1,1,1,1,1,1,1,1,1,1,1,1,1,1,1,1,1,1,1,1,1,1,1,1,1,1,1,1,1,1,1,1,1,1,1,1,1,1,1,1,1,1,1,1,1,1,1,1,1,1,1,1,1,1,1,1,1,1,1,1,1,1,1,1,1,1,1,1,1,1,1,1],
	"StimulusNum":[3,6,4,4,11,0,0,0,10,3,9,10,14,0,0,0,11,14,6,10,6,0,0,0,6,5,8,12,5,0,0,0,11,10,14,3,6,0,0,0,1,6,11,5,10,0,0,0,2,14,5,10,6,0,0,0,8,5,3,10,6,0,0,0,14,4,11,6,14,0,0,0,3,10,8,10,10,0,0,0],
	"Response":[
		"R",
		"L",
		"R",
		"L",
		"L",
		"R",
		"R",
		"R",
		"R",
		"L",
		"L",
		"L",
		"R",
		"R",
		"-",
		"R",
		"R",
		"L",
		"R",
		"L",
		"L",
		"R",
		"R",
		"R",
		"R",
		"L",
		"R",
		"L",
		"L",
		"R",
		"R",
		"R",
		"R",
		"L",
		"R",
		"R",
		"R",
		"R",
		"R",
		"R",
		"R",
		"R",
		"L",
		"R",
		"L",
		"R",
		"R",
		"R",
		"R",
		"L",
		"R",
		"L",
		"L",
		"R",
		"R",
		"R",
		"L",
		"L",
		"L",
		"L",
		"L",
		"R",
		"R",
		"R",
		"L",
		"L",
		"R",
		"L",
		"R",
		"R",
		"R",
		"R",
		"R",
		"L",
		"L",
		"L",
		"L",
		"R",
		"R",
		"R"
	],
	"response_time":[1.517,1.069,1.051,1.35,1.75,1.406,1.01,0.622,2.694,1.125,1.076,0.731,1.449,1.143,0,0.599,0.867,1.632,1.325,0.978,1.572,0.6879999999999999,0.373,0.352,1.013,1.368,0.861,1.702,2.514,1.032,0.358,1.37,1.013,1.142,0.83,1.166,1.151,0.995,0.447,0.865,1.239,0.9399999999999999,1.08,1.234,2.268,1.062,0.57,1.054,0.974,1.07,1.199,1.417,1.139,1.207,1.122,1.599,1.987,2.245,1.595,1.788,0.9330000000000001,0.833,0.532,0.632,1.187,0.8179999999999999,1.525,1.722,0.806,1.074,0.598,0.955,0.998,1.23,1.502,1.671,1.69,0.876,1.065,0.556],
	"Correct":[
		0,
		1,
		0,
		1,
		0,
		"-",
		"-",
		"-",
		0,
		1,
		1,
		1,
		1,
		"-",
		"-",
		"-",
		1,
		0,
		0,
		1,
		1,
		"-",
		"-",
		"-",
		0,
		0,
		1,
		-1,
		0,
		"-",
		"-",
		"-",
		1,
		1,
		1,
		0,
		0,
		"-",
		"-",
		"-",
		1,
		0,
		0,
		1,
		1,
		"-",
		"-",
		"-",
		1,
		0,
		1,
		1,
		1,
		"-",
		"-",
		"-",
		0,
		0,
		1,
		1,
		1,
		"-",
		"-",
		"-",
		0,
		1,
		1,
		1,
		1,
		"-",
		"-",
		"-",
		0,
		1,
		0,
		1,
		1,
		"-",
		"-",
		"-"
	],
	"Feedback":[
		"L",
		"L",
		"L",
		"L",
		"R",
		"-",
		"-",
		"-",
		"L",
		"R",
		"L",
		"L",
		"R",
		"-",
		"-",
		"-",
		"L",
		"R",
		"L",
		"L",
		"L",
		"-",
		"-",
		"-",
		"L",
		"R",
		"R",
		"L",
		"R",
		"-",
		"-",
		"-",
		"R",
		"L",
		"R",
		"R",
		"R",
		"-",
		"-",
		"-",
		"R",
		"L",
		"R",
		"R",
		"L",
		"-",
		"-",
		"-",
		"L",
		"R",
		"R",
		"L",
		"L",
		"-",
		"-",
		"-",
		"R",
		"R",
		"L",
		"L",
		"L",
		"-",
		"-",
		"-",
		"R",
		"R",
		"R",
		"L",
		"L",
		"-",
		"-",
		"-",
		"L",
		"L",
		"R",
		"L",
		"L",
		"-",
		"-",
		"-"
	]
}
