{
	"onset":[0.02,10,20,32,44,54.02,68,80.01000000000001,94.01000000000001,108,120,132,144,156,168,180,192.01,206,218,228,238,250,262,274,286.01],
	"duration":[6,6,6,6,6,6,6,6,6,6,6,6,6,6,6,6,6,6,6,6,6,6,6,6,6],
	"trial_type":[
		"rocknroll",
		"metal",
		"symphonic",
		"country",
		"country",
		"ambient",
		"rocknroll",
		"country",
		"symphonic",
		"metal",
		"metal",
		"rocknroll",
		"symphonic",
		"rocknroll",
		"ambient",
		"country",
		"metal",
		"ambient",
		"ambient",
		"symphonic",
		"symphonic",
		"ambient",
		"metal",
		"country",
		"rocknroll"
	],
	"run":[3,3,3,3,3,3,3,3,3,3,3,3,3,3,3,3,3,3,3,3,3,3,3,3,3],
	"run_id":[7,7,7,7,7,7,7,7,7,7,7,7,7,7,7,7,7,7,7,7,7,7,7,7,7],
	"volume":[307,312,317,323,329,334,341,347,354,361,367,373,379,385,391,397,403,410,416,421,426,432,438,444,450],
	"run_volume":[0,5,10,16,22,27,34,40,47,54,60,66,72,78,84,90,96,103,109,114,119,125,131,137,143],
	"stim":[
		"rocknroll_000.wav",
		"metal_004.wav",
		"symphonic_002.wav",
		"country_004.wav",
		"country_003.wav",
		"ambient_001.wav",
		"rocknroll_001.wav",
		"country_001.wav",
		"symphonic_004.wav",
		"metal_002.wav",
		"metal_003.wav",
		"rocknroll_003.wav",
		"symphonic_001.wav",
		"rocknroll_004.wav",
		"ambient_000.wav",
		"country_000.wav",
		"metal_000.wav",
		"ambient_004.wav",
		"ambient_003.wav",
		"symphonic_000.wav",
		"symphonic_003.wav",
		"ambient_002.wav",
		"metal_001.wav",
		"country_002.wav",
		"rocknroll_002.wav"
	],
	"genre":[
		"rocknroll",
		"metal",
		"symphonic",
		"country",
		"country",
		"ambient",
		"rocknroll",
		"country",
		"symphonic",
		"metal",
		"metal",
		"rocknroll",
		"symphonic",
		"rocknroll",
		"ambient",
		"country",
		"metal",
		"ambient",
		"ambient",
		"symphonic",
		"symphonic",
		"ambient",
		"metal",
		"country",
		"rocknroll"
	],
	"delay":[4,4,6,6,4,8,6,8,8,6,6,6,6,6,6,6,8,6,4,4,6,6,6,6,8],
	"catch":[0,0,0,0,0,1,0,1,1,0,0,0,0,0,0,0,1,0,0,0,0,0,0,0,1],
	"sound_soa":[0.02170000000000983,0.003100000000131331,0.002399999999852298,0.00250000000005457,0.003000000000156433,0.01880000000005566,0.003699999999980719,0.009700000000066213,0.009499999999889042,0.002600000000029468,0.00250000000005457,0.00250000000005457,0.002700000000004366,0.002499999999827196,0.003400000000056025,0.003400000000056025,0.01459999999997308,0.003600000000005821,0.002400000000079672,0.002400000000079672,0.00250000000005457,0.003899999999930515,0.003500000000030923,0.0022999999998774,0.01020000000016808],
	"trigger_ts":[1437.6457,1447.646,1457.6463,1469.6457,1481.6461,1491.6466,1505.6457,1517.6466,1531.6458,1545.6462,1557.6458,1569.6466,1581.6471,1593.6465,1605.6461,1617.6458,1629.6458,1643.6458,1655.6458,1665.6467,1675.6459,1687.6457,1699.6461,1711.6466,1723.6461]
}
