{
	"name":[
		"EEG001",
		"EEG002",
		"EEG003",
		"EEG004",
		"EEG005",
		"EEG006",
		"EEG007",
		"EEG008",
		"EEG009",
		"EEG010",
		"EEG011",
		"EEG012",
		"EEG013",
		"EEG014",
		"EEG015",
		"EEG016",
		"EEG017",
		"EEG018",
		"EEG019",
		"EEG020",
		"EEG021",
		"EEG022",
		"EEG023",
		"EEG024",
		"EEG025",
		"EEG026",
		"EEG027",
		"EEG028",
		"EEG029",
		"EEG030",
		"EEG031",
		"EEG032",
		"EEG033",
		"EEG034",
		"EEG035",
		"EEG036",
		"EEG037",
		"EEG038",
		"EEG039",
		"EEG040",
		"EEG041",
		"EEG042",
		"EEG043",
		"EEG044",
		"EEG045",
		"EEG046",
		"EEG047",
		"EEG048",
		"EEG049",
		"EEG050",
		"EEG051",
		"EEG052",
		"EEG053",
		"EEG054",
		"EEG055",
		"EEG056",
		"EEG057",
		"EEG058",
		"EEG059",
		"EEG060",
		"EEG065",
		"EEG066",
		"EEG067",
		"EEG068",
		"EEG069",
		"EEG070",
		"EEG071",
		"EEG072",
		"EEG073",
		"EEG074"
	],
	"x":[-0.0462454,0.000494719,0.0402986,-0.0508662,-0.0304942,0.00332133,0.0354359,0.0548214,-0.0625328,-0.0565513,-0.0425536,-0.0209434,0.00262275,0.0299852,0.0455604,0.0602025,0.0683362,-0.0731571,-0.0725618,-0.06819649999999999,-0.0506395,-0.0312631,-0.00331301,0.0295933,0.0527634,0.0693005,0.07507759999999999,0.0733357,-0.07526869999999999,-0.0770086,-0.07196370000000001,-0.052331,-0.0250613,-8.028400000000001e-05,0.0304395,0.0541514,0.0702566,0.077517,0.07454089999999999,-0.06952369999999999,-0.0704791,-0.0657744,-0.05033,-0.0306355,0.00109899,0.0288762,0.0500232,0.0634209,0.06619940000000001,0.0649169,-0.0592322,-0.0614096,-0.0548507,-0.0404839,-0.0227686,0.00106828,0.0247043,0.0405044,0.0520724,0.0547926,0.053548,-0.046895,-0.0282053,-0.00112982,0.0285211,0.0422356,-0.0272538,-0.00130886,0.0264894,-0.00386553],
	"y":[-0.07104009999999999,0.102636,-0.0770209,0.07963099999999999,0.08863600000000001,0.0908919,0.0863927,0.0785187,0.060799,0.0662194,0.07023840000000001,0.0718733,0.07227260000000001,0.0672643,0.0629213,0.0613477,0.0536465,0.0294599,0.0345123,0.0384136,0.0411442,0.0420874,0.0413496,0.0334105,0.030755,0.0309898,0.0282942,0.0288247,0.0131527,0.00651914,0.0104483,0.0103644,0.00770611,0.00313833,0.00247383,0.00152198,-0.000253141,-0.000937849,0.008750320000000001,-0.0288988,-0.0219929,-0.0199446,-0.0189077,-0.0207,-0.0272914,-0.0268086,-0.0265917,-0.0262902,-0.0305582,-0.0351577,-0.0510566,-0.0461459,-0.0451517,-0.0459247,-0.0467022,-0.0515787,-0.0500587,-0.052905,-0.0520873,-0.0527163,-0.0562419,-0.0673614,-0.0669954,-0.0745649,-0.0735175,-0.072685,-0.08032400000000001,-0.0862272,-0.0836582,-0.08562790000000001],
	"z":[0.0250757,0.0416732,0.0208461,0.0387955,0.0631636,0.0746526,0.0653774,0.0377429,0.0390953,0.0585147,0.0791703,0.0927891,0.09731430000000001,0.0942429,0.0844534,0.0648888,0.0401679,0.0131872,0.0407741,0.06778679999999999,0.09177730000000001,0.106713,0.113551,0.112747,0.0955511,0.0691802,0.0450982,0.0134731,0.0136498,0.0425511,0.0753253,0.102457,0.121727,0.127634,0.119971,0.102105,0.07453899999999999,0.0411761,0.0139219,0.018491,0.0484072,0.0799198,0.103887,0.119953,0.121665,0.117498,0.0997787,0.0764846,0.0444676,0.0159375,0.0227719,0.0551821,0.0783152,0.09624820000000001,0.108072,0.105742,0.102645,0.0918243,0.07069739999999999,0.0483562,0.0198422,0.0589218,0.0825737,0.0875706,0.08090219999999999,0.0552933,0.0609873,0.0580039,0.056817,0.0245234]
}
