{
	"onset":[23.7173,26.7582,29.9318,33.0727,36.2627,39.4873,42.6609,45.9518,49.0764,52.25,55.3236,58.4309,61.5545,64.6455,67.97,71.07640000000001,74.2009,77.3745,80.6491,83.9064,87.03,90.2209,93.37820000000001,96.6191,99.6927,102.866,106.107,109.282,112.489,115.746,118.887,121.911,125.001,128.308,131.399,134.69,137.897,141.122,144.363,147.586,150.56,153.901,157.092,160.165,163.239,166.496,169.771,173.112,176.235,179.376,182.466,185.607,188.732,191.838,195.163,198.203,201.411,204.384,207.592,210.883,214.04,217.197,220.254,223.495,226.669,229.843,233,236.207,239.348,242.422,245.629,248.653,251.693,254.951,258.158,261.449,264.539,267.714,270.804,273.978,277.118,280.325,283.45,286.59,289.847,293.038,296.295,299.586,302.677,305.835,309.042,312.215,315.323,318.53,321.655,324.645,327.919,331.093,334.284,337.341,340.415,343.471,346.695,349.97,353.06,356.217,359.341,362.632,365.823,368.996,372.137,375.462,378.635,381.826,384.934,388.074,391.165,394.288,397.579,400.704,403.777,407.017,410.192,413.415,416.473,419.53,422.771,426.012,429.068,432.209,435.333,438.507,441.697,444.838,447.929,450.953,454.043,457.25,460.341,463.498,466.655,469.963,473.204,476.194,479.285,482.458,485.465],
	"duration":[0,0,0,0,0,0,0,0,0,0,0,0,0,0,0,0,0,0,0,0,0,0,0,0,0,0,0,0,0,0,0,0,0,0,0,0,0,0,0,0,0,0,0,0,0,0,0,0,0,0,0,0,0,0,0,0,0,0,0,0,0,0,0,0,0,0,0,0,0,0,0,0,0,0,0,0,0,0,0,0,0,0,0,0,0,0,0,0,0,0,0,0,0,0,0,0,0,0,0,0,0,0,0,0,0,0,0,0,0,0,0,0,0,0,0,0,0,0,0,0,0,0,0,0,0,0,0,0,0,0,0,0,0,0,0,0,0,0,0,0,0,0,0,0,0,0,0],
	"event_sample":[26089,29434,32925,36380,39889,43436,46927,50547,53984,57475,60856,64274,67710,71110,74767,78184,81621,85112,88714,92297,95733,99243,102716,106281,109662,113153,116718,120210,123738,127321,130776,134102,137501,141139,144539,148159,151687,155234,158799,162345,165616,169291,172801,176182,179563,183146,186748,190423,193859,197314,200713,204168,207605,211022,214679,218023,221552,224822,228351,231971,235444,238917,242279,245844,249336,252827,256300,259828,263283,266664,270192,273518,276862,280446,283974,287594,290993,294485,297884,301376,304830,308358,311795,315249,318832,322342,325925,329545,332945,336418,339946,343437,346855,350383,353820,357109,360711,364202,367712,371075,374456,377818,381365,384967,388366,391839,395275,398895,402405,405896,409351,413008,416499,420009,423427,426881,430281,433717,437337,440774,444155,447719,451211,454757,458120,461483,465048,468613,471975,475430,478866,482358,485867,489322,492722,496048,499447,502975,506375,509848,513321,516959,520524,523813,527213,530704,534012],
	"trial_type":[
		"Scrambled",
		"Famous",
		"Unfamiliar",
		"Unfamiliar",
		"Unfamiliar",
		"Scrambled",
		"Scrambled",
		"Unfamiliar",
		"Scrambled",
		"Famous",
		"Famous",
		"Famous",
		"Scrambled",
		"Unfamiliar",
		"Famous",
		"Famous",
		"Famous",
		"Unfamiliar",
		"Unfamiliar",
		"Unfamiliar",
		"Famous",
		"Famous",
		"Unfamiliar",
		"Unfamiliar",
		"Scrambled",
		"Scrambled",
		"Unfamiliar",
		"Famous",
		"Unfamiliar",
		"Unfamiliar",
		"Unfamiliar",
		"Scrambled",
		"Scrambled",
		"Scrambled",
		"Scrambled",
		"Famous",
		"Famous",
		"Unfamiliar",
		"Unfamiliar",
		"Scrambled",
		"Unfamiliar",
		"Scrambled",
		"Scrambled",
		"Scrambled",
		"Scrambled",
		"Famous",
		"Famous",
		"Famous",
		"Famous",
		"Unfamiliar",
		"Unfamiliar",
		"Scrambled",
		"Famous",
		"Famous",
		"Scrambled",
		"Famous",
		"Unfamiliar",
		"Unfamiliar",
		"Famous",
		"Famous",
		"Famous",
		"Unfamiliar",
		"Famous",
		"Famous",
		"Scrambled",
		"Scrambled",
		"Famous",
		"Scrambled",
		"Unfamiliar",
		"Famous",
		"Famous",
		"Famous",
		"Unfamiliar",
		"Famous",
		"Scrambled",
		"Scrambled",
		"Scrambled",
		"Unfamiliar",
		"Unfamiliar",
		"Unfamiliar",
		"Unfamiliar",
		"Scrambled",
		"Unfamiliar",
		"Scrambled",
		"Famous",
		"Scrambled",
		"Scrambled",
		"Scrambled",
		"Unfamiliar",
		"Unfamiliar",
		"Scrambled",
		"Scrambled",
		"Scrambled",
		"Famous",
		"Scrambled",
		"Famous",
		"Famous",
		"Scrambled",
		"Scrambled",
		"Scrambled",
		"Scrambled",
		"Scrambled",
		"Unfamiliar",
		"Famous",
		"Famous",
		"Famous",
		"Famous",
		"Unfamiliar",
		"Unfamiliar",
		"Famous",
		"Scrambled",
		"Scrambled",
		"Unfamiliar",
		"Unfamiliar",
		"Famous",
		"Scrambled",
		"Famous",
		"Famous",
		"Famous",
		"Unfamiliar",
		"Unfamiliar",
		"Famous",
		"Unfamiliar",
		"Unfamiliar",
		"Unfamiliar",
		"Famous",
		"Scrambled",
		"Famous",
		"Famous",
		"Unfamiliar",
		"Unfamiliar",
		"Unfamiliar",
		"Famous",
		"Scrambled",
		"Scrambled",
		"Unfamiliar",
		"Unfamiliar",
		"Famous",
		"Unfamiliar",
		"Unfamiliar",
		"Scrambled",
		"Scrambled",
		"Famous",
		"Unfamiliar",
		"Scrambled",
		"Scrambled",
		"Unfamiliar"
	],
	"event_value":[17,5,13,13,14,17,18,13,19,5,6,7,17,15,5,6,5,13,14,15,5,6,13,14,19,17,13,7,13,14,13,17,18,17,19,5,6,15,13,17,15,17,17,18,19,5,6,5,6,15,13,19,5,6,19,5,13,14,5,5,6,15,5,6,17,18,7,17,13,7,5,6,13,5,17,18,19,13,14,15,13,17,15,17,7,17,18,17,13,15,17,18,19,5,19,5,6,17,18,19,17,18,15,5,6,5,7,13,14,5,17,18,13,13,7,17,5,6,7,13,14,5,15,13,15,5,19,5,6,13,14,13,7,17,18,15,13,7,13,14,17,18,5,15,17,17,15],
	"stim_file":[
		"s041.bmp",
		"f146.bmp",
		"u124.bmp",
		"u149.bmp",
		"u149.bmp",
		"s104.bmp",
		"s104.bmp",
		"u019.bmp",
		"s041.bmp",
		"f091.bmp",
		"f091.bmp",
		"f146.bmp",
		"s047.bmp",
		"u124.bmp",
		"f106.bmp",
		"f106.bmp",
		"f054.bmp",
		"u109.bmp",
		"u109.bmp",
		"u019.bmp",
		"f055.bmp",
		"f055.bmp",
		"u079.bmp",
		"u079.bmp",
		"s047.bmp",
		"s075.bmp",
		"u100.bmp",
		"f054.bmp",
		"u047.bmp",
		"u047.bmp",
		"u057.bmp",
		"s024.bmp",
		"s024.bmp",
		"s072.bmp",
		"s075.bmp",
		"f129.bmp",
		"f129.bmp",
		"u100.bmp",
		"u011.bmp",
		"s093.bmp",
		"u057.bmp",
		"s006.bmp",
		"s073.bmp",
		"s073.bmp",
		"s072.bmp",
		"f141.bmp",
		"f141.bmp",
		"f145.bmp",
		"f145.bmp",
		"u011.bmp",
		"u064.bmp",
		"s093.bmp",
		"f127.bmp",
		"f127.bmp",
		"s006.bmp",
		"f135.bmp",
		"u061.bmp",
		"u061.bmp",
		"f007.bmp",
		"f008.bmp",
		"f008.bmp",
		"u064.bmp",
		"f080.bmp",
		"f080.bmp",
		"s016.bmp",
		"s016.bmp",
		"f135.bmp",
		"s101.bmp",
		"u016.bmp",
		"f007.bmp",
		"f110.bmp",
		"f110.bmp",
		"u078.bmp",
		"f095.bmp",
		"s060.bmp",
		"s060.bmp",
		"s101.bmp",
		"u010.bmp",
		"u010.bmp",
		"u016.bmp",
		"u090.bmp",
		"s033.bmp",
		"u078.bmp",
		"s117.bmp",
		"f095.bmp",
		"s001.bmp",
		"s001.bmp",
		"s130.bmp",
		"u070.bmp",
		"u090.bmp",
		"s007.bmp",
		"s007.bmp",
		"s033.bmp",
		"f088.bmp",
		"s117.bmp",
		"f112.bmp",
		"f112.bmp",
		"s085.bmp",
		"s085.bmp",
		"s130.bmp",
		"s049.bmp",
		"s049.bmp",
		"u070.bmp",
		"f010.bmp",
		"f010.bmp",
		"f075.bmp",
		"f088.bmp",
		"u125.bmp",
		"u125.bmp",
		"f002.bmp",
		"s070.bmp",
		"s070.bmp",
		"u106.bmp",
		"u008.bmp",
		"f075.bmp",
		"s009.bmp",
		"f029.bmp",
		"f029.bmp",
		"f002.bmp",
		"u108.bmp",
		"u108.bmp",
		"f138.bmp",
		"u106.bmp",
		"u083.bmp",
		"u008.bmp",
		"f131.bmp",
		"s009.bmp",
		"f069.bmp",
		"f069.bmp",
		"u050.bmp",
		"u050.bmp",
		"u126.bmp",
		"f138.bmp",
		"s023.bmp",
		"s023.bmp",
		"u083.bmp",
		"u148.bmp",
		"f131.bmp",
		"u093.bmp",
		"u093.bmp",
		"s140.bmp",
		"s140.bmp",
		"f001.bmp",
		"u126.bmp",
		"s150.bmp",
		"s113.bmp",
		"u148.bmp"
	]
}
