{
	"onset":[29.8318,32.8718,35.9791,39.12,42.2773,45.4682,48.6418,51.7655,54.9727,58.03,61.2045,64.24550000000001,67.5355,70.59269999999999,73.78270000000001,77.1073,80.2482,83.4727,86.5455,89.70269999999999,92.76000000000001,95.9845,99.1245,102.299,105.339,108.43,111.42,114.544,117.602,120.792,124.015,127.34,130.564,133.872,136.945,140.153,143.276,146.451,149.608,152.899,156.089,159.28,162.387,165.511,168.652,171.843,175.033,178.325,181.481,184.638,187.713,191.02,194.077,197.217,200.308,203.583,206.656,209.846,212.921,216.161,219.202,222.359,225.433,228.757,232.115,235.255,238.395,241.419,244.61,247.919,251.209,254.366,257.591,260.631,263.621,266.761,269.935,273.176,276.417,279.607,282.715,286.055,289.196,292.371,295.444,298.535,301.742,304.865,307.873,310.996,314.154,317.411,320.502,323.759,326.934,330.024,333.348,336.572,339.729,342.971,345.994,349.218,352.275,355.515,358.824,362.097,365.189,368.279,371.269,374.56,377.867,381.175,384.249,387.373,390.413,393.587,396.727,400.002,403.008,406.266,409.424,412.531,415.721,418.862,422.153,425.21,428.417,431.575,434.832,437.923,441.08,444.086,447.345,450.335,453.442,456.582,459.89,463.164,466.237,469.412,472.469,475.81,479.017,482.208,485.449,488.539,491.63,494.67],
	"duration":[0,0,0,0,0,0,0,0,0,0,0,0,0,0,0,0,0,0,0,0,0,0,0,0,0,0,0,0,0,0,0,0,0,0,0,0,0,0,0,0,0,0,0,0,0,0,0,0,0,0,0,0,0,0,0,0,0,0,0,0,0,0,0,0,0,0,0,0,0,0,0,0,0,0,0,0,0,0,0,0,0,0,0,0,0,0,0,0,0,0,0,0,0,0,0,0,0,0,0,0,0,0,0,0,0,0,0,0,0,0,0,0,0,0,0,0,0,0,0,0,0,0,0,0,0,0,0,0,0,0,0,0,0,0,0,0,0,0,0,0,0,0,0,0,0,0,0,0],
	"event_sample":[32815,36159,39577,43032,46505,50015,53506,56942,60470,63833,67325,70670,74289,77652,81161,84818,88273,91820,95200,98673,102036,105583,109037,112529,115873,119273,122562,125998,129362,132871,136417,140074,143620,147259,150640,154168,157604,161096,164569,168189,171698,175208,178626,182062,185517,189027,192536,196158,199629,203102,206484,210122,213485,216939,220339,223941,227322,230831,234213,237777,241122,244595,247976,251633,255326,258781,262235,265561,269071,272711,276330,279803,283350,286694,289983,293437,296929,300494,304059,307568,310986,314661,318116,321608,324988,328388,331916,335352,338660,342096,345569,349152,352552,356135,359627,363026,366683,370229,373702,377268,380593,384140,387503,391067,394706,398307,401708,405107,408396,412016,415654,419292,422674,426110,429454,432946,436400,440002,443309,446893,450366,453784,457293,460748,464368,467731,471259,474732,478315,481715,485188,488495,492079,495368,498786,502240,505879,509480,512861,516353,519716,523391,526919,530429,533994,537393,540793,544137],
	"trial_type":[
		"Famous",
		"Scrambled",
		"Famous",
		"Famous",
		"Famous",
		"Scrambled",
		"Scrambled",
		"Scrambled",
		"Scrambled",
		"Famous",
		"Famous",
		"Famous",
		"Scrambled",
		"Scrambled",
		"Scrambled",
		"Scrambled",
		"Scrambled",
		"Famous",
		"Famous",
		"Unfamiliar",
		"Unfamiliar",
		"Scrambled",
		"Unfamiliar",
		"Unfamiliar",
		"Unfamiliar",
		"Unfamiliar",
		"Unfamiliar",
		"Famous",
		"Famous",
		"Scrambled",
		"Scrambled",
		"Famous",
		"Scrambled",
		"Unfamiliar",
		"Scrambled",
		"Scrambled",
		"Scrambled",
		"Famous",
		"Unfamiliar",
		"Scrambled",
		"Famous",
		"Famous",
		"Famous",
		"Famous",
		"Scrambled",
		"Famous",
		"Famous",
		"Scrambled",
		"Scrambled",
		"Scrambled",
		"Famous",
		"Unfamiliar",
		"Scrambled",
		"Scrambled",
		"Famous",
		"Famous",
		"Famous",
		"Scrambled",
		"Famous",
		"Scrambled",
		"Scrambled",
		"Famous",
		"Famous",
		"Famous",
		"Unfamiliar",
		"Scrambled",
		"Scrambled",
		"Famous",
		"Unfamiliar",
		"Scrambled",
		"Famous",
		"Unfamiliar",
		"Famous",
		"Scrambled",
		"Unfamiliar",
		"Unfamiliar",
		"Unfamiliar",
		"Scrambled",
		"Famous",
		"Unfamiliar",
		"Scrambled",
		"Scrambled",
		"Scrambled",
		"Famous",
		"Famous",
		"Unfamiliar",
		"Unfamiliar",
		"Unfamiliar",
		"Scrambled",
		"Unfamiliar",
		"Unfamiliar",
		"Scrambled",
		"Scrambled",
		"Famous",
		"Famous",
		"Famous",
		"Unfamiliar",
		"Unfamiliar",
		"Scrambled",
		"Unfamiliar",
		"Unfamiliar",
		"Unfamiliar",
		"Unfamiliar",
		"Unfamiliar",
		"Scrambled",
		"Scrambled",
		"Famous",
		"Famous",
		"Unfamiliar",
		"Unfamiliar",
		"Unfamiliar",
		"Unfamiliar",
		"Unfamiliar",
		"Unfamiliar",
		"Unfamiliar",
		"Unfamiliar",
		"Scrambled",
		"Unfamiliar",
		"Unfamiliar",
		"Scrambled",
		"Unfamiliar",
		"Scrambled",
		"Scrambled",
		"Unfamiliar",
		"Famous",
		"Famous",
		"Unfamiliar",
		"Scrambled",
		"Scrambled",
		"Unfamiliar",
		"Scrambled",
		"Scrambled",
		"Scrambled",
		"Unfamiliar",
		"Unfamiliar",
		"Famous",
		"Famous",
		"Unfamiliar",
		"Unfamiliar",
		"Unfamiliar",
		"Famous",
		"Famous",
		"Famous",
		"Unfamiliar",
		"Unfamiliar",
		"Famous",
		"Famous",
		"Famous"
	],
	"event_value":[5,17,5,6,5,17,18,17,18,7,5,6,19,17,18,17,18,7,5,13,14,17,13,14,13,13,14,7,5,17,19,5,17,15,17,17,18,7,13,19,5,6,7,5,19,5,6,19,17,18,5,15,17,18,5,6,7,17,5,17,18,7,5,5,13,19,17,7,13,17,7,13,7,17,15,13,14,19,5,15,17,18,19,5,6,15,13,14,19,13,14,17,18,7,5,6,13,14,17,13,14,13,13,13,17,19,5,6,13,15,13,15,13,15,13,14,19,13,14,17,15,17,18,15,5,6,15,17,18,13,17,18,19,13,14,5,5,13,14,15,5,6,5,13,14,7,5,7],
	"stim_file":[
		"f087.bmp",
		"s097.bmp",
		"f066.bmp",
		"f066.bmp",
		"f089.bmp",
		"s078.bmp",
		"s078.bmp",
		"s003.bmp",
		"s003.bmp",
		"f087.bmp",
		"f025.bmp",
		"f025.bmp",
		"s097.bmp",
		"s135.bmp",
		"s135.bmp",
		"s106.bmp",
		"s106.bmp",
		"f089.bmp",
		"f140.bmp",
		"u146.bmp",
		"u146.bmp",
		"s102.bmp",
		"u012.bmp",
		"u012.bmp",
		"u003.bmp",
		"u119.bmp",
		"u119.bmp",
		"f140.bmp",
		"f118.bmp",
		"s020.bmp",
		"s102.bmp",
		"f017.bmp",
		"s025.bmp",
		"u003.bmp",
		"s095.bmp",
		"s050.bmp",
		"s050.bmp",
		"f118.bmp",
		"u142.bmp",
		"s020.bmp",
		"f074.bmp",
		"f074.bmp",
		"f017.bmp",
		"f019.bmp",
		"s025.bmp",
		"f004.bmp",
		"f004.bmp",
		"s095.bmp",
		"s077.bmp",
		"s077.bmp",
		"f081.bmp",
		"u142.bmp",
		"s132.bmp",
		"s132.bmp",
		"f005.bmp",
		"f005.bmp",
		"f019.bmp",
		"s069.bmp",
		"f148.bmp",
		"s148.bmp",
		"s148.bmp",
		"f081.bmp",
		"f098.bmp",
		"f041.bmp",
		"u103.bmp",
		"s069.bmp",
		"s103.bmp",
		"f148.bmp",
		"u052.bmp",
		"s074.bmp",
		"f098.bmp",
		"u007.bmp",
		"f041.bmp",
		"s081.bmp",
		"u103.bmp",
		"u053.bmp",
		"u053.bmp",
		"s103.bmp",
		"f109.bmp",
		"u052.bmp",
		"s045.bmp",
		"s045.bmp",
		"s074.bmp",
		"f036.bmp",
		"f036.bmp",
		"u007.bmp",
		"u029.bmp",
		"u029.bmp",
		"s081.bmp",
		"u042.bmp",
		"u042.bmp",
		"s052.bmp",
		"s052.bmp",
		"f109.bmp",
		"f023.bmp",
		"f023.bmp",
		"u072.bmp",
		"u072.bmp",
		"s091.bmp",
		"u117.bmp",
		"u117.bmp",
		"u068.bmp",
		"u140.bmp",
		"u024.bmp",
		"s121.bmp",
		"s091.bmp",
		"f013.bmp",
		"f013.bmp",
		"u013.bmp",
		"u068.bmp",
		"u102.bmp",
		"u140.bmp",
		"u127.bmp",
		"u024.bmp",
		"u040.bmp",
		"u040.bmp",
		"s121.bmp",
		"u006.bmp",
		"u006.bmp",
		"s129.bmp",
		"u013.bmp",
		"s145.bmp",
		"s145.bmp",
		"u102.bmp",
		"f128.bmp",
		"f128.bmp",
		"u127.bmp",
		"s037.bmp",
		"s037.bmp",
		"u131.bmp",
		"s021.bmp",
		"s021.bmp",
		"s129.bmp",
		"u097.bmp",
		"u097.bmp",
		"f122.bmp",
		"f123.bmp",
		"u075.bmp",
		"u075.bmp",
		"u131.bmp",
		"f044.bmp",
		"f044.bmp",
		"f100.bmp",
		"u060.bmp",
		"u060.bmp",
		"f122.bmp",
		"f076.bmp",
		"f123.bmp"
	]
}
