{
	"onset":[23.0855,26.1091,29.1327,32.49,35.4982,38.7382,41.8455,44.9691,48.31,51.5009,54.6909,57.9655,61.0727,64.2636,67.3536,70.51090000000001,73.8018,77.0427,80.15000000000001,83.2573,86.4491,89.6555,92.87909999999999,96.1036,99.3445,102.618,105.709,108.783,111.873,114.964,118.071,121.262,124.452,127.543,130.8,134.075,137.282,140.422,143.496,146.82,149.995,153.185,156.292,159.583,162.74,166.048,169.339,172.396,175.503,178.594,181.701,184.958,188.115,191.306,194.631,197.922,201.263,204.386,207.41,210.735,213.791,216.948,219.955,223.263,226.37,229.511,232.685,235.859,238.933,242.24,245.515,248.638,251.762,254.97,258.194,261.267,264.341,267.565,270.823,274.047,277.087,280.228,283.335,286.575,289.8,293.074,296.298,299.405,302.495,305.636,308.71,311.935,314.958,317.998,321.105,324.313,327.436,330.51,333.551,336.691,339.915,343.106,346.264,349.454,352.712,356.053,359.26,362.501,365.792,368.949,372.223,375.28,378.521,381.662,384.903,388.076,391.15,394.357,397.549,400.705,403.829,407.07,410.212,413.502,416.709,420.05,423.291,426.398,429.572,432.746,435.936,439.277,442.585,445.675,448.716,452.024,455.265,458.422,461.663,464.82,468.077,471.302,474.559,477.683,480.874,484.015,487.121],
	"duration":[0,0,0,0,0,0,0,0,0,0,0,0,0,0,0,0,0,0,0,0,0,0,0,0,0,0,0,0,0,0,0,0,0,0,0,0,0,0,0,0,0,0,0,0,0,0,0,0,0,0,0,0,0,0,0,0,0,0,0,0,0,0,0,0,0,0,0,0,0,0,0,0,0,0,0,0,0,0,0,0,0,0,0,0,0,0,0,0,0,0,0,0,0,0,0,0,0,0,0,0,0,0,0,0,0,0,0,0,0,0,0,0,0,0,0,0,0,0,0,0,0,0,0,0,0,0,0,0,0,0,0,0,0,0,0,0,0,0,0,0,0,0,0,0,0,0,0],
	"event_sample":[25394,28720,32046,35739,39048,42612,46030,49466,53141,56651,60160,63762,67180,70690,74089,77562,81182,84747,88165,91583,95094,98621,102167,105714,109279,112880,116280,119661,123060,126460,129878,133388,136897,140297,143880,147482,151010,154464,157846,161502,164994,168503,171921,175541,179014,182653,186273,189636,193053,196453,199871,203454,206927,210437,214094,217714,221389,224825,228151,231808,235170,238643,241951,245589,249007,252462,255953,259445,262826,266464,270066,273502,276938,280467,284013,287394,290775,294322,297905,301452,304796,308251,311668,315233,318780,322381,325928,329346,332745,336200,339581,343128,346454,349798,353216,356744,360180,363561,366906,370360,373907,377417,380890,384399,387983,391658,395186,398751,402371,405844,409445,412808,416373,419828,423393,426884,430265,433793,437304,440776,444212,447777,451233,454852,458380,462055,465620,469038,472529,476021,479530,483205,486844,490243,493588,497226,500791,504264,507829,511302,514885,518432,522015,525451,528961,532416,535833],
	"trial_type":[
		"Scrambled",
		"Scrambled",
		"Scrambled",
		"Famous",
		"Famous",
		"Scrambled",
		"Scrambled",
		"Scrambled",
		"Scrambled",
		"Scrambled",
		"Scrambled",
		"Unfamiliar",
		"Unfamiliar",
		"Scrambled",
		"Unfamiliar",
		"Scrambled",
		"Unfamiliar",
		"Unfamiliar",
		"Unfamiliar",
		"Unfamiliar",
		"Scrambled",
		"Unfamiliar",
		"Famous",
		"Famous",
		"Scrambled",
		"Famous",
		"Unfamiliar",
		"Famous",
		"Unfamiliar",
		"Famous",
		"Famous",
		"Famous",
		"Famous",
		"Scrambled",
		"Scrambled",
		"Unfamiliar",
		"Famous",
		"Famous",
		"Famous",
		"Famous",
		"Famous",
		"Scrambled",
		"Scrambled",
		"Famous",
		"Famous",
		"Scrambled",
		"Famous",
		"Famous",
		"Unfamiliar",
		"Famous",
		"Famous",
		"Scrambled",
		"Scrambled",
		"Famous",
		"Famous",
		"Scrambled",
		"Scrambled",
		"Unfamiliar",
		"Famous",
		"Unfamiliar",
		"Unfamiliar",
		"Unfamiliar",
		"Unfamiliar",
		"Famous",
		"Famous",
		"Scrambled",
		"Unfamiliar",
		"Scrambled",
		"Scrambled",
		"Famous",
		"Scrambled",
		"Unfamiliar",
		"Unfamiliar",
		"Scrambled",
		"Famous",
		"Unfamiliar",
		"Scrambled",
		"Scrambled",
		"Scrambled",
		"Scrambled",
		"Scrambled",
		"Scrambled",
		"Scrambled",
		"Scrambled",
		"Famous",
		"Scrambled",
		"Unfamiliar",
		"Unfamiliar",
		"Scrambled",
		"Unfamiliar",
		"Unfamiliar",
		"Scrambled",
		"Scrambled",
		"Famous",
		"Famous",
		"Famous",
		"Unfamiliar",
		"Famous",
		"Famous",
		"Scrambled",
		"Unfamiliar",
		"Unfamiliar",
		"Famous",
		"Unfamiliar",
		"Unfamiliar",
		"Unfamiliar",
		"Unfamiliar",
		"Unfamiliar",
		"Famous",
		"Famous",
		"Unfamiliar",
		"Famous",
		"Famous",
		"Famous",
		"Unfamiliar",
		"Unfamiliar",
		"Unfamiliar",
		"Famous",
		"Unfamiliar",
		"Unfamiliar",
		"Famous",
		"Famous",
		"Famous",
		"Scrambled",
		"Scrambled",
		"Famous",
		"Famous",
		"Famous",
		"Unfamiliar",
		"Unfamiliar",
		"Unfamiliar",
		"Scrambled",
		"Famous",
		"Famous",
		"Scrambled",
		"Scrambled",
		"Scrambled",
		"Unfamiliar",
		"Unfamiliar",
		"Unfamiliar",
		"Scrambled",
		"Unfamiliar",
		"Famous",
		"Scrambled",
		"Unfamiliar",
		"Unfamiliar",
		"Scrambled"
	],
	"event_value":[17,17,18,5,6,17,18,17,17,18,19,13,13,17,13,19,13,13,14,15,17,15,5,6,19,5,15,5,15,5,6,5,6,19,17,13,7,5,6,7,5,17,18,5,6,19,5,6,15,5,6,17,18,7,5,17,18,13,5,13,14,13,14,7,5,17,15,17,18,7,17,13,14,17,7,13,19,17,18,17,18,19,17,18,5,19,13,15,17,13,13,17,18,7,5,6,15,5,6,19,13,15,5,15,13,13,14,13,5,6,15,5,6,7,13,14,15,5,13,15,5,6,5,17,18,5,6,7,13,14,15,17,5,7,17,18,17,13,13,14,19,13,7,17,13,14,19],
	"stim_file":[
		"s143.bmp",
		"s051.bmp",
		"s051.bmp",
		"f101.bmp",
		"f101.bmp",
		"s010.bmp",
		"s010.bmp",
		"s055.bmp",
		"s048.bmp",
		"s048.bmp",
		"s143.bmp",
		"u104.bmp",
		"u056.bmp",
		"s071.bmp",
		"u046.bmp",
		"s055.bmp",
		"u132.bmp",
		"u099.bmp",
		"u099.bmp",
		"u104.bmp",
		"s011.bmp",
		"u056.bmp",
		"f053.bmp",
		"f053.bmp",
		"s071.bmp",
		"f006.bmp",
		"u046.bmp",
		"f097.bmp",
		"u132.bmp",
		"f056.bmp",
		"f056.bmp",
		"f119.bmp",
		"f119.bmp",
		"s011.bmp",
		"s038.bmp",
		"u005.bmp",
		"f006.bmp",
		"f059.bmp",
		"f059.bmp",
		"f097.bmp",
		"f086.bmp",
		"s098.bmp",
		"s098.bmp",
		"f033.bmp",
		"f033.bmp",
		"s038.bmp",
		"f016.bmp",
		"f016.bmp",
		"u005.bmp",
		"f113.bmp",
		"f113.bmp",
		"s004.bmp",
		"s004.bmp",
		"f086.bmp",
		"f011.bmp",
		"s128.bmp",
		"s128.bmp",
		"u025.bmp",
		"f114.bmp",
		"u080.bmp",
		"u080.bmp",
		"u092.bmp",
		"u092.bmp",
		"f011.bmp",
		"f060.bmp",
		"s139.bmp",
		"u025.bmp",
		"s137.bmp",
		"s137.bmp",
		"f114.bmp",
		"s044.bmp",
		"u136.bmp",
		"u136.bmp",
		"s076.bmp",
		"f060.bmp",
		"u087.bmp",
		"s139.bmp",
		"s012.bmp",
		"s012.bmp",
		"s086.bmp",
		"s086.bmp",
		"s044.bmp",
		"s058.bmp",
		"s058.bmp",
		"f062.bmp",
		"s076.bmp",
		"u141.bmp",
		"u087.bmp",
		"s141.bmp",
		"u128.bmp",
		"u150.bmp",
		"s008.bmp",
		"s008.bmp",
		"f062.bmp",
		"f045.bmp",
		"f045.bmp",
		"u141.bmp",
		"f147.bmp",
		"f147.bmp",
		"s141.bmp",
		"u129.bmp",
		"u128.bmp",
		"f024.bmp",
		"u150.bmp",
		"u004.bmp",
		"u045.bmp",
		"u045.bmp",
		"u039.bmp",
		"f038.bmp",
		"f038.bmp",
		"u129.bmp",
		"f021.bmp",
		"f021.bmp",
		"f024.bmp",
		"u077.bmp",
		"u077.bmp",
		"u004.bmp",
		"f012.bmp",
		"u001.bmp",
		"u039.bmp",
		"f065.bmp",
		"f065.bmp",
		"f048.bmp",
		"s122.bmp",
		"s122.bmp",
		"f003.bmp",
		"f003.bmp",
		"f012.bmp",
		"u096.bmp",
		"u096.bmp",
		"u001.bmp",
		"s026.bmp",
		"f026.bmp",
		"f048.bmp",
		"s059.bmp",
		"s059.bmp",
		"s064.bmp",
		"u071.bmp",
		"u122.bmp",
		"u122.bmp",
		"s026.bmp",
		"u063.bmp",
		"f026.bmp",
		"s108.bmp",
		"u015.bmp",
		"u015.bmp",
		"s064.bmp"
	]
}
