{
	"onset":[0,3.24,6.548,9.672000000000001,12.912,16.152,19.242,22.249,25.306,27.978,48.424,51.597,54.721,57.962,61.202,64.54300000000001,67.633,70.673,73.84699999999999,77.087,80.261,83.535,86.642,89.899,93.15600000000001,96.26300000000001,99.42100000000001,102.393,105.617,108.724,111.981,114.687,135.199,138.39,141.597,144.687,147.928,151.118,154.358,157.532,160.806,163.963,167.138,170.21,173.367,176.524,179.765,182.855,185.995,189.169,191.725,212.32,215.511,218.751,221.758,224.915,227.988,231.212,234.453,237.643,240.9,244.057,247.214,250.222,253.478,256.735,259.91,263.266,266.607,269.831,272.403,292.865,295.94,299.046,302.219,305.41,308.567,311.791,314.897,317.954,321.145,324.168,327.392,330.582,333.673,336.846,340.02,343.21,346.384,349.09,369.602,372.776,375.899,379.006,382.13,385.17,388.393,391.634,394.791,397.514],
	"duration":[0.885,0.968,0.848,0.889,0.9379999999999999,0.825,0.828,0.845,0.928,20,0.833,0.805,0.926,0.976,0.977,0.868,0.832,0.909,0.954,0.906,0.925,0.856,0.901,0.963,0.886,0.987,0.8080000000000001,0.968,0.884,0.947,0.964,20,0.967,0.987,0.917,0.896,0.969,0.974,0.955,0.9350000000000001,0.945,0.88,0.85,0.961,0.9320000000000001,0.981,0.9,0.9379999999999999,0.99,0.8149999999999999,20,0.9379999999999999,0.919,0.802,0.9379999999999999,0.85,0.831,0.99,0.912,0.912,0.856,0.853,0.848,0.944,0.9330000000000001,0.894,0.989,0.997,0.995,0.832,20,0.877,0.821,0.964,0.872,0.804,0.962,0.8,0.8129999999999999,0.846,0.826,0.959,0.972,0.8080000000000001,0.993,0.929,0.864,0.852,0.957,20,0.98,0.922,0.87,0.963,0.857,0.959,0.881,0.931,0.9429999999999999,0.012],
	"circle_duration":[0.444,0.588,0.478,0.518,0.582,0.529,0.487,0.401,0.445,20,0.41,0.583,0.535,0.545,0.487,0.596,0.462,0.441,0.485,0.513,0.498,0.571,0.471,0.595,0.523,0.462,0.401,0.4,0.5,0.463,0.548,20,0.472,0.461,0.452,0.412,0.576,0.452,0.496,0.449,0.576,0.45,0.535,0.463,0.43,0.458,0.494,0.418,0.43,0.412,20,0.552,0.484,0.5600000000000001,0.445,0.445,0.453,0.577,0.474,0.506,0.576,0.532,0.524,0.401,0.547,0.5649999999999999,0.518,0.593,0.569,0.465,20,0.429,0.435,0.516,0.44,0.539,0.573,0.501,0.541,0.469,0.576,0.433,0.499,0.449,0.518,0.402,0.475,0.554,0.555,20,0.471,0.423,0.422,0.456,0.4,0.414,0.488,0.59,0.456,0],
	"stim_type":[
		"SCRAMBLED",
		"SCRAMBLED",
		"FAMOUS",
		"SCRAMBLED",
		"SCRAMBLED",
		"SCRAMBLED",
		"UNFAMILIAR",
		"UNFAMILIAR",
		"UNFAMILIAR",
		"n/a",
		"FAMOUS",
		"FAMOUS",
		"FAMOUS",
		"SCRAMBLED",
		"FAMOUS",
		"FAMOUS",
		"SCRAMBLED",
		"FAMOUS",
		"UNFAMILIAR",
		"UNFAMILIAR",
		"FAMOUS",
		"FAMOUS",
		"FAMOUS",
		"FAMOUS",
		"SCRAMBLED",
		"FAMOUS",
		"UNFAMILIAR",
		"FAMOUS",
		"FAMOUS",
		"FAMOUS",
		"UNFAMILIAR",
		"n/a",
		"SCRAMBLED",
		"UNFAMILIAR",
		"UNFAMILIAR",
		"UNFAMILIAR",
		"FAMOUS",
		"FAMOUS",
		"UNFAMILIAR",
		"SCRAMBLED",
		"UNFAMILIAR",
		"UNFAMILIAR",
		"SCRAMBLED",
		"SCRAMBLED",
		"SCRAMBLED",
		"UNFAMILIAR",
		"UNFAMILIAR",
		"FAMOUS",
		"FAMOUS",
		"FAMOUS",
		"n/a",
		"SCRAMBLED",
		"SCRAMBLED",
		"SCRAMBLED",
		"UNFAMILIAR",
		"FAMOUS",
		"FAMOUS",
		"UNFAMILIAR",
		"UNFAMILIAR",
		"UNFAMILIAR",
		"UNFAMILIAR",
		"UNFAMILIAR",
		"FAMOUS",
		"SCRAMBLED",
		"UNFAMILIAR",
		"UNFAMILIAR",
		"UNFAMILIAR",
		"SCRAMBLED",
		"SCRAMBLED",
		"UNFAMILIAR",
		"n/a",
		"UNFAMILIAR",
		"FAMOUS",
		"FAMOUS",
		"SCRAMBLED",
		"SCRAMBLED",
		"SCRAMBLED",
		"FAMOUS",
		"SCRAMBLED",
		"UNFAMILIAR",
		"FAMOUS",
		"FAMOUS",
		"UNFAMILIAR",
		"SCRAMBLED",
		"FAMOUS",
		"UNFAMILIAR",
		"UNFAMILIAR",
		"SCRAMBLED",
		"FAMOUS",
		"n/a",
		"SCRAMBLED",
		"SCRAMBLED",
		"SCRAMBLED",
		"UNFAMILIAR",
		"UNFAMILIAR",
		"FAMOUS",
		"FAMOUS",
		"SCRAMBLED",
		"SCRAMBLED",
		"n/a"
	],
	"trigger":[17,18,5,17,18,17,13,13,14,999,5,6,7,17,5,6,19,5,15,13,5,6,5,6,19,5,13,7,5,6,15,999,17,13,13,14,7,5,15,17,13,14,19,17,18,15,13,5,6,7,999,17,18,19,13,5,6,13,14,15,13,14,5,17,15,13,14,17,18,13,999,13,7,5,19,17,18,5,17,15,5,6,15,17,7,13,14,17,7,999,17,18,19,13,14,5,6,19,17,999],
	"button_pushed":[7,7,4,7,7,7,4,7,7,20000,4,7,4,4,4,4,7,7,7,7,7,4,7,7,4,7,4,7,4,7,7,20000,4,7,4,4,4,7,4,4,7,7,4,4,4,7,7,7,7,4,20000,4,4,7,4,4,4,7,7,7,4,4,4,7,4,4,4,7,7,7,20000,7,4,7,7,4,4,4,4,7,4,4,7,7,4,4,4,4,7,20000,4,4,4,7,7,4,4,7,4,0],
	"response_time":[0.979,0.721,1.155,0.759,0.633,0.772,0.621,0.82,0.681,20,1.247,1.03,0.9360000000000001,1.02,0.9429999999999999,0.868,0.6899999999999999,1.019,1.002,0.653,0.9360000000000001,1.121,0.804,0.522,1.014,1.036,0.997,0.963,1.022,0.878,1.003,20,1.218,0.999,1.129,0.912,1.194,0.777,1.036,1.118,0.796,0.828,0.8169999999999999,0.961,0.6909999999999999,0.769,1.064,0.791,0.725,1.223,20,1.076,0.704,0.959,0.969,0.91,0.902,0.838,0.677,0.779,0.835,0.774,1.073,0.728,0.969,0.835,0.869,0.589,0.798,0.922,20,0.779,1.009,0.84,0.923,0.86,0.961,0.867,0.945,1.033,0.572,0.909,0.894,0.781,0.968,0.841,0.8139999999999999,0.805,0.898,20,0.971,0.878,1.062,0.6830000000000001,0.753,1.062,0.849,1.102,0.921,0],
	"stim_file":[
		"func/s081.bmp",
		"func/s081.bmp",
		"func/f080.bmp",
		"func/s075.bmp",
		"func/s075.bmp",
		"func/s065.bmp",
		"func/u067.bmp",
		"func/u075.bmp",
		"func/u075.bmp",
		"func/i999.bmp",
		"func/f075.bmp",
		"func/f075.bmp",
		"func/f080.bmp",
		"func/s077.bmp",
		"func/f066.bmp",
		"func/f066.bmp",
		"func/s065.bmp",
		"func/f073.bmp",
		"func/u067.bmp",
		"func/u069.bmp",
		"func/f072.bmp",
		"func/f072.bmp",
		"func/f071.bmp",
		"func/f071.bmp",
		"func/s077.bmp",
		"func/f070.bmp",
		"func/u078.bmp",
		"func/f073.bmp",
		"func/f067.bmp",
		"func/f067.bmp",
		"func/u069.bmp",
		"func/i999.bmp",
		"func/s071.bmp",
		"func/u070.bmp",
		"func/u066.bmp",
		"func/u066.bmp",
		"func/f070.bmp",
		"func/f074.bmp",
		"func/u078.bmp",
		"func/s068.bmp",
		"func/u073.bmp",
		"func/u073.bmp",
		"func/s071.bmp",
		"func/s067.bmp",
		"func/s067.bmp",
		"func/u070.bmp",
		"func/u080.bmp",
		"func/f081.bmp",
		"func/f081.bmp",
		"func/f074.bmp",
		"func/i999.bmp",
		"func/s079.bmp",
		"func/s079.bmp",
		"func/s068.bmp",
		"func/u065.bmp",
		"func/f079.bmp",
		"func/f079.bmp",
		"func/u079.bmp",
		"func/u079.bmp",
		"func/u080.bmp",
		"func/u072.bmp",
		"func/u072.bmp",
		"func/f065.bmp",
		"func/s080.bmp",
		"func/u065.bmp",
		"func/u081.bmp",
		"func/u081.bmp",
		"func/s070.bmp",
		"func/s070.bmp",
		"func/u068.bmp",
		"func/i999.bmp",
		"func/u077.bmp",
		"func/f065.bmp",
		"func/f069.bmp",
		"func/s080.bmp",
		"func/s066.bmp",
		"func/s066.bmp",
		"func/f078.bmp",
		"func/s073.bmp",
		"func/u068.bmp",
		"func/f068.bmp",
		"func/f068.bmp",
		"func/u077.bmp",
		"func/s069.bmp",
		"func/f069.bmp",
		"func/u074.bmp",
		"func/u074.bmp",
		"func/s074.bmp",
		"func/f078.bmp",
		"func/i999.bmp",
		"func/s072.bmp",
		"func/s072.bmp",
		"func/s073.bmp",
		"func/u071.bmp",
		"func/u071.bmp",
		"func/f077.bmp",
		"func/f077.bmp",
		"func/s069.bmp",
		"func/s078.bmp",
		"func/Circle.bmp"
	]
}
