{
	"onset":[0,3.141,6.398,9.605,12.829,16.17,19.36,22.45,25.524,28.731,31.938,34.493,55.039,58.279,61.436,64.627,67.767,70.958,74.099,77.255,80.262,83.569,86.60899999999999,89.866,93.04000000000001,96.18000000000001,99.387,102.511,105.634,108.808,111.431,131.909,135.016,138.24,141.414,144.571,147.577,150.802,154.025,157.349,160.523,163.596,166.686,169.827,173.117,176.374,179.715,182.939,185.962,188.601,209.13,212.321,215.494,218.602,221.658,224.965,228.139,231.563,234.737,237.927,241.235,244.426,247.717,250.94,254.063,257.354,260.394,263.601,266.725,269.932,273.005,275.711,296.19,299.447,302.604,305.677,308.851,312.108,315.199,318.389,321.646,324.786,327.943,331.217,334.274,337.398,340.488,343.628,346.819,349.508,370.037,373.093,376.167,379.307,382.481,385.588,388.646,391.367],
	"duration":[0.897,0.804,0.848,0.917,0.986,0.9399999999999999,0.867,0.82,0.913,0.95,0.82,20,0.962,0.946,0.911,0.829,0.98,0.829,0.964,0.8100000000000001,0.958,0.805,0.931,0.878,0.851,0.907,0.913,0.904,0.978,0.871,20,0.804,0.995,0.89,0.869,0.835,0.908,0.965,0.987,0.882,0.802,0.833,0.966,0.99,0.929,0.976,0.883,0.8139999999999999,0.899,20,0.885,0.93,0.821,0.849,0.986,0.87,0.999,0.805,0.831,0.981,0.888,0.944,0.989,0.862,0.9340000000000001,0.839,0.862,0.868,0.967,0.873,0.965,20,0.898,0.855,0.85,0.8139999999999999,0.959,0.867,0.844,0.971,0.888,0.8149999999999999,0.93,0.839,0.8120000000000001,0.853,0.946,0.828,0.9419999999999999,20,0.878,0.8080000000000001,0.9370000000000001,0.835,0.919,0.863,0.91,0.012],
	"circle_duration":[0.449,0.48,0.574,0.585,0.546,0.591,0.469,0.458,0.484,0.522,0.497,20,0.503,0.505,0.444,0.516,0.54,0.443,0.551,0.433,0.421,0.577,0.459,0.5649999999999999,0.526,0.518,0.519,0.444,0.436,0.43,20,0.44,0.527,0.454,0.516,0.523,0.416,0.551,0.492,0.5590000000000001,0.533,0.514,0.492,0.402,0.528,0.5580000000000001,0.591,0.572,0.45,20,0.487,0.544,0.471,0.518,0.44,0.553,0.525,0.59,0.593,0.59,0.5590000000000001,0.534,0.585,0.458,0.499,0.591,0.42,0.575,0.488,0.476,0.432,20,0.435,0.586,0.529,0.461,0.588,0.53,0.453,0.573,0.512,0.481,0.57,0.57,0.438,0.54,0.474,0.423,0.589,20,0.488,0.409,0.493,0.426,0.582,0.423,0.435,0],
	"stim_type":[
		"FAMOUS",
		"FAMOUS",
		"UNFAMILIAR",
		"UNFAMILIAR",
		"UNFAMILIAR",
		"SCRAMBLED",
		"SCRAMBLED",
		"FAMOUS",
		"SCRAMBLED",
		"SCRAMBLED",
		"FAMOUS",
		"n/a",
		"UNFAMILIAR",
		"UNFAMILIAR",
		"UNFAMILIAR",
		"UNFAMILIAR",
		"UNFAMILIAR",
		"FAMOUS",
		"FAMOUS",
		"SCRAMBLED",
		"SCRAMBLED",
		"SCRAMBLED",
		"SCRAMBLED",
		"UNFAMILIAR",
		"UNFAMILIAR",
		"FAMOUS",
		"SCRAMBLED",
		"SCRAMBLED",
		"UNFAMILIAR",
		"SCRAMBLED",
		"n/a",
		"SCRAMBLED",
		"SCRAMBLED",
		"FAMOUS",
		"FAMOUS",
		"UNFAMILIAR",
		"FAMOUS",
		"FAMOUS",
		"UNFAMILIAR",
		"SCRAMBLED",
		"SCRAMBLED",
		"SCRAMBLED",
		"UNFAMILIAR",
		"UNFAMILIAR",
		"FAMOUS",
		"FAMOUS",
		"UNFAMILIAR",
		"UNFAMILIAR",
		"UNFAMILIAR",
		"n/a",
		"SCRAMBLED",
		"SCRAMBLED",
		"UNFAMILIAR",
		"UNFAMILIAR",
		"FAMOUS",
		"UNFAMILIAR",
		"FAMOUS",
		"UNFAMILIAR",
		"UNFAMILIAR",
		"FAMOUS",
		"FAMOUS",
		"SCRAMBLED",
		"FAMOUS",
		"FAMOUS",
		"FAMOUS",
		"UNFAMILIAR",
		"FAMOUS",
		"FAMOUS",
		"UNFAMILIAR",
		"UNFAMILIAR",
		"FAMOUS",
		"n/a",
		"UNFAMILIAR",
		"FAMOUS",
		"SCRAMBLED",
		"SCRAMBLED",
		"SCRAMBLED",
		"UNFAMILIAR",
		"SCRAMBLED",
		"SCRAMBLED",
		"SCRAMBLED",
		"UNFAMILIAR",
		"UNFAMILIAR",
		"UNFAMILIAR",
		"SCRAMBLED",
		"SCRAMBLED",
		"FAMOUS",
		"UNFAMILIAR",
		"FAMOUS",
		"n/a",
		"SCRAMBLED",
		"SCRAMBLED",
		"FAMOUS",
		"SCRAMBLED",
		"FAMOUS",
		"FAMOUS",
		"FAMOUS",
		"n/a"
	],
	"trigger":[5,5,13,13,14,17,17,7,17,18,7,999,13,14,15,13,14,5,6,19,17,18,19,13,14,5,17,18,13,17,999,17,18,5,7,13,5,6,15,17,18,19,13,14,5,7,13,14,15,999,17,18,13,14,5,13,7,13,14,5,5,17,7,5,6,15,5,6,13,14,7,999,13,7,17,18,19,13,17,18,17,13,14,15,17,18,5,15,5,999,17,19,5,17,5,6,7,999],
	"button_pushed":[4,4,7,7,7,7,4,4,4,4,4,20000,7,7,7,4,4,7,7,7,4,7,4,7,7,7,7,7,4,4,20000,7,7,4,7,7,4,4,4,7,7,7,4,4,4,7,4,4,4,20000,7,7,4,4,7,7,4,4,4,4,7,7,7,7,7,7,4,4,4,4,4,20000,7,4,4,4,7,4,4,4,7,4,4,4,7,7,4,4,4,20000,7,4,4,7,4,4,7,0],
	"response_time":[1.011,1.021,0.84,0.919,0.78,0.798,0.902,0.892,0.973,0.797,1.056,20,0.776,0.819,1.038,0.991,0.839,0.868,0.699,0.767,0.703,1.043,0.733,0.945,0.737,0.862,1.109,0.695,1.037,1.086,20,1.118,0.901,1.155,0.947,0.849,0.994,0.802,1.079,0.926,0.637,0.833,0.924,0.801,0.944,0.737,0.952,0.826,1.009,20,1.032,0.859,1.033,0.859,0.727,0.919,0.838,1.132,0.609,1.177,0.956,0.985,0.964,0.861,0.873,0.9330000000000001,1.02,1.069,0.982,0.782,0.886,20,1.235,0.784,0.987,0.525,0.601,1.068,0.782,0.528,0.786,0.879,0.826,0.869,0.821,0.632,0.876,0.8080000000000001,0.948,20,1.004,1.076,0.9379999999999999,0.596,0.673,0.599,0.799,0],
	"stim_file":[
		"func/f129.bmp",
		"func/f115.bmp",
		"func/u115.bmp",
		"func/u118.bmp",
		"func/u118.bmp",
		"func/s125.bmp",
		"func/s129.bmp",
		"func/f129.bmp",
		"func/s116.bmp",
		"func/s116.bmp",
		"func/f115.bmp",
		"func/i999.bmp",
		"func/u130.bmp",
		"func/u130.bmp",
		"func/u115.bmp",
		"func/u116.bmp",
		"func/u116.bmp",
		"func/f122.bmp",
		"func/f122.bmp",
		"func/s125.bmp",
		"func/s123.bmp",
		"func/s123.bmp",
		"func/s129.bmp",
		"func/u119.bmp",
		"func/u119.bmp",
		"func/f118.bmp",
		"func/s120.bmp",
		"func/s120.bmp",
		"func/u126.bmp",
		"func/s122.bmp",
		"func/i999.bmp",
		"func/s126.bmp",
		"func/s126.bmp",
		"func/f120.bmp",
		"func/f118.bmp",
		"func/u125.bmp",
		"func/f125.bmp",
		"func/f125.bmp",
		"func/u126.bmp",
		"func/s124.bmp",
		"func/s124.bmp",
		"func/s122.bmp",
		"func/u123.bmp",
		"func/u123.bmp",
		"func/f114.bmp",
		"func/f120.bmp",
		"func/u121.bmp",
		"func/u121.bmp",
		"func/u125.bmp",
		"func/i999.bmp",
		"func/s130.bmp",
		"func/s130.bmp",
		"func/u128.bmp",
		"func/u128.bmp",
		"func/f130.bmp",
		"func/u114.bmp",
		"func/f114.bmp",
		"func/u124.bmp",
		"func/u124.bmp",
		"func/f119.bmp",
		"func/f126.bmp",
		"func/s128.bmp",
		"func/f130.bmp",
		"func/f116.bmp",
		"func/f116.bmp",
		"func/u114.bmp",
		"func/f127.bmp",
		"func/f127.bmp",
		"func/u129.bmp",
		"func/u129.bmp",
		"func/f119.bmp",
		"func/i999.bmp",
		"func/u120.bmp",
		"func/f126.bmp",
		"func/s114.bmp",
		"func/s114.bmp",
		"func/s128.bmp",
		"func/u122.bmp",
		"func/s115.bmp",
		"func/s115.bmp",
		"func/s119.bmp",
		"func/u127.bmp",
		"func/u127.bmp",
		"func/u120.bmp",
		"func/s121.bmp",
		"func/s121.bmp",
		"func/f124.bmp",
		"func/u122.bmp",
		"func/f123.bmp",
		"func/i999.bmp",
		"func/s118.bmp",
		"func/s119.bmp",
		"func/f128.bmp",
		"func/s127.bmp",
		"func/f121.bmp",
		"func/f121.bmp",
		"func/f124.bmp",
		"func/Circle.bmp"
	]
}
