{
	"onset":[0,3.04,6.414,9.571,12.695,15.952,19.126,22.316,25.557,28.764,31.837,34.493,55.105,58.246,61.403,64.49299999999999,67.717,70.991,74.098,77.271,80.361,83.38500000000001,86.52500000000001,89.682,92.806,95.913,99.254,102.527,105.668,108.357,128.869,131.993,135.033,138.073,141.347,144.654,147.911,151.135,154.242,157.382,160.473,163.646,166.92,170.044,173.318,176.525,179.849,183.056,186.146,188.752,209.381,212.455,215.561,218.718,221.859,224.865,228.139,231.38,234.52,237.727,240.951,243.974,247.182,250.405,253.613,256.686,259.86,263.1,266.291,269.381,272.087,292.582,295.94,299.13,302.27,305.494,308.635,311.725,314.848,317.922,321.279,324.453,327.61,330.901,334.091,337.348,340.555,343.696,346.836,349.993,352.549,373.027,376.168,379.225,382.448,385.806,388.896,392.086,394.709],
	"duration":[0.853,0.929,0.806,0.902,0.999,0.864,0.895,0.98,0.899,0.85,0.912,20,0.8090000000000001,0.805,0.8129999999999999,0.918,0.948,0.8179999999999999,0.805,0.891,0.8080000000000001,0.905,0.881,0.861,0.901,0.991,0.929,0.8139999999999999,0.952,20,0.802,0.836,0.859,0.962,0.952,0.903,0.893,0.828,0.886,0.846,0.947,0.911,0.834,0.998,0.908,0.99,0.866,0.919,0.862,20,0.8110000000000001,0.837,0.925,0.8100000000000001,0.836,0.919,0.908,0.848,0.847,0.87,0.85,0.961,0.915,0.925,0.857,0.907,0.902,0.849,0.889,0.954,20,0.991,0.976,0.853,0.95,0.85,0.854,0.922,0.896,0.996,0.9,0.97,0.973,0.903,0.961,0.947,0.87,0.8,0.854,0.804,20,0.948,0.858,0.879,0.997,0.89,0.852,0.824,0.012],
	"circle_duration":[0.491,0.413,0.574,0.579,0.465,0.492,0.544,0.519,0.496,0.537,0.464,20,0.576,0.5580000000000001,0.583,0.503,0.544,0.5649999999999999,0.529,0.587,0.422,0.435,0.462,0.515,0.491,0.45,0.584,0.57,0.5649999999999999,20,0.468,0.552,0.447,0.409,0.538,0.593,0.592,0.552,0.51,0.496,0.48,0.457,0.595,0.522,0.506,0.519,0.5659999999999999,0.573,0.407,20,0.586,0.49,0.494,0.464,0.5620000000000001,0.412,0.595,0.486,0.521,0.597,0.572,0.416,0.482,0.536,0.502,0.446,0.489,0.569,0.57,0.422,20,0.457,0.593,0.439,0.503,0.516,0.531,0.455,0.43,0.413,0.595,0.51,0.41,0.542,0.522,0.528,0.492,0.488,0.577,0.526,20,0.448,0.423,0.422,0.577,0.59,0.426,0.57,0],
	"stim_type":[
		"UNFAMILIAR",
		"UNFAMILIAR",
		"SCRAMBLED",
		"SCRAMBLED",
		"UNFAMILIAR",
		"SCRAMBLED",
		"SCRAMBLED",
		"UNFAMILIAR",
		"UNFAMILIAR",
		"UNFAMILIAR",
		"UNFAMILIAR",
		"n/a",
		"SCRAMBLED",
		"SCRAMBLED",
		"UNFAMILIAR",
		"UNFAMILIAR",
		"FAMOUS",
		"FAMOUS",
		"SCRAMBLED",
		"SCRAMBLED",
		"SCRAMBLED",
		"SCRAMBLED",
		"SCRAMBLED",
		"SCRAMBLED",
		"SCRAMBLED",
		"SCRAMBLED",
		"SCRAMBLED",
		"UNFAMILIAR",
		"SCRAMBLED",
		"n/a",
		"UNFAMILIAR",
		"UNFAMILIAR",
		"UNFAMILIAR",
		"UNFAMILIAR",
		"SCRAMBLED",
		"UNFAMILIAR",
		"FAMOUS",
		"UNFAMILIAR",
		"SCRAMBLED",
		"SCRAMBLED",
		"SCRAMBLED",
		"FAMOUS",
		"SCRAMBLED",
		"UNFAMILIAR",
		"SCRAMBLED",
		"SCRAMBLED",
		"FAMOUS",
		"FAMOUS",
		"UNFAMILIAR",
		"n/a",
		"FAMOUS",
		"FAMOUS",
		"SCRAMBLED",
		"SCRAMBLED",
		"FAMOUS",
		"SCRAMBLED",
		"SCRAMBLED",
		"SCRAMBLED",
		"UNFAMILIAR",
		"UNFAMILIAR",
		"FAMOUS",
		"FAMOUS",
		"FAMOUS",
		"FAMOUS",
		"FAMOUS",
		"FAMOUS",
		"FAMOUS",
		"UNFAMILIAR",
		"UNFAMILIAR",
		"UNFAMILIAR",
		"n/a",
		"FAMOUS",
		"UNFAMILIAR",
		"UNFAMILIAR",
		"FAMOUS",
		"FAMOUS",
		"UNFAMILIAR",
		"UNFAMILIAR",
		"UNFAMILIAR",
		"FAMOUS",
		"FAMOUS",
		"FAMOUS",
		"UNFAMILIAR",
		"SCRAMBLED",
		"SCRAMBLED",
		"UNFAMILIAR",
		"UNFAMILIAR",
		"SCRAMBLED",
		"SCRAMBLED",
		"UNFAMILIAR",
		"n/a",
		"FAMOUS",
		"FAMOUS",
		"FAMOUS",
		"FAMOUS",
		"FAMOUS",
		"FAMOUS",
		"FAMOUS",
		"n/a"
	],
	"trigger":[13,13,17,18,13,17,17,15,13,14,15,999,17,18,13,15,5,6,19,17,18,19,17,17,18,17,18,15,17,999,13,14,13,14,19,13,5,13,19,17,18,5,17,15,17,18,7,5,15,999,5,6,17,18,7,17,18,19,13,13,7,5,6,5,6,5,6,13,14,15,999,5,15,13,5,6,13,14,13,5,7,5,15,17,18,13,14,17,18,15,999,5,7,5,7,5,6,5,999],
	"button_pushed":[
		4,
		4,
		4,
		4,
		4,
		4,
		4,
		4,
		4,
		4,
		4,
		20000,
		4,
		4,
		4,
		4,
		4,
		4,
		4,
		4,
		7,
		4,
		4,
		4,
		4,
		7,
		7,
		4,
		4,
		20000,
		4,
		4,
		4,
		4,
		4,
		4,
		4,
		4,
		4,
		4,
		4,
		4,
		4,
		4,
		7,
		7,
		4,
		4,
		4,
		20000,
		4,
		4,
		4,
		4,
		4,
		4,
		4,
		4,
		4,
		4,
		4,
		4,
		4,
		4,
		4,
		4,
		4,
		4,
		4,
		7,
		20000,
		7,
		4,
		4,
		4,
		4,
		4,
		4,
		4,
		4,
		7,
		4,
		4,
		"n/a",
		7,
		4,
		4,
		7,
		7,
		4,
		20000,
		4,
		4,
		4,
		4,
		4,
		4,
		4,
		0
	],
	"response_time":[0.922,0.658,0.633,0.73,0.775,0.614,1.121,0.8110000000000001,0.62,0.536,0.636,20,1.139,0.582,0.852,0.735,0.82,0.599,0.851,0.666,0.732,0.885,0.79,0.8080000000000001,0.75,0.91,1.924,0.775,0.716,20,0.731,0.528,0.646,0.539,0.589,0.497,0.57,1.808,0.608,0.61,0.603,0.534,0.62,0.66,1.105,1.379,0.748,0.825,1.187,20,0.791,0.697,0.987,0.501,0.625,1.025,0.614,0.894,1.083,0.902,0.733,0.743,0.658,0.617,0.616,1.141,0.622,0.855,0.729,1.581,20,0.9419999999999999,0.721,0.86,1.044,0.8149999999999999,1.29,0.702,0.9379999999999999,1.05,0.8080000000000001,0.6860000000000001,0.904,0,0.74,0.927,0.758,0.909,0.847,0.723,20,1.859,0.715,0.68,0.651,0.905,0.596,0.642,0],
	"stim_file":[
		"func/u116.bmp",
		"func/u125.bmp",
		"func/s129.bmp",
		"func/s129.bmp",
		"func/u118.bmp",
		"func/s128.bmp",
		"func/s125.bmp",
		"func/u116.bmp",
		"func/u128.bmp",
		"func/u128.bmp",
		"func/u125.bmp",
		"func/i999.bmp",
		"func/s123.bmp",
		"func/s123.bmp",
		"func/u130.bmp",
		"func/u118.bmp",
		"func/f130.bmp",
		"func/f130.bmp",
		"func/s128.bmp",
		"func/s115.bmp",
		"func/s115.bmp",
		"func/s125.bmp",
		"func/s118.bmp",
		"func/s116.bmp",
		"func/s116.bmp",
		"func/s114.bmp",
		"func/s114.bmp",
		"func/u130.bmp",
		"func/s124.bmp",
		"func/i999.bmp",
		"func/u124.bmp",
		"func/u124.bmp",
		"func/u129.bmp",
		"func/u129.bmp",
		"func/s118.bmp",
		"func/u119.bmp",
		"func/f122.bmp",
		"func/u115.bmp",
		"func/s124.bmp",
		"func/s119.bmp",
		"func/s119.bmp",
		"func/f119.bmp",
		"func/s120.bmp",
		"func/u119.bmp",
		"func/s126.bmp",
		"func/s126.bmp",
		"func/f122.bmp",
		"func/f115.bmp",
		"func/u115.bmp",
		"func/i999.bmp",
		"func/f120.bmp",
		"func/f120.bmp",
		"func/s122.bmp",
		"func/s122.bmp",
		"func/f119.bmp",
		"func/s127.bmp",
		"func/s127.bmp",
		"func/s120.bmp",
		"func/u114.bmp",
		"func/u126.bmp",
		"func/f115.bmp",
		"func/f121.bmp",
		"func/f121.bmp",
		"func/f125.bmp",
		"func/f125.bmp",
		"func/f123.bmp",
		"func/f123.bmp",
		"func/u121.bmp",
		"func/u121.bmp",
		"func/u114.bmp",
		"func/i999.bmp",
		"func/f129.bmp",
		"func/u126.bmp",
		"func/u120.bmp",
		"func/f126.bmp",
		"func/f126.bmp",
		"func/u122.bmp",
		"func/u122.bmp",
		"func/u127.bmp",
		"func/f128.bmp",
		"func/f129.bmp",
		"func/f124.bmp",
		"func/u120.bmp",
		"func/s121.bmp",
		"func/s121.bmp",
		"func/u123.bmp",
		"func/u123.bmp",
		"func/s130.bmp",
		"func/s130.bmp",
		"func/u127.bmp",
		"func/i999.bmp",
		"func/f114.bmp",
		"func/f128.bmp",
		"func/f118.bmp",
		"func/f124.bmp",
		"func/f116.bmp",
		"func/f116.bmp",
		"func/f127.bmp",
		"func/Circle.bmp"
	]
}
