{
	"onset":[0,3.207,6.364,9.455,12.595,15.902,19.109,22.199,25.473,28.663,31.937,34.576,55.122,58.413,61.536,64.74299999999999,67.98399999999999,71.024,74.298,77.55500000000001,80.679,83.953,87.11,90.40000000000001,93.524,96.59699999999999,99.754,102.878,105.968,108.991,112.015,114.637,135.216,138.34,141.597,144.754,147.979,151.085,154.309,157.399,160.623,163.83,166.836,170.094,173.267,176.408,179.498,182.621,185.662,188.885,192.109,194.798,215.394,218.702,221.708,224.815,228.039,231.179,234.237,237.36,240.467,243.573,246.68,249.854,253.011,256.169,259.392,262.432,265.622,268.345,288.957,292.131,295.255,298.395,301.585,304.759,307.883,311.09,314.38,317.471,320.612,323.851,327.109,330.266,333.507,336.647,339.72,342.894,345.917,348.556,369.119,372.359,375.382,378.59,381.73,384.92,388.244,391.518,394.308],
	"duration":[0.88,0.855,0.868,0.863,0.963,0.96,0.893,0.91,0.872,0.9409999999999999,0.895,20,0.979,0.9350000000000001,0.875,0.9,0.805,0.962,0.982,0.851,0.92,0.841,0.953,0.906,0.842,0.924,0.88,0.879,0.831,0.825,0.87,20,0.865,0.995,0.946,0.874,0.851,0.881,0.8179999999999999,0.853,0.907,0.8120000000000001,0.897,0.874,0.828,0.8110000000000001,0.869,0.845,0.964,0.967,0.947,20,0.975,0.82,0.894,0.968,0.848,0.834,0.9340000000000001,0.862,0.915,0.872,0.977,0.8159999999999999,0.9429999999999999,0.871,0.841,0.84,0.985,20,0.97,0.82,0.945,0.823,0.901,0.881,0.9360000000000001,0.9379999999999999,0.802,0.975,0.964,0.918,0.826,0.9409999999999999,0.828,0.888,0.96,0.839,0.903,20,0.956,0.834,0.9409999999999999,0.958,0.966,0.965,0.91,0.996,0.012],
	"circle_duration":[0.513,0.555,0.426,0.468,0.518,0.57,0.478,0.427,0.597,0.549,0.5639999999999999,20,0.507,0.54,0.419,0.5649999999999999,0.58,0.464,0.535,0.516,0.507,0.592,0.543,0.573,0.448,0.465,0.454,0.476,0.44,0.422,0.423,20,0.537,0.491,0.49,0.435,0.585,0.492,0.582,0.512,0.587,0.528,0.424,0.598,0.523,0.545,0.517,0.491,0.423,0.498,0.5,20,0.5620000000000001,0.5659999999999999,0.409,0.446,0.5,0.482,0.468,0.422,0.484,0.428,0.453,0.43,0.579,0.451,0.584,0.418,0.57,20,0.583,0.44,0.519,0.429,0.589,0.512,0.474,0.505,0.577,0.53,0.401,0.51,0.573,0.5610000000000001,0.534,0.551,0.414,0.438,0.41,20,0.526,0.514,0.424,0.498,0.405,0.466,0.586,0.594,0],
	"stim_type":[
		"SCRAMBLED",
		"UNFAMILIAR",
		"UNFAMILIAR",
		"UNFAMILIAR",
		"UNFAMILIAR",
		"SCRAMBLED",
		"SCRAMBLED",
		"FAMOUS",
		"SCRAMBLED",
		"SCRAMBLED",
		"SCRAMBLED",
		"n/a",
		"UNFAMILIAR",
		"UNFAMILIAR",
		"UNFAMILIAR",
		"SCRAMBLED",
		"UNFAMILIAR",
		"FAMOUS",
		"SCRAMBLED",
		"FAMOUS",
		"UNFAMILIAR",
		"FAMOUS",
		"UNFAMILIAR",
		"UNFAMILIAR",
		"SCRAMBLED",
		"FAMOUS",
		"FAMOUS",
		"UNFAMILIAR",
		"FAMOUS",
		"FAMOUS",
		"SCRAMBLED",
		"n/a",
		"FAMOUS",
		"FAMOUS",
		"FAMOUS",
		"FAMOUS",
		"FAMOUS",
		"FAMOUS",
		"FAMOUS",
		"UNFAMILIAR",
		"UNFAMILIAR",
		"UNFAMILIAR",
		"SCRAMBLED",
		"SCRAMBLED",
		"FAMOUS",
		"UNFAMILIAR",
		"UNFAMILIAR",
		"UNFAMILIAR",
		"FAMOUS",
		"FAMOUS",
		"UNFAMILIAR",
		"n/a",
		"SCRAMBLED",
		"SCRAMBLED",
		"FAMOUS",
		"UNFAMILIAR",
		"UNFAMILIAR",
		"FAMOUS",
		"UNFAMILIAR",
		"SCRAMBLED",
		"UNFAMILIAR",
		"FAMOUS",
		"FAMOUS",
		"SCRAMBLED",
		"FAMOUS",
		"FAMOUS",
		"SCRAMBLED",
		"SCRAMBLED",
		"SCRAMBLED",
		"n/a",
		"FAMOUS",
		"UNFAMILIAR",
		"UNFAMILIAR",
		"UNFAMILIAR",
		"FAMOUS",
		"SCRAMBLED",
		"SCRAMBLED",
		"SCRAMBLED",
		"FAMOUS",
		"FAMOUS",
		"FAMOUS",
		"UNFAMILIAR",
		"FAMOUS",
		"FAMOUS",
		"FAMOUS",
		"SCRAMBLED",
		"SCRAMBLED",
		"UNFAMILIAR",
		"SCRAMBLED",
		"n/a",
		"SCRAMBLED",
		"UNFAMILIAR",
		"SCRAMBLED",
		"SCRAMBLED",
		"SCRAMBLED",
		"SCRAMBLED",
		"UNFAMILIAR",
		"UNFAMILIAR",
		"n/a"
	],
	"trigger":[17,13,14,13,14,17,18,5,17,18,19,999,13,13,14,17,13,7,17,5,15,5,13,14,19,5,6,15,5,6,19,999,5,7,5,6,7,5,6,13,13,14,17,18,7,13,14,13,5,6,15,999,17,18,5,13,14,5,15,17,13,5,7,17,5,7,17,18,19,999,5,15,13,14,7,17,18,19,5,6,7,13,5,6,7,17,18,13,17,999,17,15,17,18,17,18,13,15,999],
	"button_pushed":[
		7,
		7,
		7,
		7,
		7,
		7,
		7,
		4,
		7,
		4,
		7,
		20000,
		7,
		4,
		4,
		4,
		4,
		4,
		4,
		7,
		7,
		4,
		4,
		4,
		7,
		4,
		4,
		4,
		4,
		4,
		4,
		20000,
		7,
		7,
		4,
		4,
		7,
		4,
		4,
		4,
		7,
		7,
		4,
		4,
		7,
		4,
		4,
		7,
		7,
		7,
		7,
		20000,
		"n/a",
		"n/a",
		4,
		7,
		7,
		4,
		7,
		4,
		7,
		7,
		4,
		7,
		4,
		"n/a",
		7,
		4,
		4,
		20000,
		7,
		7,
		4,
		4,
		7,
		7,
		7,
		7,
		4,
		4,
		7,
		4,
		4,
		4,
		7,
		7,
		"n/a",
		"n/a",
		"n/a",
		20000,
		7,
		4,
		7,
		7,
		7,
		7,
		7,
		7,
		0
	],
	"response_time":[1.031,0.763,0.644,0.8129999999999999,0.659,0.667,0.73,1.231,0.854,0.969,0.83,20,0.825,0.857,0.61,1.092,1.183,1.145,0.773,0.946,0.896,1.371,0.905,0.703,1.173,0.897,0.984,1.256,1.081,0.8070000000000001,1.927,20,1.839,1.412,0.849,0.577,1.018,1.058,0.6929999999999999,0.829,0.985,0.718,1.526,0.712,1.517,1.001,0.77,1.18,1.13,0.763,1.283,20,0,0,0.9360000000000001,0.858,0.745,0.834,0.912,1.057,1.595,0.74,0.797,0.925,0.801,0,1.236,1.089,0.873,20,1.527,1.007,0.726,0.791,1.19,1.729,0.853,0.576,1.019,0.707,1.759,0.9340000000000001,0.609,0.806,0.883,0.88,0,0,0,20,0.92,0.798,0.776,0.541,0.673,0.617,0.706,0.8149999999999999,0],
	"stim_file":[
		"func/s096.bmp",
		"func/u089.bmp",
		"func/u089.bmp",
		"func/u082.bmp",
		"func/u082.bmp",
		"func/s085.bmp",
		"func/s085.bmp",
		"func/f086.bmp",
		"func/s093.bmp",
		"func/s093.bmp",
		"func/s096.bmp",
		"func/i999.bmp",
		"func/u090.bmp",
		"func/u097.bmp",
		"func/u097.bmp",
		"func/s097.bmp",
		"func/u085.bmp",
		"func/f086.bmp",
		"func/s084.bmp",
		"func/f087.bmp",
		"func/u090.bmp",
		"func/f091.bmp",
		"func/u094.bmp",
		"func/u094.bmp",
		"func/s097.bmp",
		"func/f096.bmp",
		"func/f096.bmp",
		"func/u085.bmp",
		"func/f095.bmp",
		"func/f095.bmp",
		"func/s084.bmp",
		"func/i999.bmp",
		"func/f088.bmp",
		"func/f087.bmp",
		"func/f082.bmp",
		"func/f082.bmp",
		"func/f091.bmp",
		"func/f084.bmp",
		"func/f084.bmp",
		"func/u092.bmp",
		"func/u093.bmp",
		"func/u093.bmp",
		"func/s091.bmp",
		"func/s091.bmp",
		"func/f088.bmp",
		"func/u096.bmp",
		"func/u096.bmp",
		"func/u095.bmp",
		"func/f094.bmp",
		"func/f094.bmp",
		"func/u092.bmp",
		"func/i999.bmp",
		"func/s086.bmp",
		"func/s086.bmp",
		"func/f097.bmp",
		"func/u091.bmp",
		"func/u091.bmp",
		"func/f092.bmp",
		"func/u095.bmp",
		"func/s082.bmp",
		"func/u086.bmp",
		"func/f090.bmp",
		"func/f097.bmp",
		"func/s090.bmp",
		"func/f089.bmp",
		"func/f092.bmp",
		"func/s087.bmp",
		"func/s087.bmp",
		"func/s082.bmp",
		"func/i999.bmp",
		"func/f085.bmp",
		"func/u086.bmp",
		"func/u088.bmp",
		"func/u088.bmp",
		"func/f090.bmp",
		"func/s083.bmp",
		"func/s083.bmp",
		"func/s090.bmp",
		"func/f083.bmp",
		"func/f083.bmp",
		"func/f089.bmp",
		"func/u083.bmp",
		"func/f093.bmp",
		"func/f093.bmp",
		"func/f085.bmp",
		"func/s088.bmp",
		"func/s088.bmp",
		"func/u087.bmp",
		"func/s092.bmp",
		"func/i999.bmp",
		"func/s094.bmp",
		"func/u083.bmp",
		"func/s089.bmp",
		"func/s089.bmp",
		"func/s095.bmp",
		"func/s095.bmp",
		"func/u084.bmp",
		"func/u087.bmp",
		"func/Circle.bmp"
	]
}
