{
	"onset":[82.8046875,85.9296875,209.41015625,213.23046875,332.57421875,335.44921875,491.6796875,495.203125,544.80859375,547.5,550.47265625,640.23046875,642.87109375,792.75,795.3828125,851.30078125,854.13671875,899.83984375,902.46484375,904.59765625,992.765625,996.03515625,998.24609375,1027.40234375,1030.015625,1032.140625,1172.4921875,1175.38671875,1272.7890625,1275.9140625,1278.04296875,1363.34765625,1366.2578125,1370.59765625,1405.6015625,1409.05078125],
	"duration":[
		"n/a",
		"n/a",
		"n/a",
		"n/a",
		"n/a",
		"n/a",
		"n/a",
		"n/a",
		"n/a",
		"n/a",
		"n/a",
		"n/a",
		"n/a",
		"n/a",
		"n/a",
		"n/a",
		"n/a",
		"n/a",
		"n/a",
		"n/a",
		"n/a",
		"n/a",
		"n/a",
		"n/a",
		"n/a",
		"n/a",
		"n/a",
		"n/a",
		"n/a",
		"n/a",
		"n/a",
		"n/a",
		"n/a",
		"n/a",
		"n/a",
		"n/a"
	],
	"trial_type":[
		"stimulus",
		"response",
		"stimulus",
		"response",
		"stimulus",
		"response",
		"stimulus",
		"response",
		"stimulus",
		"response",
		"response",
		"stimulus",
		"response",
		"stimulus",
		"response",
		"stimulus",
		"response",
		"stimulus",
		"response",
		"response",
		"stimulus",
		"response",
		"response",
		"stimulus",
		"response",
		"response",
		"stimulus",
		"response",
		"stimulus",
		"response",
		"response",
		"stimulus",
		"response",
		"response",
		"stimulus",
		"response"
	],
	"response_time":[
		"n/a",
		"n/a",
		"n/a",
		"n/a",
		"n/a",
		"n/a",
		"n/a",
		"n/a",
		"n/a",
		"n/a",
		"n/a",
		"n/a",
		"n/a",
		"n/a",
		"n/a",
		"n/a",
		"n/a",
		"n/a",
		"n/a",
		"n/a",
		"n/a",
		"n/a",
		"n/a",
		"n/a",
		"n/a",
		"n/a",
		"n/a",
		"n/a",
		"n/a",
		"n/a",
		"n/a",
		"n/a",
		"n/a",
		"n/a",
		"n/a",
		"n/a"
	],
	"sample":[21198,21998,53609,54587,85139,85875,125870,126772,139471,140160,140921,163899,164575,202944,203618,217933,218659,230359,231031,231577,254148,254985,255551,263015,263684,264228,300158,300899,325834,326634,327179,349017,349762,350873,359834,360717],
	"value":[128,2,128,2,128,2,128,2,128,2,2,128,2,128,4,128,4,128,2,2,128,2,2,128,2,4,128,4,128,2,2,128,2,2,128,2]
}
