{
	"onset":[0.01,12,24.02,38,50,62,72,84,96,108,120.01,134,146,158,170,180,192.01,206,218.01,232,242,252,264,276,286.01],
	"duration":[6,6,6,6,6,6,6,6,6,6,6,6,6,6,6,6,6,6,6,6,6,6,6,6,6],
	"trial_type":[
		"ambient",
		"country",
		"metal",
		"country",
		"rocknroll",
		"symphonic",
		"symphonic",
		"metal",
		"metal",
		"symphonic",
		"country",
		"country",
		"symphonic",
		"rocknroll",
		"metal",
		"ambient",
		"symphonic",
		"ambient",
		"rocknroll",
		"country",
		"ambient",
		"metal",
		"rocknroll",
		"rocknroll",
		"ambient"
	],
	"run":[1,1,1,1,1,1,1,1,1,1,1,1,1,1,1,1,1,1,1,1,1,1,1,1,1],
	"run_id":[0,0,0,0,0,0,0,0,0,0,0,0,0,0,0,0,0,0,0,0,0,0,0,0,0],
	"volume":[0,6,12,19,25,31,36,42,48,54,60,67,73,79,85,90,96,103,109,116,121,126,132,138,143],
	"run_volume":[0,6,12,19,25,31,36,42,48,54,60,67,73,79,85,90,96,103,109,116,121,126,132,138,143],
	"stim":[
		"ambient_004.wav",
		"country_003.wav",
		"metal_002.wav",
		"country_002.wav",
		"rocknroll_004.wav",
		"symphonic_004.wav",
		"symphonic_000.wav",
		"metal_003.wav",
		"metal_001.wav",
		"symphonic_001.wav",
		"country_001.wav",
		"country_000.wav",
		"symphonic_002.wav",
		"rocknroll_002.wav",
		"metal_004.wav",
		"ambient_000.wav",
		"symphonic_003.wav",
		"ambient_001.wav",
		"rocknroll_003.wav",
		"country_004.wav",
		"ambient_002.wav",
		"metal_000.wav",
		"rocknroll_001.wav",
		"rocknroll_000.wav",
		"ambient_003.wav"
	],
	"genre":[
		"ambient",
		"country",
		"metal",
		"country",
		"rocknroll",
		"symphonic",
		"symphonic",
		"metal",
		"metal",
		"symphonic",
		"country",
		"country",
		"symphonic",
		"rocknroll",
		"metal",
		"ambient",
		"symphonic",
		"ambient",
		"rocknroll",
		"country",
		"ambient",
		"metal",
		"rocknroll",
		"rocknroll",
		"ambient"
	],
	"delay":[6,6,8,6,6,4,6,6,6,6,8,6,6,6,4,6,8,6,8,4,4,6,6,4,8],
	"catch":[0,0,1,0,0,0,0,0,0,0,1,0,0,0,0,0,1,0,1,0,0,0,0,0,1],
	"sound_soa":[0.007200000000011642,0.002499999999940883,0.01580000000001291,0.002700000000004366,0.00250000000005457,0.002700000000004366,0.003399999999942338,0.003800000000069304,0.003400000000056025,0.003900000000044201,0.01199999999994361,0.003499999999917236,0.003000000000042747,0.003500000000030923,0.003500000000030923,0.00250000000005457,0.01389999999992142,0.002899999999954161,0.008800000000064756,0.002599999999915781,0.003499999999917236,0.00250000000005457,0.002499999999940883,0.002199999999902502,0.01170000000001892],
	"trigger_ts":[595.1142,607.1136,619.1136,633.1138,645.1134,657.1136,667.1136,679.1134,691.1138,703.1134,715.1136,729.1135,741.1143,753.1137,765.1136,775.1138,787.1135,801.1139999999999,813.1138,827.1144,837.1135,847.1138999999999,859.1136,871.1144,881.1139999999999]
}
