{
	"onset":[0.02,14,26,38,50,62,72,82.01000000000001,96,108.01,122,134,146,158,168,180,192,204,216,226,238.01,252.01,266,276,288],
	"duration":[6,6,6,6,6,6,6,6,6,6,6,6,6,6,6,6,6,6,6,6,6,6,6,6,6],
	"trial_type":[
		"country",
		"metal",
		"ambient",
		"symphonic",
		"country",
		"rocknroll",
		"symphonic",
		"symphonic",
		"rocknroll",
		"metal",
		"rocknroll",
		"rocknroll",
		"ambient",
		"ambient",
		"metal",
		"country",
		"symphonic",
		"metal",
		"metal",
		"symphonic",
		"ambient",
		"rocknroll",
		"country",
		"ambient",
		"country"
	],
	"run":[2,2,2,2,2,2,2,2,2,2,2,2,2,2,2,2,2,2,2,2,2,2,2,2,2],
	"run_id":[5,5,5,5,5,5,5,5,5,5,5,5,5,5,5,5,5,5,5,5,5,5,5,5,5],
	"volume":[153,160,166,172,178,184,189,194,201,207,214,220,226,232,237,243,249,255,261,266,272,279,286,291,297],
	"run_volume":[0,7,13,19,25,31,36,41,48,54,61,67,73,79,84,90,96,102,108,113,119,126,133,138,144],
	"stim":[
		"country_003.wav",
		"metal_004.wav",
		"ambient_004.wav",
		"symphonic_002.wav",
		"country_002.wav",
		"rocknroll_001.wav",
		"symphonic_004.wav",
		"symphonic_001.wav",
		"rocknroll_003.wav",
		"metal_000.wav",
		"rocknroll_000.wav",
		"rocknroll_004.wav",
		"ambient_003.wav",
		"ambient_000.wav",
		"metal_003.wav",
		"country_001.wav",
		"symphonic_003.wav",
		"metal_001.wav",
		"metal_002.wav",
		"symphonic_000.wav",
		"ambient_002.wav",
		"rocknroll_002.wav",
		"country_000.wav",
		"ambient_001.wav",
		"country_004.wav"
	],
	"genre":[
		"country",
		"metal",
		"ambient",
		"symphonic",
		"country",
		"rocknroll",
		"symphonic",
		"symphonic",
		"rocknroll",
		"metal",
		"rocknroll",
		"rocknroll",
		"ambient",
		"ambient",
		"metal",
		"country",
		"symphonic",
		"metal",
		"metal",
		"symphonic",
		"ambient",
		"rocknroll",
		"country",
		"ambient",
		"country"
	],
	"delay":[8,6,6,6,6,4,4,8,6,8,6,6,6,4,6,6,6,6,4,6,8,8,4,6,6],
	"catch":[1,0,0,0,0,0,0,1,0,1,0,0,0,0,0,0,0,0,0,0,1,1,0,0,0],
	"sound_soa":[0.01549999999997453,0.004099999999993996,0.002399999999965985,0.002499999999940883,0.003600000000005821,0.002499999999940883,0.00250000000005457,0.00909999999998945,0.002600000000029468,0.009599999999977626,0.002600000000029468,0.00250000000005457,0.003599999999778447,0.00250000000005457,0.003800000000182991,0.002399999999852298,0.003100000000131331,0.003500000000030923,0.003799999999955617,0.002600000000029468,0.009800000000041109,0.01359999999999673,0.002600000000029468,0.002799999999979264,0.004599999999982174],
	"trigger_ts":[915.7258,929.7261,941.7264,953.7267000000001,965.7261,977.7258,987.7271,997.7268,1011.7269,1023.7263,1037.7267,1049.7268,1061.726,1073.7259,1083.7259,1095.7261,1107.7268,1119.7259,1131.726,1141.7268,1153.7263,1167.7262,1181.7269,1191.7262,1203.7266]
}
