{
	"onset":[0.02,14,26,38,50,60,70,80.01000000000001,94.01000000000001,108,120,132,144,156,168,180,192,204,214.01,228,238,250,262,274.01,288],
	"duration":[6,6,6,6,6,6,6,6,6,6,6,6,6,6,6,6,6,6,6,6,6,6,6,6,6],
	"trial_type":[
		"country",
		"ambient",
		"rocknroll",
		"ambient",
		"ambient",
		"country",
		"symphonic",
		"ambient",
		"symphonic",
		"rocknroll",
		"country",
		"rocknroll",
		"symphonic",
		"metal",
		"symphonic",
		"symphonic",
		"country",
		"metal",
		"rocknroll",
		"rocknroll",
		"metal",
		"metal",
		"ambient",
		"metal",
		"country"
	],
	"run":[6,6,6,6,6,6,6,6,6,6,6,6,6,6,6,6,6,6,6,6,6,6,6,6,6],
	"run_id":[2,2,2,2,2,2,2,2,2,2,2,2,2,2,2,2,2,2,2,2,2,2,2,2,2],
	"volume":[765,772,778,784,790,795,800,805,812,819,825,831,837,843,849,855,861,867,872,879,884,890,896,902,909],
	"run_volume":[0,7,13,19,25,30,35,40,47,54,60,66,72,78,84,90,96,102,107,114,119,125,131,137,144],
	"stim":[
		"country_001.wav",
		"ambient_000.wav",
		"rocknroll_002.wav",
		"ambient_002.wav",
		"ambient_004.wav",
		"country_000.wav",
		"symphonic_004.wav",
		"ambient_001.wav",
		"symphonic_002.wav",
		"rocknroll_000.wav",
		"country_002.wav",
		"rocknroll_004.wav",
		"symphonic_003.wav",
		"metal_003.wav",
		"symphonic_000.wav",
		"symphonic_001.wav",
		"country_004.wav",
		"metal_001.wav",
		"rocknroll_001.wav",
		"rocknroll_003.wav",
		"metal_002.wav",
		"metal_000.wav",
		"ambient_003.wav",
		"metal_004.wav",
		"country_003.wav"
	],
	"genre":[
		"country",
		"ambient",
		"rocknroll",
		"ambient",
		"ambient",
		"country",
		"symphonic",
		"ambient",
		"symphonic",
		"rocknroll",
		"country",
		"rocknroll",
		"symphonic",
		"metal",
		"symphonic",
		"symphonic",
		"country",
		"metal",
		"rocknroll",
		"rocknroll",
		"metal",
		"metal",
		"ambient",
		"metal",
		"country"
	],
	"delay":[8,6,6,6,4,4,4,8,8,6,6,6,6,6,6,6,6,4,8,4,6,6,6,8,6],
	"catch":[1,0,0,0,0,0,0,1,1,0,0,0,0,0,0,0,0,0,1,0,0,0,0,1,0],
	"sound_soa":[0.0183999999999287,0.003200000000106229,0.003999999999905413,0.00250000000005457,0.003500000000258296,0.002800000000206637,0.002200000000357249,0.009700000000066213,0.01279999999997017,0.003999999999905413,0.00250000000005457,0.00250000000005457,0.00250000000005457,0.00250000000005457,0.00250000000005457,0.004199999999855208,0.003499999999803549,0.003099999999903957,0.01220000000012078,0.004500000000007276,0.00250000000005457,0.003499999999803549,0.00250000000005457,0.01159999999981665,0.002599999999802094],
	"trigger_ts":[2324.4852,2338.4853,2350.4849,2362.485,2374.4851,2384.4864,2394.4853,2404.4851,2418.4851,2432.485,2444.4859,2456.4851,2468.4855,2480.4859,2492.4851,2504.485,2516.4852,2528.4859,2538.4852,2552.4849,2562.4851,2574.4852,2586.4859,2598.4854,2612.4859]
}
