{
	"onset":[8.39999552517466,8.400995524641941,8.400995524641941,8.400995524641941,15.8829915388511,15.8839915383184,15.8839915383184,46.3209753240018,46.3229753229364,46.3229753229364,61.6329671670345,61.6329671670345,61.6329671670345,61.6329671670345,61.6329671670345,61.6329671670345,61.6339671665018,61.6339671665018,61.6339671665018,61.6339671665018,61.6339671665018,61.6339671665018,61.6339671665018,61.6339671665018,62.0359669523494,62.2379668447405,62.4159667499169,62.5949666545605,62.7739665592041,62.9299664761002,63.0749663988562,63.2199663216121,63.3429662560879,63.4659661905637,63.5779661308994,63.6789660770949,63.7679660296831,63.8569659822712,63.9349659407193,64.0129658991673,64.0919658570827,64.15896582139059,64.2139657920911,64.28196575586639,64.3369657265669,64.39296569673471,64.4379656727625,64.4829656487902,64.53796561949071,64.5829655955185,64.61696557740611,64.6619655534338,64.7059655299942,64.73896551241459,64.78396548844231,64.8179654703299,64.8509654527502,64.8959654287779,64.92896541119831,64.9629653930859,64.9959653755062,65.02996535739381,65.0639653392814,65.0969653217018,65.12996530412209,65.1639652860097,65.19696526843001,65.23096525031769,65.263965232738,65.29796521462561,65.3319651965132,65.3649651789335,65.39796516135389,65.44296513738161,65.4769651192692,65.5099651016895,65.5549650777172,65.58796506013761,65.6329650361653,65.677965012193,65.7219649887535,65.76796496424851,65.822964934949,65.8669649115094,65.9229648816773,65.97896485184511,66.0349648220129,66.10196478632091,66.1689647506288,66.2369647144041,66.3139646733848,66.3929646313001,66.4819645838883,66.5829645300839,66.6829644768121,66.7949644171478,66.90596435801621,67.0399642866321,67.17396421524791,67.3309641316113],
	"duration":[0,0,0,0,0,0,0,0,0,0,0,0,0,0,0,0,0,0,0,0,0,0,0,0,0,0,0,0,0,0,0,0,0,0,0,0,0,0,0,0,0,0,0,0,0,0,0,0,0,0,0,0,0,0,0,0,0,0,0,0,0,0,0,0,0,0,0,0,0,0,0,0,0,0,0,0,0,0,0,0,0,0,0,0,0,0,0,0,0,0,0,0,0,0,0,0,0,0,0,0],
	"sample":[8401,8402,8402,8402,15884,15885,15885,46322,46324,46324,61634,61634,61634,61634,61634,61634,61635,61635,61635,61635,61635,61635,61635,61635,62037,62239,62417,62596,62775,62931,63076,63221,63344,63467,63579,63680,63769,63858,63936,64014,64093,64160,64215,64283,64338,64394,64439,64484,64539,64584,64618,64663,64707,64740,64785,64819,64852,64897,64930,64964,64997,65031,65065,65098,65131,65165,65198,65232,65265,65299,65333,65366,65399,65444,65478,65511,65556,65589,65634,65679,65723,65769,65824,65868,65924,65980,66036,66103,66170,66238,66315,66394,66483,66584,66684,66796,66907,67041,67175,67332],
	"type":[
		"Markers",
		"Markers",
		"Markers",
		"Markers",
		"Markers",
		"Markers",
		"Markers",
		"Markers",
		"Markers",
		"Markers",
		"Markers",
		"Markers",
		"Markers",
		"Markers",
		"Markers",
		"Markers",
		"Markers",
		"Markers",
		"Markers",
		"Markers",
		"Markers",
		"Markers",
		"Markers",
		"Markers",
		"Markers",
		"Markers",
		"Markers",
		"Markers",
		"Markers",
		"Markers",
		"Markers",
		"Markers",
		"Markers",
		"Markers",
		"Markers",
		"Markers",
		"Markers",
		"Markers",
		"Markers",
		"Markers",
		"Markers",
		"Markers",
		"Markers",
		"Markers",
		"Markers",
		"Markers",
		"Markers",
		"Markers",
		"Markers",
		"Markers",
		"Markers",
		"Markers",
		"Markers",
		"Markers",
		"Markers",
		"Markers",
		"Markers",
		"Markers",
		"Markers",
		"Markers",
		"Markers",
		"Markers",
		"Markers",
		"Markers",
		"Markers",
		"Markers",
		"Markers",
		"Markers",
		"Markers",
		"Markers",
		"Markers",
		"Markers",
		"Markers",
		"Markers",
		"Markers",
		"Markers",
		"Markers",
		"Markers",
		"Markers",
		"Markers",
		"Markers",
		"Markers",
		"Markers",
		"Markers",
		"Markers",
		"Markers",
		"Markers",
		"Markers",
		"Markers",
		"Markers",
		"Markers",
		"Markers",
		"Markers",
		"Markers",
		"Markers",
		"Markers",
		"Markers",
		"Markers",
		"Markers",
		"Markers"
	],
	"value":[
		"('/Event/Category/Participant response', '/Event/Label/wii_button', '/Event/Description/Button press with the right index finger (devices include Wiimote/Joystick/Mouse)', '/Action/Type/Button press/Joystick', '/Participant/Effect/Tactile', '/Participant/Effect/Body part/Arm/Hand/Finger/Index', '/Attribute/Object side/Left')",
		"('/Event/Category/Experimental stimulus/Instruction/Read/', '/Event/Label/inst_read', '/Event/Description/Text instruction to understand experiment presented to the subject', '/Item/Symbolic/Character/Letter/Unicode', '/Attribute/Onset', '/Attribute/Location/Screen/Center', '/Attribute/Visual/Color/White', '/Attribute/Visual/Foreground', '/Attribute/Visual/Background/Color/Black with grassy ground', '/Attribute/Language/Unit/Sentence/Full', '/Attribute/Language/Family/Latin/German', '/Sensory presentation/Visual/Rendering type/Screen/3D/Rift DK2', '/Participant/Effect/Cognitive/Meaningful', '/Participant/Effect/Visual/Foveal')",
		"training_start",
		"learn trial start",
		"('/Event/Category/Participant response', '/Event/Label/wii_button', '/Event/Description/Button press with the right index finger (devices include Wiimote/Joystick/Mouse)', '/Action/Type/Button press/Joystick', '/Participant/Effect/Tactile', '/Participant/Effect/Body part/Arm/Hand/Finger/Index', '/Attribute/Object side/Left')",
		"('/Event/Category/Experimental stimulus/Instruction/Read/', '/Event/Label/inst_read', '/Event/Description/Text instruction to understand experiment presented to the subject', '/Item/Symbolic/Character/Letter/Unicode', '/Attribute/Onset', '/Attribute/Location/Screen/Center', '/Attribute/Visual/Color/White', '/Attribute/Visual/Foreground', '/Attribute/Visual/Background/Color/Black with grassy ground', '/Attribute/Language/Unit/Sentence/Full', '/Attribute/Language/Family/Latin/German', '/Sensory presentation/Visual/Rendering type/Screen/3D/Rift DK2', '/Participant/Effect/Cognitive/Meaningful', '/Participant/Effect/Visual/Foveal')",
		"red_pole_lang",
		"('/Event/Category/Participant response', '/Event/Label/wii_button', '/Event/Description/Button press with the right index finger (devices include Wiimote/Joystick/Mouse)', '/Action/Type/Button press/Joystick', '/Participant/Effect/Tactile', '/Participant/Effect/Body part/Arm/Hand/Finger/Index', '/Attribute/Object side/Left')",
		"('/Event/Category/Experimental stimulus/Instruction/Read/', '/Event/Label/inst_read', '/Event/Description/Text instruction to understand experiment presented to the subject', '/Item/Symbolic/Character/Letter/Unicode', '/Attribute/Onset', '/Attribute/Location/Screen/Center', '/Attribute/Visual/Color/White', '/Attribute/Visual/Foreground', '/Attribute/Visual/Background/Color/Black with grassy ground', '/Attribute/Language/Unit/Sentence/Full', '/Attribute/Language/Family/Latin/German', '/Sensory presentation/Visual/Rendering type/Screen/3D/Rift DK2', '/Participant/Effect/Cognitive/Meaningful', '/Participant/Effect/Visual/Foveal')",
		"target_lang",
		"('/Event/Category/Participant response', '/Event/Label/wii_button', '/Event/Description/Button press with the right index finger (devices include Wiimote/Joystick/Mouse)', '/Action/Type/Button press/Joystick', '/Participant/Effect/Tactile', '/Participant/Effect/Body part/Arm/Hand/Finger/Index', '/Attribute/Object side/Left')",
		"('/Event/Category/Experimental stimulus/Instruction/Read/', '/Event/Label/inst_read', '/Event/Description/Text instruction to understand experiment presented to the subject', '/Item/Symbolic/Character/Letter/Unicode', '/Attribute/Offset', '/Attribute/Location/Screen/Center', '/Attribute/Visual/Color/White', '/Attribute/Visual/Foreground', '/Attribute/Visual/Background/Color/Black with grassy ground', '/Attribute/Language/Unit/Sentence/Full', '/Attribute/Language/Family/Latin/German', '/Sensory presentation/Visual/Rendering type/Screen/3D/Rift DK2', '/Participant/Effect/Cognitive/Meaningful', '/Participant/Effect/Visual/Foveal')",
