{
	"onset":[0.278,4.613,9.108000000000001,13.614,18.088,22.671,27.17,31.671,36.109,40.609,45.112,49.588,54.088,58.67,63.165,67.66200000000001,72.086,76.611,81.087,85.58799999999999,90.08799999999999,94.67,99.169,103.662,108.184,112.609,117.087,121.686,126.111,130.671,135.171,139.67,144.113,148.613,153.182,157.608,162.186,166.67,171.17,175.669,180.088,184.611,189.189,193.597,198.115,202.677,207.17,211.67,216.112,220.61,225.088,229.613,234.113,238.671,243.165,247.669,252.185,256.613,261.109,265.588,270.087,274.671,279.17,283.671,288.116,292.687,297.188,301.612,306.087,310.67,315.172,319.67,324.189,328.588,333.113,337.588,342.11,346.668,351.17,355.67],
	"duration":[
		2,
		2,
		2,
		2,
		2,
		"n/a",
		"n/a",
		"n/a",
		2,
		2,
		2,
		2,
		2,
		"n/a",
		"n/a",
		"n/a",
		2,
		2,
		2,
		2,
		2,
		"n/a",
		"n/a",
		"n/a",
		2,
		2,
		2,
		2,
		2,
		"n/a",
		"n/a",
		"n/a",
		2,
		2,
		2,
		2,
		2,
		"n/a",
		"n/a",
		"n/a",
		2,
		2,
		2,
		2,
		2,
		"n/a",
		"n/a",
		"n/a",
		2,
		2,
		2,
		2,
		2,
		"n/a",
		"n/a",
		"n/a",
		2,
		2,
		2,
		2,
		2,
		"n/a",
		"n/a",
		"n/a",
		2,
		2,
		2,
		2,
		2,
		"n/a",
		"n/a",
		"n/a",
		2,
		2,
		2,
		2,
		2,
		"n/a",
		"n/a",
		"n/a"
	],
	"trial_type":[
		"feedback",
		"feedback",
		"feedback",
		"feedback",
		"feedback",
		"n/a",
		"n/a",
		"n/a",
		"feedback",
		"feedback",
		"feedback",
		"feedback",
		"feedback",
		"n/a",
		"n/a",
		"n/a",
		"feedback",
		"feedback",
		"feedback",
		"feedback",
		"feedback",
		"n/a",
		"n/a",
		"n/a",
		"feedback",
		"feedback",
		"feedback",
		"feedback",
		"feedback",
		"n/a",
		"n/a",
		"n/a",
		"feedback",
		"feedback",
		"feedback",
		"feedback",
		"feedback",
		"n/a",
		"n/a",
		"n/a",
		"feedback",
		"feedback",
		"feedback",
		"feedback",
		"feedback",
		"n/a",
		"n/a",
		"n/a",
		"feedback",
		"feedback",
		"feedback",
		"feedback",
		"feedback",
		"n/a",
		"n/a",
		"n/a",
		"feedback",
		"feedback",
		"feedback",
		"feedback",
		"feedback",
		"n/a",
		"n/a",
		"n/a",
		"feedback",
		"feedback",
		"feedback",
		"feedback",
		"feedback",
		"n/a",
		"n/a",
		"n/a",
		"feedback",
		"feedback",
		"feedback",
		"feedback",
		"feedback",
		"n/a",
		"n/a",
		"n/a"
	],
	"feedback":[
		0.12,
		0.12,
		0.12,
		0.12,
		0.12,
		"n/a",
		"n/a",
		"n/a",
		0.12,
		0.12,
		0.12,
		0.12,
		0.12,
		"n/a",
		"n/a",
		"n/a",
		0.12,
		0.12,
		0.12,
		0.12,
		0.12,
		"n/a",
		"n/a",
		"n/a",
		0.12,
		0.12,
		0.12,
		-1.88,
		0.12,
		"n/a",
		"n/a",
		"n/a",
		0.12,
		0.12,
		0.12,
		0.12,
		-1.88,
		"n/a",
		"n/a",
		"n/a",
		0.12,
		0.12,
		0.12,
		0.12,
		0.12,
		"n/a",
		"n/a",
		"n/a",
		0.12,
		0.12,
		0.12,
		0.12,
		0.12,
		"n/a",
		"n/a",
		"n/a",
		0.12,
		0.12,
		0.12,
		0.12,
		0.12,
		"n/a",
		"n/a",
		"n/a",
		0.12,
		-1.88,
		0.12,
		0.12,
		0.12,
		"n/a",
		"n/a",
		"n/a",
		0.12,
		0.12,
		0.12,
		0.12,
		0.12,
		"n/a",
		"n/a",
		"n/a"
	],
	"TrialNum":[1,2,3,4,5,6,7,8,9,10,11,12,13,14,15,16,17,18,19,20,21,22,23,24,25,26,27,28,29,30,31,32,33,34,35,36,37,38,39,40,41,42,43,44,45,46,47,48,49,50,51,52,53,54,55,56,57,58,59,60,61,62,63,64,65,66,67,68,69,70,71,72,73,74,75,76,77,78,79,80],
	"StimCond":[2,2,2,2,2,2,2,2,2,2,2,2,2,2,2,2,2,2,2,2,2,2,2,2,2,2,2,2,2,2,2,2,2,2,2,2,2,2,2,2,2,2,2,2,2,2,2,2,2,2,2,2,2,2,2,2,2,2,2,2,2,2,2,2,2,2,2,2,2,2,2,2,2,2,2,2,2,2,2,2],
	"StimulusNum":[13,10,7,9,4,0,0,0,5,10,10,3,1,0,0,0,4,7,4,3,2,0,0,0,11,10,1,12,9,0,0,0,10,10,12,10,13,0,0,0,2,5,11,1,6,0,0,0,9,10,1,7,5,0,0,0,12,9,6,2,2,0,0,0,6,13,13,7,4,0,0,0,11,4,7,4,8,0,0,0],
	"Response":[
		"L",
		"L",
		"L",
		"R",
		"L",
		"R",
		"R",
		"R",
		"R",
		"L",
		"L",
		"R",
		"L",
		"R",
		"R",
		"R",
		"L",
		"L",
		"L",
		"R",
		"R",
		"R",
		"R",
		"R",
		"R",
		"L",
		"L",
		"L",
		"R",
		"R",
		"R",
		"R",
		"L",
		"L",
		"R",
		"L",
		"R",
		"R",
		"R",
		"R",
		"R",
		"R",
		"R",
		"L",
		"L",
		"R",
		"R",
		"R",
		"R",
		"L",
		"L",
		"L",
		"R",
		"R",
		"R",
		"R",
		"R",
		"R",
		"L",
		"R",
		"R",
		"R",
		"R",
		"R",
		"L",
		"R",
		"L",
		"L",
		"L",
		"R",
		"R",
		"R",
		"R",
		"L",
		"L",
		"L",
		"R",
		"R",
		"R",
		"R"
	],
	"response_time":[1.291,1.197,1.175,1.373,0.8,0.46,0.372,0.348,2.276,1.281,1.543,0.797,0.697,0.647,0.495,0.395,0.8129999999999999,0.8070000000000001,0.644,0.607,0.954,0.647,0.342,0.279,1.238,1.379,0.797,1.885,1.531,0.64,0.372,0.345,1.113,1.311,1.276,1.201,1.668,0.6820000000000001,0.431,0.508,1.397,1.49,1.497,0.895,1.446,2.9,0.4,0.396,0.9419999999999999,1.047,0.863,1.13,1.014,0.765,0.438,0.39,1.73,1.002,1.174,0.828,0.669,0.677,0.386,0.477,1.249,1.123,1.685,1.109,0.848,0.423,0.402,0.386,1.292,0.999,0.906,0.726,1.096,0.715,0.533,0.665],
	"Correct":[
		1,
		1,
		1,
		1,
		1,
		"-",
		"-",
		"-",
		1,
		1,
		1,
		1,
		1,
		"-",
		"-",
		"-",
		1,
		1,
		1,
		1,
		1,
		"-",
		"-",
		"-",
		1,
		1,
		1,
		0,
		1,
		"-",
		"-",
		"-",
		1,
		1,
		1,
		1,
		0,
		"-",
		"-",
		"-",
		1,
		1,
		1,
		1,
		1,
		"-",
		"-",
		"-",
		1,
		1,
		1,
		1,
		1,
		"-",
		"-",
		"-",
		1,
		1,
		1,
		1,
		1,
		"-",
		"-",
		"-",
		1,
		0,
		1,
		1,
		1,
		"-",
		"-",
		"-",
		1,
		1,
		1,
		1,
		1,
		"-",
		"-",
		"-"
	],
	"Feedback":[
		"L",
		"L",
		"L",
		"R",
		"L",
		"-",
		"-",
		"-",
		"R",
		"L",
		"L",
		"R",
		"L",
		"-",
		"-",
		"-",
		"L",
		"L",
		"L",
		"R",
		"R",
		"-",
		"-",
		"-",
		"R",
		"L",
		"L",
		"R",
		"R",
		"-",
		"-",
		"-",
		"L",
		"L",
		"R",
		"L",
		"L",
		"-",
		"-",
		"-",
		"R",
		"R",
		"R",
		"L",
		"L",
		"-",
		"-",
		"-",
		"R",
		"L",
		"L",
		"L",
		"R",
		"-",
		"-",
		"-",
		"R",
		"R",
		"L",
		"R",
		"R",
		"-",
		"-",
		"-",
		"L",
		"L",
		"L",
		"L",
		"L",
		"-",
		"-",
		"-",
		"R",
		"L",
		"L",
		"L",
		"R",
		"-",
		"-",
		"-"
	]
}
