{
	"onset":[0.278,4.614,9.084,13.613,18.114,22.671,27.174,31.675,36.19,40.588,45.112,49.588,54.187,58.677,63.177,67.675,72.08799999999999,76.69199999999999,81.113,85.614,90.08799999999999,94.67700000000001,99.178,103.677,108.114,112.611,117.087,121.611,126.188,130.678,135.176,139.673,144.111,148.587,153.186,157.613,162.089,166.678,171.177,175.671,180.085,184.702,189.088,193.584,198.111,202.678,207.168,211.677,216.113,220.587,225.114,229.589,234.115,238.669,243.177,247.679,252.115,256.688,261.089,265.589,270.114,274.668,279.171,283.678,288.114,292.69,297.092,301.611,306.084,310.678,315.177,319.675,324.19,328.683,333.11,337.611,342.115,346.677,351.177,355.671],
	"duration":[
		2,
		2,
		2,
		2,
		2,
		"n/a",
		"n/a",
		"n/a",
		2,
		2,
		2,
		2,
		2,
		"n/a",
		"n/a",
		"n/a",
		2,
		2,
		2,
		2,
		2,
		"n/a",
		"n/a",
		"n/a",
		2,
		2,
		2,
		2,
		2,
		"n/a",
		"n/a",
		"n/a",
		2,
		2,
		2,
		2,
		2,
		"n/a",
		"n/a",
		"n/a",
		2,
		2,
		2,
		2,
		2,
		"n/a",
		"n/a",
		"n/a",
		2,
		2,
		2,
		2,
		2,
		"n/a",
		"n/a",
		"n/a",
		2,
		2,
		2,
		2,
		2,
		"n/a",
		"n/a",
		"n/a",
		2,
		2,
		2,
		2,
		2,
		"n/a",
		"n/a",
		"n/a",
		2,
		2,
		2,
		2,
		2,
		"n/a",
		"n/a",
		"n/a"
	],
	"trial_type":[
		"feedback",
		"feedback",
		"feedback",
		"feedback",
		"feedback",
		"n/a",
		"n/a",
		"n/a",
		"feedback",
		"feedback",
		"feedback",
		"feedback",
		"feedback",
		"n/a",
		"n/a",
		"n/a",
		"feedback",
		"feedback",
		"feedback",
		"feedback",
		"feedback",
		"n/a",
		"n/a",
		"n/a",
		"feedback",
		"feedback",
		"feedback",
		"feedback",
		"feedback",
		"n/a",
		"n/a",
		"n/a",
		"feedback",
		"feedback",
		"feedback",
		"feedback",
		"feedback",
		"n/a",
		"n/a",
		"n/a",
		"feedback",
		"feedback",
		"feedback",
		"feedback",
		"feedback",
		"n/a",
		"n/a",
		"n/a",
		"feedback",
		"feedback",
		"feedback",
		"feedback",
		"feedback",
		"n/a",
		"n/a",
		"n/a",
		"feedback",
		"feedback",
		"feedback",
		"feedback",
		"feedback",
		"n/a",
		"n/a",
		"n/a",
		"feedback",
		"feedback",
		"feedback",
		"feedback",
		"feedback",
		"n/a",
		"n/a",
		"n/a",
		"feedback",
		"feedback",
		"feedback",
		"feedback",
		"feedback",
		"n/a",
		"n/a",
		"n/a"
	],
	"feedback":[
		0.52,
		-1.48,
		-1.48,
		-1.48,
		0.52,
		"n/a",
		"n/a",
		"n/a",
		0.52,
		0.52,
		-1.48,
		0.52,
		-1.48,
		"n/a",
		"n/a",
		"n/a",
		-1.48,
		0.52,
		-1.48,
		0.52,
		0.52,
		"n/a",
		"n/a",
		"n/a",
		0.52,
		0.52,
		-1.48,
		-1.48,
		0.52,
		"n/a",
		"n/a",
		"n/a",
		0.52,
		0.52,
		0.52,
		0.52,
		0.52,
		"n/a",
		"n/a",
		"n/a",
		0.52,
		0.52,
		0.52,
		0.52,
		-1.48,
		"n/a",
		"n/a",
		"n/a",
		-1.48,
		0.52,
		0.52,
		0.52,
		0.52,
		"n/a",
		"n/a",
		"n/a",
		-1.48,
		0.52,
		0.52,
		0.52,
		-1.48,
		"n/a",
		"n/a",
		"n/a",
		0.52,
		0.52,
		0.52,
		0.52,
		0.52,
		"n/a",
		"n/a",
		"n/a",
		0.52,
		0.52,
		0.52,
		0.52,
		0.52,
		"n/a",
		"n/a",
		"n/a"
	],
	"TrialNum":[1,2,3,4,5,6,7,8,9,10,11,12,13,14,15,16,17,18,19,20,21,22,23,24,25,26,27,28,29,30,31,32,33,34,35,36,37,38,39,40,41,42,43,44,45,46,47,48,49,50,51,52,53,54,55,56,57,58,59,60,61,62,63,64,65,66,67,68,69,70,71,72,73,74,75,76,77,78,79,80],
	"StimCond":[2,2,2,2,2,2,2,2,2,2,2,2,2,2,2,2,2,2,2,2,2,2,2,2,2,2,2,2,2,2,2,2,2,2,2,2,2,2,2,2,2,2,2,2,2,2,2,2,2,2,2,2,2,2,2,2,2,2,2,2,2,2,2,2,2,2,2,2,2,2,2,2,2,2,2,2,2,2,2,2],
	"StimulusNum":[13,6,3,5,10,0,0,0,14,1,5,4,13,0,0,0,3,11,10,8,3,0,0,0,7,8,2,5,13,0,0,0,7,2,13,7,4,0,0,0,2,11,4,3,9,0,0,0,6,4,7,2,9,0,0,0,10,13,1,4,10,0,0,0,5,12,3,8,1,0,0,0,13,11,7,7,10,0,0,0],
	"Response":[
		"L",
		"R",
		"L",
		"L",
		"L",
		"R",
		"R",
		"R",
		"R",
		"L",
		"L",
		"L",
		"R",
		"R",
		"R",
		"R",
		"L",
		"R",
		"R",
		"R",
		"R",
		"R",
		"R",
		"R",
		"L",
		"R",
		"L",
		"L",
		"L",
		"R",
		"R",
		"R",
		"L",
		"R",
		"L",
		"L",
		"L",
		"R",
		"R",
		"R",
		"R",
		"R",
		"L",
		"R",
		"L",
		"R",
		"R",
		"R",
		"R",
		"L",
		"L",
		"R",
		"R",
		"R",
		"R",
		"R",
		"R",
		"L",
		"L",
		"L",
		"R",
		"R",
		"R",
		"R",
		"R",
		"R",
		"R",
		"R",
		"L",
		"R",
		"R",
		"R",
		"L",
		"R",
		"L",
		"L",
		"L",
		"R",
		"R",
		"R"
	],
	"response_time":[0.768,0.996,1.021,0.9360000000000001,0.783,0.778,0.636,0.639,0.6870000000000001,0.675,0.822,0.858,0.9399999999999999,0.766,0.375,0.5600000000000001,1.015,1.049,0.768,0.753,0.76,0.928,0.435,0.368,1.213,0.679,0.868,1.025,1.182,0.672,0.359,0.638,1.038,1.306,0.867,1.046,0.834,0.593,0.38,0.369,1.249,0.657,0.7,0.657,0.823,0.602,0.393,0.484,0.73,0.755,1.674,0.856,0.633,0.652,0.352,0.479,0.754,1.135,0.894,0.77,1.403,0.658,0.417,0.477,1.133,1.501,0.703,1.294,0.923,0.614,0.339,0.394,0.922,0.964,1.006,0.968,1.821,0.729,0.365,0.42],
	"Correct":[
		1,
		0,
		0,
		0,
		1,
		"-",
		"-",
		"-",
		1,
		1,
		0,
		1,
		0,
		"-",
		"-",
		"-",
		0,
		1,
		0,
		1,
		1,
		"-",
		"-",
		"-",
		1,
		1,
		0,
		0,
		1,
		"-",
		"-",
		"-",
		1,
		1,
		1,
		1,
		1,
		"-",
		"-",
		"-",
		1,
		1,
		1,
		1,
		0,
		"-",
		"-",
		"-",
		0,
		1,
		1,
		1,
		1,
		"-",
		"-",
		"-",
		0,
		1,
		1,
		1,
		0,
		"-",
		"-",
		"-",
		1,
		1,
		1,
		1,
		1,
		"-",
		"-",
		"-",
		1,
		1,
		1,
		1,
		1,
		"-",
		"-",
		"-"
	],
	"Feedback":[
		"L",
		"L",
		"R",
		"R",
		"L",
		"-",
		"-",
		"-",
		"R",
		"L",
		"R",
		"L",
		"L",
		"-",
		"-",
		"-",
		"R",
		"R",
		"L",
		"R",
		"R",
		"-",
		"-",
		"-",
		"L",
		"R",
		"R",
		"R",
		"L",
		"-",
		"-",
		"-",
		"L",
		"R",
		"L",
		"L",
		"L",
		"-",
		"-",
		"-",
		"R",
		"R",
		"L",
		"R",
		"R",
		"-",
		"-",
		"-",
		"L",
		"L",
		"L",
		"R",
		"R",
		"-",
		"-",
		"-",
		"L",
		"L",
		"L",
		"L",
		"L",
		"-",
		"-",
		"-",
		"R",
		"R",
		"R",
		"R",
		"L",
		"-",
		"-",
		"-",
		"L",
		"R",
		"L",
		"L",
		"L",
		"-",
		"-",
		"-"
	]
}
