{
	"onset":[0.026,2.132,4.141,6.265,8.256,11.393,14.131,16.637,21.516,24.271,26.761,28.885,31.64,33.764,36.519,38.511,42.394,44.518,47.14,49.265,51.638,55.256,58.011,60.135,62.757,66.39100000000001,70.009,72.515,75.13800000000001,77.145,80.017,82.88800000000001,85.012,87.26900000000001,90.505,93.26000000000001,95.268,98.255,101.259,106.388,108.644,111.764,115.133,118.635,121.888,123.896,127.763,130.883,133.522,136.757,140.641,143.645,146.134,148.391,151.013,153.768,156.009,158.631,162.631,166.763,168.887,171.144,175.393,178.131,181.633,183.757,185.881,188.387,190.512,194.013,197.897,200.137,202.261,206.759,209.132,211.638,215.77,218.011,220.135,222.89,226.143,228.134,230.142,234.507,237.643,240.017,242.506,245.012,248.016,251.767,254.256,257.26,259.633,261.641,263.765,265.89,268.512,270.636,272.644,275.515,278.27,281.141,283.265,285.257,289.505,292.144,294.385,298.882,301.139,303.263,305.52,307.512,309.636,312.507,315.395,318.631,320.888,323.012,327.261,329.634,334.513,336.887,339.26,341.765,345.384,347.757,351.507,355.391],
	"duration":[1.5,1.5,1.5,1.5,1.5,1.5,1.5,1.5,1.5,1.5,1.5,1.5,1.5,1.5,1.5,1.5,1.5,1.5,1.5,1.5,1.5,1.5,1.5,1.5,1.5,1.5,1.5,1.5,1.5,1.5,1.5,1.5,1.5,1.5,1.5,1.5,1.5,1.5,1.5,1.5,1.5,1.5,1.5,1.5,1.5,1.5,1.5,1.5,1.5,1.5,1.5,1.5,1.5,1.5,1.5,1.5,1.5,1.5,1.5,1.5,1.5,1.5,1.5,1.5,1.5,1.5,1.5,1.5,1.5,1.5,1.5,1.5,1.5,1.5,1.5,1.5,1.5,1.5,1.5,1.5,1.5,1.5,1.5,1.5,1.5,1.5,1.5,1.5,1.5,1.5,1.5,1.5,1.5,1.5,1.5,1.5,1.5,1.5,1.5,1.5,1.5,1.5,1.5,1.5,1.5,1.5,1.5,1.5,1.5,1.5,1.5,1.5,1.5,1.5,1.5,1.5,1.5,1.5,1.5,1.5,1.5,1.5,1.5,1.5,1.5,1.5,1.5,1.5],
	"trial_type":[
		"go",
		"go",
		"junk",
		"go",
		"succ_stop",
		"go",
		"succ_stop",
		"go",
		"go",
		"unsucc_stop",
		"go",
		"succ_stop",
		"go",
		"go",
		"go",
		"go",
		"go",
		"go",
		"unsucc_stop",
		"go",
		"unsucc_stop",
		"go",
		"go",
		"go",
		"go",
		"go",
		"go",
		"go",
		"go",
		"go",
		"succ_stop",
		"succ_stop",
		"go",
		"go",
		"go",
		"go",
		"go",
		"go",
		"unsucc_stop",
		"succ_stop",
		"unsucc_stop",
		"go",
		"go",
		"go",
		"go",
		"go",
		"go",
		"unsucc_stop",
		"succ_stop",
		"succ_stop",
		"go",
		"go",
		"go",
		"go",
		"go",
		"go",
		"go",
		"go",
		"go",
		"unsucc_stop",
		"go",
		"go",
		"unsucc_stop",
		"go",
		"go",
		"go",
		"go",
		"go",
		"go",
		"go",
		"succ_stop",
		"succ_stop",
		"succ_stop",
		"succ_stop",
		"go",
		"go",
		"go",
		"go",
		"go",
		"go",
		"go",
		"go",
		"unsucc_stop",
		"go",
		"go",
		"go",
		"go",
		"succ_stop",
		"go",
		"succ_stop",
		"go",
		"go",
		"go",
		"go",
		"unsucc_stop",
		"go",
		"go",
		"unsucc_stop",
		"go",
		"go",
		"go",
		"go",
		"unsucc_stop",
		"go",
		"unsucc_stop",
		"succ_stop",
		"go",
		"go",
		"go",
		"go",
		"go",
		"go",
		"go",
		"go",
		"unsucc_stop",
		"unsucc_stop",
		"go",
		"go",
		"go",
		"go",
		"go",
		"unsucc_stop",
		"go",
		"go",
		"go",
		"go",
		"go",
		"succ_stop"
	]
}
