{
	"onset":[0,3.191,6.381,9.571999999999999,12.545,15.685,18.759,21.849,25.073,28.363,31.002,51.598,54.806,58.079,61.336,64.56,67.801,70.991,74.148,77.455,80.71299999999999,83.85299999999999,86.99299999999999,90.117,93.274,96.364,99.437,102.428,105.601,108.725,111.314,131.926,135.133,138.357,141.514,144.771,147.995,151.152,154.292,157.383,160.656,163.813,166.837,169.994,173.168,176.241,179.381,182.638,185.829,188.451,208.897,211.97,215.11,218.301,221.558,224.581,227.855,231.063,234.286,237.51,240.734,243.924,247.165,250.405,253.613,256.803,259.876,263.05,266.291,269.331,271.953,292.499,295.806,298.813,302.036,305.177,308.25,311.524,314.848,318.089,321.246,324.419,327.543,330.733,333.824,336.813,340.004,343.194,346.218,349.492,352.114,372.559,375.733,378.79,382.047,385.288,388.461,391.618,394.257],
	"duration":[0.982,0.846,0.878,0.8,0.8169999999999999,0.834,0.831,0.957,0.9379999999999999,0.903,20,0.958,0.9399999999999999,0.919,0.88,0.916,1,0.979,0.99,0.923,0.9320000000000001,0.83,0.826,0.858,0.838,0.899,0.823,0.834,0.9360000000000001,0.84,20,0.9,0.875,0.8080000000000001,0.919,0.854,0.948,0.8,0.91,0.9399999999999999,0.878,0.8100000000000001,0.833,0.995,0.852,0.897,0.974,0.849,0.886,20,0.856,0.8139999999999999,0.897,0.9379999999999999,0.827,0.953,0.898,0.989,0.919,0.9320000000000001,0.919,0.9379999999999999,0.909,0.854,0.863,0.83,0.9399999999999999,0.991,0.8,0.877,20,0.968,0.825,0.922,0.885,0.8139999999999999,0.9419999999999999,0.961,0.99,0.825,0.819,0.911,0.948,0.883,0.806,0.944,0.997,0.8139999999999999,0.951,0.881,20,0.99,0.832,0.999,0.989,0.909,0.961,0.85,0.012],
	"circle_duration":[0.57,0.435,0.476,0.55,0.409,0.5669999999999999,0.476,0.498,0.498,0.571,20,0.5600000000000001,0.484,0.555,0.577,0.577,0.556,0.431,0.413,0.543,0.5570000000000001,0.443,0.535,0.525,0.533,0.472,0.415,0.4,0.573,0.424,20,0.577,0.536,0.581,0.569,0.577,0.587,0.44,0.581,0.404,0.5600000000000001,0.504,0.45,0.5659999999999999,0.402,0.463,0.483,0.511,0.576,20,0.406,0.442,0.5659999999999999,0.53,0.55,0.424,0.556,0.484,0.462,0.539,0.524,0.514,0.532,0.5639999999999999,0.584,0.5570000000000001,0.477,0.461,0.474,0.476,20,0.514,0.576,0.406,0.524,0.499,0.496,0.555,0.589,0.484,0.556,0.596,0.44,0.476,0.45,0.409,0.482,0.43,0.44,0.5580000000000001,20,0.41,0.412,0.456,0.499,0.474,0.489,0.419,0],
	"stim_type":[
		"SCRAMBLED",
		"FAMOUS",
		"FAMOUS",
		"SCRAMBLED",
		"SCRAMBLED",
		"SCRAMBLED",
		"FAMOUS",
		"FAMOUS",
		"FAMOUS",
		"SCRAMBLED",
		"n/a",
		"UNFAMILIAR",
		"UNFAMILIAR",
		"SCRAMBLED",
		"SCRAMBLED",
		"SCRAMBLED",
		"SCRAMBLED",
		"FAMOUS",
		"FAMOUS",
		"FAMOUS",
		"UNFAMILIAR",
		"UNFAMILIAR",
		"SCRAMBLED",
		"SCRAMBLED",
		"SCRAMBLED",
		"UNFAMILIAR",
		"UNFAMILIAR",
		"FAMOUS",
		"FAMOUS",
		"UNFAMILIAR",
		"n/a",
		"FAMOUS",
		"FAMOUS",
		"UNFAMILIAR",
		"FAMOUS",
		"FAMOUS",
		"UNFAMILIAR",
		"UNFAMILIAR",
		"FAMOUS",
		"FAMOUS",
		"UNFAMILIAR",
		"UNFAMILIAR",
		"UNFAMILIAR",
		"UNFAMILIAR",
		"FAMOUS",
		"UNFAMILIAR",
		"UNFAMILIAR",
		"FAMOUS",
		"FAMOUS",
		"n/a",
		"SCRAMBLED",
		"SCRAMBLED",
		"UNFAMILIAR",
		"SCRAMBLED",
		"UNFAMILIAR",
		"FAMOUS",
		"SCRAMBLED",
		"SCRAMBLED",
		"UNFAMILIAR",
		"SCRAMBLED",
		"SCRAMBLED",
		"UNFAMILIAR",
		"SCRAMBLED",
		"SCRAMBLED",
		"SCRAMBLED",
		"SCRAMBLED",
		"UNFAMILIAR",
		"FAMOUS",
		"FAMOUS",
		"FAMOUS",
		"n/a",
		"UNFAMILIAR",
		"UNFAMILIAR",
		"UNFAMILIAR",
		"FAMOUS",
		"SCRAMBLED",
		"SCRAMBLED",
		"SCRAMBLED",
		"SCRAMBLED",
		"SCRAMBLED",
		"SCRAMBLED",
		"FAMOUS",
		"UNFAMILIAR",
		"UNFAMILIAR",
		"UNFAMILIAR",
		"FAMOUS",
		"FAMOUS",
		"SCRAMBLED",
		"SCRAMBLED",
		"UNFAMILIAR",
		"n/a",
		"UNFAMILIAR",
		"UNFAMILIAR",
		"FAMOUS",
		"FAMOUS",
		"UNFAMILIAR",
		"FAMOUS",
		"FAMOUS",
		"n/a"
	],
	"trigger":[17,5,6,17,18,17,5,5,6,19,999,13,14,17,17,18,19,5,6,7,13,13,17,18,19,13,13,5,6,15,999,5,6,15,5,6,13,15,5,6,15,13,13,14,5,13,15,5,6,999,17,18,15,17,13,7,17,18,15,17,18,13,17,19,17,18,15,5,6,5,999,13,14,15,5,19,17,18,17,17,18,7,13,14,13,7,5,17,19,13,999,13,14,5,6,15,5,7,999],
	"button_pushed":[7,4,4,4,4,4,4,7,7,4,20000,7,7,4,4,4,4,4,4,4,4,7,4,4,4,7,7,7,7,7,20000,7,7,7,4,4,7,7,4,4,7,4,4,4,4,4,7,4,4,20000,4,4,4,7,4,4,4,4,7,4,4,4,4,4,4,4,7,7,7,4,20000,7,7,7,4,4,4,7,4,4,4,4,7,7,4,4,4,7,4,7,20000,4,4,4,4,7,4,7,0],
	"response_time":[0.953,0.596,0.539,0.929,0.908,0.616,0.6820000000000001,0.668,0.611,0.699,20,1.12,0.705,0.586,0.702,0.8169999999999999,0.597,0.786,0.498,0.724,0.61,0.712,0.59,1.059,0.869,0.826,1.2,0.944,0.661,0.868,20,0.791,0.5669999999999999,0.593,0.591,0.67,0.632,0.846,0.5590000000000001,0.544,0.612,0.803,0.838,0.6860000000000001,0.978,1.088,0.73,0.612,0.511,20,0.977,0.479,0.886,0.722,0.486,0.674,0.675,0.512,0.649,0.5620000000000001,0.594,0.737,0.54,0.569,0.7,0.696,0.6879999999999999,1.234,0.77,0.649,20,1.043,0.603,0.771,0.8179999999999999,0.926,0.5620000000000001,0.711,0.742,0.6860000000000001,0.6860000000000001,0.715,1.065,0.673,0.835,0.622,0.654,0.999,0.703,0.716,20,0.703,0.46,0.6850000000000001,0.663,0.789,0.5649999999999999,0.833,0],
	"stim_file":[
		"func/s029.bmp",
		"func/f017.bmp",
		"func/f017.bmp",
		"func/s026.bmp",
		"func/s026.bmp",
		"func/s021.bmp",
		"func/f021.bmp",
		"func/f028.bmp",
		"func/f028.bmp",
		"func/s029.bmp",
		"func/i999.bmp",
		"func/u032.bmp",
		"func/u032.bmp",
		"func/s023.bmp",
		"func/s030.bmp",
		"func/s030.bmp",
		"func/s021.bmp",
		"func/f018.bmp",
		"func/f018.bmp",
		"func/f021.bmp",
		"func/u019.bmp",
		"func/u020.bmp",
		"func/s031.bmp",
		"func/s031.bmp",
		"func/s023.bmp",
		"func/u024.bmp",
		"func/u030.bmp",
		"func/f029.bmp",
		"func/f029.bmp",
		"func/u019.bmp",
		"func/i999.bmp",
		"func/f024.bmp",
		"func/f024.bmp",
		"func/u020.bmp",
		"func/f019.bmp",
		"func/f019.bmp",
		"func/u027.bmp",
		"func/u024.bmp",
		"func/f031.bmp",
		"func/f031.bmp",
		"func/u030.bmp",
		"func/u026.bmp",
		"func/u029.bmp",
		"func/u029.bmp",
		"func/f026.bmp",
		"func/u025.bmp",
		"func/u027.bmp",
		"func/f025.bmp",
		"func/f025.bmp",
		"func/i999.bmp",
		"func/s032.bmp",
		"func/s032.bmp",
		"func/u026.bmp",
		"func/s019.bmp",
		"func/u017.bmp",
		"func/f026.bmp",
		"func/s027.bmp",
		"func/s027.bmp",
		"func/u025.bmp",
		"func/s025.bmp",
		"func/s025.bmp",
		"func/u028.bmp",
		"func/s018.bmp",
		"func/s019.bmp",
		"func/s020.bmp",
		"func/s020.bmp",
		"func/u017.bmp",
		"func/f022.bmp",
		"func/f022.bmp",
		"func/f020.bmp",
		"func/i999.bmp",
		"func/u021.bmp",
		"func/u021.bmp",
		"func/u028.bmp",
		"func/f032.bmp",
		"func/s018.bmp",
		"func/s024.bmp",
		"func/s024.bmp",
		"func/s028.bmp",
		"func/s017.bmp",
		"func/s017.bmp",
		"func/f020.bmp",
		"func/u022.bmp",
		"func/u022.bmp",
		"func/u031.bmp",
		"func/f032.bmp",
		"func/f023.bmp",
		"func/s022.bmp",
		"func/s028.bmp",
		"func/u023.bmp",
		"func/i999.bmp",
		"func/u018.bmp",
		"func/u018.bmp",
		"func/f027.bmp",
		"func/f027.bmp",
		"func/u031.bmp",
		"func/f030.bmp",
		"func/f023.bmp",
		"func/Circle.bmp"
	]
}
