{
	"onset":[0,3.207,6.548,9.739000000000001,12.862,16.002,19.109,22.3,25.423,28.564,31.27,51.732,54.788,57.962,61.136,64.36,67.583,70.623,73.64700000000001,76.854,80.09399999999999,83.101,86.35899999999999,89.449,92.489,95.696,98.803,101.993,105.167,107.722,128.335,131.559,134.732,137.806,141.03,144.237,147.41,150.617,153.758,156.882,160.088,163.179,166.453,169.576,172.9,175.958,178.98,182.187,185.344,188.451,191.024,211.519,214.626,217.9,221.124,224.197,227.471,230.762,233.919,237.042,240.216,243.323,246.614,249.771,252.978,256.202,259.492,262.599,265.739,268.429,288.874,292.065,295.255,298.328,301.485,304.709,307.782,310.873,314.03,317.203,320.527,323.601,326.841,329.982,333.206,336.346,339.603,342.677,345.733,348.439,369.068,372.175,375.265,378.439,381.579,384.803,388.027,391.284,393.89],
	"duration":[0.908,0.892,0.845,0.854,0.851,0.848,0.885,0.832,0.9,0.954,20,0.843,0.9340000000000001,0.9340000000000001,0.855,0.961,0.823,0.805,0.866,0.878,0.8120000000000001,0.968,0.854,0.862,0.892,0.855,0.973,0.985,0.8090000000000001,20,0.957,0.87,0.892,0.9379999999999999,0.984,0.897,0.896,0.83,0.946,0.986,0.873,0.98,0.856,0.996,0.87,0.83,0.902,0.849,0.826,0.824,20,0.841,0.973,0.879,0.8169999999999999,0.983,0.863,0.909,0.858,0.959,0.907,0.991,0.9350000000000001,0.947,0.93,0.962,0.838,0.893,0.953,20,0.883,0.909,0.864,0.954,0.982,0.858,0.913,0.973,0.986,0.992,0.901,0.909,0.82,0.906,0.9409999999999999,0.973,0.841,0.893,0.956,20,0.8139999999999999,0.84,0.869,0.886,0.915,0.9389999999999999,0.994,0.803,0.012],
	"circle_duration":[0.487,0.519,0.579,0.57,0.487,0.526,0.492,0.549,0.519,0.478,20,0.418,0.44,0.473,0.469,0.599,0.488,0.448,0.449,0.578,0.598,0.431,0.534,0.459,0.411,0.535,0.481,0.442,0.422,20,0.569,0.494,0.541,0.413,0.51,0.466,0.506,0.548,0.54,0.417,0.457,0.449,0.519,0.5,0.5600000000000001,0.418,0.423,0.538,0.537,0.507,20,0.459,0.498,0.531,0.57,0.485,0.519,0.5590000000000001,0.474,0.489,0.437,0.427,0.528,0.452,0.487,0.534,0.553,0.498,0.475,20,0.403,0.551,0.511,0.448,0.431,0.469,0.443,0.401,0.407,0.429,0.5600000000000001,0.41,0.5649999999999999,0.536,0.551,0.433,0.515,0.467,0.4,20,0.588,0.52,0.469,0.536,0.486,0.537,0.511,0.486,0],
	"stim_type":[
		"UNFAMILIAR",
		"UNFAMILIAR",
		"FAMOUS",
		"FAMOUS",
		"UNFAMILIAR",
		"UNFAMILIAR",
		"FAMOUS",
		"FAMOUS",
		"SCRAMBLED",
		"SCRAMBLED",
		"n/a",
		"FAMOUS",
		"FAMOUS",
		"UNFAMILIAR",
		"FAMOUS",
		"FAMOUS",
		"SCRAMBLED",
		"SCRAMBLED",
		"SCRAMBLED",
		"FAMOUS",
		"UNFAMILIAR",
		"FAMOUS",
		"SCRAMBLED",
		"UNFAMILIAR",
		"UNFAMILIAR",
		"FAMOUS",
		"SCRAMBLED",
		"SCRAMBLED",
		"SCRAMBLED",
		"n/a",
		"FAMOUS",
		"UNFAMILIAR",
		"UNFAMILIAR",
		"UNFAMILIAR",
		"SCRAMBLED",
		"FAMOUS",
		"FAMOUS",
		"UNFAMILIAR",
		"SCRAMBLED",
		"FAMOUS",
		"SCRAMBLED",
		"SCRAMBLED",
		"SCRAMBLED",
		"FAMOUS",
		"FAMOUS",
		"SCRAMBLED",
		"SCRAMBLED",
		"SCRAMBLED",
		"SCRAMBLED",
		"SCRAMBLED",
		"n/a",
		"UNFAMILIAR",
		"UNFAMILIAR",
		"SCRAMBLED",
		"SCRAMBLED",
		"FAMOUS",
		"FAMOUS",
		"FAMOUS",
		"SCRAMBLED",
		"UNFAMILIAR",
		"FAMOUS",
		"FAMOUS",
		"FAMOUS",
		"SCRAMBLED",
		"SCRAMBLED",
		"SCRAMBLED",
		"UNFAMILIAR",
		"UNFAMILIAR",
		"SCRAMBLED",
		"n/a",
		"UNFAMILIAR",
		"UNFAMILIAR",
		"SCRAMBLED",
		"SCRAMBLED",
		"FAMOUS",
		"FAMOUS",
		"FAMOUS",
		"UNFAMILIAR",
		"FAMOUS",
		"FAMOUS",
		"FAMOUS",
		"UNFAMILIAR",
		"UNFAMILIAR",
		"UNFAMILIAR",
		"UNFAMILIAR",
		"UNFAMILIAR",
		"UNFAMILIAR",
		"UNFAMILIAR",
		"FAMOUS",
		"n/a",
		"SCRAMBLED",
		"SCRAMBLED",
		"SCRAMBLED",
		"UNFAMILIAR",
		"FAMOUS",
		"UNFAMILIAR",
		"UNFAMILIAR",
		"UNFAMILIAR",
		"n/a"
	],
	"trigger":[13,14,5,6,13,14,5,6,17,18,999,5,5,13,5,6,17,17,18,7,13,7,17,15,13,5,19,17,18,999,5,15,13,14,19,5,6,15,17,7,17,17,18,7,5,17,18,17,18,19,999,13,14,19,17,5,6,7,17,13,5,5,6,19,17,18,13,14,19,999,13,15,17,18,7,5,6,13,5,5,6,15,13,13,14,13,15,13,7,999,17,18,17,15,5,13,14,15,999],
	"button_pushed":[7,7,4,4,7,7,4,4,4,4,20000,4,4,7,4,4,4,4,7,4,7,4,7,4,7,7,4,4,4,20000,7,7,7,7,4,7,7,7,4,7,4,4,4,7,7,4,4,7,7,4,20000,4,4,4,4,4,4,7,4,7,4,4,4,4,4,4,7,7,7,20000,7,7,4,4,4,4,4,7,4,7,7,7,7,7,7,7,7,4,4,20000,4,4,4,7,4,4,4,7,0],
	"response_time":[1.103,0.792,0.82,0.737,0.946,0.648,0.653,0.643,1.044,0.6919999999999999,20,0.929,0.719,0.898,0.65,0.66,0.784,1.165,0.72,0.891,0.977,0.61,0.901,0.822,0.792,0.715,0.797,0.68,1.013,20,0.947,0.695,0.612,0.639,0.718,0.961,0.6820000000000001,0.6860000000000001,0.754,0.659,0.782,0.774,0.722,0.731,0.667,1.055,0.601,0.753,0.676,0.667,20,0.791,0.695,1.056,0.781,0.741,0.698,0.646,0.767,0.722,0.713,0.85,0.914,0.779,0.739,0.738,0.804,0.806,0.791,20,0.741,0.707,0.595,0.587,0.663,0.699,0.702,0.708,0.7,0.799,0.592,0.665,0.614,0.608,0.581,0.646,0.645,0.631,0.721,20,0.603,0.824,0.733,0.416,0.849,0.891,0.635,1.061,0],
	"stim_file":[
		"func/u009.bmp",
		"func/u009.bmp",
		"func/f006.bmp",
		"func/f006.bmp",
		"func/u003.bmp",
		"func/u003.bmp",
		"func/f014.bmp",
		"func/f014.bmp",
		"func/s009.bmp",
		"func/s009.bmp",
		"func/i999.bmp",
		"func/f013.bmp",
		"func/f002.bmp",
		"func/u013.bmp",
		"func/f009.bmp",
		"func/f009.bmp",
		"func/s001.bmp",
		"func/s015.bmp",
		"func/s015.bmp",
		"func/f013.bmp",
		"func/u005.bmp",
		"func/f002.bmp",
		"func/s016.bmp",
		"func/u013.bmp",
		"func/u001.bmp",
		"func/f012.bmp",
		"func/s001.bmp",
		"func/s002.bmp",
		"func/s002.bmp",
		"func/i999.bmp",
		"func/f003.bmp",
		"func/u005.bmp",
		"func/u012.bmp",
		"func/u012.bmp",
		"func/s016.bmp",
		"func/f010.bmp",
		"func/f010.bmp",
		"func/u001.bmp",
		"func/s014.bmp",
		"func/f012.bmp",
		"func/s011.bmp",
		"func/s007.bmp",
		"func/s007.bmp",
		"func/f003.bmp",
		"func/f001.bmp",
		"func/s004.bmp",
		"func/s004.bmp",
		"func/s012.bmp",
		"func/s012.bmp",
		"func/s014.bmp",
		"func/i999.bmp",
		"func/u010.bmp",
		"func/u010.bmp",
		"func/s011.bmp",
		"func/s008.bmp",
		"func/f007.bmp",
		"func/f007.bmp",
		"func/f001.bmp",
		"func/s013.bmp",
		"func/u015.bmp",
		"func/f004.bmp",
		"func/f011.bmp",
		"func/f011.bmp",
		"func/s008.bmp",
		"func/s010.bmp",
		"func/s010.bmp",
		"func/u002.bmp",
		"func/u002.bmp",
		"func/s013.bmp",
		"func/i999.bmp",
		"func/u004.bmp",
		"func/u015.bmp",
		"func/s005.bmp",
		"func/s005.bmp",
		"func/f004.bmp",
		"func/f008.bmp",
		"func/f008.bmp",
		"func/u007.bmp",
		"func/f005.bmp",
		"func/f016.bmp",
		"func/f016.bmp",
		"func/u004.bmp",
		"func/u014.bmp",
		"func/u008.bmp",
		"func/u008.bmp",
		"func/u011.bmp",
		"func/u007.bmp",
		"func/u016.bmp",
		"func/f005.bmp",
		"func/i999.bmp",
		"func/s006.bmp",
		"func/s006.bmp",
		"func/s003.bmp",
		"func/u014.bmp",
		"func/f015.bmp",
		"func/u006.bmp",
		"func/u006.bmp",
		"func/u011.bmp",
		"func/Circle.bmp"
	]
}
