{
	"onset":[0,3.224,6.515,9.587999999999999,12.662,15.835,19.093,22.233,25.507,28.731,31.437,51.999,55.256,58.463,61.72,64.827,67.968,71.191,74.265,77.372,80.563,83.76900000000001,87.026,90.34999999999999,93.441,96.664,99.922,103.196,106.353,109.51,112.115,132.728,135.951,138.975,142.215,145.489,148.579,151.653,154.843,157.984,161.174,164.415,167.655,170.862,174.019,177.243,180.333,183.473,186.647,189.821,192.493,213.022,216.279,219.637,222.76,225.851,229.191,232.449,235.639,238.864,241.92,245.178,248.267,251.558,254.731,257.771,260.896,264.052,267.309,269.898,290.36,293.517,296.624,299.798,302.971,306.112,309.302,312.426,315.533,318.69,321.98,325.137,328.411,331.668,334.942,337.966,341.139,344.163,347.303,350.443,353.166,373.661,376.869,379.892,383.066,386.356,389.53,392.77,395.861,398.5],
	"duration":[0.861,0.913,0.847,0.877,0.945,0.99,0.825,0.911,0.975,0.956,20,0.984,0.948,0.978,0.853,0.9429999999999999,0.9360000000000001,0.801,0.887,0.96,0.872,0.911,0.961,0.832,0.954,0.889,0.918,0.8090000000000001,0.852,0.868,20,0.955,0.843,0.9360000000000001,0.973,0.836,0.895,0.898,0.886,0.944,0.905,0.965,0.9,0.801,0.949,0.8080000000000001,0.884,0.911,0.9320000000000001,0.9350000000000001,20,0.968,0.993,0.8169999999999999,0.888,0.978,0.924,0.946,0.921,0.893,0.907,0.906,0.95,0.9,0.875,0.8120000000000001,0.926,0.974,0.846,20,0.976,0.883,0.987,0.974,0.905,0.991,0.8080000000000001,0.839,0.903,0.928,0.829,0.983,0.945,0.908,0.85,0.894,0.823,0.837,0.909,0.98,20,0.855,0.8129999999999999,0.979,0.982,0.892,0.874,0.91,0.854,0.012],
	"circle_duration":[0.583,0.595,0.509,0.464,0.419,0.457,0.492,0.54,0.6,0.478,20,0.519,0.509,0.485,0.501,0.485,0.427,0.525,0.517,0.439,0.468,0.556,0.571,0.595,0.499,0.495,0.586,0.595,0.569,0.54,20,0.582,0.494,0.403,0.549,0.533,0.487,0.409,0.521,0.49,0.473,0.552,0.507,0.537,0.597,0.508,0.511,0.497,0.491,0.476,20,0.496,0.525,0.588,0.536,0.42,0.588,0.477,0.48,0.535,0.4,0.585,0.411,0.58,0.505,0.4,0.551,0.459,0.514,20,0.431,0.403,0.464,0.404,0.422,0.459,0.425,0.545,0.488,0.5,0.6,0.556,0.533,0.543,0.589,0.412,0.51,0.424,0.52,0.456,20,0.46,0.584,0.44,0.419,0.548,0.506,0.592,0.406,0],
	"stim_type":[
		"FAMOUS",
		"FAMOUS",
		"FAMOUS",
		"FAMOUS",
		"UNFAMILIAR",
		"SCRAMBLED",
		"FAMOUS",
		"FAMOUS",
		"UNFAMILIAR",
		"UNFAMILIAR",
		"n/a",
		"SCRAMBLED",
		"SCRAMBLED",
		"FAMOUS",
		"FAMOUS",
		"UNFAMILIAR",
		"UNFAMILIAR",
		"SCRAMBLED",
		"SCRAMBLED",
		"SCRAMBLED",
		"FAMOUS",
		"UNFAMILIAR",
		"UNFAMILIAR",
		"FAMOUS",
		"SCRAMBLED",
		"SCRAMBLED",
		"FAMOUS",
		"UNFAMILIAR",
		"UNFAMILIAR",
		"UNFAMILIAR",
		"n/a",
		"SCRAMBLED",
		"SCRAMBLED",
		"FAMOUS",
		"FAMOUS",
		"UNFAMILIAR",
		"FAMOUS",
		"FAMOUS",
		"FAMOUS",
		"UNFAMILIAR",
		"UNFAMILIAR",
		"FAMOUS",
		"FAMOUS",
		"FAMOUS",
		"UNFAMILIAR",
		"UNFAMILIAR",
		"SCRAMBLED",
		"SCRAMBLED",
		"SCRAMBLED",
		"SCRAMBLED",
		"n/a",
		"FAMOUS",
		"SCRAMBLED",
		"SCRAMBLED",
		"FAMOUS",
		"UNFAMILIAR",
		"UNFAMILIAR",
		"SCRAMBLED",
		"SCRAMBLED",
		"UNFAMILIAR",
		"UNFAMILIAR",
		"FAMOUS",
		"FAMOUS",
		"FAMOUS",
		"FAMOUS",
		"UNFAMILIAR",
		"UNFAMILIAR",
		"UNFAMILIAR",
		"SCRAMBLED",
		"n/a",
		"UNFAMILIAR",
		"SCRAMBLED",
		"SCRAMBLED",
		"SCRAMBLED",
		"SCRAMBLED",
		"FAMOUS",
		"SCRAMBLED",
		"SCRAMBLED",
		"FAMOUS",
		"SCRAMBLED",
		"SCRAMBLED",
		"UNFAMILIAR",
		"UNFAMILIAR",
		"SCRAMBLED",
		"SCRAMBLED",
		"UNFAMILIAR",
		"UNFAMILIAR",
		"UNFAMILIAR",
		"FAMOUS",
		"SCRAMBLED",
		"n/a",
		"UNFAMILIAR",
		"UNFAMILIAR",
		"FAMOUS",
		"FAMOUS",
		"SCRAMBLED",
		"FAMOUS",
		"FAMOUS",
		"UNFAMILIAR",
		"n/a"
	],
	"trigger":[5,5,6,5,13,17,5,7,13,14,999,17,18,7,5,15,13,19,17,18,7,13,14,5,17,18,7,13,14,15,999,17,18,5,6,13,7,5,6,13,14,5,6,5,13,15,17,18,17,18,999,5,17,18,7,13,15,17,17,13,14,7,5,5,6,15,13,14,19,999,13,19,17,18,17,7,17,18,5,17,18,15,13,17,19,13,13,14,7,17,999,13,15,5,6,19,5,6,15,999],
	"button_pushed":[
		4,
		4,
		4,
		4,
		4,
		4,
		4,
		4,
		4,
		4,
		20000,
		4,
		4,
		4,
		4,
		4,
		4,
		7,
		4,
		4,
		4,
		4,
		4,
		7,
		4,
		4,
		4,
		4,
		4,
		4,
		20000,
		7,
		7,
		4,
		"n/a",
		4,
		7,
		4,
		4,
		4,
		4,
		4,
		4,
		7,
		4,
		4,
		4,
		4,
		4,
		4,
		20000,
		4,
		4,
		4,
		7,
		7,
		4,
		4,
		4,
		4,
		4,
		4,
		4,
		4,
		4,
		7,
		4,
		4,
		4,
		20000,
		7,
		4,
		4,
		4,
		4,
		4,
		4,
		4,
		4,
		4,
		4,
		7,
		4,
		7,
		4,
		4,
		4,
		4,
		4,
		7,
		20000,
		4,
		4,
		4,
		4,
		4,
		4,
		4,
		4,
		0
	],
	"response_time":[0.801,1.081,0.527,0.722,0.601,0.804,0.852,0.625,0.552,0.595,20,0.654,0.858,0.748,0.727,0.8169999999999999,0.677,0.726,0.641,0.962,0.726,0.598,0.576,1.138,0.662,0.738,0.85,0.782,0.545,0.643,20,1.027,0.843,0.625,0,0.729,0.716,0.61,0.618,0.67,0.572,0.618,0.744,0.873,0.649,0.712,0.669,0.646,0.626,0.5639999999999999,20,0.5629999999999999,0.6889999999999999,0.52,0.666,0.641,0.526,0.622,0.503,0.641,0.578,0.64,0.545,0.511,0.52,0.672,0.63,0.597,0.91,20,0.716,0.635,0.583,0.583,0.656,0.6889999999999999,0.545,0.544,0.612,0.93,0.765,0.847,0.538,1.118,0.619,0.786,0.582,0.608,0.722,0.833,20,0.658,0.591,0.581,0.537,0.556,0.5649999999999999,0.477,0.749,0],
	"stim_file":[
		"func/f121.bmp",
		"func/f123.bmp",
		"func/f123.bmp",
		"func/f116.bmp",
		"func/u123.bmp",
		"func/s115.bmp",
		"func/f119.bmp",
		"func/f121.bmp",
		"func/u120.bmp",
		"func/u120.bmp",
		"func/i999.bmp",
		"func/s123.bmp",
		"func/s123.bmp",
		"func/f116.bmp",
		"func/f115.bmp",
		"func/u123.bmp",
		"func/u126.bmp",
		"func/s115.bmp",
		"func/s126.bmp",
		"func/s126.bmp",
		"func/f119.bmp",
		"func/u125.bmp",
		"func/u125.bmp",
		"func/f114.bmp",
		"func/s127.bmp",
		"func/s127.bmp",
		"func/f115.bmp",
		"func/u116.bmp",
		"func/u116.bmp",
		"func/u126.bmp",
		"func/i999.bmp",
		"func/s114.bmp",
		"func/s114.bmp",
		"func/f124.bmp",
		"func/f124.bmp",
		"func/u130.bmp",
		"func/f114.bmp",
		"func/f122.bmp",
		"func/f122.bmp",
		"func/u121.bmp",
		"func/u121.bmp",
		"func/f120.bmp",
		"func/f120.bmp",
		"func/f129.bmp",
		"func/u129.bmp",
		"func/u130.bmp",
		"func/s124.bmp",
		"func/s124.bmp",
		"func/s129.bmp",
		"func/s129.bmp",
		"func/i999.bmp",
		"func/f125.bmp",
		"func/s118.bmp",
		"func/s118.bmp",
		"func/f129.bmp",
		"func/u115.bmp",
		"func/u129.bmp",
		"func/s120.bmp",
		"func/s122.bmp",
		"func/u124.bmp",
		"func/u124.bmp",
		"func/f125.bmp",
		"func/f130.bmp",
		"func/f127.bmp",
		"func/f127.bmp",
		"func/u115.bmp",
		"func/u119.bmp",
		"func/u119.bmp",
		"func/s120.bmp",
		"func/i999.bmp",
		"func/u114.bmp",
		"func/s122.bmp",
		"func/s121.bmp",
		"func/s121.bmp",
		"func/s128.bmp",
		"func/f130.bmp",
		"func/s119.bmp",
		"func/s119.bmp",
		"func/f126.bmp",
		"func/s116.bmp",
		"func/s116.bmp",
		"func/u114.bmp",
		"func/u122.bmp",
		"func/s125.bmp",
		"func/s128.bmp",
		"func/u118.bmp",
		"func/u128.bmp",
		"func/u128.bmp",
		"func/f126.bmp",
		"func/s130.bmp",
		"func/i999.bmp",
		"func/u127.bmp",
		"func/u122.bmp",
		"func/f128.bmp",
		"func/f128.bmp",
		"func/s125.bmp",
		"func/f118.bmp",
		"func/f118.bmp",
		"func/u118.bmp",
		"func/Circle.bmp"
	]
}
