{
	"onset":[0,3.09,6.348,9.521000000000001,12.545,15.618,18.808,22.016,25.106,28.413,31.637,34.259,54.771,57.962,61.119,64.226,67.26600000000001,70.54000000000001,73.63,76.837,79.944,83.084,86.09099999999999,89.214,92.255,95.361,98.58499999999999,101.859,105.166,108.475,111.581,114.203,134.782,137.922,141.079,144.236,147.51,150.851,154.025,157.098,160.272,163.596,166.686,169.776,173,176.023,179.047,182.371,185.529,188.702,191.391,211.953,214.993,218.167,221.29,224.581,227.671,230.962,234.219,237.427,240.6,243.79,247.081,250.171,253.412,256.569,259.675,262.916,265.956,268.528,289.024,292.131,295.121,298.395,301.735,304.892,307.949,311.123,314.146,317.32,320.544,323.684,326.841,329.948,333.138,336.279,339.335,342.442,345.75,348.389,369.001,372.141,375.298,378.505,381.713,384.886,387.976,391.1,394.257,397.33,400.02],
	"duration":[0.896,0.928,0.884,0.852,0.828,0.9399999999999999,0.928,0.872,0.949,0.861,0.875,20,0.891,0.8070000000000001,0.804,0.853,0.926,0.829,0.9389999999999999,0.824,0.854,0.8129999999999999,0.848,0.848,0.865,0.92,0.995,0.987,0.987,0.899,0.873,20,0.881,0.925,0.955,0.955,0.982,0.853,0.8070000000000001,0.914,0.964,0.8139999999999999,0.823,0.886,0.852,0.846,0.965,0.946,0.826,0.949,20,0.863,0.95,0.805,0.984,0.887,0.918,0.968,0.965,0.985,0.825,0.978,0.855,0.948,0.965,0.876,0.98,0.849,0.826,20,0.887,0.8159999999999999,0.914,0.999,0.931,0.851,0.8169999999999999,0.8080000000000001,0.825,0.967,0.905,0.9419999999999999,0.883,0.951,0.887,0.832,0.9360000000000001,0.995,0.897,20,0.982,0.898,0.837,0.9399999999999999,0.862,0.879,0.872,0.865,0.831,0.9330000000000001,0.012],
	"circle_duration":[0.552,0.433,0.456,0.532,0.405,0.468,0.48,0.517,0.445,0.6,0.59,20,0.48,0.524,0.572,0.522,0.432,0.582,0.494,0.498,0.514,0.517,0.419,0.504,0.422,0.478,0.537,0.513,0.543,0.551,0.44,20,0.549,0.485,0.466,0.42,0.54,0.598,0.546,0.486,0.498,0.6,0.511,0.493,0.576,0.402,0.413,0.586,0.451,0.583,20,0.519,0.412,0.458,0.542,0.536,0.427,0.5649999999999999,0.533,0.484,0.429,0.593,0.541,0.459,0.525,0.421,0.466,0.499,0.418,20,0.452,0.437,0.407,0.599,0.575,0.458,0.447,0.586,0.441,0.579,0.486,0.466,0.45,0.462,0.475,0.472,0.461,0.414,0.537,20,0.577,0.4,0.486,0.589,0.487,0.539,0.443,0.474,0.531,0.479,0],
	"stim_type":[
		"UNFAMILIAR",
		"UNFAMILIAR",
		"UNFAMILIAR",
		"UNFAMILIAR",
		"FAMOUS",
		"FAMOUS",
		"UNFAMILIAR",
		"UNFAMILIAR",
		"FAMOUS",
		"FAMOUS",
		"UNFAMILIAR",
		"n/a",
		"SCRAMBLED",
		"SCRAMBLED",
		"UNFAMILIAR",
		"SCRAMBLED",
		"SCRAMBLED",
		"FAMOUS",
		"SCRAMBLED",
		"FAMOUS",
		"UNFAMILIAR",
		"FAMOUS",
		"FAMOUS",
		"UNFAMILIAR",
		"UNFAMILIAR",
		"UNFAMILIAR",
		"SCRAMBLED",
		"SCRAMBLED",
		"FAMOUS",
		"FAMOUS",
		"UNFAMILIAR",
		"n/a",
		"SCRAMBLED",
		"SCRAMBLED",
		"UNFAMILIAR",
		"UNFAMILIAR",
		"SCRAMBLED",
		"UNFAMILIAR",
		"FAMOUS",
		"FAMOUS",
		"SCRAMBLED",
		"FAMOUS",
		"SCRAMBLED",
		"SCRAMBLED",
		"FAMOUS",
		"SCRAMBLED",
		"FAMOUS",
		"FAMOUS",
		"FAMOUS",
		"FAMOUS",
		"n/a",
		"SCRAMBLED",
		"SCRAMBLED",
		"SCRAMBLED",
		"UNFAMILIAR",
		"UNFAMILIAR",
		"SCRAMBLED",
		"FAMOUS",
		"FAMOUS",
		"FAMOUS",
		"FAMOUS",
		"FAMOUS",
		"FAMOUS",
		"SCRAMBLED",
		"SCRAMBLED",
		"FAMOUS",
		"SCRAMBLED",
		"UNFAMILIAR",
		"FAMOUS",
		"n/a",
		"UNFAMILIAR",
		"UNFAMILIAR",
		"FAMOUS",
		"SCRAMBLED",
		"UNFAMILIAR",
		"UNFAMILIAR",
		"FAMOUS",
		"UNFAMILIAR",
		"UNFAMILIAR",
		"SCRAMBLED",
		"SCRAMBLED",
		"UNFAMILIAR",
		"SCRAMBLED",
		"SCRAMBLED",
		"FAMOUS",
		"SCRAMBLED",
		"SCRAMBLED",
		"UNFAMILIAR",
		"UNFAMILIAR",
		"n/a",
		"FAMOUS",
		"FAMOUS",
		"SCRAMBLED",
		"UNFAMILIAR",
		"UNFAMILIAR",
		"UNFAMILIAR",
		"FAMOUS",
		"SCRAMBLED",
		"SCRAMBLED",
		"SCRAMBLED",
		"n/a"
	],
	"trigger":[13,14,13,13,5,5,13,14,5,6,15,999,17,18,15,17,18,7,17,7,13,5,6,13,14,13,17,19,5,6,15,999,17,18,13,14,17,15,5,6,19,5,17,17,5,19,5,6,5,7,999,17,18,19,13,14,19,5,6,7,5,5,7,17,18,5,17,13,7,999,13,14,7,17,13,14,7,13,14,19,17,15,17,18,5,19,17,13,14,999,5,6,19,13,13,14,7,17,18,19,999],
	"button_pushed":[7,7,4,4,4,4,7,7,4,4,4,20000,4,7,4,7,7,4,4,4,7,7,7,4,7,7,4,4,4,4,7,20000,4,4,7,7,7,7,4,4,4,4,4,4,7,7,7,7,4,4,20000,4,4,7,7,7,4,7,7,4,4,7,7,4,7,7,7,4,7,20000,7,7,4,4,7,7,7,4,4,7,7,7,7,4,7,4,4,4,4,20000,4,4,7,7,4,4,7,7,7,4,0],
	"response_time":[0.788,0.58,0.611,0.5600000000000001,0.679,0.6860000000000001,0.68,0.538,0.523,0.5620000000000001,0.754,20,0.894,1.049,0.5629999999999999,0.68,0.642,0.622,0.583,0.589,0.643,0.664,0.67,0.63,0.608,0.63,0.854,0.64,0.852,0.571,0.753,20,0.77,0.592,0.634,0.6909999999999999,0.972,0.679,0.905,0.672,0.847,0.697,0.496,0.919,0.887,0.796,0.6929999999999999,0.61,0.625,0.658,20,0.638,0.622,0.835,0.843,0.604,0.662,0.749,0.709,0.768,0.803,0.597,0.738,0.617,0.827,0.678,0.894,0.516,1.077,20,0.762,0.744,1.045,0.911,0.703,0.627,0.679,0.597,0.573,1.033,1.017,0.717,0.6860000000000001,0.698,0.641,0.623,0.656,0.859,0.671,20,0.757,0.8120000000000001,0.9,1.021,0.719,0.721,0.967,1.028,0.887,0.659,0],
	"stim_file":[
		"func/u062.bmp",
		"func/u062.bmp",
		"func/u057.bmp",
		"func/u064.bmp",
		"func/f053.bmp",
		"func/f059.bmp",
		"func/u052.bmp",
		"func/u052.bmp",
		"func/f052.bmp",
		"func/f052.bmp",
		"func/u057.bmp",
		"func/i999.bmp",
		"func/s054.bmp",
		"func/s054.bmp",
		"func/u064.bmp",
		"func/s050.bmp",
		"func/s050.bmp",
		"func/f053.bmp",
		"func/s057.bmp",
		"func/f059.bmp",
		"func/u049.bmp",
		"func/f050.bmp",
		"func/f050.bmp",
		"func/u058.bmp",
		"func/u058.bmp",
		"func/u063.bmp",
		"func/s063.bmp",
		"func/s057.bmp",
		"func/f061.bmp",
		"func/f061.bmp",
		"func/u049.bmp",
		"func/i999.bmp",
		"func/s051.bmp",
		"func/s051.bmp",
		"func/u051.bmp",
		"func/u051.bmp",
		"func/s059.bmp",
		"func/u063.bmp",
		"func/f063.bmp",
		"func/f063.bmp",
		"func/s063.bmp",
		"func/f057.bmp",
		"func/s064.bmp",
		"func/s052.bmp",
		"func/f054.bmp",
		"func/s059.bmp",
		"func/f058.bmp",
		"func/f058.bmp",
		"func/f049.bmp",
		"func/f057.bmp",
		"func/i999.bmp",
		"func/s056.bmp",
		"func/s056.bmp",
		"func/s064.bmp",
		"func/u050.bmp",
		"func/u050.bmp",
		"func/s052.bmp",
		"func/f055.bmp",
		"func/f055.bmp",
		"func/f054.bmp",
		"func/f060.bmp",
		"func/f062.bmp",
		"func/f049.bmp",
		"func/s062.bmp",
		"func/s062.bmp",
		"func/f056.bmp",
		"func/s055.bmp",
		"func/u061.bmp",
		"func/f060.bmp",
		"func/i999.bmp",
		"func/u060.bmp",
		"func/u060.bmp",
		"func/f062.bmp",
		"func/s053.bmp",
		"func/u059.bmp",
		"func/u059.bmp",
		"func/f056.bmp",
		"func/u053.bmp",
		"func/u053.bmp",
		"func/s055.bmp",
		"func/s061.bmp",
		"func/u061.bmp",
		"func/s049.bmp",
		"func/s049.bmp",
		"func/f051.bmp",
		"func/s053.bmp",
		"func/s060.bmp",
		"func/u055.bmp",
		"func/u055.bmp",
		"func/i999.bmp",
		"func/f064.bmp",
		"func/f064.bmp",
		"func/s061.bmp",
		"func/u056.bmp",
		"func/u054.bmp",
		"func/u054.bmp",
		"func/f051.bmp",
		"func/s058.bmp",
		"func/s058.bmp",
		"func/s060.bmp",
		"func/Circle.bmp"
	]
}
