{
	"onset":[0,3.308,6.548,9.772,12.979,16.12,19.194,22.183,25.323,27.996,48.525,51.748,54.805,57.895,61.036,64.176,67.43300000000001,70.64,73.81399999999999,76.871,80.145,83.285,86.60899999999999,89.76600000000001,92.956,96.164,99.404,102.578,105.835,108.574,129.203,132.445,135.618,138.741,141.815,144.972,148.229,151.486,154.643,157.818,160.907,164.164,167.238,170.261,173.535,176.71,179.832,183.089,186.23,188.902,209.465,212.705,215.946,219.153,222.209,225.3,228.574,231.764,234.855,238.078,241.402,244.609,247.883,251.007,254.28,257.371,260.494,263.735,266.808,269.949,272.688,293.267,296.557,299.699,302.688,305.711,308.868,312.025,315.332,318.506,321.63,324.787,327.944,331.051,334.174,337.498,340.622,343.795,346.836,349.542,370.004,373.177,376.317,379.608,382.765,386.006,389.179,392.27,395.36,398.066],
	"duration":[0.985,0.844,0.866,0.844,0.88,0.838,0.8129999999999999,0.969,0.9360000000000001,20,0.989,0.849,0.916,0.839,0.804,0.9379999999999999,0.9330000000000001,0.831,0.848,0.973,0.8179999999999999,0.995,0.8,0.896,0.9389999999999999,0.981,0.88,0.917,0.995,20,0.898,0.908,0.885,0.836,0.846,0.926,0.9379999999999999,0.957,0.921,0.836,0.955,0.8149999999999999,0.83,0.912,0.9340000000000001,0.824,0.924,0.951,0.925,20,0.914,1,0.989,0.8070000000000001,0.886,0.9370000000000001,0.857,0.858,0.9320000000000001,0.989,0.92,0.948,0.952,0.966,0.84,0.824,0.998,0.846,0.901,0.99,20,0.996,0.966,0.8129999999999999,0.8149999999999999,0.964,0.871,0.949,0.98,0.876,0.9320000000000001,0.966,0.904,0.9340000000000001,0.998,0.858,0.92,0.836,0.968,20,0.987,0.82,0.992,0.8,0.912,0.955,0.904,0.86,0.923,0.012],
	"circle_duration":[0.453,0.5590000000000001,0.529,0.599,0.585,0.489,0.468,0.414,0.402,20,0.491,0.461,0.446,0.409,0.531,0.5590000000000001,0.547,0.503,0.575,0.444,0.525,0.5659999999999999,0.5629999999999999,0.588,0.518,0.492,0.494,0.531,0.58,20,0.591,0.585,0.491,0.473,0.482,0.538,0.5590000000000001,0.543,0.433,0.485,0.497,0.531,0.489,0.421,0.585,0.485,0.521,0.556,0.428,20,0.527,0.555,0.469,0.443,0.479,0.445,0.5600000000000001,0.454,0.468,0.52,0.555,0.504,0.5629999999999999,0.406,0.537,0.478,0.532,0.476,0.466,0.474,20,0.541,0.53,0.418,0.406,0.439,0.423,0.517,0.596,0.428,0.483,0.462,0.42,0.432,0.421,0.555,0.498,0.497,0.442,20,0.433,0.415,0.549,0.518,0.587,0.5610000000000001,0.445,0.403,0.459,0],
	"stim_type":[
		"FAMOUS",
		"FAMOUS",
		"FAMOUS",
		"FAMOUS",
		"FAMOUS",
		"SCRAMBLED",
		"FAMOUS",
		"FAMOUS",
		"FAMOUS",
		"n/a",
		"FAMOUS",
		"FAMOUS",
		"SCRAMBLED",
		"SCRAMBLED",
		"SCRAMBLED",
		"FAMOUS",
		"UNFAMILIAR",
		"UNFAMILIAR",
		"SCRAMBLED",
		"SCRAMBLED",
		"SCRAMBLED",
		"SCRAMBLED",
		"SCRAMBLED",
		"FAMOUS",
		"SCRAMBLED",
		"SCRAMBLED",
		"FAMOUS",
		"SCRAMBLED",
		"SCRAMBLED",
		"n/a",
		"UNFAMILIAR",
		"UNFAMILIAR",
		"SCRAMBLED",
		"SCRAMBLED",
		"FAMOUS",
		"FAMOUS",
		"SCRAMBLED",
		"SCRAMBLED",
		"FAMOUS",
		"FAMOUS",
		"FAMOUS",
		"UNFAMILIAR",
		"FAMOUS",
		"FAMOUS",
		"SCRAMBLED",
		"SCRAMBLED",
		"SCRAMBLED",
		"SCRAMBLED",
		"UNFAMILIAR",
		"n/a",
		"UNFAMILIAR",
		"UNFAMILIAR",
		"UNFAMILIAR",
		"FAMOUS",
		"UNFAMILIAR",
		"FAMOUS",
		"SCRAMBLED",
		"SCRAMBLED",
		"SCRAMBLED",
		"UNFAMILIAR",
		"UNFAMILIAR",
		"UNFAMILIAR",
		"UNFAMILIAR",
		"FAMOUS",
		"FAMOUS",
		"FAMOUS",
		"UNFAMILIAR",
		"UNFAMILIAR",
		"UNFAMILIAR",
		"FAMOUS",
		"n/a",
		"FAMOUS",
		"FAMOUS",
		"SCRAMBLED",
		"SCRAMBLED",
		"UNFAMILIAR",
		"SCRAMBLED",
		"UNFAMILIAR",
		"UNFAMILIAR",
		"UNFAMILIAR",
		"SCRAMBLED",
		"SCRAMBLED",
		"FAMOUS",
		"SCRAMBLED",
		"FAMOUS",
		"UNFAMILIAR",
		"UNFAMILIAR",
		"UNFAMILIAR",
		"UNFAMILIAR",
		"n/a",
		"UNFAMILIAR",
		"UNFAMILIAR",
		"UNFAMILIAR",
		"UNFAMILIAR",
		"UNFAMILIAR",
		"UNFAMILIAR",
		"FAMOUS",
		"SCRAMBLED",
		"FAMOUS",
		"n/a"
	],
	"trigger":[5,5,5,6,5,17,5,6,7,999,5,7,17,17,18,7,13,14,19,17,18,17,18,7,17,19,5,17,18,999,13,14,17,18,5,6,19,17,7,5,6,13,5,6,17,18,17,19,13,999,13,14,15,5,13,5,19,17,18,15,13,13,14,7,5,6,15,13,14,7,999,5,6,17,18,15,17,13,13,13,17,18,5,19,5,15,13,14,15,999,13,14,15,13,14,13,7,17,7,999],
	"button_pushed":[7,4,7,7,7,4,7,7,7,20000,4,4,7,4,4,7,7,7,4,4,4,7,4,4,7,7,7,4,4,20000,4,4,4,4,7,7,4,4,7,4,4,4,4,4,7,7,4,4,4,20000,7,7,4,7,4,7,4,4,4,4,7,4,4,7,4,4,4,4,4,7,20000,4,4,7,7,4,7,7,4,4,4,4,7,4,4,7,4,4,4,20000,4,4,7,4,4,4,4,4,4,0],
	"response_time":[0.864,0.6820000000000001,0.775,0.5629999999999999,0.723,0.67,0.506,0.705,0.6820000000000001,20,0.708,0.711,0.78,0.6830000000000001,0.5649999999999999,0.798,0.601,0.553,0.666,0.762,0.926,0.636,0.623,0.853,0.861,0.918,0.797,0.749,0.753,20,0.775,0.601,0.794,0.649,0.9379999999999999,1.081,0.706,0.986,0.6919999999999999,0.775,0.581,0.657,0.724,0.792,0.857,0.66,0.864,0.825,0.806,20,0.658,0.572,0.711,0.912,0.605,0.703,0.619,0.536,0.536,0.714,0.758,0.599,0.61,0.73,0.626,0.544,0.7,0.781,0.8080000000000001,0.673,20,0.743,0.647,0.862,0.74,0.655,0.781,0.735,0.744,0.882,0.791,0.708,0.713,0.713,0.841,0.95,0.61,0.636,0.772,20,0.767,0.642,0.877,0.676,0.591,0.745,0.703,0.9399999999999999,0.679,0],
	"stim_file":[
		"func/f098.bmp",
		"func/f100.bmp",
		"func/f111.bmp",
		"func/f111.bmp",
		"func/f109.bmp",
		"func/s104.bmp",
		"func/f108.bmp",
		"func/f108.bmp",
		"func/f098.bmp",
		"func/i999.bmp",
		"func/f103.bmp",
		"func/f100.bmp",
		"func/s107.bmp",
		"func/s101.bmp",
		"func/s101.bmp",
		"func/f109.bmp",
		"func/u101.bmp",
		"func/u101.bmp",
		"func/s104.bmp",
		"func/s106.bmp",
		"func/s106.bmp",
		"func/s112.bmp",
		"func/s112.bmp",
		"func/f103.bmp",
		"func/s113.bmp",
		"func/s107.bmp",
		"func/f107.bmp",
		"func/s102.bmp",
		"func/s102.bmp",
		"func/i999.bmp",
		"func/u104.bmp",
		"func/u104.bmp",
		"func/s111.bmp",
		"func/s111.bmp",
		"func/f099.bmp",
		"func/f099.bmp",
		"func/s113.bmp",
		"func/s103.bmp",
		"func/f107.bmp",
		"func/f105.bmp",
		"func/f105.bmp",
		"func/u108.bmp",
		"func/f106.bmp",
		"func/f106.bmp",
		"func/s109.bmp",
		"func/s109.bmp",
		"func/s099.bmp",
		"func/s103.bmp",
		"func/u113.bmp",
		"func/i999.bmp",
		"func/u098.bmp",
		"func/u098.bmp",
		"func/u108.bmp",
		"func/f113.bmp",
		"func/u107.bmp",
		"func/f112.bmp",
		"func/s099.bmp",
		"func/s110.bmp",
		"func/s110.bmp",
		"func/u113.bmp",
		"func/u102.bmp",
		"func/u100.bmp",
		"func/u100.bmp",
		"func/f113.bmp",
		"func/f102.bmp",
		"func/f102.bmp",
		"func/u107.bmp",
		"func/u111.bmp",
		"func/u111.bmp",
		"func/f112.bmp",
		"func/i999.bmp",
		"func/f104.bmp",
		"func/f104.bmp",
		"func/s105.bmp",
		"func/s105.bmp",
		"func/u102.bmp",
		"func/s108.bmp",
		"func/u103.bmp",
		"func/u106.bmp",
		"func/u109.bmp",
		"func/s098.bmp",
		"func/s098.bmp",
		"func/f110.bmp",
		"func/s108.bmp",
		"func/f101.bmp",
		"func/u103.bmp",
		"func/u112.bmp",
		"func/u112.bmp",
		"func/u106.bmp",
		"func/i999.bmp",
		"func/u105.bmp",
		"func/u105.bmp",
		"func/u109.bmp",
		"func/u110.bmp",
		"func/u110.bmp",
		"func/u099.bmp",
		"func/f110.bmp",
		"func/s100.bmp",
		"func/f101.bmp",
		"func/Circle.bmp"
	]
}
