{
	"name":[
		"Rx2",
		"Rx1",
		"Rx4",
		"Rx3",
		"Rx6",
		"Rx5",
		"Rx8",
		"Rx7",
		"Rx9",
		"Rx11",
		"Rx10",
		"Rx12",
		"Tx1a",
		"Tx4",
		"Tx1b",
		"Tx3",
		"Tx1c",
		"Tx2",
		"Tx5",
		"Tx1d",
		"Tx6a",
		"Tx9",
		"Tx6b",
		"Tx8",
		"Tx6c",
		"Tx7",
		"Tx10",
		"Tx6d",
		"Tx12",
		"Tx13",
		"Tx14",
		"Tx15",
		"Tx11a",
		"Tx11b",
		"Tx11c",
		"Tx11d"
	],
	"type":[
		"detector",
		"detector",
		"detector",
		"detector",
		"detector",
		"detector",
		"detector",
		"detector",
		"detector",
		"detector",
		"detector",
		"detector",
		"source",
		"source",
		"source",
		"source",
		"source",
		"source",
		"source",
		"source",
		"source",
		"source",
		"source",
		"source",
		"source",
		"source",
		"source",
		"source",
		"source",
		"source",
		"source",
		"source",
		"source",
		"source",
		"source",
		"source"
	],
	"x":[31.71060197,11.43097883,8.0995332,-25.30209988,-56.03709077,59.80989217,-73.63697825,32.03651189,62.51945938,37.36129346,-48.73280712,-68.82470195000001,43.05896405,35.62808882,19.12619369,5.593094938,8.972805624999999,-16.56768143,-21.95949101,-35.10096933,-47.25034569,-81.34054037999999,67.53589366,28.51726358,-77.10188386999999,59.8606633,-47.5851145,24.3368203,35.18577553,62.74360943,-78.56330395000001,-42.42625035,66.52172052,-41.1506661,29.61814443,-71.59650709],
	"y":[43.87785496,65.38514468,14.84616659,45.0056506,74.20270087,69.49383879,45.368936,77.93895216,-65.01940206,-73.50410300999999,-74.70800163,-54.22403275,43.12112628,14.32547089,65.96547364,46.97097596,4.134101642,66.47928438,13.09880062,44.77824811,77.43748832999999,58.08782686,65.88251094,84.02568956,37.18465389,62.46208286,62.58339687,77.14419303,-79.54512384,-56.35990206,-60.83074864,-67.99203649,-61.86802987,-78.06745363,-73.11416651,-46.29976071],
	"z":[120.5400916,108.5039127,141.395441,130.7176468,78.35784584,48.68489687,102.2113578,74.66306922,50.70064606,74.9374873,70.51650404999999,95.77128586000001,115.9600752,131.3203304,105.3682623,129.517121,141.4340817,110.75263,144.9527693,128.5880955,71.04887235,70.79961720999999,42.01500103,44.6626788,107.9438879,81.03014507,104.6703369,78.67958471999999,45.67429477,80.85516053000001,68.13909004999999,99.32971027000001,44.98977385,65.6937612,81.33807708000001,100.7639276],
	"template_x":[
		"n/a",
		"n/a",
		"n/a",
		"n/a",
		"n/a",
		"n/a",
		"n/a",
		"n/a",
		"n/a",
		"n/a",
		"n/a",
		"n/a",
		"n/a",
		"n/a",
		"n/a",
		"n/a",
		"n/a",
		"n/a",
		"n/a",
		"n/a",
		"n/a",
		"n/a",
		"n/a",
		"n/a",
		"n/a",
		"n/a",
		"n/a",
		"n/a",
		"n/a",
		"n/a",
		"n/a",
		"n/a",
		"n/a",
		"n/a",
		"n/a",
		"n/a"
	],
	"template_y":[
		"n/a",
		"n/a",
		"n/a",
		"n/a",
		"n/a",
		"n/a",
		"n/a",
		"n/a",
		"n/a",
		"n/a",
		"n/a",
		"n/a",
		"n/a",
		"n/a",
		"n/a",
		"n/a",
		"n/a",
		"n/a",
		"n/a",
		"n/a",
		"n/a",
		"n/a",
		"n/a",
		"n/a",
		"n/a",
		"n/a",
		"n/a",
		"n/a",
		"n/a",
		"n/a",
		"n/a",
		"n/a",
		"n/a",
		"n/a",
		"n/a",
		"n/a"
	],
	"template_z":[
		"n/a",
		"n/a",
		"n/a",
		"n/a",
		"n/a",
		"n/a",
		"n/a",
		"n/a",
		"n/a",
		"n/a",
		"n/a",
		"n/a",
		"n/a",
		"n/a",
		"n/a",
		"n/a",
		"n/a",
		"n/a",
		"n/a",
		"n/a",
		"n/a",
		"n/a",
		"n/a",
		"n/a",
		"n/a",
		"n/a",
		"n/a",
		"n/a",
		"n/a",
		"n/a",
		"n/a",
		"n/a",
		"n/a",
		"n/a",
		"n/a",
		"n/a"
	]
}
