{
	"onset":[0.01,12,22.01,36,46,56,68,78.01000000000001,92.01000000000001,106,118,130,142,154,166,178,188,200,212,224,236,248.01,262,274.02,288],
	"duration":[6,6,6,6,6,6,6,6,6,6,6,6,6,6,6,6,6,6,6,6,6,6,6,6,6],
	"trial_type":[
		"rocknroll",
		"symphonic",
		"symphonic",
		"rocknroll",
		"metal",
		"symphonic",
		"country",
		"rocknroll",
		"country",
		"ambient",
		"rocknroll",
		"ambient",
		"symphonic",
		"metal",
		"metal",
		"ambient",
		"country",
		"metal",
		"country",
		"country",
		"symphonic",
		"ambient",
		"ambient",
		"metal",
		"rocknroll"
	],
	"run":[2,2,2,2,2,2,2,2,2,2,2,2,2,2,2,2,2,2,2,2,2,2,2,2,2],
	"run_id":[3,3,3,3,3,3,3,3,3,3,3,3,3,3,3,3,3,3,3,3,3,3,3,3,3],
	"volume":[153,159,164,171,176,181,187,192,199,206,212,218,224,230,236,242,247,253,259,265,271,277,284,290,297],
	"run_volume":[0,6,11,18,23,28,34,39,46,53,59,65,71,77,83,89,94,100,106,112,118,124,131,137,144],
	"stim":[
		"rocknroll_004.wav",
		"symphonic_001.wav",
		"symphonic_000.wav",
		"rocknroll_001.wav",
		"metal_003.wav",
		"symphonic_003.wav",
		"country_002.wav",
		"rocknroll_003.wav",
		"country_000.wav",
		"ambient_002.wav",
		"rocknroll_000.wav",
		"ambient_000.wav",
		"symphonic_002.wav",
		"metal_002.wav",
		"metal_001.wav",
		"ambient_003.wav",
		"country_001.wav",
		"metal_000.wav",
		"country_003.wav",
		"country_004.wav",
		"symphonic_004.wav",
		"ambient_001.wav",
		"ambient_004.wav",
		"metal_004.wav",
		"rocknroll_002.wav"
	],
	"genre":[
		"rocknroll",
		"symphonic",
		"symphonic",
		"rocknroll",
		"metal",
		"symphonic",
		"country",
		"rocknroll",
		"country",
		"ambient",
		"rocknroll",
		"ambient",
		"symphonic",
		"metal",
		"metal",
		"ambient",
		"country",
		"metal",
		"country",
		"country",
		"symphonic",
		"ambient",
		"ambient",
		"metal",
		"rocknroll"
	],
	"delay":[6,4,8,4,4,6,4,8,8,6,6,6,6,6,6,4,6,6,6,6,6,8,6,8,6],
	"catch":[0,0,1,0,0,0,0,1,1,0,0,0,0,0,0,0,0,0,0,0,0,1,0,1,0],
	"sound_soa":[0.006699999999909778,0.002799999999979264,0.009399999999914144,0.002700000000004366,0.002799999999979264,0.002799999999979264,0.003500000000030923,0.01160000000004402,0.008499999999912689,0.003999999999905413,0.002600000000029468,0.004100000000107684,0.002799999999979264,0.00250000000005457,0.002399999999852298,0.002600000000029468,0.002399999999852298,0.003500000000030923,0.002499999999827196,0.004099999999880311,0.00250000000005457,0.009799999999813735,0.002700000000004366,0.02170000000000983,0.002999999999929059],
	"trigger_ts":[1044.9529,1056.9535,1066.9529,1080.953,1090.9526,1100.9531,1112.9527,1122.9528,1136.9527,1150.9529,1162.953,1174.9531,1186.9527,1198.9528,1210.9526,1222.9535,1232.9535,1244.9529,1256.9535,1268.9527,1280.9531,1292.9535,1306.9535,1318.9538,1332.9535]
}
