{
	"onset":[0.01,12,24,36,48.01,62,74,86,98.01000000000001,112,122,134,144,156,166,178,190.01,204,216,226,236,248.01,262.01,276,288],
	"duration":[6,6,6,6,6,6,6,6,6,6,6,6,6,6,6,6,6,6,6,6,6,6,6,6,6],
	"trial_type":[
		"rocknroll",
		"symphonic",
		"rocknroll",
		"metal",
		"symphonic",
		"country",
		"country",
		"ambient",
		"ambient",
		"country",
		"symphonic",
		"symphonic",
		"ambient",
		"metal",
		"metal",
		"ambient",
		"rocknroll",
		"country",
		"rocknroll",
		"ambient",
		"symphonic",
		"metal",
		"country",
		"metal",
		"rocknroll"
	],
	"run":[5,5,5,5,5,5,5,5,5,5,5,5,5,5,5,5,5,5,5,5,5,5,5,5,5],
	"run_id":[6,6,6,6,6,6,6,6,6,6,6,6,6,6,6,6,6,6,6,6,6,6,6,6,6],
	"volume":[612,618,624,630,636,643,649,655,661,668,673,679,684,690,695,701,707,714,720,725,730,736,743,750,756],
	"run_volume":[0,6,12,18,24,31,37,43,49,56,61,67,72,78,83,89,95,102,108,113,118,124,131,138,144],
	"stim":[
		"rocknroll_002.wav",
		"symphonic_003.wav",
		"rocknroll_001.wav",
		"metal_004.wav",
		"symphonic_002.wav",
		"country_003.wav",
		"country_002.wav",
		"ambient_001.wav",
		"ambient_004.wav",
		"country_000.wav",
		"symphonic_001.wav",
		"symphonic_004.wav",
		"ambient_003.wav",
		"metal_003.wav",
		"metal_000.wav",
		"ambient_000.wav",
		"rocknroll_003.wav",
		"country_004.wav",
		"rocknroll_004.wav",
		"ambient_002.wav",
		"symphonic_000.wav",
		"metal_002.wav",
		"country_001.wav",
		"metal_001.wav",
		"rocknroll_000.wav"
	],
	"genre":[
		"rocknroll",
		"symphonic",
		"rocknroll",
		"metal",
		"symphonic",
		"country",
		"country",
		"ambient",
		"ambient",
		"country",
		"symphonic",
		"symphonic",
		"ambient",
		"metal",
		"metal",
		"ambient",
		"rocknroll",
		"country",
		"rocknroll",
		"ambient",
		"symphonic",
		"metal",
		"country",
		"metal",
		"rocknroll"
	],
	"delay":[6,6,6,6,8,6,6,6,8,4,6,4,6,4,6,6,8,6,4,4,6,8,8,6,6],
	"catch":[0,0,0,0,1,0,0,0,1,0,0,0,0,0,0,0,1,0,0,0,0,1,1,0,0],
	"sound_soa":[0.01179999999976644,0.002600000000256841,0.002599999999802094,0.002400000000307045,0.01459999999997308,0.002700000000004366,0.002399999999852298,0.003499999999803549,0.007999999999810825,0.002599999999802094,0.00250000000005457,0.003500000000258296,0.00250000000005457,0.00279999999975189,0.004399999999805004,0.00250000000005457,0.0148999999996704,0.002600000000256841,0.00250000000005457,0.00250000000005457,0.002399999999852298,0.008400000000165164,0.01189999999996871,0.002600000000256841,0.00250000000005457],
	"trigger_ts":[2137.1804,2149.1805,2161.1804,2173.1798,2185.18,2199.1806,2211.1804,2223.1797,2235.1804,2249.1797,2259.1799,2271.1796,2281.1799,2293.1806,2303.1797,2315.1805,2327.1806,2341.1807,2353.1798,2363.1808,2373.1806,2385.1807,2399.1801,2413.1798,2425.1802]
}
