{
	"onset":[0.02,12,24,36.01,50.01,64,76.02,90,102,114,126,136.02,150,162,174,186,198,210,222,234,244,256,266,276.01,290],
	"duration":[6,6,6,6,6,6,6,6,6,6,6,6,6,6,6,6,6,6,6,6,6,6,6,6,6],
	"trial_type":[
		"symphonic",
		"ambient",
		"symphonic",
		"rocknroll",
		"symphonic",
		"metal",
		"country",
		"rocknroll",
		"country",
		"symphonic",
		"country",
		"ambient",
		"ambient",
		"country",
		"country",
		"metal",
		"ambient",
		"metal",
		"rocknroll",
		"ambient",
		"rocknroll",
		"rocknroll",
		"metal",
		"metal",
		"symphonic"
	],
	"run":[3,3,3,3,3,3,3,3,3,3,3,3,3,3,3,3,3,3,3,3,3,3,3,3,3],
	"run_id":[1,1,1,1,1,1,1,1,1,1,1,1,1,1,1,1,1,1,1,1,1,1,1,1,1],
	"volume":[306,312,318,324,331,338,344,351,357,363,369,374,381,387,393,399,405,411,417,423,428,434,439,444,451],
	"run_volume":[0,6,12,18,25,32,38,45,51,57,63,68,75,81,87,93,99,105,111,117,122,128,133,138,145],
	"stim":[
		"symphonic_004.wav",
		"ambient_004.wav",
		"symphonic_002.wav",
		"rocknroll_002.wav",
		"symphonic_003.wav",
		"metal_001.wav",
		"country_000.wav",
		"rocknroll_001.wav",
		"country_002.wav",
		"symphonic_000.wav",
		"country_003.wav",
		"ambient_000.wav",
		"ambient_003.wav",
		"country_001.wav",
		"country_004.wav",
		"metal_002.wav",
		"ambient_001.wav",
		"metal_004.wav",
		"rocknroll_004.wav",
		"ambient_002.wav",
		"rocknroll_003.wav",
		"rocknroll_000.wav",
		"metal_000.wav",
		"metal_003.wav",
		"symphonic_001.wav"
	],
	"genre":[
		"symphonic",
		"ambient",
		"symphonic",
		"rocknroll",
		"symphonic",
		"metal",
		"country",
		"rocknroll",
		"country",
		"symphonic",
		"country",
		"ambient",
		"ambient",
		"country",
		"country",
		"metal",
		"ambient",
		"metal",
		"rocknroll",
		"ambient",
		"rocknroll",
		"rocknroll",
		"metal",
		"metal",
		"symphonic"
	],
	"delay":[6,6,6,8,8,6,8,6,6,6,4,8,6,6,6,6,6,6,6,4,6,4,4,8,4],
	"catch":[0,0,0,1,1,0,1,0,0,0,0,1,0,0,0,0,0,0,0,0,0,0,0,1,0],
	"sound_soa":[0.02120000000013533,0.002899999999954161,0.00250000000005457,0.009700000000066213,0.009999999999990905,0.004000000000132786,0.01669999999990068,0.002599999999802094,0.00250000000005457,0.002799999999979264,0.00250000000005457,0.0159000000001015,0.002600000000029468,0.003000000000156433,0.003600000000005821,0.00250000000005457,0.002200000000129876,0.003600000000005821,0.002999999999929059,0.00250000000005457,0.00250000000005457,0.002499999999827196,0.00250000000005457,0.01070000000004256,0.003300000000081127],
	"trigger_ts":[1405.2058,1417.2063,1429.2065,1441.2057,1455.2069,1469.2057,1481.2056,1495.2061,1507.2056,1519.2058,1531.206,1541.2056,1555.2058,1567.2059,1579.2056,1591.2065,1603.206,1615.2058,1627.2065,1639.2059,1649.2067,1661.2061,1671.2063,1681.2056,1695.2064]
}
