{
	"onset":[0.01,12,24,36,48.01,62,74,86,98.01000000000001,112,122,134,146,156,168,178,188.01,202,212,224,236,248,260,272.02,286.02],
	"duration":[6,6,6,6,6,6,6,6,6,6,6,6,6,6,6,6,6,6,6,6,6,6,6,6,6],
	"trial_type":[
		"country",
		"symphonic",
		"metal",
		"country",
		"ambient",
		"metal",
		"symphonic",
		"ambient",
		"symphonic",
		"symphonic",
		"country",
		"metal",
		"ambient",
		"ambient",
		"country",
		"rocknroll",
		"metal",
		"metal",
		"rocknroll",
		"rocknroll",
		"ambient",
		"rocknroll",
		"symphonic",
		"rocknroll",
		"country"
	],
	"run":[8,8,8,8,8,8,8,8,8,8,8,8,8,8,8,8,8,8,8,8,8,8,8,8,8],
	"run_id":[4,4,4,4,4,4,4,4,4,4,4,4,4,4,4,4,4,4,4,4,4,4,4,4,4],
	"volume":[1071,1077,1083,1089,1095,1102,1108,1114,1120,1127,1132,1138,1144,1149,1155,1160,1165,1172,1177,1183,1189,1195,1201,1207,1214],
	"run_volume":[0,6,12,18,24,31,37,43,49,56,61,67,73,78,84,89,94,101,106,112,118,124,130,136,143],
	"stim":[
		"country_001.wav",
		"symphonic_004.wav",
		"metal_000.wav",
		"country_003.wav",
		"ambient_003.wav",
		"metal_003.wav",
		"symphonic_003.wav",
		"ambient_002.wav",
		"symphonic_000.wav",
		"symphonic_002.wav",
		"country_000.wav",
		"metal_002.wav",
		"ambient_000.wav",
		"ambient_004.wav",
		"country_004.wav",
		"rocknroll_000.wav",
		"metal_001.wav",
		"metal_004.wav",
		"rocknroll_001.wav",
		"rocknroll_004.wav",
		"ambient_001.wav",
		"rocknroll_003.wav",
		"symphonic_001.wav",
		"rocknroll_002.wav",
		"country_002.wav"
	],
	"genre":[
		"country",
		"symphonic",
		"metal",
		"country",
		"ambient",
		"metal",
		"symphonic",
		"ambient",
		"symphonic",
		"symphonic",
		"country",
		"metal",
		"ambient",
		"ambient",
		"country",
		"rocknroll",
		"metal",
		"metal",
		"rocknroll",
		"rocknroll",
		"ambient",
		"rocknroll",
		"symphonic",
		"rocknroll",
		"country"
	],
	"delay":[6,6,6,6,8,6,6,6,8,4,6,6,4,6,4,4,8,4,6,6,6,6,6,8,8],
	"catch":[0,0,0,0,1,0,0,0,1,0,0,0,0,0,0,0,1,0,0,0,0,0,0,1,1],
	"sound_soa":[0.00709999999980937,0.003199999999651482,0.00250000000005457,0.002800000000206637,0.01080000000001746,0.002299999999650026,0.00250000000005457,0.00250000000005457,0.01130000000011933,0.004100000000107684,0.002399999999852298,0.003499999999803549,0.003500000000258296,0.002399999999852298,0.003499999999803549,0.00250000000005457,0.01479999999992287,0.002299999999650026,0.002399999999852298,0.003499999999803549,0.00250000000005457,0.002499999999599823,0.003200000000106229,0.01520000000027721,0.01589999999987413],
	"trigger_ts":[3195.1379,3207.1381,3219.1387,3231.1387,3243.1378,3257.1386,3269.1385,3281.138,3293.1382,3307.1378,3317.1378,3329.1379,3341.138,3351.1387,3363.1381,3373.1387,3383.1378,3397.1379,3407.1379,3419.1381,3431.138,3443.1388,3455.1378,3467.138,3481.1379]
}
