{
	"onset":[0.012,3.331,5.422,6.75,8.725,13.189,15.529,17.703,20.109,21.586,28.772,30.897,32.075,33.917,35.377,37.137,42.331,44.671,46.712,48.637,50.065,52.139,61.715,64.13800000000001,65.748,67.938,69.648,71.39,76.61799999999999,78.377,80.286,81.71299999999999,84.169,88.401,90.857,92.749,94.492,96.16800000000001,100.682,102.524,103.885,105.827,107.868,109.793,113.494,115.104,116.929,119.203,121.559,125.028,126.87,128.994,130.969,132.314,133.774,137.657,139.267,141.524,143.715,145.109,149.191,151.067,152.959,154.917,156.842,158.651,162.601,164.791,166.318,168.227,170.086,173.156,174.649,176.126,177.471,178.998,180.84,187.81,189.436,190.996,192.507,194.614,196.124,199.576,201.418,202.912,203.991,207.31,209.467,211.027,213.019,215.11,219.392,220.587,222.379,224.138,226.279,227.656,231.922,234.029,235.888,237.464,239.24,242.742,244.601,246.227,248.633,250.924,254.724,256.417,259.072,261.13,262.757,264.682,268.2,270.059,272.117,273.676,275.419,277.195,282.041,284.182,285.841,287.484,289.741,291.434,300.761,303.068,304.478,306.818,308.777,310.154,313.706,315.863,317.473,319.647,326.717,328.957,330.733,333.073,334.533,338.566,340.475,341.968,343.379,347.046,348.773,350.266,352.54,354.166,360.024,361.435,363.593,365.485,367.21,370.994,373.002,374.596,376.554,378.512,381.134,385.466,386.876,388.802,390.146,391.49,394.992,396.303,398.477,400.452,403.954,405.447,407.09,408.451,411.903,413.28,415.388,416.799,418.956,420.732,422.491,432.947,434.506,435.967,437.577,439.004,440.863,445.078,447.418,449.343,451.169,452.812],
	"duration":[2,2,2,2,2,2,2,2,2,2,2,2,2,2,2,2,2,2,2,2,2,2,2,2,2,2,2,2,2,2,2,2,2,2,2,2,2,2,2,2,2,2,2,2,2,2,2,2,2,2,2,2,2,2,2,2,2,2,2,2,2,2,2,2,2,2,2,2,2,2,2,2,2,2,2,2,2,2,2,2,2,2,2,2,2,2,2,2,2,2,2,2,2,2,2,2,2,2,2,2,2,2,2,2,2,2,2,2,2,2,2,2,2,2,2,2,2,2,2,2,2,2,2,2,2,2,2,2,2,2,2,2,2,2,2,2,2,2,2,2,2,2,2,2,2,2,2,2,2,2,2,2,2,2,2,2,2,2,2,2,2,2,2,2,2,2,2,2,2,2,2,2,2,2,2,2,2,2,2,2,2,2,2,2,2,2,2,2,2,2,2,2],
	"trial_type":[
		"accept",
		"accept",
		"accept",
		"accept",
		"reject",
		"accept",
		"accept",
		"accept",
		"accept",
		"reject",
		"accept",
		"accept",
		"accept",
		"accept",
		"accept",
		"reject",
		"accept",
		"accept",
		"accept",
		"accept",
		"accept",
		"reject",
		"accept",
		"accept",
		"accept",
		"accept",
		"accept",
		"reject",
		"accept",
		"accept",
		"accept",
		"accept",
		"reject",
		"accept",
		"accept",
		"accept",
		"accept",
		"reject",
		"accept",
		"accept",
		"accept",
		"accept",
		"accept",
		"explode",
		"accept",
		"accept",
		"accept",
		"accept",
		"reject",
		"accept",
		"accept",
		"accept",
		"accept",
		"accept",
		"explode",
		"accept",
		"accept",
		"accept",
		"accept",
		"reject",
		"accept",
		"accept",
		"accept",
		"accept",
		"accept",
		"reject",
		"accept",
		"accept",
		"accept",
		"accept",
		"explode",
		"accept",
		"accept",
		"accept",
		"accept",
		"accept",
		"reject",
		"accept",
		"accept",
		"accept",
		"accept",
		"accept",
		"reject",
		"accept",
		"accept",
		"accept",
		"explode",
		"accept",
		"accept",
		"accept",
		"accept",
		"reject",
		"accept",
		"accept",
		"accept",
		"accept",
		"accept",
		"reject",
		"accept",
		"accept",
		"accept",
		"accept",
		"reject",
		"accept",
		"accept",
		"accept",
		"accept",
		"reject",
		"accept",
		"accept",
		"accept",
		"accept",
		"accept",
		"reject",
		"accept",
		"accept",
		"accept",
		"accept",
		"accept",
		"reject",
		"accept",
		"accept",
		"accept",
		"accept",
		"accept",
		"reject",
		"accept",
		"accept",
		"accept",
		"accept",
		"accept",
		"explode",
		"accept",
		"accept",
		"accept",
		"reject",
		"accept",
		"accept",
		"accept",
		"accept",
		"reject",
		"accept",
		"accept",
		"accept",
		"reject",
		"accept",
		"accept",
		"accept",
		"accept",
		"explode",
		"accept",
		"accept",
		"accept",
		"accept",
		"reject",
		"accept",
		"accept",
		"accept",
		"accept",
		"accept",
		"reject",
		"accept",
		"accept",
		"accept",
		"accept",
		"reject",
		"accept",
		"accept",
		"accept",
		"explode",
		"accept",
		"accept",
		"accept",
		"reject",
		"accept",
		"accept",
		"accept",
		"accept",
		"accept",
		"accept",
		"reject",
		"accept",
		"accept",
		"accept",
		"accept",
		"accept",
		"reject",
		"accept",
		"accept",
		"accept",
		"accept",
		"reject"
	]
}
