{
	"onset":[0.02,14,26,38,50,60,70,80.01000000000001,94.01000000000001,108,120,132,144,156,168,180,192,204,214.01,228,238,250,262,274.01,288],
	"duration":[6,6,6,6,6,6,6,6,6,6,6,6,6,6,6,6,6,6,6,6,6,6,6,6,6],
	"trial_type":[
		"country",
		"ambient",
		"rocknroll",
		"ambient",
		"ambient",
		"country",
		"symphonic",
		"ambient",
		"symphonic",
		"rocknroll",
		"country",
		"rocknroll",
		"symphonic",
		"metal",
		"symphonic",
		"symphonic",
		"country",
		"metal",
		"rocknroll",
		"rocknroll",
		"metal",
		"metal",
		"ambient",
		"metal",
		"country"
	],
	"run":[2,2,2,2,2,2,2,2,2,2,2,2,2,2,2,2,2,2,2,2,2,2,2,2,2],
	"run_id":[2,2,2,2,2,2,2,2,2,2,2,2,2,2,2,2,2,2,2,2,2,2,2,2,2],
	"volume":[153,160,166,172,178,183,188,193,200,207,213,219,225,231,237,243,249,255,260,267,272,278,284,290,297],
	"run_volume":[0,7,13,19,25,30,35,40,47,54,60,66,72,78,84,90,96,102,107,114,119,125,131,137,144],
	"stim":[
		"country_001.wav",
		"ambient_000.wav",
		"rocknroll_002.wav",
		"ambient_002.wav",
		"ambient_004.wav",
		"country_000.wav",
		"symphonic_004.wav",
		"ambient_001.wav",
		"symphonic_002.wav",
		"rocknroll_000.wav",
		"country_002.wav",
		"rocknroll_004.wav",
		"symphonic_003.wav",
		"metal_003.wav",
		"symphonic_000.wav",
		"symphonic_001.wav",
		"country_004.wav",
		"metal_001.wav",
		"rocknroll_001.wav",
		"rocknroll_003.wav",
		"metal_002.wav",
		"metal_000.wav",
		"ambient_003.wav",
		"metal_004.wav",
		"country_003.wav"
	],
	"genre":[
		"country",
		"ambient",
		"rocknroll",
		"ambient",
		"ambient",
		"country",
		"symphonic",
		"ambient",
		"symphonic",
		"rocknroll",
		"country",
		"rocknroll",
		"symphonic",
		"metal",
		"symphonic",
		"symphonic",
		"country",
		"metal",
		"rocknroll",
		"rocknroll",
		"metal",
		"metal",
		"ambient",
		"metal",
		"country"
	],
	"delay":[8,6,6,6,4,4,4,8,8,6,6,6,6,6,6,6,6,4,8,4,6,6,6,8,6],
	"catch":[1,0,0,0,0,0,0,1,1,0,0,0,0,0,0,0,0,0,1,0,0,0,0,1,0],
	"sound_soa":[0.0180000000000291,0.003099999999903957,0.003600000000005821,0.002799999999979264,0.003899999999930515,0.002499999999827196,0.002400000000079672,0.009399999999914144,0.009499999999889042,0.002600000000029468,0.003500000000030923,0.003899999999930515,0.003699999999980719,0.003400000000056025,0.00250000000005457,0.003899999999930515,0.00250000000005457,0.003500000000030923,0.01080000000001746,0.002600000000029468,0.002600000000029468,0.003500000000030923,0.00250000000005457,0.01479999999992287,0.002700000000004366],
	"trigger_ts":[1609.2708,1623.2706,1635.2706,1647.2711,1659.2706,1669.2715,1679.2717,1689.2708,1703.2713,1717.2707,1729.2709,1741.2705,1753.2706,1765.2707,1777.2712,1789.2706,1801.2709,1813.2709,1823.2712,1837.2715,1847.271,1859.2709,1871.2721,1883.27,1897.2704]
}
