{
	"onset":[0.01,12,24,36.01,50.01,64,76.01000000000001,90,102,114,126,136.01,150,162,174,186,198,210,222,234,244,256,266,276.01,290],
	"duration":[6,6,6,6,6,6,6,6,6,6,6,6,6,6,6,6,6,6,6,6,6,6,6,6,6],
	"trial_type":[
		"symphonic",
		"ambient",
		"symphonic",
		"rocknroll",
		"symphonic",
		"metal",
		"country",
		"rocknroll",
		"country",
		"symphonic",
		"country",
		"ambient",
		"ambient",
		"country",
		"country",
		"metal",
		"ambient",
		"metal",
		"rocknroll",
		"ambient",
		"rocknroll",
		"rocknroll",
		"metal",
		"metal",
		"symphonic"
	],
	"run":[8,8,8,8,8,8,8,8,8,8,8,8,8,8,8,8,8,8,8,8,8,8,8,8,8],
	"run_id":[1,1,1,1,1,1,1,1,1,1,1,1,1,1,1,1,1,1,1,1,1,1,1,1,1],
	"volume":[1071,1077,1083,1089,1096,1103,1109,1116,1122,1128,1134,1139,1146,1152,1158,1164,1170,1176,1182,1188,1193,1199,1204,1209,1216],
	"run_volume":[0,6,12,18,25,32,38,45,51,57,63,68,75,81,87,93,99,105,111,117,122,128,133,138,145],
	"stim":[
		"symphonic_004.wav",
		"ambient_004.wav",
		"symphonic_002.wav",
		"rocknroll_002.wav",
		"symphonic_003.wav",
		"metal_001.wav",
		"country_000.wav",
		"rocknroll_001.wav",
		"country_002.wav",
		"symphonic_000.wav",
		"country_003.wav",
		"ambient_000.wav",
		"ambient_003.wav",
		"country_001.wav",
		"country_004.wav",
		"metal_002.wav",
		"ambient_001.wav",
		"metal_004.wav",
		"rocknroll_004.wav",
		"ambient_002.wav",
		"rocknroll_003.wav",
		"rocknroll_000.wav",
		"metal_000.wav",
		"metal_003.wav",
		"symphonic_001.wav"
	],
	"genre":[
		"symphonic",
		"ambient",
		"symphonic",
		"rocknroll",
		"symphonic",
		"metal",
		"country",
		"rocknroll",
		"country",
		"symphonic",
		"country",
		"ambient",
		"ambient",
		"country",
		"country",
		"metal",
		"ambient",
		"metal",
		"rocknroll",
		"ambient",
		"rocknroll",
		"rocknroll",
		"metal",
		"metal",
		"symphonic"
	],
	"delay":[6,6,6,8,8,6,8,6,6,6,4,8,6,6,6,6,6,6,6,4,6,4,4,8,4],
	"catch":[0,0,0,1,1,0,1,0,0,0,0,1,0,0,0,0,0,0,0,0,0,0,0,1,0],
	"sound_soa":[0.006600000000162254,0.002899999999954161,0.002399999999852298,0.01000000000021828,0.01240000000007058,0.002299999999650026,0.01319999999986976,0.003700000000208093,0.002399999999852298,0.00250000000005457,0.003600000000005821,0.01069999999981519,0.002700000000004366,0.002400000000307045,0.003700000000208093,0.00250000000005457,0.003600000000005821,0.002700000000004366,0.00389999999970314,0.002199999999902502,0.00250000000005457,0.003600000000005821,0.002499999999599823,0.007600000000365982,0.00250000000005457],
	"trigger_ts":[3716.6002,3728.6006,3740.5999,3752.6,3766.6001,3780.6006,3792.6,3806.6,3818.6007,3830.6,3842.5998,3852.5998,3866.6008,3878.6002,3890.6,3902.6007,3914.5997,3926.6002,3938.5997,3950.5999,3960.5998,3972.6001,3982.6006,3992.6002,4006.6]
}
