{
	"onset":[0.01,12,24,36,48.01,62,74,86,98.01000000000001,112,122,134,144,156,166,178,190.02,204,216,226,236,248.01,262.01,276,288],
	"duration":[6,6,6,6,6,6,6,6,6,6,6,6,6,6,6,6,6,6,6,6,6,6,6,6,6],
	"trial_type":[
		"rocknroll",
		"symphonic",
		"rocknroll",
		"metal",
		"symphonic",
		"country",
		"country",
		"ambient",
		"ambient",
		"country",
		"symphonic",
		"symphonic",
		"ambient",
		"metal",
		"metal",
		"ambient",
		"rocknroll",
		"country",
		"rocknroll",
		"ambient",
		"symphonic",
		"metal",
		"country",
		"metal",
		"rocknroll"
	],
	"run":[1,1,1,1,1,1,1,1,1,1,1,1,1,1,1,1,1,1,1,1,1,1,1,1,1],
	"run_id":[6,6,6,6,6,6,6,6,6,6,6,6,6,6,6,6,6,6,6,6,6,6,6,6,6],
	"volume":[0,6,12,18,24,31,37,43,49,56,61,67,72,78,83,89,95,102,108,113,118,124,131,138,144],
	"run_volume":[0,6,12,18,24,31,37,43,49,56,61,67,72,78,83,89,95,102,108,113,118,124,131,138,144],
	"stim":[
		"rocknroll_002.wav",
		"symphonic_003.wav",
		"rocknroll_001.wav",
		"metal_004.wav",
		"symphonic_002.wav",
		"country_003.wav",
		"country_002.wav",
		"ambient_001.wav",
		"ambient_004.wav",
		"country_000.wav",
		"symphonic_001.wav",
		"symphonic_004.wav",
		"ambient_003.wav",
		"metal_003.wav",
		"metal_000.wav",
		"ambient_000.wav",
		"rocknroll_003.wav",
		"country_004.wav",
		"rocknroll_004.wav",
		"ambient_002.wav",
		"symphonic_000.wav",
		"metal_002.wav",
		"country_001.wav",
		"metal_001.wav",
		"rocknroll_000.wav"
	],
	"genre":[
		"rocknroll",
		"symphonic",
		"rocknroll",
		"metal",
		"symphonic",
		"country",
		"country",
		"ambient",
		"ambient",
		"country",
		"symphonic",
		"symphonic",
		"ambient",
		"metal",
		"metal",
		"ambient",
		"rocknroll",
		"country",
		"rocknroll",
		"ambient",
		"symphonic",
		"metal",
		"country",
		"metal",
		"rocknroll"
	],
	"delay":[6,6,6,6,8,6,6,6,8,4,6,4,6,4,6,6,8,6,4,4,6,8,8,6,6],
	"catch":[0,0,0,0,1,0,0,0,1,0,0,0,0,0,0,0,1,0,0,0,0,1,1,0,0],
	"sound_soa":[0.007200000000011642,0.002899999999954161,0.002499999999827196,0.002600000000029468,0.01330000000007203,0.002700000000004366,0.00250000000005457,0.002900000000181535,0.007800000000088403,0.004100000000107684,0.00250000000005457,0.003600000000005821,0.003500000000030923,0.00250000000005457,0.00250000000005457,0.002600000000029468,0.01510000000007494,0.002700000000004366,0.002600000000029468,0.002600000000029468,0.00250000000005457,0.00920000000019172,0.01109999999994216,0.003600000000005821,0.00250000000005457],
	"trigger_ts":[1233.5005,1245.4996,1257.4997,1269.5,1281.5003,1295.4996,1307.4993,1319.4994,1331.499,1345.4985,1355.499,1367.4987,1377.4986,1389.4985,1399.4991,1411.4989,1423.4995,1437.4986,1449.4994,1459.4995,1469.4986,1481.4986,1495.4987,1509.4989,1521.4994]
}
