{
	"onset":[1.499,3.496,7.506,14.619,16.616,20.609,35.608,44.718,46.714,58.71,64.81699999999999,66.81399999999999,70.82299999999999,82.819,90.923,92.919,96.946,104.06,106.056,110.066,119.176,121.172,134.175,140.282,142.278,146.288,158.284,164.391,166.388,170.397,183.383,191.487,193.483,197.51,205.613,207.61,222.609,231.719,233.715,237.725,252.716,258.823,260.82,264.846,273.956,275.953,290.952,298.065,300.062,304.055,316.051,325.161,327.157,341.15,347.257,349.253,360.393],
	"duration":[2,4,2.1,2,4,8,2.1,2,8,2.1,2,4,8,2.1,2,4,2.1,2,4,2.1,2,8,2.1,2,4,8,2.1,2,4,8,2.1,2,4,2.1,2,8,2.1,2,4,8,2.1,2,4,2.1,2,8,2.1,2,4,8,2.1,2,8,2.1,2,4,2],
	"trial_type":[
		"Reapp_Neg_Cue",
		"Reapp_Neg_Ant",
		"Reapp_Neg_Rating",
		"Look_Neg_Cue",
		"Look_Neg_Ant",
		"Look_Neg_Stim",
		"Look_Neg_Rating",
		"Look_Neg_Cue",
		"Look_Neg_Stim",
		"Look_Neg_Rating",
		"Look_Neutral_Cue",
		"Look_Neutral_Ant",
		"Look_Neutral_Stim",
		"Look_Neutral_Rating",
		"Reapp_Neg_Cue",
		"Reapp_Neg_Ant",
		"Reapp_Neg_Rating",
		"Look_Neg_Cue",
		"Look_Neg_Ant",
		"Look_Neg_Rating",
		"Look_Neutral_Cue",
		"Look_Neutral_Stim",
		"Look_Neutral_Rating",
		"Look_Neg_Cue",
		"Look_Neg_Ant",
		"Look_Neg_Stim",
		"Look_Neg_Rating",
		"Reapp_Neg_Cue",
		"Reapp_Neg_Ant",
		"Reapp_Neg_Stim",
		"Reapp_Neg_Rating",
		"Look_Neutral_Cue",
		"Look_Neutral_Ant",
		"Look_Neutral_Rating",
		"Look_Neg_Cue",
		"Look_Neg_Stim",
		"Look_Neg_Rating",
		"Reapp_Neg_Cue",
		"Reapp_Neg_Ant",
		"Reapp_Neg_Stim",
		"Reapp_Neg_Rating",
		"Look_Neutral_Cue",
		"Look_Neutral_Ant",
		"Look_Neutral_Rating",
		"Reapp_Neg_Cue",
		"Reapp_Neg_Stim",
		"Reapp_Neg_Rating",
		"Look_Neutral_Cue",
		"Look_Neutral_Ant",
		"Look_Neutral_Stim",
		"Look_Neutral_Rating",
		"Reapp_Neg_Cue",
		"Reapp_Neg_Stim",
		"Reapp_Neg_Rating",
		"Look_Neg_Cue",
		"Look_Neg_Ant",
		"Look_Neutral_Cue"
	]
}
