{
	"onset":[0.02,12,22.01,36,46,56,68,78.01000000000001,92.01000000000001,106,118,130,142,154,166,178,188,200,212,224,236,248.01,262,274.01,288.01],
	"duration":[6,6,6,6,6,6,6,6,6,6,6,6,6,6,6,6,6,6,6,6,6,6,6,6,6],
	"trial_type":[
		"rocknroll",
		"symphonic",
		"symphonic",
		"rocknroll",
		"metal",
		"symphonic",
		"country",
		"rocknroll",
		"country",
		"ambient",
		"rocknroll",
		"ambient",
		"symphonic",
		"metal",
		"metal",
		"ambient",
		"country",
		"metal",
		"country",
		"country",
		"symphonic",
		"ambient",
		"ambient",
		"metal",
		"rocknroll"
	],
	"run":[6,6,6,6,6,6,6,6,6,6,6,6,6,6,6,6,6,6,6,6,6,6,6,6,6],
	"run_id":[3,3,3,3,3,3,3,3,3,3,3,3,3,3,3,3,3,3,3,3,3,3,3,3,3],
	"volume":[765,771,776,783,788,793,799,804,811,818,824,830,836,842,848,854,859,865,871,877,883,889,896,902,909],
	"run_volume":[0,6,11,18,23,28,34,39,46,53,59,65,71,77,83,89,94,100,106,112,118,124,131,137,144],
	"stim":[
		"rocknroll_004.wav",
		"symphonic_001.wav",
		"symphonic_000.wav",
		"rocknroll_001.wav",
		"metal_003.wav",
		"symphonic_003.wav",
		"country_002.wav",
		"rocknroll_003.wav",
		"country_000.wav",
		"ambient_002.wav",
		"rocknroll_000.wav",
		"ambient_000.wav",
		"symphonic_002.wav",
		"metal_002.wav",
		"metal_001.wav",
		"ambient_003.wav",
		"country_001.wav",
		"metal_000.wav",
		"country_003.wav",
		"country_004.wav",
		"symphonic_004.wav",
		"ambient_001.wav",
		"ambient_004.wav",
		"metal_004.wav",
		"rocknroll_002.wav"
	],
	"genre":[
		"rocknroll",
		"symphonic",
		"symphonic",
		"rocknroll",
		"metal",
		"symphonic",
		"country",
		"rocknroll",
		"country",
		"ambient",
		"rocknroll",
		"ambient",
		"symphonic",
		"metal",
		"metal",
		"ambient",
		"country",
		"metal",
		"country",
		"country",
		"symphonic",
		"ambient",
		"ambient",
		"metal",
		"rocknroll"
	],
	"delay":[6,4,8,4,4,6,4,8,8,6,6,6,6,6,6,4,6,6,6,6,6,8,6,8,6],
	"catch":[0,0,1,0,0,0,0,1,1,0,0,0,0,0,0,0,0,0,0,0,0,1,0,1,0],
	"sound_soa":[0.02329999999983556,0.002499999999599823,0.009700000000066213,0.00279999999975189,0.00279999999975189,0.002400000000307045,0.003499999999803549,0.01149999999961437,0.01059999999961292,0.002700000000004366,0.003500000000258296,0.002400000000307045,0.002400000000307045,0.00250000000005457,0.003199999999651482,0.00430000000005748,0.003799999999955617,0.003499999999803549,0.00250000000005457,0.002399999999852298,0.003500000000258296,0.009799999999813735,0.003399999999601277,0.01459999999997308,0.00569999999970605],
	"trigger_ts":[2482.3735,2494.3733,2504.3734,2518.3739,2528.3733,2538.374,2550.3733,2560.3733,2574.3733,2588.3731,2600.3734,2612.3736,2624.3731,2636.3735,2648.3733,2660.373,2670.3738,2682.3732,2694.373,2706.3733,2718.3731,2730.3733,2744.3733,2756.3733,2770.3733]
}
