{
	"onset":[1.499,3.496,7.506,16.616,18.613,22.622,35.608,44.719,46.715,50.708,64.71899999999999,71.83199999999999,73.82899999999999,88.833,97.943,99.94,103.933,116.936,118.966,120.962,135.962,145.066,147.062,159.075,166.189,168.186,172.195,181.306,183.302,196.305,205.398,207.395,211.405,226.404,232.511,234.508,238.534,244.642,246.638,258.634,267.744,269.748,273.758,281.845,283.842,287.852,293.959,295.955,299.965,314.964,321.071,323.068,327.078,339.074,348.184,350.181,362.177,371.287,373.284,377.294],
	"duration":[2,4,2.1,2,4,8,2.1,2,4,8,2.1,2,8,2.1,2,4,8,2.1,2,8,2.1,2,8,2.1,2,4,2.1,2,8,2.1,2,4,8,2.1,2,4,2.1,2,8,2.1,2,4,2.1,2,4,2.1,2,4,8,2.1,2,4,8,2.1,2,8,2.1,2,4,2.1],
	"trial_type":[
		"Look_Neutral_Cue",
		"Look_Neutral_Ant",
		"Look_Neutral_Rating",
		"Reapp_Neg_Cue",
		"Reapp_Neg_Ant",
		"Reapp_Neg_Stim",
		"Reapp_Neg_Rating",
		"Look_Neg_Cue",
		"Look_Neg_Ant",
		"Look_Neg_Stim",
		"Look_Neg_Rating",
		"Look_Neg_Cue",
		"Look_Neg_Stim",
		"Look_Neg_Rating",
		"Look_Neutral_Cue",
		"Look_Neutral_Ant",
		"Look_Neutral_Stim",
		"Look_Neutral_Rating",
		"Reapp_Neg_Cue",
		"Reapp_Neg_Stim",
		"Reapp_Neg_Rating",
		"Look_Neutral_Cue",
		"Look_Neutral_Stim",
		"Look_Neutral_Rating",
		"Look_Neg_Cue",
		"Look_Neg_Ant",
		"Look_Neg_Rating",
		"Reapp_Neg_Cue",
		"Reapp_Neg_Stim",
		"Reapp_Neg_Rating",
		"Look_Neutral_Cue",
		"Look_Neutral_Ant",
		"Look_Neutral_Stim",
		"Look_Neutral_Rating",
		"Reapp_Neg_Cue",
		"Reapp_Neg_Ant",
		"Reapp_Neg_Rating",
		"Look_Neg_Cue",
		"Look_Neg_Stim",
		"Look_Neg_Rating",
		"Look_Neutral_Cue",
		"Look_Neutral_Ant",
		"Look_Neutral_Rating",
		"Reapp_Neg_Cue",
		"Reapp_Neg_Ant",
		"Reapp_Neg_Rating",
		"Look_Neg_Cue",
		"Look_Neg_Ant",
		"Look_Neg_Stim",
		"Look_Neg_Rating",
		"Reapp_Neg_Cue",
		"Reapp_Neg_Ant",
		"Reapp_Neg_Stim",
		"Reapp_Neg_Rating",
		"Look_Neutral_Cue",
		"Look_Neutral_Stim",
		"Look_Neutral_Rating",
		"Look_Neg_Cue",
		"Look_Neg_Ant",
		"Look_Neg_Rating"
	]
}
