{
	"onset":[0,3.207,6.398,9.521000000000001,12.778,16.036,19.092,22.333,25.473,28.062,48.675,51.982,54.989,58.279,61.587,64.861,68.084,71.27500000000001,74.465,77.589,80.679,83.836,86.90900000000001,90,93.223,96.53100000000001,99.80500000000001,102.945,106.152,109.326,112.015,132.577,135.835,139.109,142.266,145.356,148.446,151.603,154.693,157.75,160.89,164.114,167.338,170.562,173.702,176.792,179.933,183.039,186.263,188.869,209.314,212.622,215.862,219.019,222.126,225.417,228.59,231.915,235.105,238.295,241.586,244.659,247.9,251.024,254.147,257.254,260.328,263.551,266.892,269.531,290.144,293.251,296.391,299.448,302.605,305.712,308.869,311.992,315.132,318.34,321.547,324.72,327.877,331.034,334.191,337.449,340.672,343.746,346.903,350.21,352.916,373.512,376.602,379.776,383.05,386.107,389.213,392.421,395.177],
	"duration":[0.929,0.908,0.8179999999999999,0.997,0.992,0.854,0.919,0.897,0.842,20,0.984,0.8169999999999999,0.99,0.958,0.983,0.909,0.931,0.879,0.805,0.919,0.964,0.899,0.884,0.896,0.964,0.904,0.85,0.9360000000000001,0.826,0.9389999999999999,20,0.97,0.973,0.826,0.866,0.8149999999999999,0.981,0.847,0.848,0.876,0.907,0.97,0.914,0.832,0.827,0.904,0.856,0.896,0.855,20,0.9370000000000001,0.99,0.92,0.917,0.923,0.83,0.917,0.927,0.96,0.9350000000000001,0.846,0.995,0.92,0.846,0.902,0.8179999999999999,0.895,0.996,0.902,20,0.874,0.902,0.8090000000000001,0.804,0.919,0.832,0.891,0.847,0.868,0.91,0.9,0.881,0.835,0.887,0.888,0.904,0.861,0.872,0.97,0.963,20,0.883,0.8159999999999999,1,0.837,0.901,0.894,0.965,0.012],
	"circle_duration":[0.513,0.506,0.416,0.55,0.499,0.488,0.43,0.5620000000000001,0.478,20,0.573,0.5600000000000001,0.42,0.524,0.574,0.527,0.537,0.486,0.541,0.546,0.403,0.424,0.404,0.436,0.5570000000000001,0.583,0.598,0.52,0.516,0.577,20,0.525,0.534,0.528,0.5639999999999999,0.459,0.51,0.402,0.469,0.447,0.492,0.55,0.482,0.548,0.538,0.497,0.459,0.482,0.555,20,0.405,0.595,0.479,0.459,0.432,0.6,0.581,0.583,0.489,0.465,0.589,0.453,0.47,0.42,0.506,0.45,0.499,0.553,0.579,20,0.584,0.459,0.478,0.478,0.575,0.433,0.5570000000000001,0.452,0.533,0.569,0.533,0.515,0.508,0.5610000000000001,0.492,0.594,0.541,0.437,0.512,0.5610000000000001,20,0.5659999999999999,0.44,0.585,0.503,0.446,0.45,0.545,0],
	"stim_type":[
		"FAMOUS",
		"FAMOUS",
		"SCRAMBLED",
		"FAMOUS",
		"FAMOUS",
		"FAMOUS",
		"SCRAMBLED",
		"SCRAMBLED",
		"UNFAMILIAR",
		"n/a",
		"FAMOUS",
		"FAMOUS",
		"SCRAMBLED",
		"FAMOUS",
		"FAMOUS",
		"FAMOUS",
		"FAMOUS",
		"FAMOUS",
		"FAMOUS",
		"SCRAMBLED",
		"UNFAMILIAR",
		"FAMOUS",
		"FAMOUS",
		"FAMOUS",
		"FAMOUS",
		"FAMOUS",
		"UNFAMILIAR",
		"SCRAMBLED",
		"SCRAMBLED",
		"SCRAMBLED",
		"n/a",
		"SCRAMBLED",
		"SCRAMBLED",
		"FAMOUS",
		"FAMOUS",
		"FAMOUS",
		"FAMOUS",
		"SCRAMBLED",
		"SCRAMBLED",
		"SCRAMBLED",
		"SCRAMBLED",
		"UNFAMILIAR",
		"SCRAMBLED",
		"SCRAMBLED",
		"FAMOUS",
		"FAMOUS",
		"UNFAMILIAR",
		"SCRAMBLED",
		"SCRAMBLED",
		"n/a",
		"UNFAMILIAR",
		"UNFAMILIAR",
		"UNFAMILIAR",
		"FAMOUS",
		"UNFAMILIAR",
		"UNFAMILIAR",
		"SCRAMBLED",
		"FAMOUS",
		"UNFAMILIAR",
		"UNFAMILIAR",
		"SCRAMBLED",
		"FAMOUS",
		"SCRAMBLED",
		"UNFAMILIAR",
		"UNFAMILIAR",
		"UNFAMILIAR",
		"SCRAMBLED",
		"UNFAMILIAR",
		"FAMOUS",
		"n/a",
		"SCRAMBLED",
		"UNFAMILIAR",
		"UNFAMILIAR",
		"UNFAMILIAR",
		"SCRAMBLED",
		"UNFAMILIAR",
		"UNFAMILIAR",
		"SCRAMBLED",
		"SCRAMBLED",
		"SCRAMBLED",
		"UNFAMILIAR",
		"UNFAMILIAR",
		"FAMOUS",
		"FAMOUS",
		"SCRAMBLED",
		"FAMOUS",
		"FAMOUS",
		"SCRAMBLED",
		"UNFAMILIAR",
		"UNFAMILIAR",
		"n/a",
		"UNFAMILIAR",
		"UNFAMILIAR",
		"SCRAMBLED",
		"UNFAMILIAR",
		"UNFAMILIAR",
		"UNFAMILIAR",
		"SCRAMBLED",
		"n/a"
	],
	"trigger":[5,6,17,5,6,5,17,18,13,999,5,6,19,5,5,6,7,5,6,17,15,5,5,7,5,6,13,17,18,19,999,17,18,7,5,6,7,17,18,17,18,15,17,18,5,6,13,17,18,999,13,14,13,5,13,15,17,5,13,15,17,7,17,15,13,14,19,13,7,999,17,15,13,14,19,13,14,19,17,18,13,15,5,6,19,5,6,17,13,14,999,13,15,17,13,13,14,19,999],
	"button_pushed":[
		7,
		7,
		7,
		7,
		7,
		7,
		4,
		4,
		4,
		20000,
		4,
		4,
		7,
		7,
		7,
		7,
		4,
		7,
		4,
		7,
		4,
		4,
		"n/a",
		7,
		4,
		4,
		4,
		7,
		7,
		7,
		20000,
		7,
		7,
		7,
		4,
		4,
		7,
		4,
		4,
		7,
		7,
		7,
		"n/a",
		7,
		4,
		4,
		7,
		4,
		4,
		20000,
		4,
		4,
		4,
		7,
		4,
		7,
		4,
		4,
		4,
		4,
		7,
		"n/a",
		4,
		4,
		4,
		4,
		4,
		4,
		4,
		20000,
		7,
		4,
		4,
		4,
		"n/a",
		4,
		4,
		7,
		4,
		7,
		4,
		4,
		7,
		7,
		4,
		7,
		7,
		7,
		4,
		"n/a",
		20000,
		"n/a",
		4,
		7,
		4,
		"n/a",
		"n/a",
		7,
		0
	],
	"response_time":[1.069,0.716,0.956,0.832,0.959,1.226,1.159,0.8090000000000001,1.5,20,0.843,0.748,0.9379999999999999,1.166,0.821,0.866,1.012,1.15,1.082,1.6,0.914,0.89,0,1.085,0.788,0.6899999999999999,0.951,0.785,0.835,0.6889999999999999,20,1.17,1.402,1.462,0.8179999999999999,0.651,1.081,1.135,1.76,0.88,0.92,0.846,0,1.21,0.823,0.6860000000000001,1.133,1.769,0.786,20,1.797,0.681,0.787,0.678,0.848,0.673,0.921,0.922,1.058,0.969,1.125,0,1.181,0.785,0.781,0.778,0.978,1.252,0.911,20,1.233,0.779,0.8080000000000001,0.8,0,0.95,0.6899999999999999,0.885,0.903,0.499,1.019,0.829,0.869,1.162,1.202,1.131,1.099,0.919,1.416,0,20,0,0.879,0.839,0.91,0,0,0.87,0],
	"stim_file":[
		"func/f018.bmp",
		"func/f018.bmp",
		"func/s021.bmp",
		"func/f025.bmp",
		"func/f025.bmp",
		"func/f020.bmp",
		"func/s017.bmp",
		"func/s017.bmp",
		"func/u026.bmp",
		"func/i999.bmp",
		"func/f024.bmp",
		"func/f024.bmp",
		"func/s021.bmp",
		"func/f019.bmp",
		"func/f021.bmp",
		"func/f021.bmp",
		"func/f020.bmp",
		"func/f027.bmp",
		"func/f027.bmp",
		"func/s024.bmp",
		"func/u026.bmp",
		"func/f032.bmp",
		"func/f030.bmp",
		"func/f019.bmp",
		"func/f028.bmp",
		"func/f028.bmp",
		"func/u031.bmp",
		"func/s032.bmp",
		"func/s032.bmp",
		"func/s024.bmp",
		"func/i999.bmp",
		"func/s027.bmp",
		"func/s027.bmp",
		"func/f032.bmp",
		"func/f022.bmp",
		"func/f022.bmp",
		"func/f030.bmp",
		"func/s019.bmp",
		"func/s019.bmp",
		"func/s023.bmp",
		"func/s023.bmp",
		"func/u031.bmp",
		"func/s030.bmp",
		"func/s030.bmp",
		"func/f029.bmp",
		"func/f029.bmp",
		"func/u019.bmp",
		"func/s029.bmp",
		"func/s029.bmp",
		"func/i999.bmp",
		"func/u028.bmp",
		"func/u028.bmp",
		"func/u020.bmp",
		"func/f017.bmp",
		"func/u024.bmp",
		"func/u019.bmp",
		"func/s026.bmp",
		"func/f026.bmp",
		"func/u027.bmp",
		"func/u020.bmp",
		"func/s031.bmp",
		"func/f017.bmp",
		"func/s022.bmp",
		"func/u024.bmp",
		"func/u030.bmp",
		"func/u030.bmp",
		"func/s026.bmp",
		"func/u032.bmp",
		"func/f026.bmp",
		"func/i999.bmp",
		"func/s028.bmp",
		"func/u027.bmp",
		"func/u018.bmp",
		"func/u018.bmp",
		"func/s031.bmp",
		"func/u021.bmp",
		"func/u021.bmp",
		"func/s022.bmp",
		"func/s025.bmp",
		"func/s025.bmp",
		"func/u023.bmp",
		"func/u032.bmp",
		"func/f031.bmp",
		"func/f031.bmp",
		"func/s028.bmp",
		"func/f023.bmp",
		"func/f023.bmp",
		"func/s020.bmp",
		"func/u029.bmp",
		"func/u029.bmp",
		"func/i999.bmp",
		"func/u017.bmp",
		"func/u023.bmp",
		"func/s018.bmp",
		"func/u025.bmp",
		"func/u022.bmp",
		"func/u022.bmp",
		"func/s020.bmp",
		"func/Circle.bmp"
	]
}
