{
	"onset":[0,3.19,6.614,9.654,12.728,15.868,18.958,22.049,25.306,28.414,31.035,51.597,54.888,57.962,61.252,64.443,67.566,70.59,73.88,77.13800000000001,80.31100000000001,83.45099999999999,86.542,89.682,92.889,95.979,99.27,102.327,105.55,108.707,111.33,131.809,135.049,138.273,141.48,144.737,147.844,151.101,154.292,157.365,160.589,163.863,167.037,170.194,173.518,176.658,179.849,182.889,186.029,189.253,191.825,212.387,215.544,218.802,221.942,225.05,228.206,231.363,234.653,237.66,240.75,243.807,247.014,250.188,253.328,256.435,259.776,263.016,266.123,268.746,289.358,292.465,295.589,298.896,302.153,305.494,308.668,311.942,314.998,318.155,321.297,324.553,327.76,330.967,334.041,337.148,340.288,343.495,346.602,349.826,352.532,373.01,376.184,379.341,382.416,385.705,388.896,391.702],
	"duration":[0.9,0.971,0.83,0.888,0.85,0.8100000000000001,0.888,0.997,0.851,0.884,20,0.978,0.877,0.926,0.89,0.829,0.805,0.927,0.926,0.8169999999999999,0.957,0.899,0.822,0.839,0.848,0.991,0.845,0.948,0.821,0.881,20,0.887,0.974,1,0.951,0.85,0.996,0.928,0.901,0.992,0.997,0.856,0.917,0.97,0.836,1,0.862,0.947,0.99,0.831,20,0.918,0.891,0.834,0.925,0.872,0.8120000000000001,0.97,0.8090000000000001,0.871,0.803,0.844,0.887,0.889,0.843,0.993,0.875,0.801,0.871,20,0.857,0.915,0.962,0.948,0.986,0.846,0.931,0.827,0.977,0.953,0.989,0.963,0.913,0.843,0.844,0.966,0.84,0.842,0.944,0.962,20,0.95,0.894,0.907,0.975,0.83,0.989,0.012],
	"circle_duration":[0.412,0.519,0.575,0.44,0.417,0.531,0.504,0.429,0.485,0.501,20,0.533,0.541,0.425,0.587,0.521,0.53,0.443,0.589,0.5679999999999999,0.599,0.415,0.434,0.547,0.595,0.475,0.525,0.435,0.513,0.5629999999999999,20,0.44,0.57,0.482,0.439,0.536,0.488,0.499,0.497,0.41,0.456,0.511,0.537,0.479,0.572,0.535,0.433,0.411,0.427,0.462,20,0.526,0.473,0.6,0.545,0.418,0.503,0.525,0.547,0.418,0.45,0.498,0.588,0.505,0.47,0.487,0.572,0.588,0.539,20,0.57,0.472,0.445,0.579,0.546,0.597,0.554,0.583,0.453,0.411,0.435,0.496,0.47,0.532,0.455,0.486,0.402,0.599,0.494,0.511,20,0.45,0.456,0.487,0.401,0.538,0.6,0],
	"stim_type":[
		"SCRAMBLED",
		"SCRAMBLED",
		"SCRAMBLED",
		"SCRAMBLED",
		"SCRAMBLED",
		"SCRAMBLED",
		"FAMOUS",
		"UNFAMILIAR",
		"UNFAMILIAR",
		"FAMOUS",
		"n/a",
		"SCRAMBLED",
		"FAMOUS",
		"FAMOUS",
		"SCRAMBLED",
		"SCRAMBLED",
		"FAMOUS",
		"UNFAMILIAR",
		"FAMOUS",
		"FAMOUS",
		"SCRAMBLED",
		"SCRAMBLED",
		"SCRAMBLED",
		"FAMOUS",
		"UNFAMILIAR",
		"SCRAMBLED",
		"UNFAMILIAR",
		"UNFAMILIAR",
		"UNFAMILIAR",
		"FAMOUS",
		"n/a",
		"UNFAMILIAR",
		"FAMOUS",
		"FAMOUS",
		"FAMOUS",
		"UNFAMILIAR",
		"SCRAMBLED",
		"SCRAMBLED",
		"SCRAMBLED",
		"UNFAMILIAR",
		"UNFAMILIAR",
		"UNFAMILIAR",
		"UNFAMILIAR",
		"SCRAMBLED",
		"FAMOUS",
		"FAMOUS",
		"FAMOUS",
		"SCRAMBLED",
		"UNFAMILIAR",
		"UNFAMILIAR",
		"n/a",
		"UNFAMILIAR",
		"UNFAMILIAR",
		"UNFAMILIAR",
		"UNFAMILIAR",
		"SCRAMBLED",
		"FAMOUS",
		"FAMOUS",
		"FAMOUS",
		"UNFAMILIAR",
		"UNFAMILIAR",
		"SCRAMBLED",
		"FAMOUS",
		"FAMOUS",
		"SCRAMBLED",
		"SCRAMBLED",
		"UNFAMILIAR",
		"SCRAMBLED",
		"SCRAMBLED",
		"n/a",
		"FAMOUS",
		"FAMOUS",
		"UNFAMILIAR",
		"UNFAMILIAR",
		"FAMOUS",
		"SCRAMBLED",
		"SCRAMBLED",
		"FAMOUS",
		"SCRAMBLED",
		"UNFAMILIAR",
		"UNFAMILIAR",
		"FAMOUS",
		"FAMOUS",
		"FAMOUS",
		"FAMOUS",
		"FAMOUS",
		"UNFAMILIAR",
		"FAMOUS",
		"UNFAMILIAR",
		"SCRAMBLED",
		"n/a",
		"UNFAMILIAR",
		"SCRAMBLED",
		"SCRAMBLED",
		"FAMOUS",
		"FAMOUS",
		"UNFAMILIAR",
		"n/a"
	],
	"trigger":[17,18,17,18,17,18,5,13,14,5,999,17,5,6,17,18,7,13,5,7,17,18,19,5,13,17,15,13,14,7,999,13,5,7,5,15,17,18,19,13,14,13,15,17,7,5,7,17,13,14,999,13,15,13,14,19,5,6,7,13,14,19,5,6,17,18,15,17,18,999,5,6,13,14,5,17,18,5,17,13,14,5,6,7,5,6,13,7,13,19,999,13,17,17,5,6,15,999],
	"button_pushed":[
		7,
		7,
		4,
		4,
		7,
		7,
		7,
		7,
		7,
		7,
		20000,
		7,
		7,
		7,
		4,
		4,
		7,
		4,
		7,
		7,
		7,
		7,
		7,
		7,
		7,
		4,
		4,
		7,
		7,
		7,
		20000,
		4,
		7,
		7,
		7,
		7,
		7,
		7,
		4,
		7,
		7,
		7,
		4,
		7,
		7,
		7,
		7,
		"n/a",
		7,
		7,
		20000,
		7,
		7,
		7,
		7,
		7,
		7,
		7,
		7,
		7,
		7,
		7,
		7,
		7,
		"n/a",
		7,
		7,
		4,
		4,
		20000,
		4,
		4,
		7,
		7,
		7,
		7,
		7,
		7,
		7,
		7,
		7,
		7,
		7,
		7,
		7,
		7,
		7,
		7,
		7,
		7,
		20000,
		7,
		7,
		7,
		4,
		7,
		7,
		0
	],
	"response_time":[0.806,0.8090000000000001,0.9399999999999999,0.824,0.946,0.952,0.871,0.995,0.6899999999999999,0.918,20,1.186,0.8120000000000001,0.472,1.002,0.971,0.695,1.088,0.609,0.804,0.962,1.412,1.129,1.176,1.003,0.855,0.784,0.8120000000000001,0.507,0.781,20,0.887,0.772,0.845,0.76,0.698,0.8080000000000001,0.953,0.975,0.6860000000000001,0.606,0.797,1.057,0.931,0.83,1.382,0.829,0,0.71,0.597,20,0.821,0.877,0.556,0.507,0.541,0.835,0.643,0.888,0.6830000000000001,0.706,1.075,0.8120000000000001,0.698,0,1.111,0.794,0.948,0.9330000000000001,20,0.971,0.797,0.589,0.674,0.976,0.955,0.668,0.893,2.434,1.144,0.648,0.823,0.721,1.285,1.482,0.647,1.093,0.795,0.73,1.212,20,0.726,1.008,1.07,1.018,0.572,0.776,0],
	"stim_file":[
		"func/s122.bmp",
		"func/s122.bmp",
		"func/s114.bmp",
		"func/s114.bmp",
		"func/s128.bmp",
		"func/s128.bmp",
		"func/f121.bmp",
		"func/u125.bmp",
		"func/u125.bmp",
		"func/f126.bmp",
		"func/i999.bmp",
		"func/s126.bmp",
		"func/f124.bmp",
		"func/f124.bmp",
		"func/s116.bmp",
		"func/s116.bmp",
		"func/f121.bmp",
		"func/u114.bmp",
		"func/f125.bmp",
		"func/f126.bmp",
		"func/s123.bmp",
		"func/s123.bmp",
		"func/s126.bmp",
		"func/f114.bmp",
		"func/u118.bmp",
		"func/s120.bmp",
		"func/u114.bmp",
		"func/u130.bmp",
		"func/u130.bmp",
		"func/f125.bmp",
		"func/i999.bmp",
		"func/u115.bmp",
		"func/f128.bmp",
		"func/f114.bmp",
		"func/f122.bmp",
		"func/u118.bmp",
		"func/s124.bmp",
		"func/s124.bmp",
		"func/s120.bmp",
		"func/u124.bmp",
		"func/u124.bmp",
		"func/u122.bmp",
		"func/u115.bmp",
		"func/s119.bmp",
		"func/f128.bmp",
		"func/f120.bmp",
		"func/f122.bmp",
		"func/s118.bmp",
		"func/u128.bmp",
		"func/u128.bmp",
		"func/i999.bmp",
		"func/u129.bmp",
		"func/u122.bmp",
		"func/u123.bmp",
		"func/u123.bmp",
		"func/s119.bmp",
		"func/f116.bmp",
		"func/f116.bmp",
		"func/f120.bmp",
		"func/u126.bmp",
		"func/u126.bmp",
		"func/s118.bmp",
		"func/f127.bmp",
		"func/f127.bmp",
		"func/s130.bmp",
		"func/s130.bmp",
		"func/u129.bmp",
		"func/s129.bmp",
		"func/s129.bmp",
		"func/i999.bmp",
		"func/f129.bmp",
		"func/f129.bmp",
		"func/u120.bmp",
		"func/u120.bmp",
		"func/f115.bmp",
		"func/s125.bmp",
		"func/s125.bmp",
		"func/f118.bmp",
		"func/s127.bmp",
		"func/u116.bmp",
		"func/u116.bmp",
		"func/f119.bmp",
		"func/f119.bmp",
		"func/f115.bmp",
		"func/f130.bmp",
		"func/f130.bmp",
		"func/u121.bmp",
		"func/f118.bmp",
		"func/u119.bmp",
		"func/s127.bmp",
		"func/i999.bmp",
		"func/u127.bmp",
		"func/s115.bmp",
		"func/s121.bmp",
		"func/f123.bmp",
		"func/f123.bmp",
		"func/u121.bmp",
		"func/Circle.bmp"
	]
}
