{
	"onset":[0,3.291,6.598,9.772,12.895,15.969,19.126,22.3,25.457,28.614,31.219,51.832,55.022,58.229,61.353,64.59399999999999,67.767,71.05800000000001,74.181,77.306,80.44499999999999,83.46899999999999,86.60899999999999,89.816,93.04000000000001,96.264,99.321,102.311,105.501,108.591,111.197,131.676,134.9,137.923,141.081,144.103,147.244,150.434,153.658,156.832,159.922,163.212,166.486,169.677,172.901,176.091,179.064,182.238,185.378,187.951,208.429,211.653,214.761,218.101,221.258,224.398,227.639,230.846,233.986,237.043,240.217,243.424,246.631,249.972,253.129,256.32,259.526,262.783,266.074,269.097,272.138,274.81,295.305,298.529,301.686,304.944,308.067,311.141,314.247,317.421,320.578,323.752,326.843,329.916,333.073,336.28,339.587,342.811,346.102,349.259,351.965,372.443,375.701,378.841,382.048,385.088,388.178,391.435,394.225],
	"duration":[0.981,0.901,0.925,0.802,0.874,0.978,0.913,0.952,0.923,0.865,20,0.951,0.844,0.91,0.974,0.921,0.97,0.819,0.926,0.91,0.804,0.946,0.908,0.927,0.978,0.882,0.8159999999999999,0.883,0.858,0.864,20,0.877,0.85,0.853,0.8139999999999999,0.873,0.9370000000000001,0.909,0.825,0.874,0.968,0.92,0.883,0.975,0.996,0.802,0.806,0.967,0.833,20,0.966,0.8179999999999999,0.997,0.9409999999999999,0.8070000000000001,0.897,0.981,0.921,0.838,0.977,0.843,0.89,0.987,0.976,0.9409999999999999,0.98,0.947,0.978,0.844,0.878,0.9330000000000001,20,0.928,0.914,0.931,0.9360000000000001,0.902,0.847,0.979,0.837,0.884,0.8120000000000001,0.8139999999999999,0.918,0.88,0.963,0.999,0.985,0.903,0.962,20,0.898,0.805,0.986,0.872,0.864,0.92,0.987,0.012],
	"circle_duration":[0.449,0.547,0.536,0.475,0.5570000000000001,0.43,0.403,0.485,0.446,0.464,20,0.579,0.471,0.592,0.442,0.494,0.468,0.545,0.537,0.434,0.464,0.442,0.432,0.522,0.526,0.482,0.407,0.415,0.535,0.462,20,0.449,0.577,0.408,0.535,0.447,0.493,0.48,0.536,0.574,0.445,0.5639999999999999,0.586,0.54,0.474,0.42,0.413,0.587,0.406,20,0.437,0.498,0.534,0.569,0.449,0.554,0.48,0.466,0.439,0.439,0.43,0.6,0.539,0.573,0.402,0.484,0.467,0.544,0.548,0.409,0.4,20,0.465,0.524,0.48,0.556,0.433,0.41,0.488,0.424,0.537,0.522,0.518,0.491,0.476,0.5639999999999999,0.581,0.462,0.541,0.499,20,0.45,0.591,0.5570000000000001,0.455,0.4,0.464,0.5669999999999999,0],
	"stim_type":[
		"SCRAMBLED",
		"SCRAMBLED",
		"FAMOUS",
		"FAMOUS",
		"FAMOUS",
		"FAMOUS",
		"SCRAMBLED",
		"UNFAMILIAR",
		"UNFAMILIAR",
		"FAMOUS",
		"n/a",
		"SCRAMBLED",
		"FAMOUS",
		"UNFAMILIAR",
		"SCRAMBLED",
		"UNFAMILIAR",
		"UNFAMILIAR",
		"FAMOUS",
		"UNFAMILIAR",
		"UNFAMILIAR",
		"SCRAMBLED",
		"SCRAMBLED",
		"SCRAMBLED",
		"FAMOUS",
		"FAMOUS",
		"FAMOUS",
		"UNFAMILIAR",
		"UNFAMILIAR",
		"UNFAMILIAR",
		"UNFAMILIAR",
		"n/a",
		"UNFAMILIAR",
		"UNFAMILIAR",
		"SCRAMBLED",
		"SCRAMBLED",
		"UNFAMILIAR",
		"UNFAMILIAR",
		"FAMOUS",
		"SCRAMBLED",
		"SCRAMBLED",
		"UNFAMILIAR",
		"UNFAMILIAR",
		"UNFAMILIAR",
		"SCRAMBLED",
		"SCRAMBLED",
		"SCRAMBLED",
		"SCRAMBLED",
		"FAMOUS",
		"FAMOUS",
		"n/a",
		"FAMOUS",
		"FAMOUS",
		"FAMOUS",
		"FAMOUS",
		"SCRAMBLED",
		"FAMOUS",
		"FAMOUS",
		"SCRAMBLED",
		"SCRAMBLED",
		"FAMOUS",
		"UNFAMILIAR",
		"UNFAMILIAR",
		"UNFAMILIAR",
		"FAMOUS",
		"SCRAMBLED",
		"SCRAMBLED",
		"FAMOUS",
		"UNFAMILIAR",
		"SCRAMBLED",
		"SCRAMBLED",
		"SCRAMBLED",
		"n/a",
		"FAMOUS",
		"UNFAMILIAR",
		"UNFAMILIAR",
		"UNFAMILIAR",
		"SCRAMBLED",
		"FAMOUS",
		"FAMOUS",
		"UNFAMILIAR",
		"SCRAMBLED",
		"SCRAMBLED",
		"SCRAMBLED",
		"FAMOUS",
		"FAMOUS",
		"FAMOUS",
		"FAMOUS",
		"SCRAMBLED",
		"UNFAMILIAR",
		"UNFAMILIAR",
		"n/a",
		"UNFAMILIAR",
		"UNFAMILIAR",
		"UNFAMILIAR",
		"SCRAMBLED",
		"FAMOUS",
		"SCRAMBLED",
		"FAMOUS",
		"n/a"
	],
	"trigger":[17,18,5,6,5,6,17,13,14,5,999,17,5,13,19,13,13,7,13,14,19,17,18,7,5,6,15,13,14,15,999,13,15,17,18,13,14,5,17,18,13,14,15,17,18,17,17,7,5,999,5,6,5,5,19,5,6,19,17,7,13,13,14,7,17,18,7,13,17,18,19,999,5,15,13,14,17,5,6,15,17,18,17,7,5,6,5,19,13,14,999,13,13,14,19,5,17,7,999],
	"button_pushed":[7,4,7,7,4,4,7,4,4,7,20000,4,7,4,7,4,4,7,4,4,4,7,4,7,4,4,4,4,4,4,20000,4,4,7,7,4,4,7,7,7,7,4,4,7,7,7,7,4,7,20000,7,7,4,4,7,4,4,7,7,7,7,4,4,4,7,7,4,4,7,7,7,20000,7,7,4,4,7,7,7,4,7,7,7,7,4,4,7,7,4,4,20000,4,4,4,7,4,7,7,0],
	"response_time":[1.306,1.148,1.355,0.982,0.991,0.841,0.952,0.917,0.755,0.902,20,1.027,0.908,0.953,0.913,0.7,0.859,0.756,0.884,0.761,0.975,0.826,0.901,0.787,0.906,0.921,0.875,0.959,0.953,0.886,20,0.918,0.768,0.924,0.851,0.802,0.8139999999999999,1.374,0.852,0.823,1.2,1.237,1.083,0.928,0.9,1.315,1.066,1.009,0.893,20,0.889,0.699,0.722,0.885,0.926,1.015,1.002,0.988,0.9330000000000001,0.9340000000000001,0.923,0.802,0.78,0.872,1.01,1.094,0.885,0.825,1.024,0.875,0.99,20,1.02,0.897,0.805,0.695,0.772,0.708,0.679,0.756,1.666,1.023,0.66,1.016,0.769,0.709,0.832,0.786,0.748,1.002,20,0.9360000000000001,0.983,0.887,1.445,1.048,0.831,0.882,0],
	"stim_file":[
		"func/s002.bmp",
		"func/s002.bmp",
		"func/f009.bmp",
		"func/f009.bmp",
		"func/f013.bmp",
		"func/f013.bmp",
		"func/s005.bmp",
		"func/u014.bmp",
		"func/u014.bmp",
		"func/f007.bmp",
		"func/i999.bmp",
		"func/s013.bmp",
		"func/f014.bmp",
		"func/u006.bmp",
		"func/s005.bmp",
		"func/u005.bmp",
		"func/u003.bmp",
		"func/f007.bmp",
		"func/u015.bmp",
		"func/u015.bmp",
		"func/s013.bmp",
		"func/s016.bmp",
		"func/s016.bmp",
		"func/f014.bmp",
		"func/f010.bmp",
		"func/f010.bmp",
		"func/u006.bmp",
		"func/u004.bmp",
		"func/u004.bmp",
		"func/u005.bmp",
		"func/i999.bmp",
		"func/u011.bmp",
		"func/u003.bmp",
		"func/s009.bmp",
		"func/s009.bmp",
		"func/u009.bmp",
		"func/u009.bmp",
		"func/f015.bmp",
		"func/s007.bmp",
		"func/s007.bmp",
		"func/u013.bmp",
		"func/u013.bmp",
		"func/u011.bmp",
		"func/s015.bmp",
		"func/s015.bmp",
		"func/s006.bmp",
		"func/s010.bmp",
		"func/f015.bmp",
		"func/f006.bmp",
		"func/i999.bmp",
		"func/f002.bmp",
		"func/f002.bmp",
		"func/f003.bmp",
		"func/f016.bmp",
		"func/s006.bmp",
		"func/f001.bmp",
		"func/f001.bmp",
		"func/s010.bmp",
		"func/s012.bmp",
		"func/f006.bmp",
		"func/u016.bmp",
		"func/u012.bmp",
		"func/u012.bmp",
		"func/f003.bmp",
		"func/s011.bmp",
		"func/s011.bmp",
		"func/f016.bmp",
		"func/u002.bmp",
		"func/s003.bmp",
		"func/s003.bmp",
		"func/s012.bmp",
		"func/i999.bmp",
		"func/f008.bmp",
		"func/u016.bmp",
		"func/u001.bmp",
		"func/u001.bmp",
		"func/s001.bmp",
		"func/f004.bmp",
		"func/f004.bmp",
		"func/u002.bmp",
		"func/s008.bmp",
		"func/s008.bmp",
		"func/s004.bmp",
		"func/f008.bmp",
		"func/f012.bmp",
		"func/f012.bmp",
		"func/f005.bmp",
		"func/s001.bmp",
		"func/u008.bmp",
		"func/u008.bmp",
		"func/i999.bmp",
		"func/u010.bmp",
		"func/u007.bmp",
		"func/u007.bmp",
		"func/s004.bmp",
		"func/f011.bmp",
		"func/s014.bmp",
		"func/f005.bmp",
		"func/Circle.bmp"
	]
}
