{
	"onset":[0,3.106,6.481,9.621,12.811,16.035,19.259,22.516,25.64,28.696,31.92,34.593,55.088,58.446,61.553,64.66,67.76600000000001,71.024,74.181,77.288,80.511,83.735,87.04300000000001,90.166,93.34,96.56399999999999,99.654,102.811,105.951,108.958,111.998,114.554,134.999,138.206,141.397,144.554,147.761,151.035,154.208,157.499,160.706,163.846,166.886,169.943,173.134,176.424,179.448,182.655,185.695,188.317,208.846,211.92,215.11,218.284,221.524,224.598,227.755,230.962,234.136,237.209,240.249,243.339,246.496,249.67,252.961,256.118,259.208,262.398,265.639,268.679,271.368,291.83,294.987,298.027,301.169,304.308,307.565,310.639,313.796,316.953,320.076,323.3,326.323,329.447,332.621,335.744,338.901,341.991,345.165,348.189,350.844,371.39,374.397,377.554,380.828,383.884,387.058,390.282,393.456,396.563,399.185],
	"duration":[0.883,0.986,0.9389999999999999,0.859,0.915,0.895,0.894,0.899,0.869,0.914,0.922,20,0.987,0.899,0.927,0.915,0.982,0.874,0.857,0.877,0.948,0.9429999999999999,0.929,0.955,0.966,0.917,0.91,0.893,0.8100000000000001,0.871,0.8100000000000001,20,0.865,0.883,0.823,0.848,0.986,0.975,0.987,0.9340000000000001,0.891,0.852,0.828,0.843,0.967,0.824,0.912,0.819,0.881,20,0.882,0.98,0.922,0.973,0.802,0.917,0.881,0.967,0.884,0.864,0.906,0.915,0.88,0.964,0.948,0.849,0.916,0.976,0.824,0.9370000000000001,20,0.834,0.8169999999999999,0.981,0.869,0.916,0.838,0.964,0.985,0.891,0.9399999999999999,0.8080000000000001,0.9409999999999999,0.87,0.876,0.949,0.916,0.99,0.823,0.905,20,0.8120000000000001,0.819,0.969,0.845,0.951,0.86,0.949,0.887,0.854,0.012],
	"circle_duration":[0.512,0.458,0.524,0.426,0.5610000000000001,0.537,0.5659999999999999,0.592,0.461,0.421,0.539,20,0.466,0.591,0.435,0.416,0.431,0.505,0.505,0.48,0.573,0.511,0.59,0.43,0.441,0.486,0.404,0.476,0.48,0.422,0.4,20,0.408,0.569,0.549,0.5649999999999999,0.598,0.529,0.43,0.52,0.506,0.481,0.428,0.465,0.57,0.5580000000000001,0.433,0.534,0.455,20,0.486,0.434,0.441,0.478,0.492,0.502,0.47,0.489,0.45,0.426,0.404,0.407,0.474,0.519,0.5629999999999999,0.444,0.476,0.503,0.492,0.445,20,0.429,0.554,0.464,0.401,0.515,0.571,0.46,0.419,0.404,0.464,0.506,0.439,0.417,0.521,0.473,0.442,0.403,0.405,0.431,20,0.513,0.429,0.584,0.54,0.441,0.464,0.594,0.46,0.449,0],
	"stim_type":[
		"UNFAMILIAR",
		"UNFAMILIAR",
		"SCRAMBLED",
		"UNFAMILIAR",
		"SCRAMBLED",
		"FAMOUS",
		"SCRAMBLED",
		"SCRAMBLED",
		"SCRAMBLED",
		"SCRAMBLED",
		"SCRAMBLED",
		"n/a",
		"FAMOUS",
		"FAMOUS",
		"UNFAMILIAR",
		"UNFAMILIAR",
		"UNFAMILIAR",
		"SCRAMBLED",
		"FAMOUS",
		"FAMOUS",
		"FAMOUS",
		"UNFAMILIAR",
		"SCRAMBLED",
		"SCRAMBLED",
		"FAMOUS",
		"SCRAMBLED",
		"SCRAMBLED",
		"FAMOUS",
		"SCRAMBLED",
		"SCRAMBLED",
		"FAMOUS",
		"n/a",
		"FAMOUS",
		"FAMOUS",
		"UNFAMILIAR",
		"UNFAMILIAR",
		"FAMOUS",
		"FAMOUS",
		"UNFAMILIAR",
		"UNFAMILIAR",
		"UNFAMILIAR",
		"UNFAMILIAR",
		"UNFAMILIAR",
		"FAMOUS",
		"UNFAMILIAR",
		"FAMOUS",
		"FAMOUS",
		"FAMOUS",
		"UNFAMILIAR",
		"n/a",
		"UNFAMILIAR",
		"UNFAMILIAR",
		"UNFAMILIAR",
		"UNFAMILIAR",
		"UNFAMILIAR",
		"UNFAMILIAR",
		"FAMOUS",
		"FAMOUS",
		"SCRAMBLED",
		"SCRAMBLED",
		"UNFAMILIAR",
		"FAMOUS",
		"FAMOUS",
		"FAMOUS",
		"UNFAMILIAR",
		"SCRAMBLED",
		"SCRAMBLED",
		"SCRAMBLED",
		"FAMOUS",
		"SCRAMBLED",
		"n/a",
		"UNFAMILIAR",
		"UNFAMILIAR",
		"UNFAMILIAR",
		"FAMOUS",
		"FAMOUS",
		"SCRAMBLED",
		"FAMOUS",
		"SCRAMBLED",
		"SCRAMBLED",
		"SCRAMBLED",
		"SCRAMBLED",
		"UNFAMILIAR",
		"UNFAMILIAR",
		"SCRAMBLED",
		"SCRAMBLED",
		"FAMOUS",
		"FAMOUS",
		"FAMOUS",
		"FAMOUS",
		"n/a",
		"SCRAMBLED",
		"SCRAMBLED",
		"UNFAMILIAR",
		"SCRAMBLED",
		"FAMOUS",
		"FAMOUS",
		"UNFAMILIAR",
		"SCRAMBLED",
		"SCRAMBLED",
		"n/a"
	],
	"trigger":[13,14,17,13,17,5,17,18,17,18,19,999,5,6,15,13,14,19,5,7,5,13,17,18,5,17,18,7,17,18,7,999,5,6,15,13,5,7,13,14,13,13,14,5,15,5,6,7,13,999,13,14,15,13,13,14,7,5,17,18,15,5,6,5,15,17,17,18,7,17,999,13,13,14,7,5,19,5,17,18,19,17,15,13,17,18,7,5,6,7,999,17,18,13,19,5,6,15,17,18,999],
	"button_pushed":[
		4,
		4,
		4,
		4,
		7,
		7,
		7,
		7,
		7,
		7,
		4,
		20000,
		7,
		7,
		4,
		4,
		4,
		7,
		7,
		7,
		4,
		7,
		7,
		7,
		4,
		4,
		4,
		7,
		7,
		7,
		4,
		20000,
		7,
		7,
		7,
		4,
		7,
		4,
		4,
		4,
		4,
		7,
		7,
		7,
		7,
		4,
		4,
		4,
		4,
		20000,
		4,
		4,
		4,
		4,
		4,
		4,
		7,
		4,
		4,
		4,
		4,
		7,
		7,
		"n/a",
		4,
		7,
		7,
		7,
		4,
		7,
		20000,
		4,
		4,
		4,
		7,
		"n/a",
		"n/a",
		"n/a",
		4,
		4,
		7,
		7,
		4,
		4,
		7,
		7,
		4,
		4,
		4,
		4,
		20000,
		7,
		7,
		4,
		7,
		7,
		7,
		4,
		4,
		7,
		0
	],
	"response_time":[1.096,0.955,1.619,0.955,1.017,1.217,0.88,0.9360000000000001,1.091,1.003,1.259,20,0.917,0.532,0.838,0.874,0.945,0.5580000000000001,1.523,0.999,0.998,0.776,0.83,1.146,1.43,0.835,0.952,0.848,0.74,0.83,1.036,20,1.328,0.84,1.084,0.838,1.15,0.798,1.047,1.347,0.9370000000000001,0.611,0.767,0.835,0.771,0.6820000000000001,1.191,1.264,1.757,20,0.919,0.854,0.887,0.825,1.099,1.024,1.056,1.327,0.86,2.049,0.952,0.953,0.776,0,0.845,0.904,0.8110000000000001,0.762,0.954,0.918,20,0.982,0.865,0.708,0.931,0,0,0,2.41,0.766,0.669,0.662,0.885,0.881,0.698,0.85,0.851,1.165,0.6909999999999999,0.851,20,0.878,0.6909999999999999,1.082,0.86,0.795,0.915,0.899,1.184,0.587,0],
	"stim_file":[
		"func/u049.bmp",
		"func/u049.bmp",
		"func/s050.bmp",
		"func/u059.bmp",
		"func/s057.bmp",
		"func/f059.bmp",
		"func/s064.bmp",
		"func/s064.bmp",
		"func/s051.bmp",
		"func/s051.bmp",
		"func/s050.bmp",
		"func/i999.bmp",
		"func/f052.bmp",
		"func/f052.bmp",
		"func/u059.bmp",
		"func/u063.bmp",
		"func/u063.bmp",
		"func/s057.bmp",
		"func/f053.bmp",
		"func/f059.bmp",
		"func/f060.bmp",
		"func/u064.bmp",
		"func/s060.bmp",
		"func/s060.bmp",
		"func/f056.bmp",
		"func/s052.bmp",
		"func/s052.bmp",
		"func/f053.bmp",
		"func/s061.bmp",
		"func/s061.bmp",
		"func/f060.bmp",
		"func/i999.bmp",
		"func/f062.bmp",
		"func/f062.bmp",
		"func/u064.bmp",
		"func/u051.bmp",
		"func/f064.bmp",
		"func/f056.bmp",
		"func/u052.bmp",
		"func/u052.bmp",
		"func/u061.bmp",
		"func/u053.bmp",
		"func/u053.bmp",
		"func/f057.bmp",
		"func/u051.bmp",
		"func/f054.bmp",
		"func/f054.bmp",
		"func/f064.bmp",
		"func/u050.bmp",
		"func/i999.bmp",
		"func/u060.bmp",
		"func/u060.bmp",
		"func/u061.bmp",
		"func/u055.bmp",
		"func/u057.bmp",
		"func/u057.bmp",
		"func/f057.bmp",
		"func/f051.bmp",
		"func/s053.bmp",
		"func/s053.bmp",
		"func/u050.bmp",
		"func/f063.bmp",
		"func/f063.bmp",
		"func/f061.bmp",
		"func/u055.bmp",
		"func/s063.bmp",
		"func/s054.bmp",
		"func/s054.bmp",
		"func/f051.bmp",
		"func/s062.bmp",
		"func/i999.bmp",
		"func/u054.bmp",
		"func/u062.bmp",
		"func/u062.bmp",
		"func/f061.bmp",
		"func/f058.bmp",
		"func/s063.bmp",
		"func/f055.bmp",
		"func/s055.bmp",
		"func/s055.bmp",
		"func/s062.bmp",
		"func/s056.bmp",
		"func/u054.bmp",
		"func/u058.bmp",
		"func/s049.bmp",
		"func/s049.bmp",
		"func/f058.bmp",
		"func/f050.bmp",
		"func/f050.bmp",
		"func/f055.bmp",
		"func/i999.bmp",
		"func/s059.bmp",
		"func/s059.bmp",
		"func/u056.bmp",
		"func/s056.bmp",
		"func/f049.bmp",
		"func/f049.bmp",
		"func/u058.bmp",
		"func/s058.bmp",
		"func/s058.bmp",
		"func/Circle.bmp"
	]
}
