{
	"onset":[24.3063,25.9463,27.5863,29.2263,30.8662,32.5062,34.1462,35.7862,37.4262,39.0661,56.9726,58.6126,60.2526,61.8925,63.5325,65.1725,66.8125,68.4525,70.0924,71.7324,89.63890000000001,91.27889999999999,92.91889999999999,94.55880000000001,96.19880000000001,97.83880000000001,99.47880000000001,101.1188,102.7587,104.3987,122.3052,123.9452,125.5851,127.2251,128.8651,130.5051,132.1451,133.785,135.425,137.065,154.9715,156.6114,158.2514,159.8914,161.5314,163.1714,164.8113,166.4513,168.0913,169.7313,187.6377,189.2777,190.9177,192.5577,194.1977,195.8376,197.4776,199.1176,200.7576,202.3976,220.304,221.944,223.584,225.224,226.864,228.5039,230.1439,231.7839,233.4239,235.0639,252.9703,254.6103,256.2503,257.8903,259.5302,261.1702,262.8102,264.4502,266.0902,267.7301,285.6366,287.2766,288.9166,290.5565,292.1965,293.8365,295.4765,297.1165,298.7564,300.3964,318.3029,319.9429,321.5828,323.2228,324.8628,326.5028,328.1428,329.7827,331.4227,333.0627,350.9692,352.6091,354.2491,355.8891,357.5291,359.1691,360.809,362.449,364.089,365.729,383.6354,385.2754,386.9154,388.5554,390.1954,391.8353,393.4753,395.1153,396.7553,398.3953,416.3017,417.9417,419.5817,421.2217,422.8616,424.5016,426.1416,427.7816,429.4216,431.0615,448.968,450.608,452.248,453.8879,455.5279,457.1679,458.8079,460.4479,462.0879,463.7278,481.6343,483.2743,484.9142,486.5542,488.1942,489.8342,491.4742,493.1142,494.7541,496.3941,514.3006,515.9406,517.5805,519.2205,520.8605,522.5005,524.1405,525.7804,527.4204,529.0604],
	"duration":[1,1,1,1,1,1,1,1,1,1,1,1,1,1,1,1,1,1,1,1,1,1,1,1,1,1,1,1,1,1,1,1,1,1,1,1,1,1,1,1,1,1,1,1,1,1,1,1,1,1,1,1,1,1,1,1,1,1,1,1,1,1,1,1,1,1,1,1,1,1,1,1,1,1,1,1,1,1,1,1,1,1,1,1,1,1,1,1,1,1,1,1,1,1,1,1,1,1,1,1,1,1,1,1,1,1,1,1,1,1,1,1,1,1,1,1,1,1,1,1,1,1,1,1,1,1,1,1,1,1,1,1,1,1,1,1,1,1,1,1,1,1,1,1,1,1,1,1,1,1,1,1,1,1,1,1,1,1,1,1],
	"weight":[1,1,1,1,1,1,1,1,1,1,1,1,1,1,1,1,1,1,1,1,1,1,1,1,1,1,1,1,1,1,1,1,1,1,1,1,1,1,1,1,1,1,1,1,1,1,1,1,1,1,1,1,1,1,1,1,1,1,1,1,1,1,1,1,1,1,1,1,1,1,1,1,1,1,1,1,1,1,1,1,1,1,1,1,1,1,1,1,1,1,1,1,1,1,1,1,1,1,1,1,1,1,1,1,1,1,1,1,1,1,1,1,1,1,1,1,1,1,1,1,1,1,1,1,1,1,1,1,1,1,1,1,1,1,1,1,1,1,1,1,1,1,1,1,1,1,1,1,1,1,1,1,1,1,1,1,1,1,1,1],
	"trial_type":[
		"Correct_Task",
		"Incorrect_Task",
		"Incorrect_Task",
		"Correct_Task",
		"Correct_Task",
		"Correct_Task",
		"Correct_Task",
		"Correct_Task",
		"Correct_Task",
		"Correct_Task",
		"Response_Control",
		"Response_Control",
		"Response_Control",
		"No_Response_Control",
		"Response_Control",
		"Response_Control",
		"Response_Control",
		"Response_Control",
		"Response_Control",
		"No_Response_Control",
		"Incorrect_Task",
		"Correct_Task",
		"Correct_Task",
		"Incorrect_Task",
		"Correct_Task",
		"No_Response_Task",
		"Correct_Task",
		"Correct_Task",
		"Correct_Task",
		"Correct_Task",
		"Response_Control",
		"Response_Control",
		"Response_Control",
		"Response_Control",
		"Response_Control",
		"No_Response_Control",
		"Response_Control",
		"Response_Control",
		"Response_Control",
		"No_Response_Control",
		"Correct_Task",
		"No_Response_Task",
		"Correct_Task",
		"Incorrect_Task",
		"Correct_Task",
		"Incorrect_Task",
		"Correct_Task",
		"Correct_Task",
		"Correct_Task",
		"Correct_Task",
		"Response_Control",
		"Response_Control",
		"No_Response_Control",
		"Response_Control",
		"No_Response_Control",
		"Response_Control",
		"Response_Control",
		"No_Response_Control",
		"Response_Control",
		"No_Response_Control",
		"Correct_Task",
		"Incorrect_Task",
		"Correct_Task",
		"Correct_Task",
		"Correct_Task",
		"Correct_Task",
		"Incorrect_Task",
		"Correct_Task",
		"No_Response_Task",
		"Correct_Task",
		"Response_Control",
		"No_Response_Control",
		"Response_Control",
		"No_Response_Control",
		"Response_Control",
		"Response_Control",
		"Response_Control",
		"No_Response_Control",
		"Response_Control",
		"Response_Control",
		"Incorrect_Task",
		"Incorrect_Task",
		"No_Response_Task",
		"Correct_Task",
		"Correct_Task",
		"Correct_Task",
		"Correct_Task",
		"Correct_Task",
		"Correct_Task",
		"Correct_Task",
		"Response_Control",
		"Response_Control",
		"No_Response_Control",
		"Response_Control",
		"Response_Control",
		"No_Response_Control",
		"Response_Control",
		"Response_Control",
		"No_Response_Control",
		"Response_Control",
		"Incorrect_Task",
		"Correct_Task",
		"Correct_Task",
		"Incorrect_Task",
		"Incorrect_Task",
		"No_Response_Task",
		"Correct_Task",
		"Incorrect_Task",
		"Correct_Task",
		"Correct_Task",
		"Response_Control",
		"Response_Control",
		"Response_Control",
		"Response_Control",
		"Response_Control",
		"Response_Control",
		"No_Response_Control",
		"Response_Control",
		"Response_Control",
		"Response_Control",
		"Correct_Task",
		"Correct_Task",
		"Incorrect_Task",
		"No_Response_Task",
		"Correct_Task",
		"Correct_Task",
		"Correct_Task",
		"Correct_Task",
		"Correct_Task",
		"Correct_Task",
		"Response_Control",
		"Response_Control",
		"Response_Control",
		"No_Response_Control",
		"Response_Control",
		"No_Response_Control",
		"Response_Control",
		"No_Response_Control",
		"Response_Control",
		"Response_Control",
		"Incorrect_Task",
		"Correct_Task",
		"Correct_Task",
		"Correct_Task",
		"Correct_Task",
		"Correct_Task",
		"Incorrect_Task",
		"Incorrect_Task",
		"Incorrect_Task",
		"Correct_Task",
		"No_Response_Control",
		"No_Response_Control",
		"Response_Control",
		"Response_Control",
		"Response_Control",
		"Response_Control",
		"No_Response_Control",
		"Response_Control",
		"Response_Control",
		"No_Response_Control"
	]
}
