{
	"name":[
		"Rx2",
		"Rx1",
		"Rx4",
		"Rx3",
		"Rx6",
		"Rx5",
		"Rx8",
		"Rx7",
		"Rx9",
		"Rx11",
		"Rx10",
		"Rx12",
		"Tx1a",
		"Tx4",
		"Tx1b",
		"Tx3",
		"Tx1c",
		"Tx2",
		"Tx5",
		"Tx1d",
		"Tx6a",
		"Tx9",
		"Tx6b",
		"Tx8",
		"Tx6c",
		"Tx7",
		"Tx10",
		"Tx6d",
		"Tx12",
		"Tx13",
		"Tx14",
		"Tx15",
		"Tx11a",
		"Tx11b",
		"Tx11c",
		"Tx11d"
	],
	"type":[
		"detector",
		"detector",
		"detector",
		"detector",
		"detector",
		"detector",
		"detector",
		"detector",
		"detector",
		"detector",
		"detector",
		"detector",
		"source",
		"source",
		"source",
		"source",
		"source",
		"source",
		"source",
		"source",
		"source",
		"source",
		"source",
		"source",
		"source",
		"source",
		"source",
		"source",
		"source",
		"source",
		"source",
		"source",
		"source",
		"source",
		"source",
		"source"
	],
	"x":[42.8251186,32.13050276,23.0205566,-8.334657738000001,-44.55900051,65.56631646,-65.07843708999999,35.78813252,69.38373658,38.27608093,-44.58530732,-60.24574982,51.76361748,47.34941215,41.4693499,18.48180456,21.93590627,7.364326313,-5.050039179,-15.58880228,-44.00284792,-71.1002232,72.4742901,37.50138005,-69.08273031,61.16264747,-39.28761361,28.52421052,44.81756797,64.88333445000001,-68.47534143999999,-36.26368462,73.97778575,-41.27068969,30.99760019,-62.21825789],
	"y":[42.10221425,61.89329098,19.02090166,44.79994512,69.69500988,64.22381337,47.53242806,73.14523142,-63.12843572,-75.24305884,-74.05399066,-47.85306588,42.02259838,14.37530814,60.71563704,44.59071284,8.803384353,64.78933818,14.66368286,43.03176017,74.10159711999999,59.03582057,59.86907238,77.26038391,40.42443251,57.77394414,61.80954082,72.39255138,-77.62640709,-57.82108888,-59.18443797,-62.58722891,-58.97182774,-74.99344326000001,-74.96088983999999,-41.44978498],
	"z":[108.6900948,87.76991459,131.2191438,124.8033922,69.62685356999999,43.24758313,102.823289,61.38694346,39.58319729,60.06528078,69.29881982000001,101.8335978,102.6444184,122.0904539,83.98835769,117.3943924,132.2256292,99.51426324000001,138.5733202,127.1068774,60.20287143,72.47308051,38.86862162,30.39268718,107.564164,72.69925666,99.57319106999999,65.69327164000001,30.06387803,74.29595592,81.99816832,99.98223681,32.16329576,57.59365969,66.46489020999999,106.3332637],
	"template_x":[
		"n/a",
		"n/a",
		"n/a",
		"n/a",
		"n/a",
		"n/a",
		"n/a",
		"n/a",
		"n/a",
		"n/a",
		"n/a",
		"n/a",
		"n/a",
		"n/a",
		"n/a",
		"n/a",
		"n/a",
		"n/a",
		"n/a",
		"n/a",
		"n/a",
		"n/a",
		"n/a",
		"n/a",
		"n/a",
		"n/a",
		"n/a",
		"n/a",
		"n/a",
		"n/a",
		"n/a",
		"n/a",
		"n/a",
		"n/a",
		"n/a",
		"n/a"
	],
	"template_y":[
		"n/a",
		"n/a",
		"n/a",
		"n/a",
		"n/a",
		"n/a",
		"n/a",
		"n/a",
		"n/a",
		"n/a",
		"n/a",
		"n/a",
		"n/a",
		"n/a",
		"n/a",
		"n/a",
		"n/a",
		"n/a",
		"n/a",
		"n/a",
		"n/a",
		"n/a",
		"n/a",
		"n/a",
		"n/a",
		"n/a",
		"n/a",
		"n/a",
		"n/a",
		"n/a",
		"n/a",
		"n/a",
		"n/a",
		"n/a",
		"n/a",
		"n/a"
	],
	"template_z":[
		"n/a",
		"n/a",
		"n/a",
		"n/a",
		"n/a",
		"n/a",
		"n/a",
		"n/a",
		"n/a",
		"n/a",
		"n/a",
		"n/a",
		"n/a",
		"n/a",
		"n/a",
		"n/a",
		"n/a",
		"n/a",
		"n/a",
		"n/a",
		"n/a",
		"n/a",
		"n/a",
		"n/a",
		"n/a",
		"n/a",
		"n/a",
		"n/a",
		"n/a",
		"n/a",
		"n/a",
		"n/a",
		"n/a",
		"n/a",
		"n/a",
		"n/a"
	]
}
