{
	"onset":[0.027,4.391,7.893,10.382,12.507,17.519,20.639,23.145,27.642,30.513,33.019,35.89,37.882,40.139,43.508,46.76,49.383,51.391,53.764,57.133,59.888,64.518,66.89100000000001,69.264,71.256,73.264,75.886,78.143,80.383,83.271,86.142,88.515,90.756,93.395,95.768,98.14100000000001,100.63,103.385,106.771,109.26,111.385,114.521,116.645,120.014,123.134,127.516,129.756,132.146,134.519,136.643,138.635,140.759,142.883,145.14,147.265,150.019,152.26,155.264,157.255,160.143,162.881,165.138,167.146,170.382,174.515,176.506,179.261,182.016,184.14,186.139,188.14,190.131,192.521,195.011,198.015,200.139,202.396,204.52,206.761,209.383,213.017,215.639,219.008,221.265,223.638,225.895,229.513,232.633,235.388,239.006,241.645,246.01,248.764,250.889,253.262,256.896,261.012,263.02,265.393,267.767,269.758,274.007,276.396,278.886,282.637,286.005,289.889,292.013,295.266,297.506,299.763,304.261,306.518,309.771,313.007,316.641,319.014,321.006,323.396,328.391,331.76,334.017,337.768,340.772,342.763,345.385,347.393,350.015],
	"duration":[1.5,1.5,1.5,1.5,1.5,1.5,1.5,1.5,1.5,1.5,1.5,1.5,1.5,1.5,1.5,1.5,1.5,1.5,1.5,1.5,1.5,1.5,1.5,1.5,1.5,1.5,1.5,1.5,1.5,1.5,1.5,1.5,1.5,1.5,1.5,1.5,1.5,1.5,1.5,1.5,1.5,1.5,1.5,1.5,1.5,1.5,1.5,1.5,1.5,1.5,1.5,1.5,1.5,1.5,1.5,1.5,1.5,1.5,1.5,1.5,1.5,1.5,1.5,1.5,1.5,1.5,1.5,1.5,1.5,1.5,1.5,1.5,1.5,1.5,1.5,1.5,1.5,1.5,1.5,1.5,1.5,1.5,1.5,1.5,1.5,1.5,1.5,1.5,1.5,1.5,1.5,1.5,1.5,1.5,1.5,1.5,1.5,1.5,1.5,1.5,1.5,1.5,1.5,1.5,1.5,1.5,1.5,1.5,1.5,1.5,1.5,1.5,1.5,1.5,1.5,1.5,1.5,1.5,1.5,1.5,1.5,1.5,1.5,1.5,1.5,1.5,1.5,1.5],
	"trial_type":[
		"go",
		"go",
		"go",
		"go",
		"go",
		"succ_stop",
		"unsucc_stop",
		"go",
		"unsucc_stop",
		"succ_stop",
		"go",
		"go",
		"go",
		"go",
		"go",
		"go",
		"go",
		"unsucc_stop",
		"unsucc_stop",
		"go",
		"go",
		"go",
		"go",
		"go",
		"succ_stop",
		"go",
		"succ_stop",
		"go",
		"go",
		"go",
		"go",
		"go",
		"go",
		"go",
		"go",
		"go",
		"go",
		"succ_stop",
		"unsucc_stop",
		"go",
		"go",
		"succ_stop",
		"go",
		"unsucc_stop",
		"go",
		"go",
		"go",
		"go",
		"go",
		"go",
		"unsucc_stop",
		"go",
		"go",
		"go",
		"go",
		"succ_stop",
		"go",
		"go",
		"go",
		"unsucc_stop",
		"go",
		"succ_stop",
		"go",
		"go",
		"succ_stop",
		"go",
		"go",
		"go",
		"unsucc_stop",
		"go",
		"go",
		"go",
		"go",
		"go",
		"go",
		"go",
		"go",
		"go",
		"unsucc_stop",
		"unsucc_stop",
		"succ_stop",
		"unsucc_stop",
		"go",
		"junk",
		"go",
		"go",
		"go",
		"go",
		"go",
		"go",
		"go",
		"go",
		"unsucc_stop",
		"succ_stop",
		"go",
		"go",
		"go",
		"go",
		"unsucc_stop",
		"go",
		"unsucc_stop",
		"go",
		"go",
		"go",
		"go",
		"go",
		"go",
		"go",
		"junk",
		"unsucc_stop",
		"go",
		"succ_stop",
		"succ_stop",
		"go",
		"go",
		"go",
		"go",
		"go",
		"go",
		"unsucc_stop",
		"succ_stop",
		"succ_stop",
		"go",
		"go",
		"go",
		"go",
		"go",
		"go"
	]
}
