{
	"onset":[16.001,21.262,26.506,37.011,42.255,47.516,52.761,58.005,63.266,68.51000000000001,73.754,79.015,84.26000000000001,89.504,94.765,100.009,110.514,115.758,121.003,126.263,131.508,136.752,142.013,147.257,152.501,157.762,163.007,168.251,173.512,184.017,189.261,194.505,199.766,205.011,210.255,215.516,220.76,226.004,231.265,236.509,241.754,247.014,257.503,262.764,268.008,273.252,278.513,283.757,289.002,294.263,299.507,304.752,310.012,315.256,320.517,331.006,336.267,341.511,346.755,352.016,357.26,362.505,367.765,373.01,378.254,383.515,388.759,394.003,404.509,409.753,415.014,420.258,425.502,430.763,436.007,441.252,446.513,451.757,457.001,462.262,467.506,478.011,483.256,488.517,493.761,499.005,504.266,509.51,514.755,520.015,525.26,530.504,535.765,541.009,551.514,556.758],
	"duration":[4.5,4.5,4.5,4.5,4.5,4.5,4.5,4.5,4.5,4.5,4.5,4.5,4.5,4.5,4.5,4.5,4.5,4.5,4.5,4.5,4.5,4.5,4.5,4.5,4.5,4.5,4.5,4.5,4.5,4.5,4.5,4.5,4.5,4.5,4.5,4.5,4.5,4.5,4.5,4.5,4.5,4.5,4.5,4.5,4.5,4.5,4.5,4.5,4.5,4.5,4.5,4.5,4.5,4.5,4.5,4.5,4.5,4.5,4.5,4.5,4.5,4.5,4.5,4.5,4.5,4.5,4.5,4.5,4.5,4.5,4.5,4.5,4.5,4.5,4.5,4.5,4.5,4.5,4.5,4.5,4.5,4.5,4.5,4.5,4.5,4.5,4.5,4.5,4.5,4.5,4.5,4.5,4.5,4.5,4.5,4.5],
	"trial_type":[
		"hard_par",
		"easy_par",
		"hard_par",
		"easy_par",
		"easy_par",
		"hard_par",
		"easy_par",
		"easy_par",
		"hard_par",
		"easy_par",
		"easy_par",
		"easy_par",
		"hard_par",
		"easy_par",
		"hard_par",
		"easy_par",
		"hard_par",
		"hard_par",
		"easy_par",
		"easy_par",
		"hard_par",
		"hard_par",
		"easy_par",
		"easy_par",
		"easy_par",
		"hard_par",
		"easy_par",
		"easy_par",
		"hard_par",
		"hard_par",
		"easy_par",
		"easy_par",
		"easy_par",
		"hard_par",
		"hard_par",
		"easy_par",
		"hard_par",
		"hard_par",
		"easy_par",
		"hard_par",
		"easy_par",
		"easy_par",
		"hard_par",
		"easy_par",
		"easy_par",
		"easy_par",
		"hard_par",
		"easy_par",
		"hard_par",
		"hard_par",
		"hard_par",
		"easy_par",
		"hard_par",
		"easy_par",
		"easy_par",
		"hard_par",
		"hard_par",
		"hard_par",
		"hard_par",
		"hard_par",
		"easy_par",
		"easy_par",
		"hard_par",
		"hard_par",
		"easy_par",
		"hard_par",
		"easy_par",
		"hard_par",
		"hard_par",
		"hard_par",
		"easy_par",
		"easy_par",
		"hard_par",
		"hard_par",
		"easy_par",
		"hard_par",
		"easy_par",
		"easy_par",
		"easy_par",
		"hard_par",
		"hard_par",
		"hard_par",
		"easy_par",
		"hard_par",
		"easy_par",
		"easy_par",
		"hard_par",
		"hard_par",
		"easy_par",
		"easy_par",
		"easy_par",
		"hard_par",
		"hard_par",
		"easy_par",
		"hard_par",
		"hard_par"
	],
	"easy_par":[
		"n/a",
		-3.479,
		"n/a",
		-4.479,
		-4.479,
		"n/a",
		94.521,
		94.521,
		"n/a",
		-4.479,
		-4.479,
		-3.479,
		"n/a",
		-3.479,
		"n/a",
		-3.479,
		"n/a",
		"n/a",
		-3.479,
		-3.479,
		"n/a",
		"n/a",
		-4.479,
		-4.479,
		-4.479,
		"n/a",
		-4.479,
		-4.479,
		"n/a",
		"n/a",
		-4.479,
		-4.479,
		-4.479,
		"n/a",
		"n/a",
		-3.479,
		"n/a",
		"n/a",
		-4.479,
		"n/a",
		-3.479,
		-4.479,
		"n/a",
		-4.479,
		-4.479,
		-3.479,
		"n/a",
		-4.479,
		"n/a",
		"n/a",
		"n/a",
		-3.479,
		"n/a",
		-3.479,
		-4.479,
		"n/a",
		"n/a",
		"n/a",
		"n/a",
		"n/a",
		-4.479,
		-3.479,
		"n/a",
		"n/a",
		-4.479,
		"n/a",
		-3.479,
		"n/a",
		"n/a",
		"n/a",
		-4.479,
		-4.479,
		"n/a",
		"n/a",
		-3.479,
		"n/a",
		-4.479,
		-4.479,
		-4.479,
		"n/a",
		"n/a",
		"n/a",
		-3.479,
		"n/a",
		-4.479,
		-4.479,
		"n/a",
		"n/a",
		-3.479,
		-3.479,
		-4.479,
		"n/a",
		"n/a",
		-4.479,
		"n/a",
		"n/a"
	],
	"hard_par":[
		96.375,
		"n/a",
		-2.625,
		"n/a",
		"n/a",
		-2.625,
		"n/a",
		"n/a",
		-1.625,
		"n/a",
		"n/a",
		"n/a",
		-1.625,
		"n/a",
		-1.625,
		"n/a",
		-2.625,
		-2.625,
		"n/a",
		"n/a",
		-1.625,
		-1.625,
		"n/a",
		"n/a",
		"n/a",
		-1.625,
		"n/a",
		"n/a",
		-2.625,
		-2.625,
		"n/a",
		"n/a",
		"n/a",
		-1.625,
		-2.625,
		"n/a",
		-2.625,
		-2.625,
		"n/a",
		-1.625,
		"n/a",
		"n/a",
		-1.625,
		"n/a",
		"n/a",
		"n/a",
		-1.625,
		"n/a",
		-1.625,
		-1.625,
		-1.625,
		"n/a",
		-1.625,
		"n/a",
		"n/a",
		-2.625,
		-1.625,
		-1.625,
		-1.625,
		-1.625,
		"n/a",
		"n/a",
		-2.625,
		-2.625,
		"n/a",
		-2.625,
		"n/a",
		-1.625,
		-2.625,
		-1.625,
		"n/a",
		"n/a",
		-1.625,
		-2.625,
		"n/a",
		-2.625,
		"n/a",
		"n/a",
		"n/a",
		-2.625,
		-1.625,
		-1.625,
		"n/a",
		-1.625,
		"n/a",
		"n/a",
		-2.625,
		-1.625,
		"n/a",
		"n/a",
		"n/a",
		-1.625,
		-1.625,
		"n/a",
		-2.625,
		-2.625
	]
}
