{
	"onset":[117.1640625,125.87890625,214.36328125,219.8046875,222.0078125,266.01171875,271.8828125,274.1875,329.19140625,334.12109375,365.609375,368.41796875,451.77734375,455.125,569.6171875,572.36328125,628.375,631.4609375,635.109375,637.4375,721.4453125,727.3828125,729.5859375,843.59375,849.484375,904.69140625,909.98046875,912.19921875,1057.2109375,1063.00390625,1065.1875,1221.19921875,1223.84375],
	"duration":[
		"n/a",
		"n/a",
		"n/a",
		"n/a",
		"n/a",
		"n/a",
		"n/a",
		"n/a",
		"n/a",
		"n/a",
		"n/a",
		"n/a",
		"n/a",
		"n/a",
		"n/a",
		"n/a",
		"n/a",
		"n/a",
		"n/a",
		"n/a",
		"n/a",
		"n/a",
		"n/a",
		"n/a",
		"n/a",
		"n/a",
		"n/a",
		"n/a",
		"n/a",
		"n/a",
		"n/a",
		"n/a",
		"n/a"
	],
	"trial_type":[
		"stimulus",
		"response",
		"stimulus",
		"response",
		"response",
		"stimulus",
		"response",
		"response",
		"stimulus",
		"response",
		"stimulus",
		"response",
		"stimulus",
		"response",
		"stimulus",
		"response",
		"stimulus",
		"response",
		"response",
		"response",
		"stimulus",
		"response",
		"response",
		"stimulus",
		"response",
		"stimulus",
		"response",
		"response",
		"stimulus",
		"response",
		"response",
		"stimulus",
		"response"
	],
	"response_time":[
		"n/a",
		"n/a",
		"n/a",
		"n/a",
		"n/a",
		"n/a",
		"n/a",
		"n/a",
		"n/a",
		"n/a",
		"n/a",
		"n/a",
		"n/a",
		"n/a",
		"n/a",
		"n/a",
		"n/a",
		"n/a",
		"n/a",
		"n/a",
		"n/a",
		"n/a",
		"n/a",
		"n/a",
		"n/a",
		"n/a",
		"n/a",
		"n/a",
		"n/a",
		"n/a",
		"n/a",
		"n/a",
		"n/a"
	],
	"sample":[29994,32225,54877,56270,56834,68099,69602,70192,84273,85535,93596,94315,115655,116512,145822,146525,160864,161654,162588,163184,184690,186210,186774,215960,217468,231601,232955,233523,270646,272129,272688,312627,313304],
	"value":[128,4,128,2,2,128,2,2,128,4,128,2,128,2,128,4,128,2,4,2,128,4,2,128,2,128,4,2,128,4,2,128,4]
}
