{
	"onset":[0.02,14,26,38,50,60,70,80.01000000000001,94.01000000000001,108,120,132,144,156,168,180,192,204,214.01,228,238,250,262,274.01,288],
	"duration":[6,6,6,6,6,6,6,6,6,6,6,6,6,6,6,6,6,6,6,6,6,6,6,6,6],
	"trial_type":[
		"country",
		"ambient",
		"rocknroll",
		"ambient",
		"ambient",
		"country",
		"symphonic",
		"ambient",
		"symphonic",
		"rocknroll",
		"country",
		"rocknroll",
		"symphonic",
		"metal",
		"symphonic",
		"symphonic",
		"country",
		"metal",
		"rocknroll",
		"rocknroll",
		"metal",
		"metal",
		"ambient",
		"metal",
		"country"
	],
	"run":[6,6,6,6,6,6,6,6,6,6,6,6,6,6,6,6,6,6,6,6,6,6,6,6,6],
	"run_id":[2,2,2,2,2,2,2,2,2,2,2,2,2,2,2,2,2,2,2,2,2,2,2,2,2],
	"volume":[765,772,778,784,790,795,800,805,812,819,825,831,837,843,849,855,861,867,872,879,884,890,896,902,909],
	"run_volume":[0,7,13,19,25,30,35,40,47,54,60,66,72,78,84,90,96,102,107,114,119,125,131,137,144],
	"stim":[
		"country_001.wav",
		"ambient_000.wav",
		"rocknroll_002.wav",
		"ambient_002.wav",
		"ambient_004.wav",
		"country_000.wav",
		"symphonic_004.wav",
		"ambient_001.wav",
		"symphonic_002.wav",
		"rocknroll_000.wav",
		"country_002.wav",
		"rocknroll_004.wav",
		"symphonic_003.wav",
		"metal_003.wav",
		"symphonic_000.wav",
		"symphonic_001.wav",
		"country_004.wav",
		"metal_001.wav",
		"rocknroll_001.wav",
		"rocknroll_003.wav",
		"metal_002.wav",
		"metal_000.wav",
		"ambient_003.wav",
		"metal_004.wav",
		"country_003.wav"
	],
	"genre":[
		"country",
		"ambient",
		"rocknroll",
		"ambient",
		"ambient",
		"country",
		"symphonic",
		"ambient",
		"symphonic",
		"rocknroll",
		"country",
		"rocknroll",
		"symphonic",
		"metal",
		"symphonic",
		"symphonic",
		"country",
		"metal",
		"rocknroll",
		"rocknroll",
		"metal",
		"metal",
		"ambient",
		"metal",
		"country"
	],
	"delay":[8,6,6,6,4,4,4,8,8,6,6,6,6,6,6,6,6,4,8,4,6,6,6,8,6],
	"catch":[1,0,0,0,0,0,0,1,1,0,0,0,0,0,0,0,0,0,1,0,0,0,0,1,0],
	"sound_soa":[0.01980000000003201,0.004100000000107684,0.003600000000005821,0.003499999999803549,0.002600000000256841,0.00250000000005457,0.00250000000005457,0.009000000000014552,0.0124999999998181,0.002700000000004366,0.002700000000004366,0.00250000000005457,0.002399999999852298,0.003600000000005821,0.003999999999905413,0.00250000000005457,0.003500000000258296,0.00250000000005457,0.01209999999991851,0.002700000000004366,0.00250000000005457,0.002900000000408909,0.002399999999852298,0.01099999999996726,0.003600000000005821],
	"trigger_ts":[2073.7145,2087.7147,2099.7146,2111.7148,2123.7153,2133.7149,2143.7153,2153.7146,2167.7145,2181.715,2193.7147,2205.7146,2217.7149,2229.7147,2241.7145,2253.7155,2265.7146,2277.7149,2287.7149,2301.7148,2311.7147,2323.7146,2335.7148,2347.7147,2361.7147]
}
