{
	"onset":[0.01,12,24.01,38,50,62,72,84,96,108,120.01,134,146,158,170,180,192.02,206,218.01,232,242,252,264,276,286.01],
	"duration":[6,6,6,6,6,6,6,6,6,6,6,6,6,6,6,6,6,6,6,6,6,6,6,6,6],
	"trial_type":[
		"ambient",
		"country",
		"metal",
		"country",
		"rocknroll",
		"symphonic",
		"symphonic",
		"metal",
		"metal",
		"symphonic",
		"country",
		"country",
		"symphonic",
		"rocknroll",
		"metal",
		"ambient",
		"symphonic",
		"ambient",
		"rocknroll",
		"country",
		"ambient",
		"metal",
		"rocknroll",
		"rocknroll",
		"ambient"
	],
	"run":[7,7,7,7,7,7,7,7,7,7,7,7,7,7,7,7,7,7,7,7,7,7,7,7,7],
	"run_id":[0,0,0,0,0,0,0,0,0,0,0,0,0,0,0,0,0,0,0,0,0,0,0,0,0],
	"volume":[918,924,930,937,943,949,954,960,966,972,978,985,991,997,1003,1008,1014,1021,1027,1034,1039,1044,1050,1056,1061],
	"run_volume":[0,6,12,19,25,31,36,42,48,54,60,67,73,79,85,90,96,103,109,116,121,126,132,138,143],
	"stim":[
		"ambient_004.wav",
		"country_003.wav",
		"metal_002.wav",
		"country_002.wav",
		"rocknroll_004.wav",
		"symphonic_004.wav",
		"symphonic_000.wav",
		"metal_003.wav",
		"metal_001.wav",
		"symphonic_001.wav",
		"country_001.wav",
		"country_000.wav",
		"symphonic_002.wav",
		"rocknroll_002.wav",
		"metal_004.wav",
		"ambient_000.wav",
		"symphonic_003.wav",
		"ambient_001.wav",
		"rocknroll_003.wav",
		"country_004.wav",
		"ambient_002.wav",
		"metal_000.wav",
		"rocknroll_001.wav",
		"rocknroll_000.wav",
		"ambient_003.wav"
	],
	"genre":[
		"ambient",
		"country",
		"metal",
		"country",
		"rocknroll",
		"symphonic",
		"symphonic",
		"metal",
		"metal",
		"symphonic",
		"country",
		"country",
		"symphonic",
		"rocknroll",
		"metal",
		"ambient",
		"symphonic",
		"ambient",
		"rocknroll",
		"country",
		"ambient",
		"metal",
		"rocknroll",
		"rocknroll",
		"ambient"
	],
	"delay":[6,6,8,6,6,4,6,6,6,6,8,6,6,6,4,6,8,6,8,4,4,6,6,4,8],
	"catch":[0,0,1,0,0,0,0,0,0,0,1,0,0,0,0,0,1,0,1,0,0,0,0,0,1],
	"sound_soa":[0.007200000000011642,0.003199999999651482,0.01420000000007349,0.002700000000004366,0.00250000000005457,0.00250000000005457,0.00389999999970314,0.003200000000106229,0.003600000000005821,0.00250000000005457,0.01089999999976499,0.002400000000307045,0.002200000000357249,0.00250000000005457,0.003699999999753345,0.00250000000005457,0.01560000000017681,0.002599999999802094,0.007700000000113505,0.002900000000408909,0.003999999999905413,0.00250000000005457,0.00250000000005457,0.002400000000307045,0.01119999999991705],
	"trigger_ts":[2420.4506,2432.4504,2444.4506,2458.4497,2470.4506,2482.4506,2492.4497,2504.4498,2516.4498,2528.4506,2540.4499,2554.4496,2566.45,2578.45,2590.4499,2600.4499,2612.4507,2626.4502,2638.4505,2652.45,2662.4501,2672.4501,2684.4506,2696.45,2706.4501]
}
