{
	"onset":[0.02,12,22.01,36,46,56,68,78.01000000000001,92.01000000000001,106,118,130,142,154,166,178,188,200,212,224,236,248.01,262,274.02,288],
	"duration":[6,6,6,6,6,6,6,6,6,6,6,6,6,6,6,6,6,6,6,6,6,6,6,6,6],
	"trial_type":[
		"rocknroll",
		"symphonic",
		"symphonic",
		"rocknroll",
		"metal",
		"symphonic",
		"country",
		"rocknroll",
		"country",
		"ambient",
		"rocknroll",
		"ambient",
		"symphonic",
		"metal",
		"metal",
		"ambient",
		"country",
		"metal",
		"country",
		"country",
		"symphonic",
		"ambient",
		"ambient",
		"metal",
		"rocknroll"
	],
	"run":[4,4,4,4,4,4,4,4,4,4,4,4,4,4,4,4,4,4,4,4,4,4,4,4,4],
	"run_id":[3,3,3,3,3,3,3,3,3,3,3,3,3,3,3,3,3,3,3,3,3,3,3,3,3],
	"volume":[459,465,470,477,482,487,493,498,505,512,518,524,530,536,542,548,553,559,565,571,577,583,590,596,603],
	"run_volume":[0,6,11,18,23,28,34,39,46,53,59,65,71,77,83,89,94,100,106,112,118,124,131,137,144],
	"stim":[
		"rocknroll_004.wav",
		"symphonic_001.wav",
		"symphonic_000.wav",
		"rocknroll_001.wav",
		"metal_003.wav",
		"symphonic_003.wav",
		"country_002.wav",
		"rocknroll_003.wav",
		"country_000.wav",
		"ambient_002.wav",
		"rocknroll_000.wav",
		"ambient_000.wav",
		"symphonic_002.wav",
		"metal_002.wav",
		"metal_001.wav",
		"ambient_003.wav",
		"country_001.wav",
		"metal_000.wav",
		"country_003.wav",
		"country_004.wav",
		"symphonic_004.wav",
		"ambient_001.wav",
		"ambient_004.wav",
		"metal_004.wav",
		"rocknroll_002.wav"
	],
	"genre":[
		"rocknroll",
		"symphonic",
		"symphonic",
		"rocknroll",
		"metal",
		"symphonic",
		"country",
		"rocknroll",
		"country",
		"ambient",
		"rocknroll",
		"ambient",
		"symphonic",
		"metal",
		"metal",
		"ambient",
		"country",
		"metal",
		"country",
		"country",
		"symphonic",
		"ambient",
		"ambient",
		"metal",
		"rocknroll"
	],
	"delay":[6,4,8,4,4,6,4,8,8,6,6,6,6,6,6,4,6,6,6,6,6,8,6,8,6],
	"catch":[0,0,1,0,0,0,0,1,1,0,0,0,0,0,0,0,0,0,0,0,0,1,0,1,0],
	"sound_soa":[0.02170000000000983,0.002799999999979264,0.009400000000141516,0.003600000000005821,0.00250000000005457,0.003699999999980719,0.00250000000005457,0.00909999999998945,0.007599999999911232,0.002600000000029468,0.002499999999827196,0.002199999999902502,0.002600000000029468,0.002800000000206637,0.003500000000030923,0.003500000000030923,0.003899999999930515,0.002600000000029468,0.002799999999979264,0.0022999999998774,0.003900000000157888,0.01099999999996726,0.003699999999980719,0.0159000000001015,0.003299999999853753],
	"trigger_ts":[1381.8121,1393.8118,1403.811,1417.8112,1427.8117,1437.8114,1449.8119,1459.8113,1473.8114,1487.812,1499.8113,1511.8115,1523.8111,1535.812,1547.8114,1559.8114,1569.8112,1581.8113,1593.8116,1605.8114,1617.8101,1629.8105,1643.8104,1655.8102,1669.8103]
}
