{
	"onset":[0.242,3.506,7.325,11.575,16.714,19.89,25.13,28.419,33.709,37.7,41.856,46.449,53.53,57.716,61.763,68.446,71.631,74.756,78.81999999999999,82.119,86.069,91.014,95.13800000000001,99.36799999999999,102.458,106.572,110.741,116.999,120.254,124.95,128.695,132.731,140.098,145.474,150.049,153.255,156.998,160.256,163.45,170.545,174.569,180.545,183.64,187.631,191.838,194.957,198.937,202.796,210.288,213.2,220.579,224.826,228.116,231.006,237.388,241.918,245.263,248.7,252.445,256.409,260.333,264.256,268.217,275.717,278.95,282.369,285.514,288.506,291.7,296.952,300.319,305.7,310.45,313.514,319.062,321.95,326.296,329.772,335.646,339.319,344.526,348.693,351.678,354.755,358.74,361.755,366.545,370.958,374.061,377.529,381.319,384.474,388.506,392.826,396.193,400.31,404.295,407.756,410.811,414.319,417.257,420.263,427.701,432.945,439.098,444.505,450.285,455.196,460.325,464.381,468.796,472.325],
	"duration":[2.5,2.5,2.5,2.5,2.5,2.5,2.5,2.5,2.5,2.5,2.5,2.5,2.5,2.5,2.5,2.5,2.5,2.5,2.5,2.5,2.5,2.5,2.5,2.5,2.5,2.5,2.5,2.5,2.5,2.5,2.5,2.5,2.5,2.5,2.5,2.5,2.5,2.5,2.5,2.5,2.5,2.5,2.5,2.5,2.5,2.5,2.5,2.5,2.5,2.5,2.5,2.5,2.5,2.5,2.5,2.5,2.5,2.5,2.5,2.5,2.5,2.5,2.5,2.5,2.5,2.5,2.5,2.5,2.5,2.5,2.5,2.5,2.5,2.5,2.5,2.5,2.5,2.5,2.5,2.5,2.5,2.5,2.5,2.5,2.5,2.5,2.5,2.5,2.5,2.5,2.5,2.5,2.5,2.5,2.5,2.5,2.5,2.5,2.5,2.5,2.5,2.5,2.5,2.5,2.5,2.5,2.5,2.5,2.5,2.5,2.5,2.5],
	"trial_type":[
		"correct classification of dual-task items",
		"junk single-task items",
		"junk single-task items",
		"junk single-task items",
		"correct classification of dual-task items",
		"junk dual-task items",
		"correct classification of dual-task items",
		"junk dual-task items",
		"junk single-task items",
		"correct classification of single-task items",
		"junk single-task items",
		"correct classification of dual-task items",
		"correct classification of dual-task items",
		"junk dual-task items",
		"correct classification of dual-task items",
		"junk single-task items",
		"junk single-task items",
		"junk single-task items",
		"correct classification of dual-task items",
		"correct classification of dual-task items",
		"junk single-task items",
		"junk single-task items",
		"correct classification of dual-task items",
		"junk dual-task items",
		"correct classification of dual-task items",
		"correct classification of single-task items",
		"junk single-task items",
		"junk dual-task items",
		"junk single-task items",
		"correct classification of dual-task items",
		"junk single-task items",
		"junk single-task items",
		"junk single-task items",
		"junk single-task items",
		"junk single-task items",
		"correct classification of dual-task items",
		"correct classification of dual-task items",
		"junk dual-task items",
		"correct classification of single-task items",
		"correct classification of dual-task items",
		"correct classification of dual-task items",
		"junk single-task items",
		"junk single-task items",
		"junk dual-task items",
		"junk single-task items",
		"junk single-task items",
		"correct classification of single-task items",
		"junk single-task items",
		"correct classification of dual-task items",
		"correct classification of dual-task items",
		"junk single-task items",
		"correct classification of dual-task items",
		"correct classification of dual-task items",
		"correct classification of dual-task items",
		"junk single-task items",
		"junk single-task items",
		"junk single-task items",
		"junk dual-task items",
		"correct classification of dual-task items",
		"correct classification of dual-task items",
		"correct classification of dual-task items",
		"correct classification of dual-task items",
		"correct classification of single-task items",
		"correct classification of single-task items",
		"junk dual-task items",
		"correct classification of dual-task items",
		"correct classification of dual-task items",
		"junk dual-task items",
		"correct classification of single-task items",
		"junk single-task items",
		"junk single-task items",
		"correct classification of dual-task items",
		"correct classification of dual-task items",
		"junk dual-task items",
		"junk single-task items",
		"junk single-task items",
		"junk single-task items",
		"junk single-task items",
		"correct classification of dual-task items",
		"junk dual-task items",
		"junk single-task items",
		"correct classification of single-task items",
		"junk single-task items",
		"junk dual-task items",
		"correct classification of dual-task items",
		"correct classification of dual-task items",
		"junk single-task items",
		"junk single-task items",
		"correct classification of single-task items",
		"junk dual-task items",
		"junk dual-task items",
		"correct classification of dual-task items",
		"junk single-task items",
		"junk dual-task items",
		"correct classification of dual-task items",
		"junk dual-task items",
		"junk single-task items",
		"junk single-task items",
		"junk single-task items",
		"junk single-task items",
		"junk dual-task items",
		"correct classification of dual-task items",
		"junk single-task items",
		"junk single-task items",
		"junk single-task items",
		"junk single-task items",
		"correct classification of dual-task items",
		"correct classification of dual-task items",
		"correct classification of dual-task items",
		"correct classification of dual-task items",
		"junk single-task items",
		"correct classification of single-task items"
	]
}
