{
	"onset":[0.066,4.53,14.132,17.972,21.536,24.916,29.348,33.298,37.463,39.619,43.185,45.466,48.953,52.36,57.971,60.115,62.612,65.163,68.211,71.40600000000001,79.863,83.173,86.33,88.952,90.52200000000001,92.715,95.048,97.322,109.756,112.758,118.098,120.215,122.55,124.786,127.239,129.72,132.524,136.815,147.755,149.565,151.459,153.784,156.036,158.637,161.5,164.741,166.635,169.13,171.511,174.669,188.36,190.617,193.841,196.852,199.439,202.235,205.192,208.099,210.391,213.712,216.741,218.879,220.317,221.883,223.784,225.982,228.58,236.688,239.031,242.144,244.361,246.906,254.963,257.53,260.906,263.155,265.206,266.66,268.567,271.868,275.244,287.69,290.861,292.47,295.753,297.421,307.137,309.614,311.739,314.982,316.801,319.128,320.975,323.712,329.044,332.814,335.861,337.605,341.64,344.187,347.495,349.484,352.249,355.254,357.069,359.866,363.381,367.079,369.815,372.387,375.674,377.878,380.048,381.826,384.32,385.958,388.713,391.999,400.79,403.711,405.342,407.468,410.663,420.487,423.734,426,428.958,431.587,441.378,455.095,459.166,461.394,466.8,470.491,475.864,477.741,480.515,483.318,486.104,497.32,503.039,506.546,508.817,511.969,514.505,524.798,527.731,530.946,533.2569999999999,535.895,539.2569999999999,542.948,550.954,553.801,556.636,559.15,560.628,562.269,569.0069999999999,572.498,574.522,577.198,582.65,586.282,588.442,590.071,597.915,601.448,605.835,609.223,612.568,615.186],
	"duration":[0.772,0.772,0.772,0.772,0.772,0.772,0.772,0.772,0.772,0.772,0.772,0.772,0.772,0.772,0.772,0.772,0.772,0.772,0.772,0.772,0.772,0.772,0.772,0.772,0.772,0.772,0.772,0.772,0.772,0.772,0.772,0.772,0.772,0.772,0.772,0.772,0.772,0.772,0.772,0.772,0.772,0.772,0.772,0.772,0.772,0.772,0.772,0.772,0.772,0.772,0.772,0.772,0.772,0.772,0.772,0.772,0.772,0.772,0.772,0.772,0.772,0.772,0.772,0.772,0.772,0.772,0.772,0.772,0.772,0.772,0.772,0.772,0.772,0.772,0.772,0.772,0.772,0.772,0.772,0.772,0.772,0.772,0.772,0.772,0.772,0.772,0.772,0.772,0.772,0.772,0.772,0.772,0.772,0.772,0.772,0.772,0.772,0.772,0.772,0.772,0.772,0.772,0.772,0.772,0.772,0.772,0.772,0.772,0.772,0.772,0.772,0.772,0.772,0.772,0.772,0.772,0.772,0.772,0.772,0.772,0.772,0.772,0.772,0.772,0.772,0.772,0.772,0.772,0.772,0.772,0.772,0.772,0.772,0.772,0.772,0.772,0.772,0.772,0.772,0.772,0.772,0.772,0.772,0.772,0.772,0.772,0.772,0.772,0.772,0.772,0.772,0.772,0.772,0.772,0.772,0.772,0.772,0.772,0.772,0.772,0.772,0.772,0.772,0.772,0.772,0.772,0.772,0.772,0.772,0.772,0.772,0.772],
	"trial_type":[
		"control_pumps_demean",
		"control_pumps_demean",
		"pumps_demean",
		"pumps_demean",
		"pumps_demean",
		"pumps_demean",
		"pumps_demean",
		"pumps_demean",
		"pumps_demean",
		"pumps_demean",
		"pumps_demean",
		"pumps_demean",
		"pumps_demean",
		"explode_demean",
		"pumps_demean",
		"pumps_demean",
		"pumps_demean",
		"pumps_demean",
		"pumps_demean",
		"cash_demean",
		"pumps_demean",
		"pumps_demean",
		"pumps_demean",
		"pumps_demean",
		"pumps_demean",
		"pumps_demean",
		"pumps_demean",
		"cash_demean",
		"pumps_demean",
		"explode_demean",
		"pumps_demean",
		"pumps_demean",
		"pumps_demean",
		"pumps_demean",
		"pumps_demean",
		"pumps_demean",
		"pumps_demean",
		"cash_demean",
		"control_pumps_demean",
		"control_pumps_demean",
		"control_pumps_demean",
		"control_pumps_demean",
		"control_pumps_demean",
		"control_pumps_demean",
		"control_pumps_demean",
		"control_pumps_demean",
		"control_pumps_demean",
		"control_pumps_demean",
		"control_pumps_demean",
		"control_pumps_demean",
		"pumps_demean",
		"pumps_demean",
		"pumps_demean",
		"pumps_demean",
		"pumps_demean",
		"pumps_demean",
		"pumps_demean",
		"pumps_demean",
		"explode_demean",
		"pumps_demean",
		"pumps_demean",
		"pumps_demean",
		"pumps_demean",
		"pumps_demean",
		"pumps_demean",
		"pumps_demean",
		"cash_demean",
		"pumps_demean",
		"pumps_demean",
		"pumps_demean",
		"pumps_demean",
		"explode_demean",
		"control_pumps_demean",
		"control_pumps_demean",
		"control_pumps_demean",
		"control_pumps_demean",
		"control_pumps_demean",
		"control_pumps_demean",
		"control_pumps_demean",
		"control_pumps_demean",
		"control_pumps_demean",
		"pumps_demean",
		"pumps_demean",
		"pumps_demean",
		"pumps_demean",
		"explode_demean",
		"pumps_demean",
		"pumps_demean",
		"pumps_demean",
		"pumps_demean",
		"pumps_demean",
		"pumps_demean",
		"pumps_demean",
		"cash_demean",
		"pumps_demean",
		"pumps_demean",
		"pumps_demean",
		"cash_demean",
		"pumps_demean",
		"pumps_demean",
		"pumps_demean",
		"pumps_demean",
		"pumps_demean",
		"pumps_demean",
		"pumps_demean",
		"explode_demean",
		"control_pumps_demean",
		"control_pumps_demean",
		"control_pumps_demean",
		"control_pumps_demean",
		"control_pumps_demean",
		"control_pumps_demean",
		"control_pumps_demean",
		"control_pumps_demean",
		"control_pumps_demean",
		"control_pumps_demean",
		"control_pumps_demean",
		"control_pumps_demean",
		"pumps_demean",
		"pumps_demean",
		"pumps_demean",
		"pumps_demean",
		"cash_demean",
		"control_pumps_demean",
		"control_pumps_demean",
		"control_pumps_demean",
		"control_pumps_demean",
		"control_pumps_demean",
		"control_pumps_demean",
		"pumps_demean",
		"pumps_demean",
		"explode_demean",
		"pumps_demean",
		"explode_demean",
		"control_pumps_demean",
		"control_pumps_demean",
		"control_pumps_demean",
		"control_pumps_demean",
		"control_pumps_demean",
		"pumps_demean",
		"pumps_demean",
		"pumps_demean",
		"pumps_demean",
		"pumps_demean",
		"cash_demean",
		"pumps_demean",
		"pumps_demean",
		"pumps_demean",
		"pumps_demean",
		"pumps_demean",
		"pumps_demean",
		"explode_demean",
		"pumps_demean",
		"pumps_demean",
		"pumps_demean",
		"pumps_demean",
		"pumps_demean",
		"explode_demean",
		"pumps_demean",
		"pumps_demean",
		"pumps_demean",
		"cash_demean",
		"pumps_demean",
		"pumps_demean",
		"pumps_demean",
		"cash_demean",
		"pumps_demean",
		"pumps_demean",
		"pumps_demean",
		"pumps_demean",
		"pumps_demean",
		"cash_demean"
	],
	"cash_demean":[
		"n/a",
		"n/a",
		"n/a",
		"n/a",
		"n/a",
		"n/a",
		"n/a",
		"n/a",
		"n/a",
		"n/a",
		"n/a",
		"n/a",
		"n/a",
		"n/a",
		"n/a",
		"n/a",
		"n/a",
		"n/a",
		"n/a",
		-0.091,
		"n/a",
		"n/a",
		"n/a",
		"n/a",
		"n/a",
		"n/a",
		"n/a",
		1.909,
		"n/a",
		"n/a",
		"n/a",
		"n/a",
		"n/a",
		"n/a",
		"n/a",
		"n/a",
		"n/a",
		1.909,
		"n/a",
		"n/a",
		"n/a",
		"n/a",
		"n/a",
		"n/a",
		"n/a",
		"n/a",
		"n/a",
		"n/a",
		"n/a",
		"n/a",
		"n/a",
		"n/a",
		"n/a",
		"n/a",
		"n/a",
		"n/a",
		"n/a",
		"n/a",
		"n/a",
		"n/a",
		"n/a",
		"n/a",
		"n/a",
		"n/a",
		"n/a",
		"n/a",
		1.909,
		"n/a",
		"n/a",
		"n/a",
		"n/a",
		"n/a",
		"n/a",
		"n/a",
		"n/a",
		"n/a",
		"n/a",
		"n/a",
		"n/a",
		"n/a",
		"n/a",
		"n/a",
		"n/a",
		"n/a",
		"n/a",
		"n/a",
		"n/a",
		"n/a",
		"n/a",
		"n/a",
		"n/a",
		"n/a",
		"n/a",
		1.909,
		"n/a",
		"n/a",
		"n/a",
		-2.091,
		"n/a",
		"n/a",
		"n/a",
		"n/a",
		"n/a",
		"n/a",
		"n/a",
		"n/a",
		"n/a",
		"n/a",
		"n/a",
		"n/a",
		"n/a",
		"n/a",
		"n/a",
		"n/a",
		"n/a",
		"n/a",
		"n/a",
		"n/a",
		"n/a",
		"n/a",
		"n/a",
		"n/a",
		-1.091,
		"n/a",
		"n/a",
		"n/a",
		"n/a",
		"n/a",
		"n/a",
		"n/a",
		"n/a",
		"n/a",
		"n/a",
		"n/a",
		"n/a",
		"n/a",
		"n/a",
		"n/a",
		"n/a",
		"n/a",
		"n/a",
		"n/a",
		"n/a",
		"n/a",
		-0.091,
		"n/a",
		"n/a",
		"n/a",
		"n/a",
		"n/a",
		"n/a",
		"n/a",
		"n/a",
		"n/a",
		"n/a",
		"n/a",
		"n/a",
		"n/a",
		"n/a",
		"n/a",
		"n/a",
		-2.091,
		"n/a",
		"n/a",
		"n/a",
		-2.091,
		"n/a",
		"n/a",
		"n/a",
		"n/a",
		"n/a",
		-0.091
	],