{
	"onset":[0.119,3.308,6.577,10.782,15.393,18.995,22.294,27.11,34.593,40.093,43.576,50.478,55.701,59.491,63.882,67.89400000000001,72.702,77.087,82.111,88.98099999999999,93.52200000000001,100.195,107.201,110.383,113.808,117.812,125.178,131.51,136.817,139.696,143.919,149.701,157.319,161.91,165.604,169.817,173.106,176.225,180.387,184.815,189.42,192.719,196.279,199.391,202.797,208.589,215.698,222.702,227.086,233.595,236.687,239.995,244.781,247.887,250.995,254.498,259.384,262.41,265.912,272.118,275.576,280.02,283.024,289.51,293.808,300.619,305.077,308.22,311.585,316.496,323.082,326.903,331.899,339.396,342.999,347.808,351.921,356.12,363.015,367.19,371.978,374.921,378.108,382.687,386.587,393.087,397.883,400.92,407.315,412.898,419.111,423.185,427.087,432.018,435.112,441.01,446.512,451.897,455.685,460.22],
	"duration":[2,2,2,2,2,2,2,2,2,2,2,2,2,2,2,2,2,2,2,2,2,2,2,2,2,2,2,2,2,2,2,2,2,2,2,2,2,2,2,2,2,2,2,2,2,2,2,2,2,2,2,2,2,2,2,2,2,2,2,2,2,2,2,2,2,2,2,2,2,2,2,2,2,2,2,2,2,2,2,2,2,2,2,2,2,2,2,2,2,2,2,2,2,2,2,2,2,2,2,2],
	"trial_type":[
		"classification-probabilistic",
		"classification-probabilistic",
		"classification-probabilistic",
		"classification-probabilistic",
		"classification-deterministic",
		"classification-deterministic",
		"classification-deterministic",
		"classification-deterministic",
		"classification-deterministic",
		"classification-probabilistic",
		"classification-probabilistic",
		"classification-deterministic",
		"classification-probabilistic",
		"classification-probabilistic",
		"classification-probabilistic",
		"classification-probabilistic",
		"classification-deterministic",
		"classification-probabilistic",
		"classification-deterministic",
		"classification-deterministic",
		"classification-deterministic",
		"classification-probabilistic",
		"classification-probabilistic",
		"classification-deterministic",
		"classification-deterministic",
		"classification-deterministic",
		"classification-probabilistic",
		"classification-probabilistic",
		"classification-probabilistic",
		"classification-deterministic",
		"classification-deterministic",
		"classification-probabilistic",
		"classification-probabilistic",
		"classification-deterministic",
		"classification-probabilistic",
		"classification-probabilistic",
		"classification-probabilistic",
		"classification-probabilistic",
		"classification-probabilistic",
		"classification-deterministic",
		"classification-deterministic",
		"classification-deterministic",
		"classification-probabilistic",
		"classification-probabilistic",
		"classification-probabilistic",
		"classification-probabilistic",
		"classification-deterministic",
		"classification-deterministic",
		"classification-probabilistic",
		"classification-probabilistic",
		"classification-probabilistic",
		"classification-deterministic",
		"classification-deterministic",
		"classification-deterministic",
		"classification-deterministic",
		"classification-probabilistic",
		"classification-probabilistic",
		"classification-deterministic",
		"classification-deterministic",
		"classification-deterministic",
		"classification-probabilistic",
		"classification-probabilistic",
		"classification-probabilistic",
		"classification-probabilistic",
		"classification-deterministic",
		"classification-probabilistic",
		"classification-probabilistic",
		"classification-deterministic",
		"classification-deterministic",
		"classification-probabilistic",
		"classification-deterministic",
		"classification-deterministic",
		"classification-probabilistic",
		"classification-probabilistic",
		"classification-probabilistic",
		"classification-deterministic",
		"classification-deterministic",
		"classification-deterministic",
		"classification-probabilistic",
		"classification-probabilistic",
		"classification-probabilistic",
		"classification-deterministic",
		"classification-deterministic",
		"classification-probabilistic",
		"classification-deterministic",
		"classification-deterministic",
		"classification-deterministic",
		"classification-deterministic",
		"classification-probabilistic",
		"classification-deterministic",
		"classification-deterministic",
		"classification-deterministic",
		"classification-deterministic",
		"classification-probabilistic",
		"classification-probabilistic",
		"classification-probabilistic",
		"classification-deterministic",
		"classification-deterministic",
		"classification-deterministic",
		"classification-deterministic"
	],
	"TrialNum":[1,3,5,7,9,11,13,15,17,19,21,23,25,27,29,31,33,35,37,39,41,43,45,47,49,51,53,55,57,59,61,63,65,67,69,71,73,75,77,79,81,83,85,87,89,91,93,95,97,99,101,103,105,107,109,111,113,115,117,119,121,123,125,127,129,131,133,135,137,139,141,143,145,147,149,151,153,155,157,159,161,163,165,167,169,171,173,175,177,179,181,183,185,187,189,191,193,195,197,199],
	"StimCond":[1,1,1,1,2,2,2,2,2,1,1,2,1,1,1,1,2,1,2,2,2,1,1,2,2,2,1,1,1,2,2,1,1,2,1,1,1,1,1,2,2,2,1,1,1,1,2,2,1,1,1,2,2,2,2,1,1,2,2,2,1,1,1,1,2,1,1,2,2,1,2,2,1,1,1,2,2,2,1,1,1,2,2,1,2,2,2,2,1,2,2,2,2,1,1,1,2,2,2,2],
	"StimulusNum":[10,3,11,10,10,10,11,10,2,3,14,13,2,10,10,10,2,3,5,1,13,4,4,10,2,1,5,6,14,3,3,3,11,11,7,1,6,8,8,3,13,9,5,5,11,4,13,3,3,11,13,7,6,5,7,6,10,11,12,8,11,11,14,10,1,10,11,6,2,10,4,13,5,6,5,3,1,7,9,14,2,3,5,11,2,12,6,2,1,10,7,13,1,12,8,10,10,7,13,9],
	"Response":[
		"L",
		"L",
		"L",
		"R",
		"L",
		"R",
		"L",
		"L",
		"L",
		"R",
		"R",
		"R",
		"L",
		"R",
		"L",
		"R",
		"L",
		"R",
		"L",
		"R",
		"R",
		"L",
		"L",
		"L",
		"L",
		"R",
		"L",
		"R",
		"R",
		"L",
		"L",
		"R",
		"R",
		"L",
		"R",
		"R",
		"R",
		"L",
		"L",
		"L",
		"R",
		"L",
		"R",
		"R",
		"R",
		"L",
		"R",
		"L",
		"R",
		"R",
		"L",
		"R",
		"R",
		"L",
		"R",
		"R",
		"L",
		"L",
		"L",
		"L",
		"R",
		"R",
		"L",
		"L",
		"R",
		"L",
		"R",
		"L",
		"L",
		"R",
		"R",
		"R",
		"R",
		"R",
		"L",
		"L",
		"R",
		"R",
		"R",
		"R",
		"L",
		"L",
		"R",
		"R",
		"L",
		"R",
		"L",
		"L",
		"R",
		"L",
		"R",
		"R",
		"R",
		"R",
		"L",
		"R",
		"R",
		"R",
		"R",
		"R"
	],
	"response_time":[1.537,1.584,1.722,1.889,1.107,1.567,1.443,0.885,1.093,1.783,1.203,1.926,0.881,2.319,0.904,1.314,0.824,1.19,0.99,1.919,0.823,1.42,0.83,1.307,0.8169999999999999,1.165,1.038,1.434,1.79,1.398,0.712,1.149,1.466,1.769,0.956,1.186,1.478,1.114,0.8120000000000001,1.237,0.892,0.78,1.707,1.641,0.972,1.22,1.629,0.902,1.054,2.12,1.189,1.736,1.686,0.9340000000000001,1.17,1.896,2.255,1.681,0.868,1.416,1.537,0.977,2.073,1.969,1.373,1.276,1.899,2.201,1.898,1.421,0.913,2.056,1.426,1.531,2.325,1.651,0.878,1.584,2.077,1.649,1.018,0.847,0.912,1.38,1.423,0.899,1.012,1.369,1.223,2.326,1.244,0.772,0.926,1.32,1.004,2.021,1.604,1.137,0.82,2.194],
	"Correct":[1,1,0,0,1,0,0,1,0,0,1,0,0,0,1,0,0,0,0,0,0,1,1,1,0,0,0,0,1,0,0,0,1,0,0,1,0,0,0,0,0,0,1,1,1,1,0,0,0,1,1,0,0,0,0,0,1,0,0,0,1,1,0,1,0,1,1,1,0,0,0,0,1,0,0,0,0,0,0,1,0,0,1,1,0,1,1,0,1,1,0,0,0,-1,0,0,0,0,0,1]
}
