{
	"onset":[0.191,4.617,9.085000000000001,13.588,18.186,22.678,27.178,31.677,36.109,40.612,45.19,49.61,54.088,58.677,63.177,67.676,72.113,76.584,81.11499999999999,85.61199999999999,90.08199999999999,94.678,99.175,103.683,108.118,112.613,117.109,121.687,126.108,130.681,135.177,139.683,144.116,148.686,153.191,157.693,162.111,166.677,171.17,175.669,180.082,184.585,189.11,193.691,198.117,202.678,207.177,211.675,216.092,220.587,225.19,229.688,234.085,238.676,243.171,247.677,252.191,256.691,261.087,265.61,270.117,274.676,279.177,283.677,288.091,292.691,297.109,301.607,306.11,310.678,315.174,319.674,324.117,328.61,333.11,337.69,342.092,346.676,351.178,355.672],
	"duration":[
		2,
		2,
		2,
		2,
		2,
		"n/a",
		"n/a",
		"n/a",
		2,
		2,
		2,
		2,
		2,
		"n/a",
		"n/a",
		"n/a",
		2,
		2,
		2,
		2,
		2,
		"n/a",
		"n/a",
		"n/a",
		2,
		2,
		2,
		2,
		2,
		"n/a",
		"n/a",
		"n/a",
		2,
		2,
		2,
		2,
		2,
		"n/a",
		"n/a",
		"n/a",
		2,
		2,
		2,
		2,
		2,
		"n/a",
		"n/a",
		"n/a",
		2,
		2,
		2,
		2,
		2,
		"n/a",
		"n/a",
		"n/a",
		2,
		2,
		2,
		2,
		2,
		"n/a",
		"n/a",
		"n/a",
		2,
		2,
		2,
		2,
		2,
		"n/a",
		"n/a",
		"n/a",
		2,
		2,
		2,
		2,
		2,
		"n/a",
		"n/a",
		"n/a"
	],
	"trial_type":[
		"feedback",
		"feedback",
		"feedback",
		"feedback",
		"feedback",
		"n/a",
		"n/a",
		"n/a",
		"feedback",
		"feedback",
		"feedback",
		"feedback",
		"feedback",
		"n/a",
		"n/a",
		"n/a",
		"feedback",
		"feedback",
		"feedback",
		"feedback",
		"feedback",
		"n/a",
		"n/a",
		"n/a",
		"feedback",
		"feedback",
		"feedback",
		"feedback",
		"feedback",
		"n/a",
		"n/a",
		"n/a",
		"feedback",
		"feedback",
		"feedback",
		"feedback",
		"feedback",
		"n/a",
		"n/a",
		"n/a",
		"feedback",
		"feedback",
		"feedback",
		"feedback",
		"feedback",
		"n/a",
		"n/a",
		"n/a",
		"feedback",
		"feedback",
		"feedback",
		"feedback",
		"feedback",
		"n/a",
		"n/a",
		"n/a",
		"feedback",
		"feedback",
		"feedback",
		"feedback",
		"feedback",
		"n/a",
		"n/a",
		"n/a",
		"feedback",
		"feedback",
		"feedback",
		"feedback",
		"feedback",
		"n/a",
		"n/a",
		"n/a",
		"feedback",
		"feedback",
		"feedback",
		"feedback",
		"feedback",
		"n/a",
		"n/a",
		"n/a"
	],
	"feedback":[
		1.16,
		-0.84,
		1.16,
		-0.84,
		-0.84,
		"n/a",
		"n/a",
		"n/a",
		-0.84,
		-0.84,
		-0.84,
		1.16,
		1.16,
		"n/a",
		"n/a",
		"n/a",
		-0.84,
		-0.84,
		1.16,
		1.16,
		1.16,
		"n/a",
		"n/a",
		"n/a",
		-0.84,
		1.16,
		-0.84,
		-0.84,
		1.16,
		"n/a",
		"n/a",
		"n/a",
		-0.84,
		-0.84,
		1.16,
		-0.84,
		1.16,
		"n/a",
		"n/a",
		"n/a",
		1.16,
		-0.84,
		1.16,
		1.16,
		-0.84,
		"n/a",
		"n/a",
		"n/a",
		-0.84,
		1.16,
		1.16,
		-0.84,
		-0.84,
		"n/a",
		"n/a",
		"n/a",
		1.16,
		-0.84,
		-0.84,
		-0.84,
		-0.84,
		"n/a",
		"n/a",
		"n/a",
		-0.84,
		1.16,
		-0.84,
		-0.84,
		-0.84,
		"n/a",
		"n/a",
		"n/a",
		-0.84,
		-0.84,
		1.16,
		1.16,
		1.16,
		"n/a",
		"n/a",
		"n/a"
	],
	"TrialNum":[1,2,3,4,5,6,7,8,9,10,11,12,13,14,15,16,17,18,19,20,21,22,23,24,25,26,27,28,29,30,31,32,33,34,35,36,37,38,39,40,41,42,43,44,45,46,47,48,49,50,51,52,53,54,55,56,57,58,59,60,61,62,63,64,65,66,67,68,69,70,71,72,73,74,75,76,77,78,79,80],
	"StimCond":[1,1,1,1,1,1,1,1,1,1,1,1,1,1,1,1,1,1,1,1,1,1,1,1,1,1,1,1,1,1,1,1,1,1,1,1,1,1,1,1,1,1,1,1,1,1,1,1,1,1,1,1,1,1,1,1,1,1,1,1,1,1,1,1,1,1,1,1,1,1,1,1,1,1,1,1,1,1,1,1],
	"StimulusNum":[6,8,4,1,13,0,0,0,10,6,13,10,2,0,0,0,5,4,8,10,3,0,0,0,5,10,10,12,6,0,0,0,5,12,11,11,6,0,0,0,4,1,10,14,5,0,0,0,2,3,11,11,4,0,0,0,11,11,1,10,8,0,0,0,2,14,10,10,10,0,0,0,5,10,10,14,2,0,0,0],
	"Response":[
		"L",
		"L",
		"L",
		"L",
		"R",
		"R",
		"R",
		"R",
		"L",
		"R",
		"R",
		"L",
		"R",
		"L",
		"L",
		"L",
		"L",
		"L",
		"R",
		"L",
		"R",
		"R",
		"R",
		"R",
		"L",
		"L",
		"R",
		"R",
		"L",
		"R",
		"R",
		"R",
		"L",
		"L",
		"R",
		"L",
		"L",
		"R",
		"R",
		"R",
		"L",
		"L",
		"L",
		"L",
		"L",
		"L",
		"L",
		"L",
		"L",
		"L",
		"R",
		"R",
		"L",
		"R",
		"R",
		"R",
		"R",
		"L",
		"L",
		"R",
		"L",
		"L",
		"L",
		"L",
		"L",
		"R",
		"R",
		"R",
		"R",
		"R",
		"R",
		"R",
		"L",
		"R",
		"L",
		"R",
		"R",
		"L",
		"L",
		"L"
	],
	"response_time":[1.283,1.423,1.067,0.881,0.949,0.803,0.8159999999999999,0.6860000000000001,1.483,0.882,1.282,1.895,1.055,1.518,1.274,0.519,1.508,1.091,0.9379999999999999,1.317,1.732,1.239,0.5659999999999999,0.53,1.399,1.068,1.296,1.18,1.146,1.189,0.606,0.347,1.178,1.087,1.042,2.138,1.286,1.101,0.694,1.276,1.336,1.518,1.45,1.496,1.585,1.884,0.705,0.655,1.014,0.732,1.607,1.647,1.452,1.143,0.641,0.655,1.597,1.571,1.044,1.778,1.247,1.489,0.6919999999999999,0.46,1.677,1.82,1.448,1.001,0.743,1.369,0.713,0.5649999999999999,1.458,1.084,1.153,1.647,1.635,1.836,0.391,0.456],
	"Correct":[
		1,
		0,
		1,
		0,
		0,
		"-",
		"-",
		"-",
		1,
		0,
		0,
		1,
		1,
		"-",
		"-",
		"-",
		0,
		1,
		1,
		1,
		0,
		"-",
		"-",
		"-",
		0,
		1,
		0,
		-1,
		1,
		"-",
		"-",
		"-",
		0,
		-1,
		1,
		0,
		1,
		"-",
		"-",
		"-",
		1,
		0,
		1,
		0,
		0,
		"-",
		"-",
		"-",
		0,
		1,
		1,
		1,
		1,
		"-",
		"-",
		"-",
		1,
		0,
		0,
		0,
		0,
		"-",
		"-",
		"-",
		0,
		1,
		0,
		0,
		0,
		"-",
		"-",
		"-",
		0,
		0,
		1,
		1,
		1,
		"-",
		"-",
		"-"
	],
	"Feedback":[
		"L",
		"R",
		"L",
		"R",
		"L",
		"-",
		"-",
		"-",
		"R",
		"L",
		"L",
		"L",
		"R",
		"-",
		"-",
		"-",
		"R",
		"R",
		"R",
		"L",
		"R",
		"-",
		"-",
		"-",
		"R",
		"L",
		"L",
		"L",
		"L",
		"-",
		"-",
		"-",
		"R",
		"R",
		"R",
		"R",
		"L",
		"-",
		"-",
		"-",
		"L",
		"R",
		"L",
		"L",
		"R",
		"-",
		"-",
		"-",
		"R",
		"L",
		"R",
		"L",
		"R",
		"-",
		"-",
		"-",
		"R",
		"R",
		"R",
		"L",
		"R",
		"-",
		"-",
		"-",
		"R",
		"R",
		"L",
		"L",
		"L",
		"-",
		"-",
		"-",
		"R",
		"L",
		"L",
		"R",
		"R",
		"-",
		"-",
		"-"
	]
}
