{
	"onset":[1.483,3.496,7.489,22.489,28.596,30.592,34.619,40.693,42.689,46.699,58.695,66.79900000000001,68.79600000000001,72.806,87.80500000000001,96.91500000000001,98.91200000000001,102.922,109.029,111.026,115.035,129.028,136.142,138.139,150.135,159.245,161.242,174.245,183.355,185.351,197.348,204.461,206.458,210.468,216.575,218.572,230.568,237.682,239.678,243.688,250.802,252.799,256.792,269.794,278.905,280.901,284.911,291.019,293.015,297.042,306.152,308.149,322.141,329.255,331.252,335.245,348.248,356.352,358.348,370.361],
	"duration":[2,4,8,2.1,2,4,2.1,2,4,8,2.1,2,4,8,2.1,2,4,2.1,2,4,8,2.1,2,8,2.1,2,8,2.1,2,8,2.1,2,4,2.1,2,8,2.1,2,4,2.1,2,4,8,2.1,2,4,2.1,2,4,2.1,2,8,2.1,2,4,8,2.1,2,8,2.1],
	"trial_type":[
		"Look_Neutral_Cue",
		"Look_Neutral_Ant",
		"Look_Neutral_Stim",
		"Look_Neutral_Rating",
		"Reapp_Neg_Cue",
		"Reapp_Neg_Ant",
		"Reapp_Neg_Rating",
		"Look_Neg_Cue",
		"Look_Neg_Ant",
		"Look_Neg_Stim",
		"Look_Neg_Rating",
		"Look_Neutral_Cue",
		"Look_Neutral_Ant",
		"Look_Neutral_Stim",
		"Look_Neutral_Rating",
		"Look_Neg_Cue",
		"Look_Neg_Ant",
		"Look_Neg_Rating",
		"Reapp_Neg_Cue",
		"Reapp_Neg_Ant",
		"Reapp_Neg_Stim",
		"Reapp_Neg_Rating",
		"Reapp_Neg_Cue",
		"Reapp_Neg_Stim",
		"Reapp_Neg_Rating",
		"Look_Neutral_Cue",
		"Look_Neutral_Stim",
		"Look_Neutral_Rating",
		"Look_Neg_Cue",
		"Look_Neg_Stim",
		"Look_Neg_Rating",
		"Look_Neg_Cue",
		"Look_Neg_Ant",
		"Look_Neg_Rating",
		"Reapp_Neg_Cue",
		"Reapp_Neg_Stim",
		"Reapp_Neg_Rating",
		"Look_Neutral_Cue",
		"Look_Neutral_Ant",
		"Look_Neutral_Rating",
		"Look_Neg_Cue",
		"Look_Neg_Ant",
		"Look_Neg_Stim",
		"Look_Neg_Rating",
		"Look_Neutral_Cue",
		"Look_Neutral_Ant",
		"Look_Neutral_Rating",
		"Reapp_Neg_Cue",
		"Reapp_Neg_Ant",
		"Reapp_Neg_Rating",
		"Look_Neutral_Cue",
		"Look_Neutral_Stim",
		"Look_Neutral_Rating",
		"Reapp_Neg_Cue",
		"Reapp_Neg_Ant",
		"Reapp_Neg_Stim",
		"Reapp_Neg_Rating",
		"Look_Neg_Cue",
		"Look_Neg_Stim",
		"Look_Neg_Rating"
	]
}
