{
	"onset":[0,3.14,6.448,9.688000000000001,12.879,15.952,19.092,22.399,25.64,28.847,31.503,52.132,55.406,58.496,61.737,65.045,68.268,71.342,74.532,77.806,81.096,84.337,87.477,90.667,93.758,96.98099999999999,100.122,103.212,106.386,109.509,112.566,115.272,135.834,139.125,142.349,145.439,148.663,151.87,155.061,158.367,161.407,164.481,167.504,170.511,173.802,177.042,180.116,183.373,186.396,189.737,192.276,212.738,215.912,219.185,222.342,225.433,228.556,231.947,235.188,238.395,241.518,244.709,247.966,251.039,254.347,257.387,260.611,263.734,266.975,269.998,272.704,293.216,296.507,299.614,302.687,305.944,308.968,312.108,315.365,318.572,321.746,324.903,327.961,331.184,334.508,337.614,340.855,343.895,347.136,349.825,370.304,373.344,376.517,379.741,382.748,385.888,389.078,392.235,395.443,398.082],
	"duration":[0.828,0.869,0.972,0.906,0.867,0.83,0.976,0.884,0.948,0.905,20,0.974,0.837,0.894,0.99,0.863,0.864,0.987,0.9429999999999999,0.966,0.98,0.931,0.922,0.908,0.925,0.873,0.91,0.85,0.853,0.841,0.963,20,0.986,0.918,0.8179999999999999,1,0.92,0.9320000000000001,0.912,0.836,0.8090000000000001,0.8169999999999999,0.826,0.9429999999999999,0.994,0.845,0.9370000000000001,0.847,0.974,0.8,20,0.888,0.91,0.971,0.831,0.859,0.994,0.884,0.858,0.95,0.857,0.904,0.902,0.963,0.858,0.904,0.87,0.9340000000000001,0.8139999999999999,0.964,20,0.97,0.913,0.895,0.958,0.83,0.964,0.976,0.869,0.875,0.923,0.827,0.919,0.989,0.907,0.944,0.827,0.925,0.9379999999999999,20,0.839,0.825,0.901,0.831,0.905,0.848,0.973,0.851,0.857,0.012],
	"circle_duration":[0.44,0.544,0.583,0.486,0.516,0.438,0.548,0.5570000000000001,0.597,0.463,20,0.59,0.533,0.478,0.572,0.533,0.594,0.451,0.425,0.5570000000000001,0.5639999999999999,0.497,0.449,0.483,0.404,0.527,0.499,0.41,0.5669999999999999,0.506,0.444,20,0.53,0.543,0.539,0.506,0.466,0.518,0.501,0.599,0.439,0.486,0.45,0.409,0.584,0.472,0.466,0.537,0.413,0.588,20,0.412,0.506,0.573,0.405,0.491,0.497,0.575,0.598,0.5620000000000001,0.401,0.5649999999999999,0.576,0.405,0.576,0.403,0.545,0.495,0.537,0.444,20,0.477,0.549,0.421,0.413,0.519,0.42,0.407,0.505,0.579,0.522,0.465,0.468,0.546,0.553,0.425,0.529,0.441,0.548,20,0.437,0.428,0.582,0.5580000000000001,0.413,0.462,0.571,0.402,0.592,0],
	"stim_type":[
		"UNFAMILIAR",
		"UNFAMILIAR",
		"UNFAMILIAR",
		"UNFAMILIAR",
		"UNFAMILIAR",
		"SCRAMBLED",
		"SCRAMBLED",
		"SCRAMBLED",
		"SCRAMBLED",
		"FAMOUS",
		"n/a",
		"SCRAMBLED",
		"SCRAMBLED",
		"SCRAMBLED",
		"UNFAMILIAR",
		"FAMOUS",
		"FAMOUS",
		"FAMOUS",
		"FAMOUS",
		"SCRAMBLED",
		"SCRAMBLED",
		"SCRAMBLED",
		"FAMOUS",
		"SCRAMBLED",
		"FAMOUS",
		"FAMOUS",
		"FAMOUS",
		"FAMOUS",
		"FAMOUS",
		"FAMOUS",
		"FAMOUS",
		"n/a",
		"FAMOUS",
		"FAMOUS",
		"FAMOUS",
		"FAMOUS",
		"FAMOUS",
		"FAMOUS",
		"SCRAMBLED",
		"UNFAMILIAR",
		"UNFAMILIAR",
		"UNFAMILIAR",
		"UNFAMILIAR",
		"UNFAMILIAR",
		"SCRAMBLED",
		"SCRAMBLED",
		"FAMOUS",
		"UNFAMILIAR",
		"UNFAMILIAR",
		"UNFAMILIAR",
		"n/a",
		"SCRAMBLED",
		"SCRAMBLED",
		"SCRAMBLED",
		"SCRAMBLED",
		"UNFAMILIAR",
		"SCRAMBLED",
		"UNFAMILIAR",
		"SCRAMBLED",
		"FAMOUS",
		"SCRAMBLED",
		"SCRAMBLED",
		"FAMOUS",
		"SCRAMBLED",
		"SCRAMBLED",
		"SCRAMBLED",
		"UNFAMILIAR",
		"SCRAMBLED",
		"SCRAMBLED",
		"FAMOUS",
		"n/a",
		"UNFAMILIAR",
		"UNFAMILIAR",
		"UNFAMILIAR",
		"FAMOUS",
		"UNFAMILIAR",
		"UNFAMILIAR",
		"SCRAMBLED",
		"UNFAMILIAR",
		"FAMOUS",
		"SCRAMBLED",
		"FAMOUS",
		"FAMOUS",
		"UNFAMILIAR",
		"UNFAMILIAR",
		"UNFAMILIAR",
		"UNFAMILIAR",
		"SCRAMBLED",
		"SCRAMBLED",
		"n/a",
		"UNFAMILIAR",
		"UNFAMILIAR",
		"FAMOUS",
		"UNFAMILIAR",
		"UNFAMILIAR",
		"FAMOUS",
		"FAMOUS",
		"FAMOUS",
		"UNFAMILIAR",
		"n/a"
	],
	"trigger":[13,14,13,14,13,17,18,17,18,5,999,17,17,18,15,5,5,5,7,17,18,19,5,17,7,5,6,7,5,6,7,999,5,6,5,6,7,5,19,13,13,14,13,13,17,18,7,13,14,15,999,17,18,17,18,15,17,15,17,5,17,18,5,17,18,19,13,19,17,7,999,13,14,13,7,13,14,17,15,5,19,5,6,13,14,15,13,17,19,999,13,14,7,13,14,5,6,5,15,999],
	"button_pushed":[4,4,4,4,4,7,7,7,7,4,20000,7,7,7,4,4,4,7,7,4,4,4,7,4,4,4,4,4,4,4,7,20000,4,4,7,7,7,7,4,4,4,7,4,7,4,4,4,4,4,4,20000,4,4,4,4,4,4,7,4,4,4,4,4,4,4,4,4,4,4,4,20000,4,4,4,7,4,4,4,4,4,4,4,4,4,4,4,4,4,4,20000,4,4,4,4,4,4,4,4,4,0],
	"response_time":[0.91,0.906,0.774,0.755,0.741,1.285,0.923,0.919,0.656,0.959,20,0.9340000000000001,1.114,0.72,0.6889999999999999,1.011,1.037,0.894,1.271,1.14,1.077,0.99,0.973,0.887,0.865,1.047,0.751,0.985,0.719,0.8110000000000001,0.823,20,0.792,0.748,0.645,0.948,1.113,0.968,0.8120000000000001,0.931,1.132,0.866,0.834,0.821,0.794,0.858,0.801,0.775,0.752,0.756,20,1.053,0.622,0.696,0.876,0.796,0.63,0.96,0.6860000000000001,0.986,0.823,0.625,0.736,0.9,0.734,0.6919999999999999,0.772,0.765,0.637,0.965,20,1.06,0.753,0.671,0.885,0.833,0.653,0.589,0.64,0.615,0.758,0.712,0.79,0.633,0.655,0.637,0.639,0.581,0.681,20,0.779,0.782,0.794,0.658,0.656,0.5629999999999999,0.637,0.78,0.623,0],
	"stim_file":[
		"func/u096.bmp",
		"func/u096.bmp",
		"func/u094.bmp",
		"func/u094.bmp",
		"func/u083.bmp",
		"func/s082.bmp",
		"func/s082.bmp",
		"func/s084.bmp",
		"func/s084.bmp",
		"func/f097.bmp",
		"func/i999.bmp",
		"func/s088.bmp",
		"func/s086.bmp",
		"func/s086.bmp",
		"func/u083.bmp",
		"func/f090.bmp",
		"func/f091.bmp",
		"func/f093.bmp",
		"func/f097.bmp",
		"func/s089.bmp",
		"func/s089.bmp",
		"func/s088.bmp",
		"func/f083.bmp",
		"func/s096.bmp",
		"func/f090.bmp",
		"func/f082.bmp",
		"func/f082.bmp",
		"func/f091.bmp",
		"func/f094.bmp",
		"func/f094.bmp",
		"func/f093.bmp",
		"func/i999.bmp",
		"func/f088.bmp",
		"func/f088.bmp",
		"func/f089.bmp",
		"func/f089.bmp",
		"func/f083.bmp",
		"func/f086.bmp",
		"func/s096.bmp",
		"func/u090.bmp",
		"func/u088.bmp",
		"func/u088.bmp",
		"func/u082.bmp",
		"func/u097.bmp",
		"func/s083.bmp",
		"func/s083.bmp",
		"func/f086.bmp",
		"func/u092.bmp",
		"func/u092.bmp",
		"func/u090.bmp",
		"func/i999.bmp",
		"func/s090.bmp",
		"func/s090.bmp",
		"func/s095.bmp",
		"func/s095.bmp",
		"func/u082.bmp",
		"func/s091.bmp",
		"func/u097.bmp",
		"func/s094.bmp",
		"func/f096.bmp",
		"func/s097.bmp",
		"func/s097.bmp",
		"func/f092.bmp",
		"func/s092.bmp",
		"func/s092.bmp",
		"func/s091.bmp",
		"func/u091.bmp",
		"func/s094.bmp",
		"func/s085.bmp",
		"func/f096.bmp",
		"func/i999.bmp",
		"func/u085.bmp",
		"func/u085.bmp",
		"func/u086.bmp",
		"func/f092.bmp",
		"func/u084.bmp",
		"func/u084.bmp",
		"func/s087.bmp",
		"func/u091.bmp",
		"func/f084.bmp",
		"func/s085.bmp",
		"func/f085.bmp",
		"func/f085.bmp",
		"func/u095.bmp",
		"func/u095.bmp",
		"func/u086.bmp",
		"func/u089.bmp",
		"func/s093.bmp",
		"func/s087.bmp",
		"func/i999.bmp",
		"func/u093.bmp",
		"func/u093.bmp",
		"func/f084.bmp",
		"func/u087.bmp",
		"func/u087.bmp",
		"func/f087.bmp",
		"func/f087.bmp",
		"func/f095.bmp",
		"func/u089.bmp",
		"func/Circle.bmp"
	]
}
