{
	"onset":[0,3.257,6.581,9.805,13.012,16.069,19.209,22.45,25.49,28.079,48.541,51.731,54.888,58.162,61.419,64.676,67.783,71.041,74.23099999999999,77.572,80.762,83.919,87.07599999999999,90.31699999999999,93.54000000000001,96.714,99.904,103.061,106.235,109.426,112.148,132.761,136.085,139.375,142.599,145.723,148.88,151.953,155.294,158.317,161.491,164.681,167.888,170.962,174.07,177.259,180.5,183.607,186.814,189.503,210.132,213.206,216.379,219.57,222.793,225.85,229.057,232.181,235.438,238.645,241.669,244.876,247.899,251.089,254.363,257.37,260.527,263.801,267.142,270.249,272.821,293.433,296.69,299.981,303.171,306.429,309.669,312.926,315.95,319.174,322.28,325.387,328.594,331.852,334.908,338.099,341.323,344.413,347.604,350.677,353.383,373.978,377.252,380.376,383.483,386.79,389.93,393.204,396.445,399.218],
	"duration":[0.9409999999999999,0.857,0.972,0.9330000000000001,0.864,0.921,0.995,0.868,0.842,20,0.868,0.8169999999999999,0.9399999999999999,0.964,0.905,0.9320000000000001,0.987,0.885,0.945,0.85,0.977,0.897,0.898,0.868,0.8159999999999999,0.958,0.857,0.828,0.983,0.974,20,0.988,0.989,0.965,0.949,0.949,0.878,0.996,0.834,0.866,0.909,0.918,0.832,0.921,0.921,0.886,0.876,0.864,0.953,20,0.8159999999999999,0.9350000000000001,0.851,0.901,0.834,0.853,0.848,0.984,0.924,0.8070000000000001,0.9,0.825,0.946,0.921,0.832,0.884,0.994,0.976,0.883,0.835,20,0.902,0.963,0.951,0.988,0.947,0.904,0.821,0.983,0.913,0.888,0.857,0.899,0.877,0.925,0.996,0.893,0.924,0.897,0.957,20,0.983,0.8139999999999999,0.878,0.9409999999999999,0.866,0.952,0.989,0.999,0.012],
	"circle_duration":[0.492,0.546,0.5679999999999999,0.473,0.498,0.426,0.438,0.469,0.409,20,0.405,0.5590000000000001,0.578,0.5629999999999999,0.531,0.57,0.404,0.486,0.541,0.587,0.58,0.406,0.494,0.581,0.591,0.588,0.466,0.52,0.582,0.444,20,0.583,0.5620000000000001,0.529,0.485,0.416,0.419,0.421,0.572,0.41,0.538,0.504,0.522,0.47,0.418,0.476,0.592,0.466,0.573,20,0.572,0.494,0.481,0.579,0.555,0.455,0.578,0.441,0.503,0.483,0.443,0.515,0.42,0.477,0.571,0.415,0.517,0.503,0.585,0.452,20,0.579,0.591,0.5590000000000001,0.47,0.486,0.522,0.5590000000000001,0.431,0.458,0.42,0.429,0.574,0.593,0.402,0.5,0.455,0.418,0.501,0.416,20,0.553,0.518,0.535,0.467,0.594,0.51,0.547,0.472,0],
	"stim_type":[
		"FAMOUS",
		"FAMOUS",
		"UNFAMILIAR",
		"UNFAMILIAR",
		"SCRAMBLED",
		"SCRAMBLED",
		"UNFAMILIAR",
		"UNFAMILIAR",
		"FAMOUS",
		"n/a",
		"SCRAMBLED",
		"SCRAMBLED",
		"SCRAMBLED",
		"SCRAMBLED",
		"SCRAMBLED",
		"SCRAMBLED",
		"SCRAMBLED",
		"SCRAMBLED",
		"FAMOUS",
		"UNFAMILIAR",
		"FAMOUS",
		"FAMOUS",
		"FAMOUS",
		"FAMOUS",
		"SCRAMBLED",
		"SCRAMBLED",
		"FAMOUS",
		"FAMOUS",
		"UNFAMILIAR",
		"UNFAMILIAR",
		"n/a",
		"FAMOUS",
		"FAMOUS",
		"UNFAMILIAR",
		"FAMOUS",
		"SCRAMBLED",
		"UNFAMILIAR",
		"UNFAMILIAR",
		"FAMOUS",
		"UNFAMILIAR",
		"UNFAMILIAR",
		"SCRAMBLED",
		"FAMOUS",
		"FAMOUS",
		"UNFAMILIAR",
		"SCRAMBLED",
		"SCRAMBLED",
		"SCRAMBLED",
		"FAMOUS",
		"n/a",
		"UNFAMILIAR",
		"UNFAMILIAR",
		"UNFAMILIAR",
		"UNFAMILIAR",
		"UNFAMILIAR",
		"SCRAMBLED",
		"SCRAMBLED",
		"SCRAMBLED",
		"SCRAMBLED",
		"SCRAMBLED",
		"FAMOUS",
		"FAMOUS",
		"FAMOUS",
		"FAMOUS",
		"UNFAMILIAR",
		"UNFAMILIAR",
		"UNFAMILIAR",
		"SCRAMBLED",
		"UNFAMILIAR",
		"SCRAMBLED",
		"n/a",
		"UNFAMILIAR",
		"SCRAMBLED",
		"SCRAMBLED",
		"FAMOUS",
		"UNFAMILIAR",
		"UNFAMILIAR",
		"FAMOUS",
		"FAMOUS",
		"FAMOUS",
		"UNFAMILIAR",
		"FAMOUS",
		"UNFAMILIAR",
		"SCRAMBLED",
		"SCRAMBLED",
		"UNFAMILIAR",
		"UNFAMILIAR",
		"UNFAMILIAR",
		"SCRAMBLED",
		"SCRAMBLED",
		"n/a",
		"UNFAMILIAR",
		"UNFAMILIAR",
		"FAMOUS",
		"FAMOUS",
		"FAMOUS",
		"FAMOUS",
		"FAMOUS",
		"SCRAMBLED",
		"n/a"
	],
	"trigger":[5,6,13,14,17,17,13,14,5,999,17,18,17,18,19,17,18,19,5,13,7,5,6,5,17,18,5,7,13,15,999,5,6,13,7,17,13,14,7,13,15,17,5,6,15,17,18,19,5,999,13,14,15,13,14,19,17,18,17,17,7,5,6,5,13,13,14,19,13,19,999,13,17,18,7,13,15,5,6,5,15,5,15,17,18,13,14,15,17,18,999,13,14,7,5,6,7,5,17,999],
	"button_pushed":[
		4,
		4,
		4,
		4,
		7,
		4,
		4,
		4,
		4,
		20000,
		4,
		4,
		4,
		4,
		4,
		4,
		4,
		4,
		7,
		4,
		4,
		4,
		4,
		7,
		4,
		4,
		4,
		7,
		4,
		4,
		20000,
		4,
		4,
		4,
		7,
		4,
		4,
		4,
		4,
		4,
		4,
		4,
		4,
		4,
		4,
		4,
		4,
		4,
		4,
		20000,
		4,
		4,
		4,
		7,
		7,
		4,
		4,
		7,
		4,
		4,
		4,
		7,
		7,
		4,
		4,
		4,
		4,
		4,
		4,
		4,
		20000,
		4,
		4,
		4,
		4,
		7,
		4,
		7,
		7,
		4,
		4,
		4,
		4,
		4,
		4,
		4,
		4,
		7,
		4,
		4,
		20000,
		4,
		"n/a",
		4,
		4,
		"n/a",
		4,
		4,
		4,
		0
	],
	"response_time":[0.832,0.674,0.737,0.641,0.825,1.178,0.77,0.628,0.713,20,1.12,0.852,0.877,0.749,0.726,0.694,0.695,0.722,0.912,0.6909999999999999,0.857,0.767,0.707,0.984,0.852,0.744,1.098,0.826,0.764,0.79,20,0.8139999999999999,0.788,0.759,1.062,1.229,0.825,0.778,0.964,0.63,0.785,0.913,1.097,0.74,0.6929999999999999,1.051,0.902,0.732,1.009,20,0.746,0.738,0.66,0.833,0.884,0.87,0.8110000000000001,0.906,1.09,0.835,1.133,0.9370000000000001,0.828,1.001,0.9370000000000001,0.773,0.727,0.8179999999999999,0.997,1.338,20,0.888,0.833,0.766,0.891,0.866,0.732,0.944,0.9320000000000001,0.87,0.71,0.865,0.757,1.034,0.969,0.741,0.6899999999999999,0.801,0.805,0.777,20,0.771,0,0.668,1.023,0,0.857,0.848,0.79,0],
	"stim_file":[
		"func/f054.bmp",
		"func/f054.bmp",
		"func/u063.bmp",
		"func/u063.bmp",
		"func/s058.bmp",
		"func/s059.bmp",
		"func/u056.bmp",
		"func/u056.bmp",
		"func/f055.bmp",
		"func/i999.bmp",
		"func/s051.bmp",
		"func/s051.bmp",
		"func/s050.bmp",
		"func/s050.bmp",
		"func/s058.bmp",
		"func/s064.bmp",
		"func/s064.bmp",
		"func/s059.bmp",
		"func/f057.bmp",
		"func/u062.bmp",
		"func/f055.bmp",
		"func/f062.bmp",
		"func/f062.bmp",
		"func/f063.bmp",
		"func/s055.bmp",
		"func/s055.bmp",
		"func/f061.bmp",
		"func/f057.bmp",
		"func/u050.bmp",
		"func/u062.bmp",
		"func/i999.bmp",
		"func/f056.bmp",
		"func/f056.bmp",
		"func/u055.bmp",
		"func/f063.bmp",
		"func/s060.bmp",
		"func/u057.bmp",
		"func/u057.bmp",
		"func/f061.bmp",
		"func/u054.bmp",
		"func/u050.bmp",
		"func/s054.bmp",
		"func/f058.bmp",
		"func/f058.bmp",
		"func/u055.bmp",
		"func/s057.bmp",
		"func/s057.bmp",
		"func/s060.bmp",
		"func/f049.bmp",
		"func/i999.bmp",
		"func/u061.bmp",
		"func/u061.bmp",
		"func/u054.bmp",
		"func/u064.bmp",
		"func/u064.bmp",
		"func/s054.bmp",
		"func/s063.bmp",
		"func/s063.bmp",
		"func/s062.bmp",
		"func/s056.bmp",
		"func/f049.bmp",
		"func/f053.bmp",
		"func/f053.bmp",
		"func/f060.bmp",
		"func/u052.bmp",
		"func/u059.bmp",
		"func/u059.bmp",
		"func/s062.bmp",
		"func/u049.bmp",
		"func/s056.bmp",
		"func/i999.bmp",
		"func/u060.bmp",
		"func/s052.bmp",
		"func/s052.bmp",
		"func/f060.bmp",
		"func/u053.bmp",
		"func/u052.bmp",
		"func/f052.bmp",
		"func/f052.bmp",
		"func/f050.bmp",
		"func/u049.bmp",
		"func/f051.bmp",
		"func/u060.bmp",
		"func/s053.bmp",
		"func/s053.bmp",
		"func/u051.bmp",
		"func/u051.bmp",
		"func/u053.bmp",
		"func/s061.bmp",
		"func/s061.bmp",
		"func/i999.bmp",
		"func/u058.bmp",
		"func/u058.bmp",
		"func/f050.bmp",
		"func/f059.bmp",
		"func/f059.bmp",
		"func/f051.bmp",
		"func/f064.bmp",
		"func/s049.bmp",
		"func/Circle.bmp"
	]
}
