{
	"onset":[0,3.207,6.431,9.505000000000001,12.745,15.902,19.059,22.199,25.44,28.112,48.691,51.982,55.206,58.38,61.436,64.693,67.78400000000001,71.108,74.315,77.422,80.596,83.736,86.926,90.033,93.25700000000001,96.297,99.53700000000001,102.527,105.617,108.808,111.948,114.604,135.166,138.307,141.547,144.754,147.945,151.035,154.242,157.499,160.74,163.997,167.137,170.428,173.601,176.692,179.915,182.955,186.079,188.785,209.264,212.421,215.411,218.601,221.675,224.865,228.089,231.229,234.27,237.51,240.516,243.623,246.647,249.92,252.994,256.318,259.576,262.849,265.939,269.23,271.836,292.398,295.572,298.628,301.919,305.16,308.2,311.306,314.463,317.47,320.627,323.834,327.125,330.315,333.506,336.746,339.853,343.127,346.251,348.84,369.285,372.392,375.515,378.757,381.846,385.07,388.26,391.384,394.558,397.23],
	"duration":[0.976,0.91,0.879,0.913,0.912,0.9389999999999999,0.96,0.871,0.9320000000000001,20,0.93,0.965,0.989,0.8139999999999999,0.978,0.876,0.986,0.978,0.919,0.914,0.961,0.851,0.868,0.865,0.8070000000000001,0.95,0.8129999999999999,0.853,0.95,0.846,0.912,20,0.839,0.978,0.887,0.95,0.8090000000000001,0.958,0.9389999999999999,0.973,0.918,0.8159999999999999,0.9389999999999999,0.929,0.849,0.871,0.8100000000000001,0.824,0.969,20,0.835,0.804,0.838,0.832,0.951,0.997,0.802,0.832,0.927,0.8179999999999999,0.918,0.822,0.987,0.83,0.956,0.923,0.925,0.835,0.96,0.855,20,0.849,0.821,0.99,0.921,0.853,0.8090000000000001,0.888,0.821,0.884,0.913,0.966,0.859,0.961,0.976,0.902,0.9340000000000001,0.8139999999999999,0.838,20,0.909,0.8139999999999999,0.9389999999999999,0.9320000000000001,0.884,0.99,0.856,0.952,0.9,0.012],
	"circle_duration":[0.523,0.45,0.441,0.409,0.553,0.455,0.445,0.415,0.592,20,0.535,0.59,0.459,0.415,0.453,0.501,0.444,0.5580000000000001,0.459,0.426,0.501,0.416,0.574,0.474,0.587,0.455,0.524,0.401,0.472,0.47,0.518,20,0.511,0.525,0.5,0.542,0.479,0.516,0.477,0.547,0.454,0.577,0.5600000000000001,0.58,0.471,0.468,0.579,0.464,0.529,20,0.435,0.5659999999999999,0.414,0.577,0.478,0.476,0.46,0.503,0.451,0.551,0.419,0.433,0.43,0.523,0.472,0.596,0.5679999999999999,0.5679999999999999,0.492,0.5659999999999999,20,0.519,0.5590000000000001,0.452,0.528,0.543,0.422,0.523,0.482,0.402,0.506,0.527,0.553,0.5570000000000001,0.441,0.497,0.435,0.576,0.536,20,0.41,0.427,0.539,0.52,0.4,0.578,0.421,0.492,0.451,0],
	"stim_type":[
		"UNFAMILIAR",
		"SCRAMBLED",
		"SCRAMBLED",
		"UNFAMILIAR",
		"UNFAMILIAR",
		"FAMOUS",
		"FAMOUS",
		"SCRAMBLED",
		"SCRAMBLED",
		"n/a",
		"SCRAMBLED",
		"UNFAMILIAR",
		"FAMOUS",
		"UNFAMILIAR",
		"UNFAMILIAR",
		"SCRAMBLED",
		"SCRAMBLED",
		"FAMOUS",
		"SCRAMBLED",
		"SCRAMBLED",
		"SCRAMBLED",
		"FAMOUS",
		"FAMOUS",
		"UNFAMILIAR",
		"UNFAMILIAR",
		"UNFAMILIAR",
		"UNFAMILIAR",
		"UNFAMILIAR",
		"UNFAMILIAR",
		"UNFAMILIAR",
		"FAMOUS",
		"n/a",
		"SCRAMBLED",
		"SCRAMBLED",
		"UNFAMILIAR",
		"FAMOUS",
		"SCRAMBLED",
		"SCRAMBLED",
		"FAMOUS",
		"UNFAMILIAR",
		"SCRAMBLED",
		"FAMOUS",
		"FAMOUS",
		"UNFAMILIAR",
		"UNFAMILIAR",
		"SCRAMBLED",
		"FAMOUS",
		"FAMOUS",
		"FAMOUS",
		"n/a",
		"FAMOUS",
		"FAMOUS",
		"SCRAMBLED",
		"FAMOUS",
		"FAMOUS",
		"UNFAMILIAR",
		"SCRAMBLED",
		"SCRAMBLED",
		"SCRAMBLED",
		"UNFAMILIAR",
		"UNFAMILIAR",
		"UNFAMILIAR",
		"UNFAMILIAR",
		"UNFAMILIAR",
		"FAMOUS",
		"SCRAMBLED",
		"SCRAMBLED",
		"FAMOUS",
		"FAMOUS",
		"FAMOUS",
		"n/a",
		"FAMOUS",
		"FAMOUS",
		"UNFAMILIAR",
		"SCRAMBLED",
		"FAMOUS",
		"SCRAMBLED",
		"SCRAMBLED",
		"UNFAMILIAR",
		"UNFAMILIAR",
		"UNFAMILIAR",
		"SCRAMBLED",
		"UNFAMILIAR",
		"FAMOUS",
		"SCRAMBLED",
		"SCRAMBLED",
		"SCRAMBLED",
		"SCRAMBLED",
		"UNFAMILIAR",
		"n/a",
		"SCRAMBLED",
		"SCRAMBLED",
		"UNFAMILIAR",
		"FAMOUS",
		"FAMOUS",
		"UNFAMILIAR",
		"FAMOUS",
		"UNFAMILIAR",
		"FAMOUS",
		"n/a"
	],
	"trigger":[13,17,18,13,14,5,6,17,18,999,17,15,5,13,13,17,18,5,19,17,18,7,5,15,13,14,15,13,13,14,7,999,17,18,13,7,17,18,5,15,17,5,6,13,15,17,5,6,7,999,5,6,19,5,5,15,17,18,19,13,13,14,13,14,7,17,18,7,5,6,999,5,6,15,17,5,17,18,13,13,13,19,13,7,17,18,17,18,15,999,17,18,15,5,6,15,5,15,5,999],
	"button_pushed":[7,7,4,7,7,4,4,4,4,20000,4,7,7,7,7,4,4,4,4,4,4,4,7,7,4,4,7,7,7,7,4,20000,4,4,7,7,7,4,7,7,4,4,4,4,7,4,4,4,4,20000,4,4,4,4,4,4,4,4,4,4,7,7,7,7,4,4,4,4,4,4,20000,4,4,7,4,4,4,4,7,7,7,4,4,7,4,4,4,4,7,20000,4,4,7,7,7,7,7,4,7,0],
	"response_time":[0.843,0.848,0.674,0.789,0.739,0.762,0.675,1.057,0.9409999999999999,20,1.147,0.861,0.851,0.785,0.787,0.829,0.578,0.719,0.5629999999999999,0.642,0.598,0.657,0.9350000000000001,0.88,0.917,0.6830000000000001,0.861,1.068,0.709,0.862,0.9360000000000001,20,1.021,1.029,0.778,0.848,2.099,1.082,0.846,0.783,0.725,1.109,0.62,0.93,0.886,0.926,1.155,0.651,0.897,20,0.847,0.599,0.592,0.627,0.921,0.663,0.628,0.617,0.599,0.61,0.9,0.704,0.873,0.635,1.045,0.749,0.612,0.702,0.852,0.642,20,0.844,0.657,0.869,1.028,0.904,0.835,0.673,0.732,0.8169999999999999,0.847,0.8139999999999999,0.674,0.9350000000000001,0.819,0.6909999999999999,0.844,0.803,0.947,20,0.651,0.8149999999999999,0.952,0.7,0.868,0.729,0.991,0.843,0.84,0],
	"stim_file":[
		"func/u119.bmp",
		"func/s121.bmp",
		"func/s121.bmp",
		"func/u122.bmp",
		"func/u122.bmp",
		"func/f129.bmp",
		"func/f129.bmp",
		"func/s124.bmp",
		"func/s124.bmp",
		"func/i999.bmp",
		"func/s116.bmp",
		"func/u119.bmp",
		"func/f124.bmp",
		"func/u128.bmp",
		"func/u130.bmp",
		"func/s123.bmp",
		"func/s123.bmp",
		"func/f123.bmp",
		"func/s116.bmp",
		"func/s114.bmp",
		"func/s114.bmp",
		"func/f124.bmp",
		"func/f127.bmp",
		"func/u128.bmp",
		"func/u116.bmp",
		"func/u116.bmp",
		"func/u130.bmp",
		"func/u127.bmp",
		"func/u124.bmp",
		"func/u124.bmp",
		"func/f123.bmp",
		"func/i999.bmp",
		"func/s127.bmp",
		"func/s127.bmp",
		"func/u120.bmp",
		"func/f127.bmp",
		"func/s129.bmp",
		"func/s129.bmp",
		"func/f121.bmp",
		"func/u127.bmp",
		"func/s119.bmp",
		"func/f128.bmp",
		"func/f128.bmp",
		"func/u114.bmp",
		"func/u120.bmp",
		"func/s122.bmp",
		"func/f120.bmp",
		"func/f120.bmp",
		"func/f121.bmp",
		"func/i999.bmp",
		"func/f116.bmp",
		"func/f116.bmp",
		"func/s119.bmp",
		"func/f115.bmp",
		"func/f125.bmp",
		"func/u114.bmp",
		"func/s126.bmp",
		"func/s126.bmp",
		"func/s122.bmp",
		"func/u123.bmp",
		"func/u129.bmp",
		"func/u129.bmp",
		"func/u126.bmp",
		"func/u126.bmp",
		"func/f115.bmp",
		"func/s115.bmp",
		"func/s115.bmp",
		"func/f125.bmp",
		"func/f126.bmp",
		"func/f126.bmp",
		"func/i999.bmp",
		"func/f114.bmp",
		"func/f114.bmp",
		"func/u123.bmp",
		"func/s128.bmp",
		"func/f130.bmp",
		"func/s125.bmp",
		"func/s125.bmp",
		"func/u121.bmp",
		"func/u118.bmp",
		"func/u125.bmp",
		"func/s128.bmp",
		"func/u115.bmp",
		"func/f130.bmp",
		"func/s118.bmp",
		"func/s118.bmp",
		"func/s130.bmp",
		"func/s130.bmp",
		"func/u121.bmp",
		"func/i999.bmp",
		"func/s120.bmp",
		"func/s120.bmp",
		"func/u118.bmp",
		"func/f122.bmp",
		"func/f122.bmp",
		"func/u125.bmp",
		"func/f119.bmp",
		"func/u115.bmp",
		"func/f118.bmp",
		"func/Circle.bmp"
	]
}
