{
	"onset":[0.019,2.889,5.146,7.386,9.395,12.133,14.888,17.643,19.651,21.891,24.513,27.135,29.641,32.014,35.516,39.516,42.885,45.756,49.009,51.515,54.386,56.394,58.518,60.642,62.634,65.52200000000001,68.392,70.517,72.508,74.765,76.75700000000001,79.396,81.52,84.258,88.50700000000001,90.631,92.755,97.26900000000001,99.759,102.513,105.882,107.891,109.882,112.255,114.512,117.267,120.636,124.271,126.76,129.897,133.017,135.39,137.381,140.385,142.642,144.634,147.637,151.886,154.01,157.263,160.018,162.391,164.631,167.137,170.141,172.896,176.016,180.265,182.771,184.762,187.517,189.758,192.894,197.143,200.396,205.142,207.133,209.506,213.141,217.506,221.771,224.011,226.633,229.256,231.396,235.131,237.769,240.508,242.516,247.146,249.386,254.514,258.63,260.887,263.891,265.882,269.384,273.268,275.89,279.143,281.134,284.005,286.893,289.515,291.506,297.016,299.887,302.758,304.883,310.26,313.131,315.388,318.508,320.516,323.387,325.511,327.519,329.644,331.768,335.767,339.518,342.389,345.26,347.634,350.139,353.01,355.019,357.143],
	"duration":[1.5,1.5,1.5,1.5,1.5,1.5,1.5,1.5,1.5,1.5,1.5,1.5,1.5,1.5,1.5,1.5,1.5,1.5,1.5,1.5,1.5,1.5,1.5,1.5,1.5,1.5,1.5,1.5,1.5,1.5,1.5,1.5,1.5,1.5,1.5,1.5,1.5,1.5,1.5,1.5,1.5,1.5,1.5,1.5,1.5,1.5,1.5,1.5,1.5,1.5,1.5,1.5,1.5,1.5,1.5,1.5,1.5,1.5,1.5,1.5,1.5,1.5,1.5,1.5,1.5,1.5,1.5,1.5,1.5,1.5,1.5,1.5,1.5,1.5,1.5,1.5,1.5,1.5,1.5,1.5,1.5,1.5,1.5,1.5,1.5,1.5,1.5,1.5,1.5,1.5,1.5,1.5,1.5,1.5,1.5,1.5,1.5,1.5,1.5,1.5,1.5,1.5,1.5,1.5,1.5,1.5,1.5,1.5,1.5,1.5,1.5,1.5,1.5,1.5,1.5,1.5,1.5,1.5,1.5,1.5,1.5,1.5,1.5,1.5,1.5,1.5,1.5,1.5],
	"trial_type":[
		"succ_stop",
		"go",
		"unsucc_stop",
		"go",
		"go",
		"go",
		"go",
		"go",
		"go",
		"go",
		"unsucc_stop",
		"go",
		"go",
		"go",
		"unsucc_stop",
		"go",
		"go",
		"go",
		"go",
		"succ_stop",
		"go",
		"succ_stop",
		"go",
		"go",
		"go",
		"go",
		"go",
		"go",
		"go",
		"go",
		"succ_stop",
		"unsucc_stop",
		"unsucc_stop",
		"unsucc_stop",
		"go",
		"go",
		"go",
		"go",
		"go",
		"go",
		"go",
		"go",
		"go",
		"go",
		"unsucc_stop",
		"unsucc_stop",
		"go",
		"go",
		"succ_stop",
		"succ_stop",
		"go",
		"go",
		"go",
		"go",
		"go",
		"go",
		"unsucc_stop",
		"go",
		"go",
		"succ_stop",
		"go",
		"go",
		"go",
		"go",
		"go",
		"go",
		"unsucc_stop",
		"go",
		"go",
		"go",
		"go",
		"succ_stop",
		"succ_stop",
		"go",
		"go",
		"go",
		"go",
		"go",
		"go",
		"unsucc_stop",
		"go",
		"unsucc_stop",
		"unsucc_stop",
		"go",
		"go",
		"go",
		"go",
		"go",
		"go",
		"succ_stop",
		"succ_stop",
		"go",
		"go",
		"go",
		"go",
		"go",
		"go",
		"go",
		"go",
		"succ_stop",
		"succ_stop",
		"go",
		"go",
		"go",
		"go",
		"unsucc_stop",
		"unsucc_stop",
		"go",
		"go",
		"go",
		"go",
		"go",
		"go",
		"go",
		"go",
		"go",
		"unsucc_stop",
		"go",
		"go",
		"unsucc_stop",
		"go",
		"go",
		"go",
		"unsucc_stop",
		"go",
		"go",
		"unsucc_stop",
		"go"
	]
}
