{
	"onset":[1.015,8.002000000000001,13.014,19.005,29.012,37.011,43.002,49.01,53.01,60.013,65.009,71.01600000000001,77.00700000000001,84.011,89.006,95.014,99.01300000000001,105.004,111.012,119.011,127.01,134.014,141.017,147.009,151.008,159.007,170.01,177.014,183.005,190.008,194.008,201.011,205.011,212.014,217.009,223.017,233.008,241.007,248.011,254.001,259.014,266.017,272.008,280.007,285.003,292.006,297.001,305.017,309.017,316.003,320.003,326.011,339.005,347.004,353.012,362.007,367.002,375.008,380.013,386.005],
	"duration":[5,3,5,3,5,3,5,3,5,3,5,3,5,3,5,3,5,3,5,3,5,3,5,3,5,3,5,3,5,3,5,3,5,3,5,3,5,3,5,3,5,3,5,3,5,3,5,3,5,3,5,3,5,3,5,3,5,3,5,3],
	"trial_type":[
		"att_neg",
		"rating_par",
		"att_neut",
		"rating_par",
		"att_neg",
		"rating_par",
		"suppr_neg",
		"rating_par",
		"suppr_neg",
		"rating_par",
		"suppr_neg",
		"rating_par",
		"suppr_neg",
		"rating_par",
		"att_neut",
		"rating_par",
		"att_neg",
		"rating_par",
		"att_neg",
		"rating_par",
		"suppr_neg",
		"rating_par",
		"att_neut",
		"rating_par",
		"att_neg",
		"junk_rating",
		"att_neut",
		"rating_par",
		"att_neg",
		"rating_par",
		"att_neut",
		"rating_par",
		"att_neut",
		"rating_par",
		"suppr_neg",
		"rating_par",
		"att_neut",
		"rating_par",
		"att_neg",
		"rating_par",
		"suppr_neg",
		"rating_par",
		"att_neut",
		"rating_par",
		"att_neut",
		"rating_par",
		"suppr_neg",
		"rating_par",
		"att_neg",
		"rating_par",
		"suppr_neg",
		"rating_par",
		"suppr_neg",
		"rating_par",
		"att_neg",
		"rating_par",
		"att_neg",
		"rating_par",
		"att_neut",
		"junk_rating"
	],
	"rating_par":[
		"n/a",
		0.214,
		"n/a",
		-0.786,
		"n/a",
		0.214,
		"n/a",
		-0.786,
		"n/a",
		0.214,
		"n/a",
		-0.786,
		"n/a",
		1.214,
		"n/a",
		-0.786,
		"n/a",
		1.214,
		"n/a",
		0.214,
		"n/a",
		1.214,
		"n/a",
		-0.786,
		"n/a",
		"n/a",
		"n/a",
		-0.786,
		"n/a",
		-0.786,
		"n/a",
		-0.786,
		"n/a",
		-0.786,
		"n/a",
		-0.786,
		"n/a",
		-0.786,
		"n/a",
		0.214,
		"n/a",
		1.214,
		"n/a",
		-0.786,
		"n/a",
		-0.786,
		"n/a",
		0.214,
		"n/a",
		1.214,
		"n/a",
		0.214,
		"n/a",
		0.214,
		"n/a",
		1.214,
		"n/a",
		1.214,
		"n/a",
		"n/a"
	]
}
