{
	"name":[
		"Rx2",
		"Rx1",
		"Rx4",
		"Rx3",
		"Rx6",
		"Rx5",
		"Rx8",
		"Rx7",
		"Rx9",
		"Rx11",
		"Rx10",
		"Rx12",
		"Tx1a",
		"Tx4",
		"Tx1b",
		"Tx3",
		"Tx1c",
		"Tx2",
		"Tx5",
		"Tx1d",
		"Tx6a",
		"Tx9",
		"Tx6b",
		"Tx8",
		"Tx6c",
		"Tx7",
		"Tx10",
		"Tx6d",
		"Tx12",
		"Tx13",
		"Tx14",
		"Tx15",
		"Tx11a",
		"Tx11b",
		"Tx11c",
		"Tx11d"
	],
	"type":[
		"detector",
		"detector",
		"detector",
		"detector",
		"detector",
		"detector",
		"detector",
		"detector",
		"detector",
		"detector",
		"detector",
		"detector",
		"source",
		"source",
		"source",
		"source",
		"source",
		"source",
		"source",
		"source",
		"source",
		"source",
		"source",
		"source",
		"source",
		"source",
		"source",
		"source",
		"source",
		"source",
		"source",
		"source",
		"source",
		"source",
		"source",
		"source"
	],
	"x":[21.63676705,3.923008123,-6.01251853,-37.05631631,-55.41903835,59.62800372,-78.93959357999999,27.64982313,55.30228559,28.62072352,-56.5530567,-78.99491802,30.59923612,21.38093827,12.22790916,-8.932062995000001,-4.26335576,-24.94326315,-34.62844603,-44.26231212,-49.67277341,-86.92530322,64.37783154,26.67735672,-82.24022897,55.33729191,-53.45900436,19.41117777,29.58259868,55.61443173,-82.86013678,-48.78828282,61.37067941,-48.12972176,20.63679167,-80.92312852000001],
	"y":[45.8185823,63.84181162,20.1962581,46.68387423,71.44661784,65.90217260999999,49.42467929,72.63360433,-64.51502920999999,-72.12093203000001,-73.62991307,-51.07011297,44.1238626,19.91320572,62.29235179,48.58855476,10.42374536,67.24403038,16.12761205,47.9675371,74.28281823,56.52124458,62.04700103,80.8067793,43.08894961,58.60873806,61.29674067,73.84320225,-79.36861759,-55.05594279,-59.23238729,-64.84627533,-60.93722726,-77.41429616000001,-71.68837628,-43.02054216],
	"z":[115.5855501,101.7431734,139.397629,123.5933481,66.47702386,48.54177241,91.48518774999999,70.99459948000001,56.10919697,77.25525413,68.17296827,89.90807786000001,113.1478737,132.2071386,98.10493801,125.5685258,140.2950565,101.5560704,135.8927903,120.0452378,59.66199002,61.47541847,42.05420715,41.31690898,96.22935006,77.57812548,94.94827658,75.68643484,49.31639803,83.61477342000001,62.24842308,96.59385045000001,49.91019883,61.12441084,84.08166779,96.13523524999999],
	"template_x":[
		"n/a",
		"n/a",
		"n/a",
		"n/a",
		"n/a",
		"n/a",
		"n/a",
		"n/a",
		"n/a",
		"n/a",
		"n/a",
		"n/a",
		"n/a",
		"n/a",
		"n/a",
		"n/a",
		"n/a",
		"n/a",
		"n/a",
		"n/a",
		"n/a",
		"n/a",
		"n/a",
		"n/a",
		"n/a",
		"n/a",
		"n/a",
		"n/a",
		"n/a",
		"n/a",
		"n/a",
		"n/a",
		"n/a",
		"n/a",
		"n/a",
		"n/a"
	],
	"template_y":[
		"n/a",
		"n/a",
		"n/a",
		"n/a",
		"n/a",
		"n/a",
		"n/a",
		"n/a",
		"n/a",
		"n/a",
		"n/a",
		"n/a",
		"n/a",
		"n/a",
		"n/a",
		"n/a",
		"n/a",
		"n/a",
		"n/a",
		"n/a",
		"n/a",
		"n/a",
		"n/a",
		"n/a",
		"n/a",
		"n/a",
		"n/a",
		"n/a",
		"n/a",
		"n/a",
		"n/a",
		"n/a",
		"n/a",
		"n/a",
		"n/a",
		"n/a"
	],
	"template_z":[
		"n/a",
		"n/a",
		"n/a",
		"n/a",
		"n/a",
		"n/a",
		"n/a",
		"n/a",
		"n/a",
		"n/a",
		"n/a",
		"n/a",
		"n/a",
		"n/a",
		"n/a",
		"n/a",
		"n/a",
		"n/a",
		"n/a",
		"n/a",
		"n/a",
		"n/a",
		"n/a",
		"n/a",
		"n/a",
		"n/a",
		"n/a",
		"n/a",
		"n/a",
		"n/a",
		"n/a",
		"n/a",
		"n/a",
		"n/a",
		"n/a",
		"n/a"
	]
}
