{
	"onset":[0.01,10,20,32,44,54.01,68,80.01000000000001,94.01000000000001,108,120,132,144,156,168,180,192.01,206,218,228,238,250,262,274,286.01],
	"duration":[6,6,6,6,6,6,6,6,6,6,6,6,6,6,6,6,6,6,6,6,6,6,6,6,6],
	"trial_type":[
		"rocknroll",
		"metal",
		"symphonic",
		"country",
		"country",
		"ambient",
		"rocknroll",
		"country",
		"symphonic",
		"metal",
		"metal",
		"rocknroll",
		"symphonic",
		"rocknroll",
		"ambient",
		"country",
		"metal",
		"ambient",
		"ambient",
		"symphonic",
		"symphonic",
		"ambient",
		"metal",
		"country",
		"rocknroll"
	],
	"run":[6,6,6,6,6,6,6,6,6,6,6,6,6,6,6,6,6,6,6,6,6,6,6,6,6],
	"run_id":[7,7,7,7,7,7,7,7,7,7,7,7,7,7,7,7,7,7,7,7,7,7,7,7,7],
	"volume":[765,770,775,781,787,792,799,805,812,819,825,831,837,843,849,855,861,868,874,879,884,890,896,902,908],
	"run_volume":[0,5,10,16,22,27,34,40,47,54,60,66,72,78,84,90,96,103,109,114,119,125,131,137,143],
	"stim":[
		"rocknroll_000.wav",
		"metal_004.wav",
		"symphonic_002.wav",
		"country_004.wav",
		"country_003.wav",
		"ambient_001.wav",
		"rocknroll_001.wav",
		"country_001.wav",
		"symphonic_004.wav",
		"metal_002.wav",
		"metal_003.wav",
		"rocknroll_003.wav",
		"symphonic_001.wav",
		"rocknroll_004.wav",
		"ambient_000.wav",
		"country_000.wav",
		"metal_000.wav",
		"ambient_004.wav",
		"ambient_003.wav",
		"symphonic_000.wav",
		"symphonic_003.wav",
		"ambient_002.wav",
		"metal_001.wav",
		"country_002.wav",
		"rocknroll_002.wav"
	],
	"genre":[
		"rocknroll",
		"metal",
		"symphonic",
		"country",
		"country",
		"ambient",
		"rocknroll",
		"country",
		"symphonic",
		"metal",
		"metal",
		"rocknroll",
		"symphonic",
		"rocknroll",
		"ambient",
		"country",
		"metal",
		"ambient",
		"ambient",
		"symphonic",
		"symphonic",
		"ambient",
		"metal",
		"country",
		"rocknroll"
	],
	"delay":[4,4,6,6,4,8,6,8,8,6,6,6,6,6,6,6,8,6,4,4,6,6,6,6,8],
	"catch":[0,0,0,0,0,1,0,1,1,0,0,0,0,0,0,0,1,0,0,0,0,0,0,0,1],
	"sound_soa":[0.008100000000013097,0.00279999999975189,0.002399999999852298,0.002800000000206637,0.002499999999599823,0.01440000000002328,0.003799999999955617,0.009599999999863941,0.01060000000006767,0.003000000000156433,0.004399999999805004,0.002399999999852298,0.002599999999802094,0.002700000000004366,0.00250000000005457,0.002399999999852298,0.009800000000268485,0.002700000000004366,0.002399999999852298,0.002399999999852298,0.003400000000056025,0.003499999999803549,0.002399999999852298,0.003499999999803549,0.01070000000026994],
	"trigger_ts":[2406.9057,2416.9065,2426.9056,2438.9057,2450.9059,2460.9057,2474.9056,2486.9058,2500.9056,2514.9065,2526.9056,2538.9058,2550.9047,2562.9054,2574.9057,2586.9049,2598.9051,2612.9056,2624.9052,2634.9052,2644.9049,2656.905,2668.9051,2680.905,2692.9048]
}
