{
	"onset":[0.01,12,24,36.01,50.01,64,76.01000000000001,90,102,114,126,136.01,150,162,174,186,198,210,222,234,244,256,266,276.01,290],
	"duration":[6,6,6,6,6,6,6,6,6,6,6,6,6,6,6,6,6,6,6,6,6,6,6,6,6],
	"trial_type":[
		"symphonic",
		"ambient",
		"symphonic",
		"rocknroll",
		"symphonic",
		"metal",
		"country",
		"rocknroll",
		"country",
		"symphonic",
		"country",
		"ambient",
		"ambient",
		"country",
		"country",
		"metal",
		"ambient",
		"metal",
		"rocknroll",
		"ambient",
		"rocknroll",
		"rocknroll",
		"metal",
		"metal",
		"symphonic"
	],
	"run":[7,7,7,7,7,7,7,7,7,7,7,7,7,7,7,7,7,7,7,7,7,7,7,7,7],
	"run_id":[1,1,1,1,1,1,1,1,1,1,1,1,1,1,1,1,1,1,1,1,1,1,1,1,1],
	"volume":[918,924,930,936,943,950,956,963,969,975,981,986,993,999,1005,1011,1017,1023,1029,1035,1040,1046,1051,1056,1063],
	"run_volume":[0,6,12,18,25,32,38,45,51,57,63,68,75,81,87,93,99,105,111,117,122,128,133,138,145],
	"stim":[
		"symphonic_004.wav",
		"ambient_004.wav",
		"symphonic_002.wav",
		"rocknroll_002.wav",
		"symphonic_003.wav",
		"metal_001.wav",
		"country_000.wav",
		"rocknroll_001.wav",
		"country_002.wav",
		"symphonic_000.wav",
		"country_003.wav",
		"ambient_000.wav",
		"ambient_003.wav",
		"country_001.wav",
		"country_004.wav",
		"metal_002.wav",
		"ambient_001.wav",
		"metal_004.wav",
		"rocknroll_004.wav",
		"ambient_002.wav",
		"rocknroll_003.wav",
		"rocknroll_000.wav",
		"metal_000.wav",
		"metal_003.wav",
		"symphonic_001.wav"
	],
	"genre":[
		"symphonic",
		"ambient",
		"symphonic",
		"rocknroll",
		"symphonic",
		"metal",
		"country",
		"rocknroll",
		"country",
		"symphonic",
		"country",
		"ambient",
		"ambient",
		"country",
		"country",
		"metal",
		"ambient",
		"metal",
		"rocknroll",
		"ambient",
		"rocknroll",
		"rocknroll",
		"metal",
		"metal",
		"symphonic"
	],
	"delay":[6,6,6,8,8,6,8,6,6,6,4,8,6,6,6,6,6,6,6,4,6,4,4,8,4],
	"catch":[0,0,0,1,1,0,1,0,0,0,0,1,0,0,0,0,0,0,0,0,0,0,0,1,0],
	"sound_soa":[0.009300000000166621,0.004199999999855208,0.003500000000258296,0.01189999999996871,0.009800000000268485,0.003099999999903957,0.01449999999977081,0.002600000000256841,0.004600000000209548,0.002600000000256841,0.002599999999802094,0.01080000000001746,0.002700000000004366,0.002599999999802094,0.003499999999803549,0.003799999999955617,0.003600000000005821,0.00250000000005457,0.002499999999599823,0.00250000000005457,0.002499999999599823,0.002399999999852298,0.00250000000005457,0.01000000000021828,0.002599999999802094],
	"trigger_ts":[2766.8761,2778.876,2790.8758,2802.8759,2816.8758,2830.8763,2842.8766,2856.8767,2868.8758,2880.8767,2892.8768,2902.876,2916.876,2928.8764,2940.8762,2952.876,2964.8762,2976.8761,2988.8769,3000.8761,3010.8769,3022.8762,3032.8763,3042.8763,3056.8764]
}
