{
	"onset":[0.171,3.45,7.438,11.671,16.864,19.939,25.257,28.382,33.639,37.7,41.848,46.405,53.472,57.828,61.757,68.54900000000001,71.68899999999999,74.81999999999999,78.714,82.083,86.00700000000001,90.97199999999999,95.083,99.25700000000001,102.507,106.55,110.639,116.947,120.256,124.951,128.696,132.653,140.249,145.551,149.96,153.257,156.832,160.2,163.55,170.625,174.515,180.513,183.632,187.663,191.7,194.951,198.937,202.867,210.294,213.314,220.551,224.889,227.95,231.071,237.34,241.882,245.265,248.795,252.382,256.2,260.446,264.257,268.257,275.866,278.958,282.256,285.451,288.572,291.708,296.882,300.2,305.714,310.507,313.563,319.172,321.95,326.188,329.7,335.75,339.257,344.6,348.689,351.632,354.757,358.814,361.821,366.536,371.094,373.951,377.57,381.295,384.45,388.507,392.847,396.132,400.2,404.157,407.757,410.715,414.257,417.2,420.295,427.795,432.856,439.188,444.471,450.295,455.188,460.406,464.46,468.813,472.528],
	"duration":[2.5,2.5,2.5,2.5,2.5,2.5,2.5,2.5,2.5,2.5,2.5,2.5,2.5,2.5,2.5,2.5,2.5,2.5,2.5,2.5,2.5,2.5,2.5,2.5,2.5,2.5,2.5,2.5,2.5,2.5,2.5,2.5,2.5,2.5,2.5,2.5,2.5,2.5,2.5,2.5,2.5,2.5,2.5,2.5,2.5,2.5,2.5,2.5,2.5,2.5,2.5,2.5,2.5,2.5,2.5,2.5,2.5,2.5,2.5,2.5,2.5,2.5,2.5,2.5,2.5,2.5,2.5,2.5,2.5,2.5,2.5,2.5,2.5,2.5,2.5,2.5,2.5,2.5,2.5,2.5,2.5,2.5,2.5,2.5,2.5,2.5,2.5,2.5,2.5,2.5,2.5,2.5,2.5,2.5,2.5,2.5,2.5,2.5,2.5,2.5,2.5,2.5,2.5,2.5,2.5,2.5,2.5,2.5,2.5,2.5,2.5,2.5],
	"trial_type":[
		"correct classification of dual-task items",
		"junk single-task items",
		"correct classification of single-task items",
		"correct classification of single-task items",
		"correct classification of dual-task items",
		"correct classification of dual-task items",
		"correct classification of dual-task items",
		"junk dual-task items",
		"correct classification of single-task items",
		"junk single-task items",
		"correct classification of single-task items",
		"correct classification of dual-task items",
		"correct classification of dual-task items",
		"correct classification of dual-task items",
		"correct classification of dual-task items",
		"correct classification of single-task items",
		"junk single-task items",
		"correct classification of single-task items",
		"junk dual-task items",
		"correct classification of dual-task items",
		"junk single-task items",
		"correct classification of single-task items",
		"correct classification of dual-task items",
		"junk dual-task items",
		"correct classification of dual-task items",
		"junk single-task items",
		"correct classification of single-task items",
		"correct classification of dual-task items",
		"correct classification of single-task items",
		"correct classification of dual-task items",
		"junk single-task items",
		"correct classification of single-task items",
		"junk single-task items",
		"correct classification of single-task items",
		"correct classification of single-task items",
		"junk dual-task items",
		"correct classification of dual-task items",
		"correct classification of dual-task items",
		"correct classification of single-task items",
		"correct classification of dual-task items",
		"correct classification of dual-task items",
		"junk single-task items",
		"junk single-task items",
		"correct classification of dual-task items",
		"correct classification of single-task items",
		"correct classification of single-task items",
		"correct classification of single-task items",
		"correct classification of single-task items",
		"junk dual-task items",
		"junk dual-task items",
		"correct classification of single-task items",
		"junk dual-task items",
		"correct classification of dual-task items",
		"correct classification of dual-task items",
		"correct classification of single-task items",
		"junk single-task items",
		"correct classification of single-task items",
		"correct classification of dual-task items",
		"junk dual-task items",
		"correct classification of dual-task items",
		"correct classification of dual-task items",
		"correct classification of dual-task items",
		"correct classification of single-task items",
		"correct classification of single-task items",
		"correct classification of dual-task items",
		"junk dual-task items",
		"correct classification of dual-task items",
		"junk dual-task items",
		"correct classification of single-task items",
		"correct classification of single-task items",
		"correct classification of single-task items",
		"junk dual-task items",
		"correct classification of dual-task items",
		"correct classification of dual-task items",
		"junk single-task items",
		"correct classification of single-task items",
		"correct classification of single-task items",
		"correct classification of single-task items",
		"correct classification of dual-task items",
		"correct classification of dual-task items",
		"correct classification of single-task items",
		"correct classification of single-task items",
		"junk single-task items",
		"correct classification of dual-task items",
		"junk dual-task items",
		"correct classification of dual-task items",
		"junk single-task items",
		"correct classification of single-task items",
		"correct classification of single-task items",
		"correct classification of dual-task items",
		"junk dual-task items",
		"correct classification of dual-task items",
		"correct classification of single-task items",
		"junk dual-task items",
		"correct classification of dual-task items",
		"correct classification of dual-task items",
		"junk single-task items",
		"junk single-task items",
		"correct classification of single-task items",
		"correct classification of single-task items",
		"correct classification of dual-task items",
		"correct classification of dual-task items",
		"correct classification of single-task items",
		"junk single-task items",
		"correct classification of single-task items",
		"correct classification of single-task items",
		"correct classification of dual-task items",
		"junk dual-task items",
		"junk dual-task items",
		"correct classification of dual-task items",
		"junk single-task items",
		"correct classification of single-task items"
	]
}
