{
	"onset":[0.01,10,20,32,44,54.02,68,80.01000000000001,94.01000000000001,108,120,132,144,156,168,180,192.01,206,218,228,238,250,262,274,286.01],
	"duration":[6,6,6,6,6,6,6,6,6,6,6,6,6,6,6,6,6,6,6,6,6,6,6,6,6],
	"trial_type":[
		"rocknroll",
		"metal",
		"symphonic",
		"country",
		"country",
		"ambient",
		"rocknroll",
		"country",
		"symphonic",
		"metal",
		"metal",
		"rocknroll",
		"symphonic",
		"rocknroll",
		"ambient",
		"country",
		"metal",
		"ambient",
		"ambient",
		"symphonic",
		"symphonic",
		"ambient",
		"metal",
		"country",
		"rocknroll"
	],
	"run":[5,5,5,5,5,5,5,5,5,5,5,5,5,5,5,5,5,5,5,5,5,5,5,5,5],
	"run_id":[7,7,7,7,7,7,7,7,7,7,7,7,7,7,7,7,7,7,7,7,7,7,7,7,7],
	"volume":[612,617,622,628,634,639,646,652,659,666,672,678,684,690,696,702,708,715,721,726,731,737,743,749,755],
	"run_volume":[0,5,10,16,22,27,34,40,47,54,60,66,72,78,84,90,96,103,109,114,119,125,131,137,143],
	"stim":[
		"rocknroll_000.wav",
		"metal_004.wav",
		"symphonic_002.wav",
		"country_004.wav",
		"country_003.wav",
		"ambient_001.wav",
		"rocknroll_001.wav",
		"country_001.wav",
		"symphonic_004.wav",
		"metal_002.wav",
		"metal_003.wav",
		"rocknroll_003.wav",
		"symphonic_001.wav",
		"rocknroll_004.wav",
		"ambient_000.wav",
		"country_000.wav",
		"metal_000.wav",
		"ambient_004.wav",
		"ambient_003.wav",
		"symphonic_000.wav",
		"symphonic_003.wav",
		"ambient_002.wav",
		"metal_001.wav",
		"country_002.wav",
		"rocknroll_002.wav"
	],
	"genre":[
		"rocknroll",
		"metal",
		"symphonic",
		"country",
		"country",
		"ambient",
		"rocknroll",
		"country",
		"symphonic",
		"metal",
		"metal",
		"rocknroll",
		"symphonic",
		"rocknroll",
		"ambient",
		"country",
		"metal",
		"ambient",
		"ambient",
		"symphonic",
		"symphonic",
		"ambient",
		"metal",
		"country",
		"rocknroll"
	],
	"delay":[4,4,6,6,4,8,6,8,8,6,6,6,6,6,6,6,8,6,4,4,6,6,6,6,8],
	"catch":[0,0,0,0,0,1,0,1,1,0,0,0,0,0,0,0,1,0,0,0,0,0,0,0,1],
	"sound_soa":[0.006899999999859574,0.002799999999979264,0.00250000000005457,0.00250000000005457,0.002499999999599823,0.01770000000033178,0.003699999999753345,0.01160000000027139,0.01080000000001746,0.002700000000004366,0.003200000000106229,0.00250000000005457,0.002499999999599823,0.003799999999955617,0.00250000000005457,0.002599999999802094,0.01020000000016808,0.002400000000307045,0.003499999999803549,0.003499999999803549,0.003500000000258296,0.003499999999803549,0.002600000000256841,0.003600000000005821,0.008700000000317232],
	"trigger_ts":[2014.3593,2024.3596,2034.3603,2046.3597,2058.3598,2068.3594,2082.3595,2094.3601,2108.3596,2122.3601,2134.3597,2146.3602,2158.3598,2170.3597,2182.3595,2194.3602,2206.3601,2220.3601,2232.3595,2242.3595,2252.3596,2264.3597,2276.3596,2288.3597,2300.3594]
}
