{
	"onset":[0.01,12,24,36,48.01,62,74,86,98.02,112,122,134,146,156,168,178,188.01,202,212,224,236,248,260,272.01,286.01],
	"duration":[6,6,6,6,6,6,6,6,6,6,6,6,6,6,6,6,6,6,6,6,6,6,6,6,6],
	"trial_type":[
		"country",
		"symphonic",
		"metal",
		"country",
		"ambient",
		"metal",
		"symphonic",
		"ambient",
		"symphonic",
		"symphonic",
		"country",
		"metal",
		"ambient",
		"ambient",
		"country",
		"rocknroll",
		"metal",
		"metal",
		"rocknroll",
		"rocknroll",
		"ambient",
		"rocknroll",
		"symphonic",
		"rocknroll",
		"country"
	],
	"run":[7,7,7,7,7,7,7,7,7,7,7,7,7,7,7,7,7,7,7,7,7,7,7,7,7],
	"run_id":[4,4,4,4,4,4,4,4,4,4,4,4,4,4,4,4,4,4,4,4,4,4,4,4,4],
	"volume":[918,924,930,936,942,949,955,961,967,974,979,985,991,996,1002,1007,1012,1019,1024,1030,1036,1042,1048,1054,1061],
	"run_volume":[0,6,12,18,24,31,37,43,49,56,61,67,73,78,84,89,94,101,106,112,118,124,130,136,143],
	"stim":[
		"country_001.wav",
		"symphonic_004.wav",
		"metal_000.wav",
		"country_003.wav",
		"ambient_003.wav",
		"metal_003.wav",
		"symphonic_003.wav",
		"ambient_002.wav",
		"symphonic_000.wav",
		"symphonic_002.wav",
		"country_000.wav",
		"metal_002.wav",
		"ambient_000.wav",
		"ambient_004.wav",
		"country_004.wav",
		"rocknroll_000.wav",
		"metal_001.wav",
		"metal_004.wav",
		"rocknroll_001.wav",
		"rocknroll_004.wav",
		"ambient_001.wav",
		"rocknroll_003.wav",
		"symphonic_001.wav",
		"rocknroll_002.wav",
		"country_002.wav"
	],
	"genre":[
		"country",
		"symphonic",
		"metal",
		"country",
		"ambient",
		"metal",
		"symphonic",
		"ambient",
		"symphonic",
		"symphonic",
		"country",
		"metal",
		"ambient",
		"ambient",
		"country",
		"rocknroll",
		"metal",
		"metal",
		"rocknroll",
		"rocknroll",
		"ambient",
		"rocknroll",
		"symphonic",
		"rocknroll",
		"country"
	],
	"delay":[6,6,6,6,8,6,6,6,8,4,6,6,4,6,4,4,8,4,6,6,6,6,6,8,8],
	"catch":[0,0,0,0,1,0,0,0,1,0,0,0,0,0,0,0,1,0,0,0,0,0,0,1,1],
	"sound_soa":[0.006600000000162254,0.003900000000157888,0.003799999999955617,0.00279999999975189,0.008000000000265572,0.002800000000206637,0.00279999999975189,0.003499999999803549,0.01700000000028012,0.003700000000208093,0.00250000000005457,0.003600000000005821,0.00250000000005457,0.003600000000005821,0.003999999999905413,0.00250000000005457,0.01490000000012515,0.002700000000004366,0.00250000000005457,0.00279999999975189,0.002900000000408909,0.00250000000005457,0.003500000000258296,0.01440000000002328,0.009500000000116415],
	"trigger_ts":[2769.8716,2781.8711,2793.8707,2805.8708,2817.8707,2831.8716,2843.8712,2855.8708,2867.8711,2881.8709,2891.8717,2903.8709,2915.8711,2925.871,2937.8708,2947.8718,2957.8709,2971.8715,2981.871,2993.871,3005.8713,3017.8723,3029.8711,3041.871,3055.8714]
}
