{
	"onset":[0,3.291,6.665,9.789,12.829,15.919,19.027,22.166,25.239,27.929,48.541,51.631,54.788,57.912,61.086,64.24299999999999,67.55,70.69,73.831,76.871,80.078,83.252,86.392,89.449,92.572,95.79600000000001,98.986,102.327,105.551,108.658,111.297,131.809,135.033,138.207,141.364,144.604,147.678,150.935,154.276,157.466,160.556,163.797,166.92,169.977,173.251,176.408,179.665,182.923,186.096,188.702,209.147,212.455,215.612,218.802,222.059,225.166,228.474,231.781,234.905,238.045,241.185,244.426,247.599,250.673,253.897,257.171,260.444,263.468,266.642,269.916,272.488,293.033,296.241,299.481,302.621,305.778,309.019,312.126,315.249,318.256,321.463,324.637,327.844,331.118,334.275,337.365,340.572,343.813,346.903,349.509,369.971,373.261,376.319,379.542,382.766,385.873,389.08,392.12,395.244,397.916],
	"duration":[0.896,0.956,0.863,0.843,0.867,0.8169999999999999,0.8169999999999999,0.876,0.9399999999999999,20,0.836,0.84,0.88,0.893,0.9360000000000001,0.959,0.861,0.923,0.844,0.966,0.846,0.8159999999999999,0.803,0.836,0.871,0.825,0.948,0.9370000000000001,0.85,0.89,20,0.999,0.889,0.819,0.9330000000000001,0.834,0.983,0.999,0.897,0.838,0.88,0.898,0.865,0.945,0.803,0.9370000000000001,0.994,0.912,0.854,20,0.962,0.893,0.9320000000000001,0.906,0.845,0.96,0.919,0.902,0.885,0.91,0.9379999999999999,0.883,0.846,0.98,0.974,0.909,0.802,0.873,0.999,0.83,20,0.852,0.964,0.946,0.896,0.9320000000000001,0.903,0.9320000000000001,0.82,0.923,0.906,0.947,0.921,0.874,0.8139999999999999,0.879,0.882,0.8179999999999999,0.854,20,0.9350000000000001,0.8100000000000001,0.966,0.877,0.853,0.855,0.805,0.901,0.89,0.012],
	"circle_duration":[0.574,0.576,0.54,0.501,0.42,0.46,0.535,0.555,0.428,20,0.573,0.495,0.541,0.47,0.508,0.457,0.572,0.51,0.434,0.401,0.48,0.555,0.541,0.493,0.533,0.584,0.589,0.597,0.516,0.491,20,0.472,0.459,0.514,0.569,0.542,0.469,0.512,0.571,0.527,0.476,0.589,0.459,0.43,0.5570000000000001,0.573,0.545,0.495,0.488,20,0.407,0.579,0.5,0.489,0.573,0.495,0.582,0.552,0.463,0.492,0.463,0.527,0.532,0.463,0.477,0.534,0.587,0.453,0.527,0.507,20,0.513,0.6,0.505,0.427,0.491,0.545,0.418,0.429,0.417,0.507,0.491,0.475,0.571,0.515,0.516,0.5570000000000001,0.5610000000000001,0.507,20,0.431,0.595,0.484,0.491,0.5649999999999999,0.481,0.584,0.456,0.453,0],
	"stim_type":[
		"SCRAMBLED",
		"SCRAMBLED",
		"SCRAMBLED",
		"FAMOUS",
		"FAMOUS",
		"SCRAMBLED",
		"SCRAMBLED",
		"SCRAMBLED",
		"SCRAMBLED",
		"n/a",
		"FAMOUS",
		"FAMOUS",
		"SCRAMBLED",
		"UNFAMILIAR",
		"UNFAMILIAR",
		"UNFAMILIAR",
		"FAMOUS",
		"SCRAMBLED",
		"SCRAMBLED",
		"SCRAMBLED",
		"UNFAMILIAR",
		"FAMOUS",
		"FAMOUS",
		"FAMOUS",
		"FAMOUS",
		"FAMOUS",
		"SCRAMBLED",
		"UNFAMILIAR",
		"UNFAMILIAR",
		"SCRAMBLED",
		"n/a",
		"SCRAMBLED",
		"SCRAMBLED",
		"SCRAMBLED",
		"FAMOUS",
		"FAMOUS",
		"FAMOUS",
		"FAMOUS",
		"UNFAMILIAR",
		"UNFAMILIAR",
		"FAMOUS",
		"SCRAMBLED",
		"UNFAMILIAR",
		"UNFAMILIAR",
		"FAMOUS",
		"FAMOUS",
		"FAMOUS",
		"FAMOUS",
		"UNFAMILIAR",
		"n/a",
		"UNFAMILIAR",
		"UNFAMILIAR",
		"SCRAMBLED",
		"UNFAMILIAR",
		"UNFAMILIAR",
		"UNFAMILIAR",
		"UNFAMILIAR",
		"FAMOUS",
		"FAMOUS",
		"UNFAMILIAR",
		"UNFAMILIAR",
		"UNFAMILIAR",
		"FAMOUS",
		"UNFAMILIAR",
		"SCRAMBLED",
		"UNFAMILIAR",
		"SCRAMBLED",
		"SCRAMBLED",
		"SCRAMBLED",
		"FAMOUS",
		"n/a",
		"UNFAMILIAR",
		"UNFAMILIAR",
		"FAMOUS",
		"FAMOUS",
		"SCRAMBLED",
		"SCRAMBLED",
		"SCRAMBLED",
		"FAMOUS",
		"FAMOUS",
		"UNFAMILIAR",
		"SCRAMBLED",
		"SCRAMBLED",
		"SCRAMBLED",
		"SCRAMBLED",
		"FAMOUS",
		"UNFAMILIAR",
		"FAMOUS",
		"FAMOUS",
		"n/a",
		"UNFAMILIAR",
		"UNFAMILIAR",
		"SCRAMBLED",
		"SCRAMBLED",
		"UNFAMILIAR",
		"UNFAMILIAR",
		"FAMOUS",
		"FAMOUS",
		"UNFAMILIAR",
		"n/a"
	],
	"trigger":[17,17,18,5,6,17,18,17,18,999,5,6,19,13,13,14,5,17,17,17,15,5,5,6,7,5,19,13,14,19,999,17,18,19,5,6,7,5,13,14,7,17,13,14,5,6,5,7,13,999,13,14,19,13,13,13,14,7,5,15,13,14,5,15,17,15,17,18,17,7,999,13,14,5,7,17,18,19,5,6,13,19,17,17,18,7,13,5,6,999,13,15,17,19,13,14,5,6,15,999],
	"button_pushed":[4,4,4,4,4,4,4,4,4,20000,4,4,7,7,4,4,7,4,4,4,7,7,4,4,7,7,4,4,4,4,20000,7,7,7,4,4,7,7,4,4,4,4,7,7,4,4,4,7,7,20000,4,4,4,4,4,4,4,4,7,7,7,7,7,4,4,4,4,4,4,7,20000,4,4,4,7,4,4,4,7,7,4,4,4,4,4,4,4,4,4,20000,4,4,4,4,4,4,7,7,4,0],
	"response_time":[0.9360000000000001,0.762,0.676,0.769,0.625,0.603,0.665,0.547,0.714,20,0.7,0.796,1.052,0.9350000000000001,1.015,0.86,0.856,0.805,0.676,0.705,0.753,0.869,0.751,0.672,0.699,0.697,0.888,0.695,0.678,0.725,20,0.613,0.8,0.645,0.838,0.745,0.5629999999999999,0.742,0.6889999999999999,0.647,0.742,0.798,0.766,0.6879999999999999,0.747,0.657,0.907,0.622,0.64,20,0.775,0.61,0.86,0.696,0.779,0.6889999999999999,0.618,0.833,0.721,0.552,0.773,0.836,0.66,0.725,0.742,0.768,1.945,0.638,0.625,0.823,20,0.748,0.634,0.745,0.654,0.724,0.8169999999999999,0.67,0.602,0.608,0.6860000000000001,0.703,0.6850000000000001,0.733,0.6830000000000001,0.79,0.739,0.852,0.618,20,0.707,0.776,0.656,0.919,0.76,0.614,0.901,0.78,0.778,0],
	"stim_file":[
		"func/s113.bmp",
		"func/s111.bmp",
		"func/s111.bmp",
		"func/f100.bmp",
		"func/f100.bmp",
		"func/s105.bmp",
		"func/s105.bmp",
		"func/s107.bmp",
		"func/s107.bmp",
		"func/i999.bmp",
		"func/f101.bmp",
		"func/f101.bmp",
		"func/s113.bmp",
		"func/u098.bmp",
		"func/u105.bmp",
		"func/u105.bmp",
		"func/f099.bmp",
		"func/s106.bmp",
		"func/s100.bmp",
		"func/s108.bmp",
		"func/u098.bmp",
		"func/f108.bmp",
		"func/f105.bmp",
		"func/f105.bmp",
		"func/f099.bmp",
		"func/f106.bmp",
		"func/s106.bmp",
		"func/u108.bmp",
		"func/u108.bmp",
		"func/s100.bmp",
		"func/i999.bmp",
		"func/s109.bmp",
		"func/s109.bmp",
		"func/s108.bmp",
		"func/f109.bmp",
		"func/f109.bmp",
		"func/f108.bmp",
		"func/f103.bmp",
		"func/u100.bmp",
		"func/u100.bmp",
		"func/f106.bmp",
		"func/s104.bmp",
		"func/u109.bmp",
		"func/u109.bmp",
		"func/f104.bmp",
		"func/f104.bmp",
		"func/f102.bmp",
		"func/f103.bmp",
		"func/u101.bmp",
		"func/i999.bmp",
		"func/u113.bmp",
		"func/u113.bmp",
		"func/s104.bmp",
		"func/u110.bmp",
		"func/u111.bmp",
		"func/u112.bmp",
		"func/u112.bmp",
		"func/f102.bmp",
		"func/f111.bmp",
		"func/u101.bmp",
		"func/u102.bmp",
		"func/u102.bmp",
		"func/f113.bmp",
		"func/u110.bmp",
		"func/s103.bmp",
		"func/u111.bmp",
		"func/s099.bmp",
		"func/s099.bmp",
		"func/s101.bmp",
		"func/f111.bmp",
		"func/i999.bmp",
		"func/u103.bmp",
		"func/u103.bmp",
		"func/f112.bmp",
		"func/f113.bmp",
		"func/s098.bmp",
		"func/s098.bmp",
		"func/s103.bmp",
		"func/f098.bmp",
		"func/f098.bmp",
		"func/u099.bmp",
		"func/s101.bmp",
		"func/s110.bmp",
		"func/s102.bmp",
		"func/s102.bmp",
		"func/f112.bmp",
		"func/u106.bmp",
		"func/f107.bmp",
		"func/f107.bmp",
		"func/i999.bmp",
		"func/u104.bmp",
		"func/u099.bmp",
		"func/s112.bmp",
		"func/s110.bmp",
		"func/u107.bmp",
		"func/u107.bmp",
		"func/f110.bmp",
		"func/f110.bmp",
		"func/u106.bmp",
		"func/Circle.bmp"
	]
}
