{
	"onset":[0,3.291,6.515,9.622,12.779,16.003,19.109,22.267,25.54,28.714,31.303,51.815,54.972,58.097,61.186,64.277,67.43300000000001,70.59,73.764,76.871,80.078,83.369,86.559,89.532,92.673,95.896,98.98699999999999,102.127,105.2,108.391,110.997,131.609,134.816,138.123,141.28,144.421,147.678,150.902,153.992,157.267,160.623,163.797,166.987,169.994,173.368,176.559,179.716,182.873,186.163,189.32,192.377,195,215.579,218.853,222.026,225.35,228.39,231.447,234.554,237.795,240.851,243.908,247.065,250.256,253.546,256.703,259.793,262.867,266.124,269.298,271.92,292.383,295.556,298.813,301.954,305.127,308.284,311.291,314.465,317.773,320.929,323.969,327.276,330.55,333.691,336.898,339.955,343.095,346.352,349.643,352.699,355.289,375.768,378.924,382.165,385.523,388.729,391.786,394.492],
	"duration":[0.983,0.87,0.8,0.916,0.918,0.866,0.944,0.958,0.845,0.852,20,0.887,0.882,0.846,0.839,0.879,0.883,0.9429999999999999,0.859,0.909,0.957,0.916,0.8169999999999999,0.906,0.906,0.821,0.8169999999999999,0.866,0.951,0.858,20,0.976,0.9399999999999999,0.951,0.9379999999999999,0.928,0.896,0.909,0.982,0.999,0.867,0.85,0.834,0.994,0.978,0.961,0.97,0.946,0.953,0.8,0.884,20,0.9379999999999999,0.894,0.982,0.823,0.8090000000000001,0.834,0.991,0.825,0.882,0.9,0.944,0.984,0.888,0.844,0.901,0.921,0.915,0.883,20,0.85,0.983,0.965,0.9330000000000001,0.886,0.829,0.877,0.962,0.839,0.848,0.956,0.921,0.88,0.924,0.845,0.901,0.957,0.9429999999999999,0.833,0.844,20,0.819,0.882,0.99,0.91,0.825,0.905,0.012],
	"circle_duration":[0.491,0.545,0.479,0.542,0.451,0.55,0.479,0.45,0.537,0.539,20,0.468,0.495,0.484,0.47,0.484,0.502,0.492,0.455,0.453,0.53,0.556,0.513,0.4,0.451,0.533,0.497,0.531,0.442,0.474,20,0.574,0.452,0.597,0.439,0.431,0.5649999999999999,0.554,0.402,0.535,0.5639999999999999,0.541,0.573,0.404,0.586,0.438,0.431,0.423,0.5580000000000001,0.441,0.489,20,0.549,0.554,0.503,0.556,0.437,0.422,0.502,0.481,0.454,0.403,0.496,0.475,0.538,0.474,0.47,0.414,0.5669999999999999,0.489,20,0.434,0.5570000000000001,0.512,0.402,0.469,0.517,0.417,0.532,0.585,0.548,0.419,0.57,0.573,0.484,0.514,0.446,0.48,0.532,0.582,0.461,20,0.451,0.58,0.589,0.6,0.524,0.462,0],
	"stim_type":[
		"UNFAMILIAR",
		"UNFAMILIAR",
		"UNFAMILIAR",
		"SCRAMBLED",
		"UNFAMILIAR",
		"SCRAMBLED",
		"SCRAMBLED",
		"SCRAMBLED",
		"UNFAMILIAR",
		"SCRAMBLED",
		"n/a",
		"UNFAMILIAR",
		"UNFAMILIAR",
		"SCRAMBLED",
		"SCRAMBLED",
		"SCRAMBLED",
		"UNFAMILIAR",
		"FAMOUS",
		"FAMOUS",
		"FAMOUS",
		"FAMOUS",
		"SCRAMBLED",
		"SCRAMBLED",
		"SCRAMBLED",
		"SCRAMBLED",
		"FAMOUS",
		"SCRAMBLED",
		"SCRAMBLED",
		"FAMOUS",
		"FAMOUS",
		"n/a",
		"UNFAMILIAR",
		"UNFAMILIAR",
		"SCRAMBLED",
		"FAMOUS",
		"SCRAMBLED",
		"SCRAMBLED",
		"SCRAMBLED",
		"SCRAMBLED",
		"SCRAMBLED",
		"FAMOUS",
		"SCRAMBLED",
		"FAMOUS",
		"SCRAMBLED",
		"SCRAMBLED",
		"UNFAMILIAR",
		"UNFAMILIAR",
		"SCRAMBLED",
		"FAMOUS",
		"FAMOUS",
		"FAMOUS",
		"n/a",
		"FAMOUS",
		"FAMOUS",
		"SCRAMBLED",
		"UNFAMILIAR",
		"UNFAMILIAR",
		"FAMOUS",
		"FAMOUS",
		"SCRAMBLED",
		"SCRAMBLED",
		"SCRAMBLED",
		"UNFAMILIAR",
		"UNFAMILIAR",
		"UNFAMILIAR",
		"UNFAMILIAR",
		"UNFAMILIAR",
		"FAMOUS",
		"FAMOUS",
		"FAMOUS",
		"n/a",
		"UNFAMILIAR",
		"UNFAMILIAR",
		"FAMOUS",
		"UNFAMILIAR",
		"UNFAMILIAR",
		"UNFAMILIAR",
		"UNFAMILIAR",
		"UNFAMILIAR",
		"UNFAMILIAR",
		"FAMOUS",
		"FAMOUS",
		"FAMOUS",
		"FAMOUS",
		"UNFAMILIAR",
		"FAMOUS",
		"FAMOUS",
		"FAMOUS",
		"SCRAMBLED",
		"SCRAMBLED",
		"UNFAMILIAR",
		"n/a",
		"SCRAMBLED",
		"SCRAMBLED",
		"FAMOUS",
		"UNFAMILIAR",
		"UNFAMILIAR",
		"FAMOUS",
		"n/a"
	],
	"trigger":[13,13,14,17,13,17,18,17,15,17,999,13,14,19,17,18,15,5,6,5,6,19,17,18,19,5,17,17,5,6,999,13,14,17,7,17,18,19,17,19,5,17,5,19,17,13,14,19,5,6,7,999,5,6,19,13,14,7,5,19,17,18,13,14,13,13,13,7,5,6,999,13,14,5,15,13,14,15,13,15,5,6,5,6,13,7,5,6,17,18,15,999,17,18,5,13,15,5,999],
	"button_pushed":[7,4,4,7,4,4,4,4,7,7,20000,7,7,7,4,4,4,7,7,7,7,4,7,7,7,7,7,7,4,4,20000,4,4,7,7,7,7,7,4,4,4,7,7,4,7,7,7,4,4,4,4,20000,4,4,7,7,7,7,4,7,7,7,7,7,7,7,7,4,4,4,20000,7,7,4,7,7,7,7,4,7,4,4,4,4,4,4,4,4,7,7,4,20000,7,7,4,7,4,7,0],
	"response_time":[0.84,1.147,0.628,1.065,1.022,1.023,1.18,0.863,0.869,0.902,20,0.867,0.698,0.859,0.826,0.744,1.257,0.792,0.581,0.972,0.831,0.747,0.923,0.59,0.831,0.611,0.719,0.735,0.925,0.885,20,0.957,0.715,0.918,0.765,0.728,0.477,0.621,0.855,1.049,0.822,0.6840000000000001,0.95,1.01,0.869,0.804,0.643,0.771,0.843,0.716,0.861,20,0.841,1.013,1.101,1.317,0.651,1.015,0.92,0.756,0.769,0.585,0.915,0.919,0.739,0.968,0.712,0.772,0.769,0.597,20,0.766,0.597,0.8159999999999999,0.744,0.669,0.617,0.919,0.787,0.516,1.096,0.584,0.9360000000000001,0.9320000000000001,0.775,0.742,0.753,0.746,0.902,0.503,1.002,20,0.857,0.705,0.804,0.732,0.762,0.759,0],
	"stim_file":[
		"func/u034.bmp",
		"func/u039.bmp",
		"func/u039.bmp",
		"func/s036.bmp",
		"func/u041.bmp",
		"func/s034.bmp",
		"func/s034.bmp",
		"func/s039.bmp",
		"func/u034.bmp",
		"func/s048.bmp",
		"func/i999.bmp",
		"func/u044.bmp",
		"func/u044.bmp",
		"func/s036.bmp",
		"func/s043.bmp",
		"func/s043.bmp",
		"func/u041.bmp",
		"func/f047.bmp",
		"func/f047.bmp",
		"func/f046.bmp",
		"func/f046.bmp",
		"func/s039.bmp",
		"func/s035.bmp",
		"func/s035.bmp",
		"func/s048.bmp",
		"func/f044.bmp",
		"func/s033.bmp",
		"func/s041.bmp",
		"func/f038.bmp",
		"func/f038.bmp",
		"func/i999.bmp",
		"func/u033.bmp",
		"func/u033.bmp",
		"func/s044.bmp",
		"func/f044.bmp",
		"func/s046.bmp",
		"func/s046.bmp",
		"func/s033.bmp",
		"func/s045.bmp",
		"func/s041.bmp",
		"func/f042.bmp",
		"func/s040.bmp",
		"func/f035.bmp",
		"func/s044.bmp",
		"func/s042.bmp",
		"func/u040.bmp",
		"func/u040.bmp",
		"func/s045.bmp",
		"func/f039.bmp",
		"func/f039.bmp",
		"func/f042.bmp",
		"func/i999.bmp",
		"func/f043.bmp",
		"func/f043.bmp",
		"func/s040.bmp",
		"func/u047.bmp",
		"func/u047.bmp",
		"func/f035.bmp",
		"func/f041.bmp",
		"func/s042.bmp",
		"func/s038.bmp",
		"func/s038.bmp",
		"func/u042.bmp",
		"func/u042.bmp",
		"func/u043.bmp",
		"func/u035.bmp",
		"func/u038.bmp",
		"func/f041.bmp",
		"func/f034.bmp",
		"func/f034.bmp",
		"func/i999.bmp",
		"func/u045.bmp",
		"func/u045.bmp",
		"func/f048.bmp",
		"func/u043.bmp",
		"func/u036.bmp",
		"func/u036.bmp",
		"func/u035.bmp",
		"func/u046.bmp",
		"func/u038.bmp",
		"func/f036.bmp",
		"func/f036.bmp",
		"func/f033.bmp",
		"func/f033.bmp",
		"func/u048.bmp",
		"func/f048.bmp",
		"func/f045.bmp",
		"func/f045.bmp",
		"func/s037.bmp",
		"func/s037.bmp",
		"func/u046.bmp",
		"func/i999.bmp",
		"func/s047.bmp",
		"func/s047.bmp",
		"func/f040.bmp",
		"func/u037.bmp",
		"func/u048.bmp",
		"func/f037.bmp",
		"func/Circle.bmp"
	]
}
