{
	"onset":[16.009,21.252,31.757,37.002,42.263,47.507,52.751,58.012,63.256,68.517,73.761,79.006,84.26600000000001,89.511,94.755,105.26,110.504,115.765,121.01,126.254,131.515,136.759,142.003,147.264,152.508,157.753,163.014,168.258,178.763,184.007,189.251,194.512,199.757,205.001,210.262,215.506,220.767,226.011,231.256,236.516,241.761,252.266,257.51,262.754,268.015,273.259,278.504,283.764,289.009,294.253,299.514,304.758,310.003,315.263,325.752,331.013,336.257,341.501,346.762,352.006,357.251,362.512,367.758,373.017,378.261,383.505,388.766,399.255,404.516,409.76,415.004,420.265,425.509,430.754,436.014,441.259,446.503,451.764,457.008,462.252,472.758,478.002,483.263,488.507,493.751,499.012,504.256,509.517,514.761,520.006,525.2670000000001,530.511,535.755,546.26,551.505,556.765],
	"duration":[2.771,1.054,2.619,1.245,1.758,1.218,1.895,0.826,3.429,2.127,2.379,1.43,2.045,1.904,1.02,2.889,1.565,1.121,0.901,0.849,1.26,1.189,1.242,3.516,1.089,1.285,3.867,0.979,1.066,1.415,1.09,1.11,1.056,1.662,1.593,1.506,1.479,1.133,1.639,1.322,0.797,2.334,1.103,3.036,1.919,1.356,2.236,2.276,1.155,3.178,1.477,1.432,2.578,3.173,0.853,0.84,2.477,1.291,1.66,1.486,1.157,1.375,1.959,0.8070000000000001,2.673,0.926,2.32,1.662,1.378,3.037,1.921,3.099,1.567,2.469,2.681,1.363,2.255,1.667,2.703,1.18,1.632,1.923,2.422,1.097,2.541,1.852,0.6850000000000001,3.151,1.308,0.928,2.042,1.198,2.067,1.082,2.911,0.848],
	"trial_type":[
		"easy_par",
		"easy_par",
		"easy_par",
		"easy_par",
		"hard_par",
		"easy_par",
		"easy_par",
		"easy_par",
		"hard_par",
		"hard_par",
		"hard_par",
		"easy_par",
		"easy_par",
		"easy_par",
		"easy_par",
		"hard_par",
		"hard_par",
		"hard_par",
		"easy_par",
		"hard_par",
		"hard_par",
		"easy_par",
		"easy_par",
		"hard_par",
		"easy_par",
		"hard_par",
		"hard_par",
		"hard_par",
		"easy_par",
		"hard_par",
		"hard_par",
		"easy_par",
		"easy_par",
		"hard_par",
		"hard_par",
		"hard_par",
		"hard_par",
		"easy_par",
		"easy_par",
		"hard_par",
		"easy_par",
		"easy_par",
		"easy_par",
		"hard_par",
		"easy_par",
		"easy_par",
		"hard_par",
		"easy_par",
		"easy_par",
		"hard_par",
		"hard_par",
		"easy_par",
		"easy_par",
		"hard_par",
		"easy_par",
		"easy_par",
		"hard_par",
		"hard_par",
		"hard_par",
		"easy_par",
		"hard_par",
		"easy_par",
		"hard_par",
		"easy_par",
		"easy_par",
		"easy_par",
		"hard_par",
		"hard_par",
		"easy_par",
		"hard_par",
		"hard_par",
		"hard_par",
		"easy_par",
		"hard_par",
		"hard_par",
		"easy_par",
		"hard_par",
		"hard_par",
		"easy_par",
		"easy_par",
		"easy_par",
		"hard_par",
		"hard_par",
		"easy_par",
		"hard_par",
		"easy_par",
		"easy_par",
		"easy_par",
		"hard_par",
		"easy_par",
		"hard_par",
		"hard_par",
		"easy_par",
		"hard_par",
		"hard_par",
		"hard_par"
	],
	"easy_par":[
		-74.833,
		-93.833,
		24.167,
		269.167,
		"n/a",
		-88.833,
		269.167,
		-35.833,
		"n/a",
		"n/a",
		"n/a",
		-93.833,
		-74.833,
		-74.833,
		269.167,
		"n/a",
		"n/a",
		"n/a",
		-93.833,
		"n/a",
		"n/a",
		24.167,
		-93.833,
		"n/a",
		-88.833,
		"n/a",
		"n/a",
		"n/a",
		-35.833,
		"n/a",
		"n/a",
		269.167,
		-88.833,
		"n/a",
		"n/a",
		"n/a",
		"n/a",
		24.167,
		24.167,
		"n/a",
		-88.833,
		-35.833,
		24.167,
		"n/a",
		-88.833,
		24.167,
		"n/a",
		-35.833,
		-93.833,
		"n/a",
		"n/a",
		269.167,
		-35.833,
		"n/a",
		-88.833,
		-74.833,
		"n/a",
		"n/a",
		"n/a",
		-93.833,
		"n/a",
		-88.833,
		"n/a",
		-74.833,
		-35.833,
		-35.833,
		"n/a",
		"n/a",
		-74.833,
		"n/a",
		"n/a",
		"n/a",
		-93.833,
		"n/a",
		"n/a",
		269.167,
		"n/a",
		"n/a",
		-88.833,
		-74.833,
		269.167,
		"n/a",
		"n/a",
		-74.833,
		"n/a",
		24.167,
		-93.833,
		-35.833,
		"n/a",
		269.167,
		"n/a",
		"n/a",
		24.167,
		"n/a",
		"n/a",
		"n/a"
	],
	"hard_par":[
		"n/a",
		"n/a",
		"n/a",
		"n/a",
		269.167,
		"n/a",
		"n/a",
		"n/a",
		-35.833,
		-88.833,
		-88.833,
		"n/a",
		"n/a",
		"n/a",
		"n/a",
		269.167,
		-93.833,
		-93.833,
		"n/a",
		-93.833,
		-88.833,
		"n/a",
		"n/a",
		24.167,
		"n/a",
		-74.833,
		-35.833,
		-93.833,
		"n/a",
		-88.833,
		-88.833,
		"n/a",
		"n/a",
		-93.833,
		269.167,
		269.167,
		-74.833,
		"n/a",
		"n/a",
		269.167,
		"n/a",
		"n/a",
		"n/a",
		24.167,
		"n/a",
		"n/a",
		269.167,
		"n/a",
		"n/a",
		-74.833,
		-74.833,
		"n/a",
		"n/a",
		24.167,
		"n/a",
		"n/a",
		-35.833,
		-88.833,
		-74.833,
		"n/a",
		-35.833,
		"n/a",
		24.167,
		"n/a",
		"n/a",
		"n/a",
		-74.833,
		-93.833,
		"n/a",
		-74.833,
		-35.833,
		-74.833,
		"n/a",
		-88.833,
		24.167,
		"n/a",
		24.167,
		-35.833,
		"n/a",
		"n/a",
		"n/a",
		-35.833,
		24.167,
		"n/a",
		24.167,
		"n/a",
		"n/a",
		"n/a",
		-35.833,
		"n/a",
		-88.833,
		-93.833,
		"n/a",
		-93.833,
		269.167,
		269.167
	]
}
