{
	"name":[
		"EEG001",
		"EEG002",
		"EEG003",
		"EEG004",
		"EEG005",
		"EEG006",
		"EEG007",
		"EEG008",
		"EEG009",
		"EEG010",
		"EEG011",
		"EEG012",
		"EEG013",
		"EEG014",
		"EEG015",
		"EEG016",
		"EEG017",
		"EEG018",
		"EEG019",
		"EEG020",
		"EEG021",
		"EEG022",
		"EEG023",
		"EEG024",
		"EEG025",
		"EEG026",
		"EEG027",
		"EEG028",
		"EEG029",
		"EEG030",
		"EEG031",
		"EEG032",
		"EEG033",
		"EEG034",
		"EEG035",
		"EEG036",
		"EEG037",
		"EEG038",
		"EEG039",
		"EEG040",
		"EEG041",
		"EEG042",
		"EEG043",
		"EEG044",
		"EEG045",
		"EEG046",
		"EEG047",
		"EEG048",
		"EEG049",
		"EEG050",
		"EEG051",
		"EEG052",
		"EEG053",
		"EEG054",
		"EEG055",
		"EEG056",
		"EEG057",
		"EEG058",
		"EEG059",
		"EEG060",
		"EEG065",
		"EEG066",
		"EEG067",
		"EEG068",
		"EEG069",
		"EEG070",
		"EEG071",
		"EEG072",
		"EEG073",
		"EEG074"
	],
	"x":[-0.0406054,0.000124868,0.0452382,-0.0469021,-0.0290945,0.00292368,0.0357245,0.0521771,-0.0589745,-0.052242,-0.0416343,-0.0222329,0.00335487,0.0280407,0.0485843,0.0611865,0.06606090000000001,-0.0649115,-0.0669266,-0.0617015,-0.0495225,-0.0262103,0.00172546,0.0316491,0.0559632,0.0708177,0.0754427,0.0706266,-0.06933590000000001,-0.070673,-0.0656827,-0.0512533,-0.0289319,0.00326613,0.0344188,0.0578067,0.0754092,0.0789783,0.0737285,-0.0652698,-0.0681524,-0.065979,-0.0510745,-0.0294941,0.000593446,0.0332337,0.0595212,0.0738206,0.0758408,0.0731904,-0.0560468,-0.0599553,-0.0557971,-0.0422444,-0.0209899,0.00269888,0.029421,0.0490146,0.0623094,0.0646795,0.0626425,-0.0460996,-0.0280824,0.00126199,0.034786,0.0476513,-0.0247549,0.000641614,0.0272218,0.00269589],
	"y":[-0.0772668,0.105278,-0.077501,0.0795839,0.09371839999999999,0.101534,0.09406490000000001,0.0809585,0.056027,0.06651700000000001,0.07300570000000001,0.0797133,0.077747,0.07424559999999999,0.07049800000000001,0.06612800000000001,0.0535092,0.0231593,0.0327387,0.0420087,0.0469103,0.0508394,0.0514091,0.0464899,0.0444204,0.0378896,0.0301076,0.0244607,0.00360948,0.00329277,0.0140508,0.0192255,0.0234905,0.0162843,0.0185074,0.0143408,0.00979446,0.00179949,0.00495623,-0.0346232,-0.0241754,-0.0171555,-0.0121062,-0.009557950000000001,-0.0147909,-0.0126212,-0.0161879,-0.0203168,-0.0291164,-0.0357327,-0.057698,-0.0493118,-0.0471161,-0.0456696,-0.0384715,-0.0444368,-0.0403305,-0.045119,-0.0489231,-0.0524173,-0.058482,-0.069512,-0.0683874,-0.0711126,-0.06922200000000001,-0.07247679999999999,-0.0827214,-0.08690580000000001,-0.0830299,-0.0914169],
	"z":[0.0384749,0.0375927,0.0381889,0.032725,0.0556641,0.06878869999999999,0.0594392,0.0309147,0.0366432,0.0574068,0.07571559999999999,0.0917761,0.100042,0.0966866,0.0817054,0.0598131,0.0370679,0.0118667,0.0415392,0.0670755,0.09178790000000001,0.108051,0.117113,0.112818,0.0970211,0.0707855,0.0451703,0.0132598,0.0129782,0.0465342,0.0781271,0.103354,0.119948,0.130877,0.121031,0.107793,0.0819536,0.0524349,0.01726,0.0248988,0.0538958,0.08651109999999999,0.11115,0.125967,0.133957,0.12757,0.113869,0.08817609999999999,0.0562698,0.02608,0.0318682,0.06514200000000001,0.0893982,0.110035,0.121016,0.126323,0.123716,0.110904,0.088558,0.0646682,0.0306982,0.0719939,0.0978806,0.103781,0.09689979999999999,0.07102799999999999,0.0758361,0.07475130000000001,0.07412530000000001,0.040972]
}
