{
	"onset":[24.6182,27.7255,30.8318,33.9727,37.0636,40.1036,43.3109,46.4682,49.6255,52.7491,56.0736,59.2482,62.4555,65.4455,68.7364,72.0273,75.26819999999999,78.4918,81.59910000000001,84.7227,87.93089999999999,91.1045,94.3282,97.5364,100.694,103.934,107.058,110.265,113.355,116.463,119.687,122.912,126.185,129.344,132.383,135.557,138.815,141.939,145.229,148.47,151.544,154.585,157.875,160.949,164.123,167.347,170.555,173.662,176.785,179.976,183,186.174,189.448,192.538,195.695,199.004,202.077,205.151,208.392,211.683,214.873,218.147,221.288,224.412,227.686,230.844,233.984,237.225,240.449,243.656,246.78,249.921,253.245,256.385,259.375,262.399,265.49,268.597,271.637,274.728,277.918,280.942,284.133,287.29,290.531,293.522,296.728,299.752,302.825,306.05,309.241,312.465,315.689,318.863,322.054,325.395,328.502,331.575,334.716,337.89,341.064,344.121,347.312,350.653,353.91,357.235,360.476,363.733,366.824,369.964,373.171,376.429,379.686,382.744,385.817,389.008,392.032,395.088,398.313,401.57,404.644,407.868,410.958,414.1,417.356,420.665,423.838,427.08,430.303,433.594,436.735,439.875,443.049,446.223,449.364,452.505,455.678,458.969,462.126,465.3,468.507,471.632,474.839,478.096,481.304,484.445,487.568,490.725],
	"duration":[0,0,0,0,0,0,0,0,0,0,0,0,0,0,0,0,0,0,0,0,0,0,0,0,0,0,0,0,0,0,0,0,0,0,0,0,0,0,0,0,0,0,0,0,0,0,0,0,0,0,0,0,0,0,0,0,0,0,0,0,0,0,0,0,0,0,0,0,0,0,0,0,0,0,0,0,0,0,0,0,0,0,0,0,0,0,0,0,0,0,0,0,0,0,0,0,0,0,0,0,0,0,0,0,0,0,0,0,0,0,0,0,0,0,0,0,0,0,0,0,0,0,0,0,0,0,0,0,0,0,0,0,0,0,0,0,0,0,0,0,0,0,0,0,0,0,0,0],
	"event_sample":[27080,30498,33915,37370,40770,44114,47642,51115,54588,58024,61681,65173,68701,71990,75610,79230,82795,86341,89759,93195,96724,100215,103761,107290,110763,114327,117764,121292,124691,128109,131656,135203,138804,142278,145621,149113,152696,156133,159752,163317,166698,170043,173663,177044,180535,184082,187610,191028,194464,197974,201300,204791,208393,211792,215265,218904,222285,225666,229231,232851,236360,239962,243417,246853,250455,253928,257382,260947,264494,268022,271458,274913,278569,282024,285313,288639,292039,295457,298801,302201,305710,309036,312546,316019,319584,322874,326401,329727,333108,336655,340165,343711,347258,350749,354259,357934,361352,364733,368188,371679,375170,378533,382043,385718,389301,392958,396524,400106,403506,406960,410488,414072,417655,421018,424399,427909,431235,434597,438144,441727,445108,448655,452054,455510,459092,462731,466222,469788,473333,476953,480409,483863,487354,490845,494300,497755,501246,504866,508339,511830,515358,518795,522323,525906,529434,532889,536325,539798],
	"trial_type":[
		"Famous",
		"Famous",
		"Scrambled",
		"Scrambled",
		"Unfamiliar",
		"Famous",
		"Unfamiliar",
		"Famous",
		"Scrambled",
		"Scrambled",
		"Unfamiliar",
		"Unfamiliar",
		"Unfamiliar",
		"Famous",
		"Unfamiliar",
		"Unfamiliar",
		"Famous",
		"Famous",
		"Famous",
		"Scrambled",
		"Unfamiliar",
		"Unfamiliar",
		"Unfamiliar",
		"Unfamiliar",
		"Unfamiliar",
		"Unfamiliar",
		"Unfamiliar",
		"Famous",
		"Famous",
		"Famous",
		"Scrambled",
		"Famous",
		"Famous",
		"Famous",
		"Famous",
		"Unfamiliar",
		"Famous",
		"Famous",
		"Unfamiliar",
		"Unfamiliar",
		"Unfamiliar",
		"Famous",
		"Scrambled",
		"Scrambled",
		"Scrambled",
		"Scrambled",
		"Famous",
		"Famous",
		"Unfamiliar",
		"Unfamiliar",
		"Famous",
		"Famous",
		"Unfamiliar",
		"Unfamiliar",
		"Unfamiliar",
		"Famous",
		"Famous",
		"Famous",
		"Famous",
		"Famous",
		"Famous",
		"Famous",
		"Unfamiliar",
		"Famous",
		"Scrambled",
		"Famous",
		"Unfamiliar",
		"Unfamiliar",
		"Unfamiliar",
		"Famous",
		"Scrambled",
		"Scrambled",
		"Famous",
		"Scrambled",
		"Scrambled",
		"Famous",
		"Unfamiliar",
		"Scrambled",
		"Famous",
		"Scrambled",
		"Scrambled",
		"Unfamiliar",
		"Famous",
		"Famous",
		"Famous",
		"Famous",
		"Scrambled",
		"Scrambled",
		"Unfamiliar",
		"Unfamiliar",
		"Famous",
		"Scrambled",
		"Scrambled",
		"Scrambled",
		"Scrambled",
		"Famous",
		"Scrambled",
		"Unfamiliar",
		"Unfamiliar",
		"Famous",
		"Famous",
		"Scrambled",
		"Unfamiliar",
		"Scrambled",
		"Scrambled",
		"Scrambled",
		"Famous",
		"Scrambled",
		"Scrambled",
		"Scrambled",
		"Unfamiliar",
		"Famous",
		"Famous",
		"Unfamiliar",
		"Unfamiliar",
		"Unfamiliar",
		"Unfamiliar",
		"Unfamiliar",
		"Scrambled",
		"Scrambled",
		"Scrambled",
		"Scrambled",
		"Scrambled",
		"Unfamiliar",
		"Unfamiliar",
		"Unfamiliar",
		"Scrambled",
		"Scrambled",
		"Scrambled",
		"Scrambled",
		"Scrambled",
		"Unfamiliar",
		"Unfamiliar",
		"Scrambled",
		"Scrambled",
		"Scrambled",
		"Unfamiliar",
		"Unfamiliar",
		"Scrambled",
		"Scrambled",
		"Unfamiliar",
		"Unfamiliar",
		"Scrambled",
		"Famous",
		"Scrambled",
		"Famous",
		"Famous",
		"Unfamiliar"
	],
	"event_value":[5,6,17,18,13,5,13,5,17,18,13,15,13,7,13,15,5,6,7,17,13,14,15,13,15,13,15,5,5,6,19,5,6,5,6,15,5,6,15,13,14,7,17,18,17,18,5,5,13,14,5,6,13,13,14,7,5,7,5,6,5,5,15,5,17,7,13,14,13,7,17,18,7,17,18,7,13,19,5,17,18,15,5,6,5,6,17,18,15,13,7,17,18,17,17,5,17,15,13,5,6,19,13,19,17,18,7,17,19,17,15,5,6,13,14,15,13,14,17,19,17,19,17,13,13,14,17,18,19,17,19,13,14,19,17,18,15,13,17,18,13,14,19,5,17,5,6,15],
	"stim_file":[
		"f147.bmp",
		"f147.bmp",
		"s012.bmp",
		"s012.bmp",
		"u002.bmp",
		"f005.bmp",
		"u087.bmp",
		"f129.bmp",
		"s114.bmp",
		"s114.bmp",
		"u065.bmp",
		"u002.bmp",
		"u006.bmp",
		"f005.bmp",
		"u103.bmp",
		"u087.bmp",
		"f009.bmp",
		"f009.bmp",
		"f129.bmp",
		"s042.bmp",
		"u084.bmp",
		"u084.bmp",
		"u065.bmp",
		"u073.bmp",
		"u006.bmp",
		"u021.bmp",
		"u103.bmp",
		"f064.bmp",
		"f130.bmp",
		"f130.bmp",
		"s042.bmp",
		"f020.bmp",
		"f020.bmp",
		"f117.bmp",
		"f117.bmp",
		"u073.bmp",
		"f105.bmp",
		"f105.bmp",
		"u021.bmp",
		"u007.bmp",
		"u007.bmp",
		"f064.bmp",
		"s126.bmp",
		"s126.bmp",
		"s055.bmp",
		"s055.bmp",
		"f021.bmp",
		"f095.bmp",
		"u067.bmp",
		"u067.bmp",
		"f049.bmp",
		"f049.bmp",
		"u028.bmp",
		"u020.bmp",
		"u020.bmp",
		"f021.bmp",
		"f015.bmp",
		"f095.bmp",
		"f006.bmp",
		"f006.bmp",
		"f062.bmp",
		"f121.bmp",
		"u028.bmp",
		"f087.bmp",
		"s041.bmp",
		"f015.bmp",
		"u077.bmp",
		"u077.bmp",
		"u016.bmp",
		"f062.bmp",
		"s138.bmp",
		"s138.bmp",
		"f121.bmp",
		"s074.bmp",
		"s074.bmp",
		"f087.bmp",
		"u110.bmp",
		"s041.bmp",
		"f102.bmp",
		"s148.bmp",
		"s148.bmp",
		"u016.bmp",
		"f112.bmp",
		"f112.bmp",
		"f115.bmp",
		"f115.bmp",
		"s144.bmp",
		"s144.bmp",
		"u110.bmp",
		"u069.bmp",
		"f102.bmp",
		"s026.bmp",
		"s026.bmp",
		"s049.bmp",
		"s040.bmp",
		"f040.bmp",
		"s060.bmp",
		"u069.bmp",
		"u078.bmp",
		"f144.bmp",
		"f144.bmp",
		"s049.bmp",
		"u068.bmp",
		"s040.bmp",
		"s137.bmp",
		"s137.bmp",
		"f040.bmp",
		"s145.bmp",
		"s060.bmp",
		"s131.bmp",
		"u078.bmp",
		"f091.bmp",
		"f091.bmp",
		"u053.bmp",
		"u053.bmp",
		"u068.bmp",
		"u132.bmp",
		"u132.bmp",
		"s004.bmp",
		"s145.bmp",
		"s037.bmp",
		"s131.bmp",
		"s078.bmp",
		"u104.bmp",
		"u047.bmp",
		"u047.bmp",
		"s045.bmp",
		"s045.bmp",
		"s004.bmp",
		"s054.bmp",
		"s037.bmp",
		"u012.bmp",
		"u012.bmp",
		"s078.bmp",
		"s023.bmp",
		"s023.bmp",
		"u104.bmp",
		"u043.bmp",
		"s118.bmp",
		"s118.bmp",
		"u143.bmp",
		"u143.bmp",
		"s054.bmp",
		"f096.bmp",
		"s057.bmp",
		"f050.bmp",
		"f050.bmp",
		"u043.bmp"
	]
}
