{
	"ÿonset":[28.8,61.824,92.032,119.424,144.256,172.672,208.256,233.472,272.128,309.888,338.56,367.616,396.544,432.512,462.592,496.128,528.384,566.016,600.704,637.4400000000001,670.976,704.128,733.184,764.16,793.6,830.4640000000001,856.832,883.84,910.976,936.832,966.784,993.792,1030.912,1056.512,1081.856,1112.96,1150.592,1185.152,1214.464,1248.128,1280,1314.944,1341.44,1372.544,1400.32,1427.2,1466.112,1499.264,1534.848,1573.376,1606.016,1644.032,1670.528,1707.264,1744.256,1776.64,1811.456,1848.448,1873.28,1908.608,1936.896,1961.856,1999.872,2033.664,2070.528,2097.792,2133.504,2169.856,2204.928,2233.344,2269.952,2296.32,2335.104,2366.592,2402.816,2434.944,2464.128,2489.984,2525.184,2561.28,2600.192,2625.792,2650.624,2678.144,2716.288,2749.056,2776.704,2811.264,2838.656,2875.392],
	"duration":[5,5,5,5,5,5,5,5,5,5,5,5,5,5,5,5,5,5,5,5,5,5,5,5,5,5,5,5,5,5,5,5,5,5,5,5,5,5,5,5,5,5,5,5,5,5,5,5,5,5,5,5,5,5,5,5,5,5,5,5,5,5,5,5,5,5,5,5,5,5,5,5,5,5,5,5,5,5,5,5,5,5,5,5,5,5,5,5,5,5],
	"trial_type":[
		"Tapping/Right",
		"Tapping/Right",
		"Tapping/Right",
		"Control",
		"Control",
		"Tapping/Left",
		"Tapping/Left",
		"Tapping/Right",
		"Tapping/Right",
		"Tapping/Right",
		"Tapping/Left",
		"Tapping/Left",
		"Tapping/Right",
		"Control",
		"Tapping/Right",
		"Tapping/Right",
		"Tapping/Left",
		"Control",
		"Control",
		"Control",
		"Control",
		"Control",
		"Tapping/Left",
		"Tapping/Left",
		"Control",
		"Control",
		"Tapping/Left",
		"Tapping/Left",
		"Tapping/Right",
		"Control",
		"Tapping/Left",
		"Tapping/Left",
		"Control",
		"Control",
		"Control",
		"Tapping/Left",
		"Tapping/Left",
		"Tapping/Left",
		"Tapping/Left",
		"Control",
		"Control",
		"Tapping/Left",
		"Tapping/Left",
		"Tapping/Right",
		"Tapping/Right",
		"Tapping/Right",
		"Control",
		"Control",
		"Tapping/Right",
		"Tapping/Right",
		"Tapping/Left",
		"Control",
		"Tapping/Right",
		"Tapping/Left",
		"Tapping/Left",
		"Control",
		"Control",
		"Tapping/Left",
		"Tapping/Right",
		"Tapping/Right",
		"Control",
		"Tapping/Left",
		"Tapping/Right",
		"Tapping/Right",
		"Tapping/Right",
		"Tapping/Right",
		"Tapping/Right",
		"Tapping/Right",
		"Tapping/Right",
		"Tapping/Left",
		"Tapping/Left",
		"Tapping/Left",
		"Control",
		"Tapping/Right",
		"Tapping/Left",
		"Tapping/Right",
		"Control",
		"Tapping/Left",
		"Control",
		"Tapping/Right",
		"Control",
		"Control",
		"Tapping/Right",
		"Tapping/Left",
		"Tapping/Left",
		"Control",
		"Control",
		"Tapping/Left",
		"Tapping/Right",
		"Control"
	],
	"value":[3,3,3,1,1,2,2,3,3,3,2,2,3,1,3,3,2,1,1,1,1,1,2,2,1,1,2,2,3,1,2,2,1,1,1,2,2,2,2,1,1,2,2,3,3,3,1,1,3,3,2,1,3,2,2,1,1,2,3,3,1,2,3,3,3,3,3,3,3,2,2,2,1,3,2,3,1,2,1,3,1,1,3,2,2,1,1,2,3,1],
	"sample":[225,483,719,933,1127,1349,1627,1824,2126,2421,2645,2872,3098,3379,3614,3876,4128,4422,4693,4980,5242,5501,5728,5970,6200,6488,6694,6905,7117,7319,7553,7764,8054,8254,8452,8695,8989,9259,9488,9751,10000,10273,10480,10723,10940,11150,11454,11713,11991,12292,12547,12844,13051,13338,13627,13880,14152,14441,14635,14911,15132,15327,15624,15888,16176,16389,16668,16952,17226,17448,17734,17940,18243,18489,18772,19023,19251,19453,19728,20010,20314,20514,20708,20923,21221,21477,21693,21963,22177,22464]
}
