{
	"onset":[30.4818,33.7391,36.8791,40.1373,43.2945,46.4518,49.6418,52.85,56.09,59.2645,62.3218,65.49550000000001,68.7527,72.0273,75.2182,78.3082,81.6164,84.79000000000001,88.0309,91.25449999999999,94.3455,97.5027,100.71,103.734,106.757,110.082,113.222,116.363,119.536,122.861,126.118,129.192,132.316,135.49,138.765,141.872,145.062,148.303,151.46,154.467,157.491,160.715,164.056,167.096,170.17,173.261,176.285,179.542,182.715,185.906,189.164,192.187,195.345,198.535,201.776,204.967,208.175,211.315,214.555,217.546,220.636,223.81,227.168,230.342,233.516,236.74,239.981,243.172,246.245,249.486,252.76,255.935,259.108,262.333,265.524,268.647,271.805,275.028,278.07,281.125,284.4,287.591,290.748,293.939,297.313,300.504,303.812,307.069,310.376,313.4,316.491,319.648,322.738,325.945,329.103,332.16,335.351,338.642,341.899,345.09,348.247,351.438,354.495,357.669,360.759,363.866,367.124,370.231,373.355,376.529,379.586,382.694,385.834,388.925,391.981,395.072,398.229,401.236,404.476,407.685,410.892,414.083,417.323,420.547,423.705,426.962,430.253,433.326,436.501,439.691,442.748,446.039,449.113,452.471,455.645,458.785,461.893,465.134,468.407,471.548,474.705,477.879,481.004,484.161,487.285,490.475],
	"duration":[0,0,0,0,0,0,0,0,0,0,0,0,0,0,0,0,0,0,0,0,0,0,0,0,0,0,0,0,0,0,0,0,0,0,0,0,0,0,0,0,0,0,0,0,0,0,0,0,0,0,0,0,0,0,0,0,0,0,0,0,0,0,0,0,0,0,0,0,0,0,0,0,0,0,0,0,0,0,0,0,0,0,0,0,0,0,0,0,0,0,0,0,0,0,0,0,0,0,0,0,0,0,0,0,0,0,0,0,0,0,0,0,0,0,0,0,0,0,0,0,0,0,0,0,0,0,0,0,0,0,0,0,0,0,0,0,0,0,0,0,0,0,0,0,0,0],
	"onset_sample":[33530,37113,40567,44151,47624,51097,54606,58135,61699,65191,68554,72045,75628,79230,82740,86139,89778,93269,96834,100380,103780,107253,110781,114107,117433,121090,124544,127999,131490,135147,138730,142111,145548,149039,152641,156059,159568,163133,166606,169914,173240,176786,180462,183806,187187,190587,193913,197496,200987,204497,208080,211406,214879,218389,221954,225464,228992,232446,236011,239301,242700,246191,249885,253376,256868,260414,263979,267489,270870,274435,278036,281529,285019,288566,292076,295512,298985,302531,305877,309238,312840,316350,319823,323333,327044,330554,334193,337776,341414,344740,348140,351613,355012,358540,362013,365376,368886,372506,376089,379599,383072,386582,389944,393436,396835,400253,403836,407254,410691,414182,417545,420963,424417,427817,431179,434579,438052,441360,444924,448453,451981,455491,459055,462602,466075,469658,473278,476659,480151,483660,487023,490643,494024,497718,501209,504664,508082,511647,515248,518703,522176,525667,529104,532577,536013,539523],
	"stim_type":[
		"Scrambled",
		"Famous",
		"Famous",
		"Unfamiliar",
		"Scrambled",
		"Scrambled",
		"Scrambled",
		"Scrambled",
		"Famous",
		"Famous",
		"Scrambled",
		"Unfamiliar",
		"Unfamiliar",
		"Unfamiliar",
		"Unfamiliar",
		"Unfamiliar",
		"Unfamiliar",
		"Scrambled",
		"Unfamiliar",
		"Unfamiliar",
		"Scrambled",
		"Unfamiliar",
		"Unfamiliar",
		"Unfamiliar",
		"Famous",
		"Famous",
		"Scrambled",
		"Scrambled",
		"Scrambled",
		"Unfamiliar",
		"Unfamiliar",
		"Unfamiliar",
		"Famous",
		"Famous",
		"Scrambled",
		"Famous",
		"Scrambled",
		"Scrambled",
		"Unfamiliar",
		"Unfamiliar",
		"Unfamiliar",
		"Unfamiliar",
		"Famous",
		"Famous",
		"Unfamiliar",
		"Unfamiliar",
		"Famous",
		"Unfamiliar",
		"Scrambled",
		"Unfamiliar",
		"Unfamiliar",
		"Unfamiliar",
		"Unfamiliar",
		"Scrambled",
		"Scrambled",
		"Famous",
		"Famous",
		"Famous",
		"Scrambled",
		"Famous",
		"Unfamiliar",
		"Scrambled",
		"Famous",
		"Famous",
		"Famous",
		"Famous",
		"Scrambled",
		"Scrambled",
		"Scrambled",
		"Scrambled",
		"Unfamiliar",
		"Unfamiliar",
		"Unfamiliar",
		"Scrambled",
		"Famous",
		"Scrambled",
		"Famous",
		"Scrambled",
		"Scrambled",
		"Famous",
		"Famous",
		"Scrambled",
		"Famous",
		"Famous",
		"Unfamiliar",
		"Unfamiliar",
		"Scrambled",
		"Unfamiliar",
		"Unfamiliar",
		"Scrambled",
		"Unfamiliar",
		"Famous",
		"Famous",
		"Scrambled",
		"Unfamiliar",
		"Unfamiliar",
		"Scrambled",
		"Unfamiliar",
		"Unfamiliar",
		"Unfamiliar",
		"Famous",
		"Famous",
		"Famous",
		"Famous",
		"Unfamiliar",
		"Scrambled",
		"Scrambled",
		"Scrambled",
		"Unfamiliar",
		"Scrambled",
		"Scrambled",
		"Famous",
		"Famous",
		"Unfamiliar",
		"Unfamiliar",
		"Unfamiliar",
		"Unfamiliar",
		"Scrambled",
		"Scrambled",
		"Unfamiliar",
		"Famous",
		"Famous",
		"Scrambled",
		"Famous",
		"Famous",
		"Famous",
		"Unfamiliar",
		"Famous",
		"Scrambled",
		"Scrambled",
		"Famous",
		"Famous",
		"Unfamiliar",
		"Famous",
		"Scrambled",
		"Scrambled",
		"Famous",
		"Famous",
		"Famous",
		"Scrambled",
		"Scrambled",
		"Unfamiliar",
		"Famous",
		"Scrambled",
		"Scrambled",
		"Famous"
	],
	"trigger":[17,5,6,13,17,18,17,18,5,6,19,13,14,13,14,15,13,17,13,13,17,13,14,15,5,6,19,17,18,15,13,15,5,6,19,5,17,18,13,13,15,13,5,7,13,14,5,15,17,15,13,14,15,17,18,7,5,6,17,7,13,19,5,6,5,5,17,18,19,17,15,13,14,17,7,17,7,17,18,5,6,19,5,6,13,14,19,13,14,19,13,5,5,17,13,14,17,15,13,14,7,5,6,7,13,19,17,18,13,19,17,5,6,13,15,13,14,17,18,15,5,6,19,5,5,6,15,5,17,18,5,6,13,7,17,18,5,7,5,17,17,15,5,17,18,7],
	"stim_file":[
		"meg/s067.bmp",
		"meg/f047.bmp",
		"meg/f047.bmp",
		"meg/u147.bmp",
		"meg/s089.bmp",
		"meg/s089.bmp",
		"meg/s061.bmp",
		"meg/s061.bmp",
		"meg/f028.bmp",
		"meg/f028.bmp",
		"meg/s067.bmp",
		"meg/u135.bmp",
		"meg/u135.bmp",
		"meg/u041.bmp",
		"meg/u041.bmp",
		"meg/u147.bmp",
		"meg/u134.bmp",
		"meg/s015.bmp",
		"meg/u137.bmp",
		"meg/u043.bmp",
		"meg/s053.bmp",
		"meg/u035.bmp",
		"meg/u035.bmp",
		"meg/u134.bmp",
		"meg/f018.bmp",
		"meg/f018.bmp",
		"meg/s015.bmp",
		"meg/s062.bmp",
		"meg/s062.bmp",
		"meg/u137.bmp",
		"meg/u066.bmp",
		"meg/u043.bmp",
		"meg/f034.bmp",
		"meg/f034.bmp",
		"meg/s053.bmp",
		"meg/f083.bmp",
		"meg/s111.bmp",
		"meg/s111.bmp",
		"meg/u020.bmp",
		"meg/u095.bmp",
		"meg/u066.bmp",
		"meg/u120.bmp",
		"meg/f073.bmp",
		"meg/f083.bmp",
		"meg/u091.bmp",
		"meg/u091.bmp",
		"meg/f126.bmp",
		"meg/u020.bmp",
		"meg/s123.bmp",
		"meg/u095.bmp",
		"meg/u084.bmp",
		"meg/u084.bmp",
		"meg/u120.bmp",
		"meg/s014.bmp",
		"meg/s014.bmp",
		"meg/f073.bmp",
		"meg/f111.bmp",
		"meg/f111.bmp",
		"meg/s118.bmp",
		"meg/f126.bmp",
		"meg/u014.bmp",
		"meg/s123.bmp",
		"meg/f040.bmp",
		"meg/f040.bmp",
		"meg/f136.bmp",
		"meg/f070.bmp",
		"meg/s035.bmp",
		"meg/s035.bmp",
		"meg/s118.bmp",
		"meg/s005.bmp",
		"meg/u014.bmp",
		"meg/u113.bmp",
		"meg/u113.bmp",
		"meg/s134.bmp",
		"meg/f136.bmp",
		"meg/s080.bmp",
		"meg/f070.bmp",
		"meg/s002.bmp",
		"meg/s002.bmp",
		"meg/f084.bmp",
		"meg/f084.bmp",
		"meg/s005.bmp",
		"meg/f085.bmp",
		"meg/f085.bmp",
		"meg/u089.bmp",
		"meg/u089.bmp",
		"meg/s134.bmp",
		"meg/u143.bmp",
		"meg/u143.bmp",
		"meg/s080.bmp",
		"meg/u002.bmp",
		"meg/f115.bmp",
		"meg/f020.bmp",
		"meg/s126.bmp",
		"meg/u036.bmp",
		"meg/u036.bmp",
		"meg/s013.bmp",
		"meg/u002.bmp",
		"meg/u028.bmp",
		"meg/u028.bmp",
		"meg/f115.bmp",
		"meg/f137.bmp",
		"meg/f137.bmp",
		"meg/f020.bmp",
		"meg/u107.bmp",
		"meg/s126.bmp",
		"meg/s031.bmp",
		"meg/s031.bmp",
		"meg/u022.bmp",
		"meg/s013.bmp",
		"meg/s116.bmp",
		"meg/f120.bmp",
		"meg/f120.bmp",
		"meg/u051.bmp",
		"meg/u107.bmp",
		"meg/u017.bmp",
		"meg/u017.bmp",
		"meg/s131.bmp",
		"meg/s131.bmp",
		"meg/u022.bmp",
		"meg/f107.bmp",
		"meg/f107.bmp",
		"meg/s116.bmp",
		"meg/f072.bmp",
		"meg/f105.bmp",
		"meg/f105.bmp",
		"meg/u051.bmp",
		"meg/f125.bmp",
		"meg/s079.bmp",
		"meg/s079.bmp",
		"meg/f142.bmp",
		"meg/f142.bmp",
		"meg/u082.bmp",
		"meg/f072.bmp",
		"meg/s042.bmp",
		"meg/s042.bmp",
		"meg/f032.bmp",
		"meg/f125.bmp",
		"meg/f068.bmp",
		"meg/s142.bmp",
		"meg/s065.bmp",
		"meg/u082.bmp",
		"meg/f094.bmp",
		"meg/s087.bmp",
		"meg/s087.bmp",
		"meg/f032.bmp"
	]
}
