{
	"onset":[28.8973,32.1882,35.4291,38.6027,41.8273,45.0509,48.2755,51.3991,54.6064,57.73,60.8873,64.01179999999999,67.3527,70.3764,73.5836,76.6073,79.68089999999999,82.9718,86.0955,89.3027,92.6609,95.8182,98.9764,102.065,105.223,108.364,111.421,114.495,117.652,120.943,123.966,127.241,130.381,133.672,136.863,140.004,143.194,146.335,149.575,152.766,155.99,159.197,162.288,165.295,168.419,171.559,174.716,177.924,181.232,184.423,187.546,190.82,193.977,197.235,200.393,203.533,206.674,209.797,212.921,216.195,219.403,222.544,225.717,228.742,231.915,235.073,238.314,241.521,244.645,247.969,250.993,254.1,257.407,260.565,263.622,266.863,269.936,273.244,276.284,279.458,282.448,285.589,288.613,291.669,294.86,297.867,300.925,303.981,307.239,310.263,313.503,316.761,320.002,323.259,326.416,329.657,332.881,336.189,339.296,342.47,345.677,348.667,351.925,355.083,358.206,361.497,364.688,367.862,370.985,374.076,377.116,380.124,383.297,386.388,389.428,392.569,395.793,398.9,402.057,405.332,408.573,411.646,414.937,417.961,421.101,424.242,427.299,430.423,433.646,436.837,440.045,443.202,446.376,449.534,452.624,455.798,458.922,461.912,465.086,468.31,471.434,474.608,477.648,480.939,484.096,487.204,490.311],
	"duration":[0,0,0,0,0,0,0,0,0,0,0,0,0,0,0,0,0,0,0,0,0,0,0,0,0,0,0,0,0,0,0,0,0,0,0,0,0,0,0,0,0,0,0,0,0,0,0,0,0,0,0,0,0,0,0,0,0,0,0,0,0,0,0,0,0,0,0,0,0,0,0,0,0,0,0,0,0,0,0,0,0,0,0,0,0,0,0,0,0,0,0,0,0,0,0,0,0,0,0,0,0,0,0,0,0,0,0,0,0,0,0,0,0,0,0,0,0,0,0,0,0,0,0,0,0,0,0,0,0,0,0,0,0,0,0,0,0,0,0,0,0,0,0,0,0,0,0],
	"onset_sample":[31787,35407,38972,42463,46010,49556,53103,56539,60067,63503,66976,70413,74088,77414,80942,84268,87649,91269,94705,98233,101927,105400,108874,112272,115745,119200,122563,125944,129417,133037,136363,139965,143419,147039,150549,154004,157513,160968,164533,168043,171589,175117,178517,181825,185261,188715,192188,195716,199355,202865,206301,209902,213375,216959,220432,223886,227341,230777,234213,237815,241343,244798,248289,251616,255107,258580,262145,265673,269109,272766,276092,279510,283148,286621,289984,293549,296930,300568,303912,307404,310693,314148,317474,320836,324346,327654,331017,334379,337963,341289,344853,348437,352002,355585,359058,362623,366169,369808,373226,376717,380245,383534,387118,390591,394027,397647,401157,404648,408084,411484,414828,418136,421627,425027,428371,431826,435372,438790,442263,445865,449430,452811,456431,459757,463211,466666,470029,473465,477011,480521,484049,487522,491014,494487,497886,501378,504814,508103,511595,515141,518577,522069,525413,529033,532506,535924,539342],
	"stim_type":[
		"Unfamiliar",
		"Famous",
		"Scrambled",
		"Unfamiliar",
		"Unfamiliar",
		"Famous",
		"Famous",
		"Unfamiliar",
		"Unfamiliar",
		"Unfamiliar",
		"Famous",
		"Unfamiliar",
		"Scrambled",
		"Scrambled",
		"Famous",
		"Famous",
		"Famous",
		"Unfamiliar",
		"Unfamiliar",
		"Famous",
		"Famous",
		"Famous",
		"Unfamiliar",
		"Unfamiliar",
		"Unfamiliar",
		"Scrambled",
		"Scrambled",
		"Scrambled",
		"Scrambled",
		"Scrambled",
		"Scrambled",
		"Famous",
		"Famous",
		"Famous",
		"Scrambled",
		"Famous",
		"Famous",
		"Scrambled",
		"Unfamiliar",
		"Unfamiliar",
		"Scrambled",
		"Famous",
		"Famous",
		"Scrambled",
		"Scrambled",
		"Unfamiliar",
		"Famous",
		"Scrambled",
		"Scrambled",
		"Scrambled",
		"Unfamiliar",
		"Unfamiliar",
		"Famous",
		"Famous",
		"Unfamiliar",
		"Scrambled",
		"Scrambled",
		"Famous",
		"Scrambled",
		"Famous",
		"Scrambled",
		"Famous",
		"Famous",
		"Famous",
		"Scrambled",
		"Scrambled",
		"Famous",
		"Famous",
		"Famous",
		"Famous",
		"Unfamiliar",
		"Unfamiliar",
		"Scrambled",
		"Famous",
		"Scrambled",
		"Scrambled",
		"Scrambled",
		"Famous",
		"Famous",
		"Famous",
		"Famous",
		"Famous",
		"Scrambled",
		"Unfamiliar",
		"Unfamiliar",
		"Scrambled",
		"Scrambled",
		"Scrambled",
		"Unfamiliar",
		"Unfamiliar",
		"Unfamiliar",
		"Famous",
		"Scrambled",
		"Scrambled",
		"Scrambled",
		"Unfamiliar",
		"Unfamiliar",
		"Scrambled",
		"Scrambled",
		"Scrambled",
		"Scrambled",
		"Unfamiliar",
		"Scrambled",
		"Unfamiliar",
		"Unfamiliar",
		"Unfamiliar",
		"Unfamiliar",
		"Unfamiliar",
		"Unfamiliar",
		"Unfamiliar",
		"Scrambled",
		"Famous",
		"Famous",
		"Unfamiliar",
		"Unfamiliar",
		"Unfamiliar",
		"Unfamiliar",
		"Famous",
		"Unfamiliar",
		"Unfamiliar",
		"Unfamiliar",
		"Scrambled",
		"Scrambled",
		"Unfamiliar",
		"Scrambled",
		"Scrambled",
		"Unfamiliar",
		"Famous",
		"Famous",
		"Famous",
		"Unfamiliar",
		"Unfamiliar",
		"Unfamiliar",
		"Famous",
		"Unfamiliar",
		"Scrambled",
		"Scrambled",
		"Unfamiliar",
		"Unfamiliar",
		"Scrambled",
		"Scrambled",
		"Famous",
		"Famous",
		"Famous",
		"Famous",
		"Famous",
		"Scrambled"
	],
	"trigger":[13,5,17,13,14,5,5,15,13,14,7,13,19,17,5,6,7,13,14,7,5,6,13,14,15,17,19,17,17,17,18,5,6,5,19,5,6,19,13,14,19,5,6,17,18,13,7,17,17,17,13,14,5,6,15,17,19,5,19,5,19,5,6,5,17,19,5,7,5,7,13,14,17,7,17,18,19,5,6,7,5,7,17,13,14,19,17,18,13,13,14,7,17,18,19,13,14,17,18,17,18,15,17,13,13,13,14,13,14,13,19,5,6,15,13,15,13,5,13,15,13,17,18,15,17,18,15,5,6,7,13,14,15,5,15,17,18,13,14,17,18,5,5,7,5,6,17],
	"stim_file":[
		"meg/u033.bmp",
		"meg/f078.bmp",
		"meg/s144.bmp",
		"meg/u073.bmp",
		"meg/u073.bmp",
		"meg/f037.bmp",
		"meg/f050.bmp",
		"meg/u033.bmp",
		"meg/u098.bmp",
		"meg/u098.bmp",
		"meg/f078.bmp",
		"meg/u133.bmp",
		"meg/s144.bmp",
		"meg/s019.bmp",
		"meg/f092.bmp",
		"meg/f092.bmp",
		"meg/f037.bmp",
		"meg/u065.bmp",
		"meg/u065.bmp",
		"meg/f050.bmp",
		"meg/f082.bmp",
		"meg/f082.bmp",
		"meg/u114.bmp",
		"meg/u114.bmp",
		"meg/u133.bmp",
		"meg/s138.bmp",
		"meg/s019.bmp",
		"meg/s090.bmp",
		"meg/s066.bmp",
		"meg/s057.bmp",
		"meg/s057.bmp",
		"meg/f090.bmp",
		"meg/f090.bmp",
		"meg/f046.bmp",
		"meg/s138.bmp",
		"meg/f027.bmp",
		"meg/f027.bmp",
		"meg/s090.bmp",
		"meg/u111.bmp",
		"meg/u111.bmp",
		"meg/s066.bmp",
		"meg/f134.bmp",
		"meg/f134.bmp",
		"meg/s027.bmp",
		"meg/s027.bmp",
		"meg/u110.bmp",
		"meg/f046.bmp",
		"meg/s133.bmp",
		"meg/s043.bmp",
		"meg/s029.bmp",
		"meg/u094.bmp",
		"meg/u094.bmp",
		"meg/f067.bmp",
		"meg/f067.bmp",
		"meg/u110.bmp",
		"meg/s149.bmp",
		"meg/s133.bmp",
		"meg/f071.bmp",
		"meg/s043.bmp",
		"meg/f093.bmp",
		"meg/s029.bmp",
		"meg/f043.bmp",
		"meg/f043.bmp",
		"meg/f132.bmp",
		"meg/s147.bmp",
		"meg/s149.bmp",
		"meg/f031.bmp",
		"meg/f071.bmp",
		"meg/f150.bmp",
		"meg/f093.bmp",
		"meg/u139.bmp",
		"meg/u139.bmp",
		"meg/s115.bmp",
		"meg/f132.bmp",
		"meg/s063.bmp",
		"meg/s063.bmp",
		"meg/s147.bmp",
		"meg/f058.bmp",
		"meg/f058.bmp",
		"meg/f031.bmp",
		"meg/f130.bmp",
		"meg/f150.bmp",
		"meg/s083.bmp",
		"meg/u118.bmp",
		"meg/u118.bmp",
		"meg/s115.bmp",
		"meg/s092.bmp",
		"meg/s092.bmp",
		"meg/u059.bmp",
		"meg/u145.bmp",
		"meg/u145.bmp",
		"meg/f130.bmp",
		"meg/s112.bmp",
		"meg/s112.bmp",
		"meg/s083.bmp",
		"meg/u054.bmp",
		"meg/u054.bmp",
		"meg/s127.bmp",
		"meg/s127.bmp",
		"meg/s046.bmp",
		"meg/s046.bmp",
		"meg/u059.bmp",
		"meg/s109.bmp",
		"meg/u021.bmp",
		"meg/u067.bmp",
		"meg/u086.bmp",
		"meg/u086.bmp",
		"meg/u144.bmp",
		"meg/u144.bmp",
		"meg/u058.bmp",
		"meg/s109.bmp",
		"meg/f064.bmp",
		"meg/f064.bmp",
		"meg/u021.bmp",
		"meg/u048.bmp",
		"meg/u067.bmp",
		"meg/u088.bmp",
		"meg/f121.bmp",
		"meg/u115.bmp",
		"meg/u058.bmp",
		"meg/u018.bmp",
		"meg/s094.bmp",
		"meg/s094.bmp",
		"meg/u048.bmp",
		"meg/s034.bmp",
		"meg/s034.bmp",
		"meg/u088.bmp",
		"meg/f035.bmp",
		"meg/f035.bmp",
		"meg/f121.bmp",
		"meg/u034.bmp",
		"meg/u034.bmp",
		"meg/u115.bmp",
		"meg/f030.bmp",
		"meg/u018.bmp",
		"meg/s054.bmp",
		"meg/s054.bmp",
		"meg/u105.bmp",
		"meg/u105.bmp",
		"meg/s068.bmp",
		"meg/s068.bmp",
		"meg/f009.bmp",
		"meg/f096.bmp",
		"meg/f030.bmp",
		"meg/f103.bmp",
		"meg/f103.bmp",
		"meg/s084.bmp"
	]
}
