{
	"onset":[0.017,2.39,7.518,9.891,12.132,15.633,18.388,20.512,22.902,25.143,28.146,31.267,33.64,36.643,38.884,41.772,44.012,47.265,49.638,52.758,55.131,58.268,60.392,62.765,64.75700000000001,66.765,70.383,72.50700000000001,75.64400000000001,78.764,80.77200000000001,83.261,85.518,90.13200000000001,92.14,94.264,96.255,98.396,100.637,103.641,106.761,108.769,110.76,112.768,115.391,119.008,121.896,123.888,126.759,129.132,131.638,133.646,135.637,139.77,143.271,145.512,148.267,150.258,152.266,157.511,160.896,163.137,165.145,169.51,171.634,176.397,180.761,183.765,185.889,189.889,192.146,196.013,198.021,200.51,203.763,205.771,208.891,211.016,213.007,217.521,220.259,222.267,225.138,227.13,231.013,233.022,236.888,239.394,241.518,245.883,248.505,251.393,253.882,256.637,258.894,261.019,263.259,266.396,271.507,273.764,277.764,279.755,282.012,284.883,290.012,293.38,296.766,298.89,301.131,303.272,305.512,307.52,310.009,313.395,317.146,319.768,322.506,324.514,327.518,331.02,333.509,335.882,339.135,343.135,347.765,350.885,354.635,356.644],
	"duration":[1.5,1.5,1.5,1.5,1.5,1.5,1.5,1.5,1.5,1.5,1.5,1.5,1.5,1.5,1.5,1.5,1.5,1.5,1.5,1.5,1.5,1.5,1.5,1.5,1.5,1.5,1.5,1.5,1.5,1.5,1.5,1.5,1.5,1.5,1.5,1.5,1.5,1.5,1.5,1.5,1.5,1.5,1.5,1.5,1.5,1.5,1.5,1.5,1.5,1.5,1.5,1.5,1.5,1.5,1.5,1.5,1.5,1.5,1.5,1.5,1.5,1.5,1.5,1.5,1.5,1.5,1.5,1.5,1.5,1.5,1.5,1.5,1.5,1.5,1.5,1.5,1.5,1.5,1.5,1.5,1.5,1.5,1.5,1.5,1.5,1.5,1.5,1.5,1.5,1.5,1.5,1.5,1.5,1.5,1.5,1.5,1.5,1.5,1.5,1.5,1.5,1.5,1.5,1.5,1.5,1.5,1.5,1.5,1.5,1.5,1.5,1.5,1.5,1.5,1.5,1.5,1.5,1.5,1.5,1.5,1.5,1.5,1.5,1.5,1.5,1.5,1.5,1.5],
	"trial_type":[
		"unsucc_stop",
		"junk",
		"go",
		"go",
		"go",
		"go",
		"go",
		"go",
		"go",
		"go",
		"go",
		"go",
		"go",
		"go",
		"unsucc_stop",
		"unsucc_stop",
		"go",
		"go",
		"go",
		"go",
		"go",
		"go",
		"unsucc_stop",
		"unsucc_stop",
		"unsucc_stop",
		"go",
		"go",
		"unsucc_stop",
		"go",
		"go",
		"go",
		"go",
		"go",
		"unsucc_stop",
		"go",
		"go",
		"go",
		"go",
		"go",
		"succ_stop",
		"go",
		"unsucc_stop",
		"go",
		"go",
		"go",
		"go",
		"go",
		"succ_stop",
		"go",
		"go",
		"go",
		"go",
		"unsucc_stop",
		"go",
		"succ_stop",
		"go",
		"go",
		"go",
		"go",
		"unsucc_stop",
		"go",
		"go",
		"go",
		"succ_stop",
		"unsucc_stop",
		"go",
		"succ_stop",
		"go",
		"go",
		"go",
		"go",
		"go",
		"go",
		"go",
		"succ_stop",
		"unsucc_stop",
		"go",
		"go",
		"go",
		"go",
		"go",
		"go",
		"go",
		"go",
		"go",
		"go",
		"unsucc_stop",
		"succ_stop",
		"go",
		"succ_stop",
		"succ_stop",
		"go",
		"go",
		"go",
		"go",
		"go",
		"go",
		"go",
		"succ_stop",
		"succ_stop",
		"go",
		"go",
		"go",
		"go",
		"unsucc_stop",
		"unsucc_stop",
		"go",
		"go",
		"go",
		"go",
		"go",
		"go",
		"go",
		"unsucc_stop",
		"go",
		"go",
		"unsucc_stop",
		"go",
		"go",
		"go",
		"go",
		"go",
		"go",
		"go",
		"go",
		"unsucc_stop",
		"go",
		"unsucc_stop"
	]
}
