{
	"onset":[0.015,4.579,7.5,10.272,12.662,14.47,16.877,18.785,20.628,24.03,26.453,28.66,30.784,32.245,34.352,36.244,38.418,40.011,44.509,46.367,48.143,50.118,52.392,54.566,56.026,58.167,63.544,65.46899999999999,66.797,68.45699999999999,70.83,72.29000000000001,73.81699999999999,75.559,82.298,84.604,86.297,88.38800000000001,90.081,91.857,93.417,95.325,102.86,104.652,106.444,107.822,110.046,116.418,118.028,119.588,121.497,123.621,125.546,127.504,130.956,133.23,135.437,137.395,138.906,140.93,142.623,145.644,151.485,153.344,155.253,156.68,158.29,160.198,162.372,166.837,169.923,171.931,174.155,175.582,177.773,179.582,183.183,185.308,186.718,188.942,190.419,191.747,194.784,196.277,198.087,199.497,201.538,203.895,206.301,212.807,214.765,216.624,218.317,219.81,221.603,223.71,227.378,229.535,231.311,233.485,235.742,237.468,239.41,244.422,246.364,248.687,250.712,252.537,254.329,258.478,259.872,261.233,262.777,264.586,266.096,269.93,271.191,272.983,275.19,277.547,279.572,283.555,285.779,287.139,289.231,290.575,292.649,301.727,303.984,305.86,307.785,309.245,313.029,315.137,317.128,319.368,323.019,325.326,329.309,331.035,332.811,334.803,336.595,346.021,347.714,349.639,351.067,354.303,356.161,358.103,359.563,361.787,363.48,370.749,373.255,374.915,376.773,379.047,384.374,386.283,387.81,389.353,391.809,395.278,397.253,398.862,400.771,402.43,411.409,413.334,414.944,417.118,419.159,422.943,425.034,426.295,428.453,430.179,436.535,438.559,440.435,441.762,447.223,449.363,451.571,453.462,455.537,458.989,460.582,461.993,464.266,466.308,470.092,472,474.074,475.85,477.908,481.36,483.601,485.26,487.135,489.425,493.774,495.483,497.392,499.001,501.142,504.909,506.602,508.843,510.038,511.481,516.0119999999999,517.937,519.248,521.24,523.198],
	"duration":[2,2,2,2,2,2,2,2,2,2,2,2,2,2,2,2,2,2,2,2,2,2,2,2,2,2,2,2,2,2,2,2,2,2,2,2,2,2,2,2,2,2,2,2,2,2,2,2,2,2,2,2,2,2,2,2,2,2,2,2,2,2,2,2,2,2,2,2,2,2,2,2,2,2,2,2,2,2,2,2,2,2,2,2,2,2,2,2,2,2,2,2,2,2,2,2,2,2,2,2,2,2,2,2,2,2,2,2,2,2,2,2,2,2,2,2,2,2,2,2,2,2,2,2,2,2,2,2,2,2,2,2,2,2,2,2,2,2,2,2,2,2,2,2,2,2,2,2,2,2,2,2,2,2,2,2,2,2,2,2,2,2,2,2,2,2,2,2,2,2,2,2,2,2,2,2,2,2,2,2,2,2,2,2,2,2,2,2,2,2,2,2,2,2,2,2,2,2,2,2,2,2,2,2,2,2,2,2,2,2,2,2,2,2,2,2,2],
	"trial_type":[
		"accept",
		"accept",
		"accept",
		"accept",
		"accept",
		"accept",
		"accept",
		"accept",
		"explode",
		"accept",
		"accept",
		"accept",
		"accept",
		"accept",
		"accept",
		"accept",
		"accept",
		"explode",
		"accept",
		"accept",
		"accept",
		"accept",
		"accept",
		"accept",
		"accept",
		"reject",
		"accept",
		"accept",
		"accept",
		"accept",
		"accept",
		"accept",
		"accept",
		"reject",
		"accept",
		"accept",
		"accept",
		"accept",
		"accept",
		"accept",
		"accept",
		"explode",
		"accept",
		"accept",
		"accept",
		"accept",
		"explode",
		"accept",
		"accept",
		"accept",
		"accept",
		"accept",
		"accept",
		"explode",
		"accept",
		"accept",
		"accept",
		"accept",
		"accept",
		"accept",
		"accept",
		"reject",
		"accept",
		"accept",
		"accept",
		"accept",
		"accept",
		"accept",
		"accept",
		"explode",
		"accept",
		"accept",
		"accept",
		"accept",
		"accept",
		"reject",
		"accept",
		"accept",
		"accept",
		"accept",
		"accept",
		"explode",
		"accept",
		"accept",
		"accept",
		"accept",
		"accept",
		"accept",
		"explode",
		"accept",
		"accept",
		"accept",
		"accept",
		"accept",
		"accept",
		"reject",
		"accept",
		"accept",
		"accept",
		"accept",
		"accept",
		"accept",
		"explode",
		"accept",
		"accept",
		"accept",
		"accept",
		"accept",
		"reject",
		"accept",
		"accept",
		"accept",
		"accept",
		"accept",
		"explode",
		"accept",
		"accept",
		"accept",
		"accept",
		"accept",
		"reject",
		"accept",
		"accept",
		"accept",
		"accept",
		"accept",
		"reject",
		"accept",
		"accept",
		"accept",
		"accept",
		"explode",
		"accept",
		"accept",
		"accept",
		"accept",
		"accept",
		"explode",
		"accept",
		"accept",
		"accept",
		"accept",
		"reject",
		"accept",
		"accept",
		"accept",
		"explode",
		"accept",
		"accept",
		"accept",
		"accept",
		"accept",
		"reject",
		"accept",
		"accept",
		"accept",
		"accept",
		"reject",
		"accept",
		"accept",
		"accept",
		"accept",
		"reject",
		"accept",
		"accept",
		"accept",
		"accept",
		"reject",
		"accept",
		"accept",
		"accept",
		"accept",
		"reject",
		"accept",
		"accept",
		"accept",
		"accept",
		"reject",
		"accept",
		"accept",
		"accept",
		"explode",
		"accept",
		"accept",
		"accept",
		"accept",
		"explode",
		"accept",
		"accept",
		"accept",
		"accept",
		"reject",
		"accept",
		"accept",
		"accept",
		"accept",
		"reject",
		"accept",
		"accept",
		"accept",
		"accept",
		"reject",
		"accept",
		"accept",
		"accept",
		"accept",
		"reject",
		"accept",
		"accept",
		"accept",
		"accept",
		"reject",
		"accept",
		"accept",
		"accept",
		"accept",
		"reject"
	]
}
