{
	"onset":[0.027,3.262,6.133,8.638999999999999,11.643,13.883,17.634,20.389,22.762,25.766,27.758,31.392,34.13,37.632,41.018,44.022,46.013,48.137,51.755,54.643,56.634,58.891,62.011,64.01900000000001,66.26000000000001,68.88200000000001,71.006,73.89400000000001,76.383,78.756,81.511,83.76900000000001,86.88800000000001,89.892,94.639,97.39400000000001,99.767,102.256,105.011,107.135,109.641,114.139,118.138,121.01,123.88,128.511,130.635,133.39,135.763,137.771,140.393,142.634,145.887,148.757,152.259,154.632,156.757,159.761,163.395,168.142,170.515,173.137,175.394,177.518,181.136,183.891,186.131,188.521,190.512,193.882,196.52,198.512,200.885,203.889,205.88,210.76,213.514,216.883,218.892,221.381,224.518,226.642,228.633,230.641,232.882,236.383,238.392,241.761,244.133,246.64,248.631,250.755,254.888,257.51,260.265,265.011,267.019,270.886,273.392,276.761,279.018,281.01,283.267,285.507,287.88,290.27,293.008,295.382,297.771,300.261,302.883,307.895,310.384,313.006,315.13,318.881,322.018,324.64,328.639,330.897,333.386,335.394,337.634,341.02,343.393,346.131,348.139,350.396],
	"duration":[1.5,1.5,1.5,1.5,1.5,1.5,1.5,1.5,1.5,1.5,1.5,1.5,1.5,1.5,1.5,1.5,1.5,1.5,1.5,1.5,1.5,1.5,1.5,1.5,1.5,1.5,1.5,1.5,1.5,1.5,1.5,1.5,1.5,1.5,1.5,1.5,1.5,1.5,1.5,1.5,1.5,1.5,1.5,1.5,1.5,1.5,1.5,1.5,1.5,1.5,1.5,1.5,1.5,1.5,1.5,1.5,1.5,1.5,1.5,1.5,1.5,1.5,1.5,1.5,1.5,1.5,1.5,1.5,1.5,1.5,1.5,1.5,1.5,1.5,1.5,1.5,1.5,1.5,1.5,1.5,1.5,1.5,1.5,1.5,1.5,1.5,1.5,1.5,1.5,1.5,1.5,1.5,1.5,1.5,1.5,1.5,1.5,1.5,1.5,1.5,1.5,1.5,1.5,1.5,1.5,1.5,1.5,1.5,1.5,1.5,1.5,1.5,1.5,1.5,1.5,1.5,1.5,1.5,1.5,1.5,1.5,1.5,1.5,1.5,1.5,1.5,1.5,1.5],
	"trial_type":[
		"go",
		"go",
		"go",
		"go",
		"unsucc_stop",
		"unsucc_stop",
		"go",
		"go",
		"go",
		"go",
		"unsucc_stop",
		"unsucc_stop",
		"go",
		"go",
		"go",
		"go",
		"go",
		"go",
		"unsucc_stop",
		"unsucc_stop",
		"go",
		"go",
		"go",
		"go",
		"go",
		"go",
		"go",
		"go",
		"succ_stop",
		"go",
		"unsucc_stop",
		"go",
		"succ_stop",
		"go",
		"unsucc_stop",
		"go",
		"go",
		"go",
		"go",
		"go",
		"go",
		"go",
		"go",
		"go",
		"succ_stop",
		"unsucc_stop",
		"go",
		"go",
		"succ_stop",
		"go",
		"go",
		"go",
		"go",
		"go",
		"go",
		"unsucc_stop",
		"succ_stop",
		"unsucc_stop",
		"go",
		"go",
		"go",
		"go",
		"junk",
		"go",
		"go",
		"go",
		"go",
		"go",
		"go",
		"unsucc_stop",
		"succ_stop",
		"go",
		"go",
		"unsucc_stop",
		"go",
		"succ_stop",
		"go",
		"go",
		"go",
		"go",
		"go",
		"go",
		"go",
		"go",
		"go",
		"succ_stop",
		"go",
		"succ_stop",
		"unsucc_stop",
		"go",
		"go",
		"go",
		"go",
		"go",
		"go",
		"succ_stop",
		"go",
		"succ_stop",
		"go",
		"go",
		"go",
		"go",
		"go",
		"succ_stop",
		"unsucc_stop",
		"succ_stop",
		"go",
		"go",
		"go",
		"go",
		"go",
		"go",
		"go",
		"go",
		"junk",
		"go",
		"unsucc_stop",
		"unsucc_stop",
		"go",
		"go",
		"unsucc_stop",
		"go",
		"go",
		"go",
		"go",
		"unsucc_stop",
		"go",
		"go"
	]
}
