{
	"onset":[10.121,16.161,22.201,28.201,34.241,40.281,46.321,58.441,64.48099999999999,94.56100000000001,100.641,106.641,112.721,124.841,130.921,149.081,155.081,167.161,173.161,209.481,215.561,221.561,227.561,233.561,239.641,245.721,251.721,257.721,269.801,275.801,295.881,320.001,326.001,338.121,350.201,362.241,374.241,380.281,386.281,392.361,398.361,404.441,410.481,416.561,428.681,434.721,440.801,446.881,459.041,471.161,477.161,483.161,495.241,507.281,513.361,525.401,537.521,543.561,549.601,555.681],
	"duration":[2.999,2.999,2.999,2.999,2.999,2.999,2.999,2.999,2.999,2.999,2.999,2.999,2.999,2.999,2.999,2.999,2.999,2.999,2.999,2.999,2.999,2.999,2.999,2.999,2.999,2.999,2.999,2.999,2.999,2.999,2.999,2.999,2.999,2.999,2.999,2.999,2.999,2.999,2.999,2.999,2.999,2.999,2.999,2.999,2.999,2.999,2.999,2.999,2.999,2.999,2.999,2.999,2.999,2.999,2.999,2.999,2.999,2.999,2.999,2.999],
	"trial_type":[
		"hand_cue",
		"hand_cue",
		"hand_cue",
		"hand_cue",
		"tong_cue",
		"tong_cue",
		"hand_cue",
		"hand_cue",
		"tong_cue",
		"hand_cue",
		"tong_cue",
		"tong_cue",
		"hand_cue",
		"hand_cue",
		"hand_cue",
		"hand_cue",
		"tong_cue",
		"tong_cue",
		"hand_cue",
		"tong_cue",
		"tong_cue",
		"tong_cue",
		"tong_cue",
		"hand_cue",
		"hand_cue",
		"hand_cue",
		"tong_cue",
		"tong_cue",
		"tong_cue",
		"tong_cue",
		"tong_cue",
		"hand_cue",
		"tong_cue",
		"tong_cue",
		"tong_cue",
		"tong_cue",
		"hand_cue",
		"hand_cue",
		"hand_cue",
		"tong_cue",
		"tong_cue",
		"hand_cue",
		"hand_cue",
		"tong_cue",
		"tong_cue",
		"hand_cue",
		"hand_cue",
		"hand_cue",
		"hand_cue",
		"tong_cue",
		"hand_cue",
		"tong_cue",
		"hand_cue",
		"tong_cue",
		"tong_cue",
		"tong_cue",
		"hand_cue",
		"hand_cue",
		"hand_cue",
		"tong_cue"
	]
}
