{
	"onset":[
		12.9799999999996,
		35,
		42.8999999999996,
		52.7200000000003,
		75.7451066000003,
		85.9399999999996,
		93.8599999999997,
		116.8689098,
		127.84,
		139.84,
		161.8552034,
		171.36,
		179.38,
		203.3879715,
		212.72,
		220.52,
		243.5386845,
		253.92,
		261.84,
		284.850431700001,
		295.32,
		303.02,
		326.020363500001,
		334.82,
		342.82,
		363.833445600001,
		373.76,
		381.059999999999,
		403.0657902,
		413.200000000001,
		421.219999999999,
		443.227297400001,
		453.959999999999,
		"n/a",
		"n/a",
		"n/a",
		"n/a",
		"n/a",
		"n/a",
		"n/a",
		"n/a",
		"n/a",
		"n/a",
		"n/a",
		"n/a",
		"n/a",
		"n/a",
		"n/a",
		"n/a",
		"n/a",
		"n/a",
		"n/a",
		"n/a",
		"n/a",
		"n/a",
		"n/a",
		"n/a",
		"n/a",
		"n/a",
		"n/a",
		"n/a",
		"n/a",
		"n/a",
		"n/a",
		"n/a",
		"n/a",
		"n/a",
		"n/a",
		"n/a",
		"n/a",
		"n/a",
		"n/a",
		"n/a",
		"n/a",
		"n/a",
		"n/a",
		"n/a",
		"n/a",
		"n/a",
		"n/a",
		"n/a",
		"n/a",
		"n/a",
		"n/a",
		"n/a",
		"n/a",
		"n/a",
		"n/a",
		"n/a",
		"n/a",
		"n/a",
		"n/a",
		"n/a",
		"n/a",
		"n/a",
		"n/a",
		"n/a",
		"n/a",
		"n/a",
		"n/a",
		"n/a",
		"n/a",
		"n/a",
		"n/a",
		"n/a",
		"n/a",
		"n/a",
		"n/a",
		"n/a",
		"n/a",
		"n/a",
		"n/a",
		"n/a",
		"n/a",
		"n/a",
		"n/a",
		"n/a",
		"n/a",
		"n/a",
		"n/a",
		"n/a",
		"n/a",
		"n/a",
		"n/a",
		"n/a",
		"n/a",
		"n/a",
		"n/a",
		"n/a",
		"n/a",
		"n/a",
		"n/a",
		"n/a",
		"n/a",
		"n/a",
		"n/a",
		"n/a",
		"n/a",
		"n/a",
		"n/a",
		"n/a",
		"n/a",
		"n/a",
		"n/a",
		"n/a",
		"n/a",
		"n/a",
		"n/a",
		"n/a",
		"n/a",
		"n/a",
		"n/a",
		"n/a",
		"n/a",
		"n/a",
		"n/a",
		"n/a",
		"n/a",
		"n/a",
		"n/a",
		"n/a",
		"n/a",
		"n/a",
		"n/a",
		"n/a"
	],
	"duration":[22.02,7.90389589999995,5,23.02,10.1899795999998,5,23.02,10.9654960999997,5,22.02,9.49502949999987,5,24,9.327365500000271,5,23.02,10.3780391999999,5,23.02,10.4605408999996,5,23,8.80339919999915,5,21.02,9.920273299998369,5,22,10.1316506000003,5,22.02,10.7242776999992,5,0,0,0,0,0,0,0,0,0,0,0,0,0,0,0,0,0,0,0,0,0,0,0,0,0,0,0,0,0,0,0,0,0,0,0,0,0,0,0,0,0,0,0,0,0,0,0,0,0,0,0,0,0,0,0,0,0,0,0,0,0,0,0,0,0,0,0,0,0,0,0,0,0,0,0,0,0,0,0,0,0,0,0,0,0,0,0,0,0,0,0,0,0,0,0,0,0,0,0,0,0,0,0,0,0,0,0,0,0,0,0,0,0,0,0,0,0,0,0,0,0,0,0,0,0,0,0,0,0,0,0,0],
	"trial_number":[1,1,1,2,2,2,3,3,3,4,4,4,5,5,5,6,6,6,7,7,7,8,8,8,9,9,9,10,10,10,11,11,11,1,1,1,1,1,1,1,1,1,1,1,1,2,2,2,2,2,2,2,2,2,2,2,2,3,3,3,3,3,3,3,3,3,3,3,3,4,4,4,4,4,4,4,4,4,4,4,4,5,5,5,5,5,5,5,5,5,5,5,5,6,6,6,6,6,6,6,6,6,6,6,6,7,7,7,7,7,7,7,7,7,7,7,7,8,8,8,8,8,8,8,8,8,8,8,8,9,9,9,9,9,9,9,9,9,9,9,9,10,10,10,10,10,10,10,10,10,10,10,10,11,11,11,11,11,11,11,11,11,11,11,11],
	"event_type":[
		"stimulus",
		"stimulus",
		"stimulus",
		"stimulus",
		"stimulus",
		"stimulus",
		"stimulus",
		"stimulus",
		"stimulus",
		"stimulus",
		"stimulus",
		"stimulus",
		"stimulus",
		"stimulus",
		"stimulus",
		"stimulus",
		"stimulus",
		"stimulus",
		"stimulus",
		"stimulus",
		"stimulus",
		"stimulus",
		"stimulus",
		"stimulus",
		"stimulus",
		"stimulus",
		"stimulus",
		"stimulus",
		"stimulus",
		"stimulus",
		"stimulus",
		"stimulus",
		"stimulus",
		"foot step",
		"foot step",
		"foot step",
		"foot step",
		"foot step",
		"foot step",
		"foot step",
		"foot step",
		"foot step",
		"foot step",
		"foot step",
		"foot step",
		"foot step",
		"foot step",
		"foot step",
		"foot step",
		"foot step",
		"foot step",
		"foot step",
		"foot step",
		"foot step",
		"foot step",
		"foot step",
		"foot step",
		"foot step",
		"foot step",
		"foot step",
		"foot step",
		"foot step",
		"foot step",
		"foot step",
		"foot step",
		"foot step",
		"foot step",
		"foot step",
		"foot step",
		"foot step",
		"foot step",
		"foot step",
		"foot step",
		"foot step",
		"foot step",
		"foot step",
		"foot step",
		"foot step",
		"foot step",
		"foot step",
		"foot step",
		"foot step",
		"foot step",
		"foot step",
		"foot step",
		"foot step",
		"foot step",
		"foot step",
		"foot step",
		"foot step",
		"foot step",
		"foot step",
		"foot step",
		"foot step",
		"foot step",
		"foot step",
		"foot step",
		"foot step",
		"foot step",
		"foot step",
		"foot step",
		"foot step",
		"foot step",
		"foot step",
		"foot step",
		"foot step",
		"foot step",
		"foot step",
		"foot step",
		"foot step",
		"foot step",
		"foot step",
		"foot step",
		"foot step",
		"foot step",
		"foot step",
		"foot step",
		"foot step",
		"foot step",
		"foot step",
		"foot step",
		"foot step",
		"foot step",
		"foot step",
		"foot step",
		"foot step",
		"foot step",
		"foot step",
		"foot step",
		"foot step",
		"foot step",
		"foot step",
		"foot step",
		"foot step",
		"foot step",
		"foot step",
		"foot step",
		"foot step",
		"foot step",
		"foot step",
		"foot step",
		"foot step",
		"foot step",
		"foot step",
		"foot step",
		"foot step",
		"foot step",
		"foot step",
		"foot step",
		"foot step",
		"foot step",
		"foot step",
		"foot step",
		"foot step",
		"foot step",
		"foot step",
		"foot step",
		"foot step",
		"foot step",
		"foot step",
		"foot step",
		"foot step",
		"foot step",
		"foot step",
		"foot step"
	],
	"executed_movement":[
		"n/a",
		"n/a",
		"n/a",
		"n/a",
		"n/a",
		"n/a",
		"n/a",
		"n/a",
		"n/a",
		"n/a",
		"n/a",
		"n/a",
		"n/a",
		"n/a",
		"n/a",
		"n/a",
		"n/a",
		"n/a",
		"n/a",
		"n/a",
		"n/a",
		"n/a",
		"n/a",
		"n/a",
		"n/a",
		"n/a",
		"n/a",
		"n/a",
		"n/a",
		"n/a",
		"n/a",
		"n/a",
		"n/a",
		2,
		1,
		2,
		3,
		2,
		1,
		3,
		2,
		4,
		2,
		4,
		1,
		2,
		1,
		2,
		3,
		2,
		1,
		3,
		2,
		4,
		2,
		4,
		1,
		2,
		1,
		2,
		3,
		2,
		1,
		3,
		2,
		4,
		2,
		4,
		1,
		2,
		1,
		2,
		3,
		2,
		1,
		3,
		2,
		4,
		2,
		4,
		1,
		2,
		1,
		2,
		3,
		2,
		1,
		3,
		2,
		4,
		2,
		4,
		1,
		2,
		1,
		2,
		3,
		2,
		1,
		3,
		2,
		4,
		2,
		4,
		1,
		2,
		1,
		2,
		3,
		2,
		1,
		3,
		2,
		4,
		2,
		4,
		1,
		2,
		1,
		2,
		3,
		2,
		1,
		3,
		2,
		4,
		2,
		4,
		1,
		2,
		1,
		2,
		3,
		2,
		1,
		3,
		2,
		4,
		2,
		4,
		1,
		2,
		1,
		2,
		3,
		2,
		1,
		3,
		2,
		4,
		2,
		4,
		1,
		2,
		1,
		2,
		3,
		2,
		1,
		3,
		2,
		4,
		2,
		4,
		1
	],
	"correct_movement":[
		"n/a",
		"n/a",
		"n/a",
		"n/a",
		"n/a",
		"n/a",
		"n/a",
		"n/a",
		"n/a",
		"n/a",
		"n/a",
		"n/a",
		"n/a",
		"n/a",
		"n/a",
		"n/a",
		"n/a",
		"n/a",
		"n/a",
		"n/a",
		"n/a",
		"n/a",
		"n/a",
		"n/a",
		"n/a",
		"n/a",
		"n/a",
		"n/a",
		"n/a",
		"n/a",
		"n/a",
		"n/a",
		"n/a",
		2,
		1,
		2,
		3,
		2,
		1,
		3,
		2,
		4,
		2,
		4,
		1,
		2,
		1,
		2,
		3,
		2,
		1,
		3,
		2,
		4,
		2,
		4,
		1,
		2,
		1,
		2,
		3,
		2,
		1,
		3,
		2,
		4,
		2,
		4,
		1,
		2,
		1,
		2,
		3,
		2,
		1,
		3,
		2,
		4,
		2,
		4,
		1,
		2,
		1,
		2,
		3,
		2,
		1,
		3,
		2,
		4,
		2,
		4,
		1,
		2,
		1,
		2,
		3,
		2,
		1,
		3,
		2,
		4,
		2,
		4,
		1,
		2,
		1,
		2,
		3,
		2,
		1,
		3,
		2,
		4,
		2,
		4,
		1,
		2,
		1,
		2,
		3,
		2,
		1,
		3,
		2,
		4,
		2,
		4,
		1,
		2,
		1,
		2,
		3,
		2,
		1,
		3,
		2,
		4,
		2,
		4,
		1,
		2,
		1,
		2,
		3,
		2,
		1,
		3,
		2,
		4,
		2,
		4,
		1,
		2,
		1,
		2,
		3,
		2,
		1,
		3,
		2,
		4,
		2,
		4,
		1
	],