{
	"name":[
		"A1",
		"A2",
		"A3",
		"A4",
		"A5",
		"A6",
		"A7",
		"A8",
		"A9",
		"A10",
		"A11",
		"A12",
		"A13",
		"A14",
		"A15",
		"A16",
		"A17",
		"A18",
		"A19",
		"A20",
		"A21",
		"A22",
		"A23",
		"A24",
		"A25",
		"A26",
		"A27",
		"A28",
		"A29",
		"A30",
		"A31",
		"A32",
		"B1",
		"B2",
		"B3",
		"B4",
		"B5",
		"B6",
		"B7",
		"B8",
		"B9",
		"B10",
		"B11",
		"B12",
		"B13",
		"B14",
		"B15",
		"B16",
		"B17",
		"B18",
		"B19",
		"B20",
		"B21",
		"B22",
		"B23",
		"B24",
		"B25",
		"B26",
		"B27",
		"B28",
		"B29",
		"B30",
		"B31",
		"B32",
		"C1",
		"C2",
		"C3",
		"C4",
		"C5",
		"C6",
		"C7",
		"C8",
		"C9",
		"C10",
		"C11",
		"C12",
		"C13",
		"C14",
		"C15",
		"C16",
		"C17",
		"C18",
		"C19",
		"C20",
		"C21",
		"C22",
		"C23",
		"C24",
		"C25",
		"C26",
		"C27",
		"C28",
		"C29",
		"C30",
		"C31",
		"C32",
		"D1",
		"D2",
		"D3",
		"D4",
		"D5",
		"D6",
		"D7",
		"D8",
		"D9",
		"D10",
		"D11",
		"D12",
		"D13",
		"D14",
		"D15",
		"D16",
		"D17",
		"D18",
		"D19",
		"D20",
		"D21",
		"D22",
		"D23",
		"D24",
		"D25",
		"D26",
		"D27",
		"D28",
		"D29",
		"D30",
		"D31",
		"D32"
	],
	"x":[-0.005005,-0.026495,-0.028968,-0.049416,-0.064237,-0.076089,-0.0822,-0.08327900000000001,-0.080247,-0.077363,-0.08157399999999999,-0.08405799999999999,-0.087337,-0.087205,-0.08261599999999999,-0.073474,-0.060221,-0.044963,-0.027437,-0.050311,-0.064947,-0.076816,-0.0827,-0.08344699999999999,-0.081216,-0.078279,-0.06489499999999999,-0.069511,-0.070911,-0.069674,-0.063579,-0.051779,-0.050474,-0.053695,-0.052505,-0.048853,-0.045274,-0.026211,-0.025979,-0.029421,-0.032558,-0.035168,-0.014026,-0.007142,-0.003463,-8.899999999999999e-05,0.005832,0.010347,0.012358,0.038921,0.036647,0.032005,0.028468,0.022642,0.00729,0.029479,0.0484,0.058579,0.06297899999999999,0.064426,0.08623699999999999,0.079932,0.066205,0.0505,0.088516,0.10298,0.10131,0.09242599999999999,0.077321,0.059763,0.038284,0.015721,-0.006337,0.016174,0.036342,0.056126,0.074268,0.089042,0.10061,0.10725,0.10682,0.10249,0.10057,0.091684,0.07689500000000001,0.058579,0.038263,0.015968,-0.007658,0.007705,0.030321,0.050153,0.066742,0.0798,0.087211,0.088884,0.065174,0.062747,0.058963,0.049,0.023411,0.028705,0.032963,0.036416,0.038832,0.0123,0.010353,0.005568,-0.000237,-0.002963,-0.006174,-0.013926,-0.035263,-0.032068,-0.029042,-0.026542,-0.0261,-0.044953,-0.048916,-0.051495,-0.053011,-0.049495,-0.051532,-0.063337,-0.06908400000000001,-0.07043199999999999,-0.069311,-0.065042],
	"y":[0.000684,0.000753,0.026032,0.017532,0.024447,0.024058,0.023958,0.021821,0.021284,0.018879,-0.0004,0.000153,6.3e-05,0.000258,0.000363,0.000516,0.000358,0.000663,-0.025121,-0.016642,-0.023258,-0.023168,-0.022847,-0.022411,-0.020195,-0.020274,-0.038342,-0.039784,-0.042142,-0.042042,-0.042368,-0.043389,-0.0532,-0.055426,-0.056789,-0.054263,-0.051379,-0.065216,-0.064053,-0.061268,-0.055837,-0.045284,-0.046789,-0.058242,-0.064195,-0.06686300000000001,-0.06687899999999999,-0.06353200000000001,-0.061247,-0.059905,-0.062047,-0.063495,-0.061884,-0.055979,-0.045195,-0.042837,-0.054037,-0.055779,-0.055274,-0.053532,-0.042495,-0.041795,-0.042858,-0.041889,-0.041005,-0.022263,-0.023679,-0.023505,-0.024068,-0.022674,-0.023579,-0.024958,-0.025558,-0.000632,-0.000674,0.000289,0.000226,0.000489,0.000526,0.001047,0.000995,0.022516,0.023126,0.023053,0.022563,0.022653,0.022474,0.024253,0.024784,0.045111,0.042911,0.042116,0.041621,0.041932,0.042121,0.042095,0.053426,0.055321,0.054489,0.053242,0.055663,0.061558,0.06306299999999999,0.062005,0.060174,0.061437,0.064416,0.066811,0.066626,0.06370000000000001,0.057626,0.046411,0.046047,0.056442,0.061805,0.064163,0.06411600000000001,0.051247,0.054268,0.055879,0.054416,0.053168,0.044026,0.042368,0.041374,0.040295,0.038247,0.035721],
	"z":[0.12047,0.11643,0.1102,0.10142,0.084753,0.06787899999999999,0.048742,0.029479,0.010511,-0.007347,-0.005453,0.011289,0.030005,0.047021,0.064374,0.0805,0.09558899999999999,0.10774,0.11193,0.10164,0.08565300000000001,0.068605,0.0502,0.028742,0.0101,-0.007458,-0.009379,0.008378999999999999,0.028811,0.048821,0.067089,0.084226,0.062232,0.041968,0.021868,0.0044,-0.013963,0.020884,0.042011,0.061095,0.078947,0.095274,0.10136,0.08583200000000001,0.06827900000000001,0.049863,0.031937,0.013795,-0.003232,0.009926000000000001,0.028353,0.047147,0.065932,0.084074,0.10255,0.09826799999999999,0.072147,0.054221,0.036016,0.017832,0.043689,0.061589,0.07689500000000001,0.089753,0.026542,0.031558,0.050453,0.070316,0.085989,0.098579,0.10807,0.11438,0.11615,0.11971,0.11419,0.10593,0.09547899999999999,0.083421,0.068442,0.0502,0.032221,0.032837,0.052663,0.071363,0.087105,0.099605,0.10854,0.11422,0.11585,0.10184,0.09782100000000001,0.0896,0.07808900000000001,0.062442,0.044584,0.027595,0.019889,0.037605,0.055742,0.073321,0.084158,0.06622599999999999,0.046826,0.028205,0.010495,-0.005274,0.013316,0.032042,0.050426,0.06858400000000001,0.085726,0.10048,0.093179,0.07742599999999999,0.059384,0.041121,0.022211,-0.013,0.004426,0.023379,0.041837,0.061979,0.081732,0.065716,0.047074,0.027689,0.008695,-0.008463]
}
