{
	"onset":[1.499,3.496,7.517,16.617,18.616,22.625,36.618,43.731,45.728,49.721,64.72499999999999,70.83199999999999,72.82899999999999,85.831,91.932,93.94499999999999,97.938,110.935,118.049,120.045,124.055,130.162,132.159,136.169,150.161,156.268,158.265,172.274,178.381,180.378,184.404,190.511,192.508,204.504,212.607,214.604,218.63,225.744,227.735,231.745,243.741,252.845,254.841,269.841,278.951,280.947,295.946,305.057,307.053,311.063,317.17,319.167,323.176,336.176,344.28,346.276,358.289,367.399,369.39,373.417],
	"duration":[2,4,2.1,2,4,8,2.1,2,4,8,2.1,2,8,2.1,2,4,8,2.1,2,4,2.1,2,4,8,2.1,2,8,2.1,2,4,2.1,2,8,2.1,2,4,2.1,2,4,8,2.1,2,8,2.1,2,8,2.1,2,4,2.1,2,4,8,2.1,2,8,2.1,2,4,2.1],
	"trial_type":[
		"Look_Neg_Cue",
		"Look_Neg_Ant",
		"Look_Neg_Rating",
		"Look_Neg_Cue",
		"Look_Neg_Ant",
		"Look_Neg_Stim",
		"Look_Neg_Rating",
		"Look_Neutral_Cue",
		"Look_Neutral_Ant",
		"Look_Neutral_Stim",
		"Look_Neutral_Rating",
		"Reapp_Neg_Cue",
		"Reapp_Neg_Stim",
		"Reapp_Neg_Rating",
		"Look_Neg_Cue",
		"Look_Neg_Ant",
		"Look_Neg_Stim",
		"Look_Neg_Rating",
		"Look_Neutral_Cue",
		"Look_Neutral_Ant",
		"Look_Neutral_Rating",
		"Reapp_Neg_Cue",
		"Reapp_Neg_Ant",
		"Reapp_Neg_Stim",
		"Reapp_Neg_Rating",
		"Look_Neg_Cue",
		"Look_Neg_Stim",
		"Look_Neg_Rating",
		"Look_Neg_Cue",
		"Look_Neg_Ant",
		"Look_Neg_Rating",
		"Look_Neutral_Cue",
		"Look_Neutral_Stim",
		"Look_Neutral_Rating",
		"Reapp_Neg_Cue",
		"Reapp_Neg_Ant",
		"Reapp_Neg_Rating",
		"Reapp_Neg_Cue",
		"Reapp_Neg_Ant",
		"Reapp_Neg_Stim",
		"Reapp_Neg_Rating",
		"Look_Neg_Cue",
		"Look_Neg_Stim",
		"Look_Neg_Rating",
		"Look_Neutral_Cue",
		"Look_Neutral_Stim",
		"Look_Neutral_Rating",
		"Reapp_Neg_Cue",
		"Reapp_Neg_Ant",
		"Reapp_Neg_Rating",
		"Look_Neutral_Cue",
		"Look_Neutral_Ant",
		"Look_Neutral_Stim",
		"Look_Neutral_Rating",
		"Reapp_Neg_Cue",
		"Reapp_Neg_Stim",
		"Reapp_Neg_Rating",
		"Look_Neutral_Cue",
		"Look_Neutral_Ant",
		"Look_Neutral_Rating"
	]
}
