{
	"onset":[25.3418,28.6164,31.6727,34.8973,38.0709,41.1118,44.1182,47.2755,50.3827,53.44,56.6809,59.9545,63.0955,66.2527,69.32640000000001,72.51730000000001,75.7409,78.9318,82.0891,85.3464,88.5373,91.5609,94.7518,98.07640000000001,101.25,104.441,107.431,110.572,113.762,116.886,119.976,123.067,126.241,129.432,132.689,135.88,139.104,142.345,145.535,148.76,151.784,154.89,158.081,161.288,164.563,167.87,171.095,174.268,177.343,180.633,183.74,186.947,190.072,193.229,196.503,199.727,202.851,205.925,209.132,212.373,215.464,218.621,221.912,225.235,228.393,231.484,234.825,238.099,241.256,244.364,247.521,250.661,253.768,256.875,260.083,263.274,266.414,269.538,272.562,275.803,278.893,282.134,285.475,288.665,291.789,294.913,298.037,301.295,304.468,307.643,310.783,313.957,317.215,320.339,323.495,326.703,329.927,333.067,336.058,339.098,342.155,345.363,348.454,351.61,354.767,357.842,360.999,364.24,367.447,370.705,373.995,377.153,380.243,383.367,386.507,389.865,393.039,396.364,399.621,402.695,405.885,409.009,412.134,415.257,418.465,421.555,424.88,427.886,431.161,434.318,437.475,440.715,443.84,446.98,450.105,453.345,456.502,459.76,462.967,466.107,469.382,472.589,475.88,479.021,482.328,485.553,488.81,492.017],
	"duration":[0,0,0,0,0,0,0,0,0,0,0,0,0,0,0,0,0,0,0,0,0,0,0,0,0,0,0,0,0,0,0,0,0,0,0,0,0,0,0,0,0,0,0,0,0,0,0,0,0,0,0,0,0,0,0,0,0,0,0,0,0,0,0,0,0,0,0,0,0,0,0,0,0,0,0,0,0,0,0,0,0,0,0,0,0,0,0,0,0,0,0,0,0,0,0,0,0,0,0,0,0,0,0,0,0,0,0,0,0,0,0,0,0,0,0,0,0,0,0,0,0,0,0,0,0,0,0,0,0,0,0,0,0,0,0,0,0,0,0,0,0,0,0,0,0,0,0,0],
	"event_sample":[27876,31478,34840,38387,41878,45223,48530,52003,55421,58784,62349,65950,69405,72878,76259,79769,83315,86825,90298,93881,97391,100717,104227,107884,111375,114885,118174,121629,125138,128575,131974,135374,138865,142375,145958,149468,153014,156579,160089,163636,166962,170379,173889,177417,181019,184657,188204,191695,195077,198696,202114,205642,209079,212552,216153,219700,223136,226517,230045,233610,237010,240483,244103,247759,251232,254632,258308,261909,265382,268800,272273,275727,279145,282563,286091,289601,293055,296492,299818,303383,306782,310347,314022,317532,320968,324404,327841,331424,334915,338407,341861,345353,348936,352373,355845,359373,362920,366374,369664,373008,376371,379899,383299,386771,390244,393626,397099,400664,404192,407775,411395,414868,418267,421704,425158,428852,432343,436000,439583,442964,446474,449910,453347,456783,460311,463710,467368,470675,474277,477750,481223,484787,488224,491678,495115,498679,502152,505736,509264,512718,516320,519848,523468,526923,530561,534108,537691,541219],
	"trial_type":[
		"Unfamiliar",
		"Famous",
		"Famous",
		"Unfamiliar",
		"Unfamiliar",
		"Unfamiliar",
		"Unfamiliar",
		"Unfamiliar",
		"Unfamiliar",
		"Famous",
		"Famous",
		"Famous",
		"Scrambled",
		"Scrambled",
		"Famous",
		"Scrambled",
		"Unfamiliar",
		"Famous",
		"Unfamiliar",
		"Unfamiliar",
		"Scrambled",
		"Unfamiliar",
		"Famous",
		"Scrambled",
		"Scrambled",
		"Famous",
		"Scrambled",
		"Scrambled",
		"Unfamiliar",
		"Unfamiliar",
		"Scrambled",
		"Famous",
		"Famous",
		"Unfamiliar",
		"Unfamiliar",
		"Unfamiliar",
		"Famous",
		"Unfamiliar",
		"Unfamiliar",
		"Scrambled",
		"Unfamiliar",
		"Famous",
		"Famous",
		"Scrambled",
		"Scrambled",
		"Unfamiliar",
		"Unfamiliar",
		"Famous",
		"Unfamiliar",
		"Unfamiliar",
		"Unfamiliar",
		"Famous",
		"Famous",
		"Famous",
		"Famous",
		"Famous",
		"Scrambled",
		"Scrambled",
		"Scrambled",
		"Scrambled",
		"Famous",
		"Unfamiliar",
		"Unfamiliar",
		"Famous",
		"Famous",
		"Scrambled",
		"Famous",
		"Unfamiliar",
		"Scrambled",
		"Famous",
		"Famous",
		"Famous",
		"Famous",
		"Unfamiliar",
		"Scrambled",
		"Scrambled",
		"Unfamiliar",
		"Unfamiliar",
		"Scrambled",
		"Scrambled",
		"Famous",
		"Scrambled",
		"Unfamiliar",
		"Scrambled",
		"Scrambled",
		"Scrambled",
		"Unfamiliar",
		"Unfamiliar",
		"Unfamiliar",
		"Famous",
		"Famous",
		"Scrambled",
		"Unfamiliar",
		"Famous",
		"Scrambled",
		"Scrambled",
		"Unfamiliar",
		"Unfamiliar",
		"Scrambled",
		"Scrambled",
		"Scrambled",
		"Scrambled",
		"Unfamiliar",
		"Unfamiliar",
		"Unfamiliar",
		"Scrambled",
		"Unfamiliar",
		"Unfamiliar",
		"Famous",
		"Scrambled",
		"Famous",
		"Scrambled",
		"Scrambled",
		"Famous",
		"Famous",
		"Famous",
		"Famous",
		"Famous",
		"Famous",
		"Famous",
		"Scrambled",
		"Famous",
		"Famous",
		"Famous",
		"Scrambled",
		"Scrambled",
		"Unfamiliar",
		"Unfamiliar",
		"Scrambled",
		"Scrambled",
		"Scrambled",
		"Unfamiliar",
		"Unfamiliar",
		"Scrambled",
		"Scrambled",
		"Scrambled",
		"Unfamiliar",
		"Scrambled",
		"Unfamiliar",
		"Scrambled",
		"Scrambled",
		"Famous",
		"Famous",
		"Unfamiliar",
		"Famous",
		"Unfamiliar",
		"Famous",
		"Famous"
	],
	"event_value":[13,5,5,13,13,14,13,14,15,5,6,7,17,18,7,17,15,5,13,14,17,13,5,19,17,7,17,18,13,14,19,5,6,15,13,14,7,13,14,19,13,5,5,17,18,13,14,5,15,13,14,7,5,6,7,5,17,18,17,18,7,13,14,5,6,17,7,13,17,5,6,5,6,13,19,17,15,13,19,17,5,17,15,17,18,19,13,14,15,5,6,19,13,7,17,19,13,14,17,17,17,18,15,13,14,19,13,14,5,19,5,19,17,5,6,5,6,5,6,7,17,7,5,6,19,17,13,13,17,18,19,13,13,19,17,18,15,17,15,17,18,5,6,15,5,15,5,6],
	"stim_file":[
		"u082.bmp",
		"f088.bmp",
		"f022.bmp",
		"u011.bmp",
		"u074.bmp",
		"u074.bmp",
		"u046.bmp",
		"u046.bmp",
		"u082.bmp",
		"f120.bmp",
		"f120.bmp",
		"f088.bmp",
		"s075.bmp",
		"s075.bmp",
		"f022.bmp",
		"s141.bmp",
		"u011.bmp",
		"f107.bmp",
		"u060.bmp",
		"u060.bmp",
		"s007.bmp",
		"u080.bmp",
		"f144.bmp",
		"s141.bmp",
		"s091.bmp",
		"f107.bmp",
		"s133.bmp",
		"s133.bmp",
		"u148.bmp",
		"u148.bmp",
		"s007.bmp",
		"f079.bmp",
		"f079.bmp",
		"u080.bmp",
		"u107.bmp",
		"u107.bmp",
		"f144.bmp",
		"u054.bmp",
		"u054.bmp",
		"s091.bmp",
		"u087.bmp",
		"f099.bmp",
		"f039.bmp",
		"s051.bmp",
		"s051.bmp",
		"u144.bmp",
		"u144.bmp",
		"f044.bmp",
		"u087.bmp",
		"u053.bmp",
		"u053.bmp",
		"f099.bmp",
		"f113.bmp",
		"f113.bmp",
		"f039.bmp",
		"f001.bmp",
		"s063.bmp",
		"s063.bmp",
		"s033.bmp",
		"s033.bmp",
		"f044.bmp",
		"u128.bmp",
		"u128.bmp",
		"f133.bmp",
		"f133.bmp",
		"s069.bmp",
		"f001.bmp",
		"u075.bmp",
		"s060.bmp",
		"f092.bmp",
		"f092.bmp",
		"f064.bmp",
		"f064.bmp",
		"u119.bmp",
		"s069.bmp",
		"s013.bmp",
		"u075.bmp",
		"u026.bmp",
		"s060.bmp",
		"s042.bmp",
		"f003.bmp",
		"s053.bmp",
		"u119.bmp",
		"s093.bmp",
		"s093.bmp",
		"s013.bmp",
		"u096.bmp",
		"u096.bmp",
		"u026.bmp",
		"f061.bmp",
		"f061.bmp",
		"s042.bmp",
		"u108.bmp",
		"f003.bmp",
		"s082.bmp",
		"s053.bmp",
		"u126.bmp",
		"u126.bmp",
		"s035.bmp",
		"s145.bmp",
		"s032.bmp",
		"s032.bmp",
		"u108.bmp",
		"u143.bmp",
		"u143.bmp",
		"s082.bmp",
		"u039.bmp",
		"u039.bmp",
		"f043.bmp",
		"s035.bmp",
		"f138.bmp",
		"s145.bmp",
		"s085.bmp",
		"f118.bmp",
		"f118.bmp",
		"f087.bmp",
		"f087.bmp",
		"f042.bmp",
		"f042.bmp",
		"f043.bmp",
		"s012.bmp",
		"f138.bmp",
		"f136.bmp",
		"f136.bmp",
		"s085.bmp",
		"s044.bmp",
		"u109.bmp",
		"u050.bmp",
		"s134.bmp",
		"s134.bmp",
		"s012.bmp",
		"u130.bmp",
		"u079.bmp",
		"s044.bmp",
		"s089.bmp",
		"s089.bmp",
		"u109.bmp",
		"s030.bmp",
		"u050.bmp",
		"s100.bmp",
		"s100.bmp",
		"f109.bmp",
		"f109.bmp",
		"u130.bmp",
		"f095.bmp",
		"u079.bmp",
		"f017.bmp",
		"f017.bmp"
	]
}
