{
	"onset":[10.9799999999996,35,35.3702943999997,35.9153296000004,36.4411939000001,36.9865611000005,37.5128418000004,38.501456,39.0399971000006,39.5062008000004,40.3142774999997,40.776889499999,41.1981613999997,57.0707755000003,57.0799999999999,79.3799999999992,100.380996100001,100.745063300001,101.286096100001,101.8747511,102.4269289,102.9634637,103.528525,104.106543899999,104.6544808,105.2635245,105.7923567,106.388011200001,106.9294274,109.879999999999,116.120000000001,137.136339999999,137.6721253,138.240731899999,138.721385999999,139.2544621,139.7583617,140.3217559,140.8667756,141.4401851,141.9904167,142.504343999999,143.0545086,143.618158699999,146.639999999999,152.92,176.9418019,177.345166200001,177.8969493,178.418201799999,178.9510637,179.4970921,180.0411652,180.6106667,181.159491,181.753177000001,182.2264275,182.802568200001,183.3036959,186.440000000001,192.08,216.096389,216.5269936,217.089203199999,217.5902922,218.121809,218.739646399999,219.275691999999,219.8159779,220.3576564,221.0709757,221.571329599999,222.1068622,222.601887299999,225.6,231.459999999999,254.465022799999,254.8802421,255.4475957,255.9908741,256.529413,257.0542654,257.5949342,258.123143999999,258.664286499999,259.231097399999,259.7295034,260.3125368,260.862460599999,263.959999999999,269.700000000001,293.7066087,294.129568099999,294.6600318,295.187044799999,295.7443685,296.291151199999,296.890936899999,297.4725296,297.9944564,298.538786699999,299.065421900001,299.598100499999,300.1300756,303.219999999999,309.299999999999,333.318508300001,333.8235434,334.3697297,334.900072500001,335.432403700001,335.962657,336.532517899999,337.023823699999,337.608651299999,338.3707638,338.886654599999,339.449906,339.994476100001,342.82,348.559999999999,372.5684224,372.9457339,373.4830981,373.991817800001,374.541727,375.0895394,375.608145,376.1934917,376.737430200001,377.2965558,377.7799134,378.3549547,378.915333200001,382.08,395,417.012295500001,417.6407543,418.1937972,418.754591299999,419.2792859,419.790906,420.3836897,420.9465819,421.514153399999,422.0837154,422.5875664,423.1617585,423.678035299999,426.52,432.34,456.3476145,456.8201462,457.379124699999,457.887536300001,458.4278366,458.9741197,459.519113799999,460.049996,460.6188084,461.1703763,461.7185348,462.259085899999,462.864608899999,465.84],
	"duration":[24.02,22.0754727000003,0,0,0,0,0,0,0,0,0,0,0,0,5,21,9.504293199999671,0,0,0,0,0,0,0,0,0,0,0,0,5,21.02,9.50421200000164,0,0,0,0,0,0,0,0,0,0,0,0,5,24.02,9.50337109999964,0,0,0,0,0,0,0,0,0,0,0,0,5,24.02,9.50403509999887,0,0,0,0,0,0,0,0,0,0,0,0,5,23,9.503835100000289,0,0,0,0,0,0,0,0,0,0,0,0,5,24,9.50401429999874,0,0,0,0,0,0,0,0,0,0,0,0,5,24.02,9.502966299998659,0,0,0,0,0,0,0,0,0,0,0,0,5,24,9.503766899999389,0,0,0,0,0,0,0,0,0,0,0,0,5,22.02,9.503301799999459,0,0,0,0,0,0,0,0,0,0,0,0,5,24,9.503794099999141,0,0,0,0,0,0,0,0,0,0,0,0,5],
	"trial_number":[1,1,1,1,1,1,1,1,1,1,1,1,1,1,1,2,2,2,2,2,2,2,2,2,2,2,2,2,2,2,3,3,3,3,3,3,3,3,3,3,3,3,3,3,3,4,4,4,4,4,4,4,4,4,4,4,4,4,4,4,5,5,5,5,5,5,5,5,5,5,5,5,5,5,5,6,6,6,6,6,6,6,6,6,6,6,6,6,6,6,7,7,7,7,7,7,7,7,7,7,7,7,7,7,7,8,8,8,8,8,8,8,8,8,8,8,8,8,8,8,9,9,9,9,9,9,9,9,9,9,9,9,9,9,9,10,10,10,10,10,10,10,10,10,10,10,10,10,10,10,11,11,11,11,11,11,11,11,11,11,11,11,11,11,11],
	"event_type":[
		"stimulus",
		"stimulus",
		"finger press",
		"finger press",
		"finger press",
		"finger press",
		"finger press",
		"finger press",
		"finger press",
		"finger press",
		"finger press",
		"finger press",
		"finger press",
		"finger press",
		"stimulus",
		"stimulus",
		"stimulus",
		"finger press",
		"finger press",
		"finger press",
		"finger press",
		"finger press",
		"finger press",
		"finger press",
		"finger press",
		"finger press",
		"finger press",
		"finger press",
		"finger press",
		"stimulus",
		"stimulus",
		"stimulus",
		"finger press",
		"finger press",
		"finger press",
		"finger press",
		"finger press",
		"finger press",
		"finger press",
		"finger press",
		"finger press",
		"finger press",
		"finger press",
		"finger press",
		"stimulus",
		"stimulus",
		"stimulus",
		"finger press",
		"finger press",
		"finger press",
		"finger press",
		"finger press",
		"finger press",
		"finger press",
		"finger press",
		"finger press",
		"finger press",
		"finger press",
		"finger press",
		"stimulus",
		"stimulus",
		"stimulus",
		"finger press",
		"finger press",
		"finger press",
		"finger press",
		"finger press",
		"finger press",
		"finger press",
		"finger press",
		"finger press",
		"finger press",
		"finger press",
		"finger press",
		"stimulus",
		"stimulus",
		"stimulus",
		"finger press",
		"finger press",
		"finger press",
		"finger press",
		"finger press",
		"finger press",
		"finger press",
		"finger press",
		"finger press",
		"finger press",
		"finger press",
		"finger press",
		"stimulus",
		"stimulus",
		"stimulus",
		"finger press",
		"finger press",
		"finger press",
		"finger press",
		"finger press",
		"finger press",
		"finger press",
		"finger press",
		"finger press",
		"finger press",
		"finger press",
		"finger press",
		"stimulus",
		"stimulus",
		"stimulus",
		"finger press",
		"finger press",
		"finger press",
		"finger press",
		"finger press",
		"finger press",
		"finger press",
		"finger press",
		"finger press",
		"finger press",
		"finger press",
		"finger press",
		"stimulus",
		"stimulus",
		"stimulus",
		"finger press",
		"finger press",
		"finger press",
		"finger press",
		"finger press",
		"finger press",
		"finger press",
		"finger press",
		"finger press",
		"finger press",
		"finger press",
		"finger press",
		"stimulus",
		"stimulus",
		"stimulus",
		"finger press",
		"finger press",
		"finger press",
		"finger press",
		"finger press",
		"finger press",
		"finger press",
		"finger press",
		"finger press",
		"finger press",
		"finger press",
		"finger press",
		"stimulus",
		"stimulus",
		"stimulus",
		"finger press",
		"finger press",
		"finger press",
		"finger press",
		"finger press",
		"finger press",
		"finger press",
		"finger press",
		"finger press",
		"finger press",
		"finger press",
		"finger press",
		"stimulus"
	],
	"executed_movement":[
		"n/a",
		"n/a",
		"n/a",
		"n/a",
		"n/a",
		"n/a",
		"n/a",
		"n/a",
		"n/a",
		"n/a",
		"n/a",
		"n/a",
		"n/a",
		2,
		"n/a",
		"n/a",
		"n/a",
		2,
		1,
		2,
		3,
		2,
		1,
		3,
		2,
		4,
		2,
		4,
		1,
		"n/a",
		"n/a",
		"n/a",
		2,
		1,
		2,
		3,
		2,
		1,
		3,
		2,
		4,
		2,
		4,
		1,
		"n/a",
		"n/a",
		"n/a",
		2,
		1,
		2,
		3,
		2,
		1,
		3,
		2,
		4,
		2,
		4,
		1,
		"n/a",
		"n/a",
		"n/a",
		2,
		1,
		2,
		3,
		2,
		1,
		3,
		2,
		4,
		2,
		4,
		1,
		"n/a",
		"n/a",
		"n/a",
		2,
		1,
		2,
		3,
		2,
		1,
		3,
		2,
		4,
		2,
		4,
		1,
		"n/a",
		"n/a",
		"n/a",
		2,
		1,
		2,
		3,
		2,
		1,
		3,
		2,
		4,
		2,
		4,
		1,
		"n/a",
		"n/a",
		"n/a",
		2,
		1,
		2,
		3,
		2,
		1,
		3,
		2,
		4,
		2,
		4,
		1,
		"n/a",
		"n/a",
		"n/a",
		2,
		1,
		2,
		3,
		2,
		1,
		3,
		2,
		4,
		2,
		4,
		1,
		"n/a",
		"n/a",
		"n/a",
		2,
		1,
		2,
		3,
		2,
		1,
		3,
		2,
		4,
		2,
		4,
		1,
		"n/a",
		"n/a",
		"n/a",
		2,
		1,
		2,
		3,
		2,
		1,
		3,
		2,
		4,
		2,
		4,
		1,
		"n/a"
	],