{
	"onset":[4.328,8.155312500000001,14.1568125,20.735125,25.6104375,33.1108125,37.845125,44.111375,50.67425,56.51825,62.3153125,68.1425625,73.175625,76.8785625,80.816125,84.675875,88.9104375,93.33256249999999,99.31725,106.4269375,111.786625,117.3180625,124.459125,131.475375,137.6941875,144.491625,150.648,155.5076875,162.3205,167.855375,173.586875,179.727875,185.4154375,190.77525,196.0096875,201.69725,206.9165,212.854375,218.88475,224.745625,228.4333125,234.042875,240.4965,245.1684375,251.6845625,256.3409375,263.106625,268.576125,273.939125,278.6546875,283.108,288.1239375,294.2495625,300.546375,306.609125,310.4219375,316.7346875,323.31325,329.01675,332.5636875,337.1109375,343.673625,350.314875,355.4555,360.51825,366.799875,372.50325,379.0975,384.5350625,389.8166875,395.8950625,401.7548125,408.16125,413.1929375,418.427625,423.4746875,428.9125,433.4596875,440.131875,443.9446875,447.6008125,452.804625,459.24225,464.305,468.9771875,474.415125,479.4621875,485.431125,491.2439375,496.2285625,499.65075,504.55725,508.448,513.6985,518.6986875,525.417625,531.5744375,537.5120625,544.668875,549.5753125,553.99725,560.0445,566.07625,573.1076875,579.8269375,585.74875,592.9401875,597.6874375,604.281125,609.5473125,615.359875,619.8915625,625.9541875,632.28225,637.079625,642.548875,649.2679375,654.7528125,659.3938125,664.8938125,669.644125,674.8945625,679.1133125,683.5823124999999,689.8795625,697.0205,702.2236875,709.9744375,717.4435625,725.5689374999999,728.91275,733.2099375,738.444625,742.4138124999999,746.2263124999999,751.49225,756.7906875,761.9759375,767.4149375,771.5245625,776.5248125000001,781.8530625,787.2441875,794.0883125,801.3545,806.3701875],
	"duration":[2.3958125,2.3958125,2.3958125,3.47775,3.47775,3.47775,3.033437499999998,3.033437499999998,3.033437499999998,1.938562499999996,1.938562499999996,1.938562500000003,2.093125000000001,2.093125000000001,2.093125000000001,2.9110625,2.9110625,2.9110625,3.104249999999993,3.104250000000008,3.104249999999993,3.001249999999999,3.001249999999999,3.001249999999999,2.653437499999995,2.653437499999995,2.653437499999995,3.632374999999996,3.632374999999996,3.632374999999996,2.917500000000018,2.91749999999999,2.917500000000018,2.234812500000004,2.234812499999975,2.234812500000004,3.110749999999996,3.110749999999996,3.110749999999996,2.260625000000005,2.260625000000005,2.260625000000005,2.408687500000013,2.408687499999985,2.408687500000013,2.923937500000022,2.923937499999965,2.923937500000022,2.878812500000038,2.878812499999981,2.878812499999981,2.762937499999964,2.762937499999964,2.762937499999964,2.608312500000011,2.608312500000011,2.608312500000011,2.209062500000016,2.209062500000016,2.209062499999959,3.265250000000037,3.26524999999998,3.265250000000037,3.052750000000003,3.052749999999946,3.052750000000003,3.542187500000011,3.542187499999955,3.542187500000011,2.382937500000025,2.382937500000025,2.382937499999969,3.529312500000003,3.529312499999946,3.529312500000003,2.782249999999976,2.782249999999976,2.782250000000033,2.325000000000045,2.324999999999989,2.324999999999989,2.949687500000039,2.949687499999982,2.949687499999982,3.23306249999996,3.233062500000017,3.23306249999996,1.912812499999973,1.912812499999973,1.912812499999973,2.54393749999997,2.54393749999997,2.54393749999997,2.518187500000067,2.518187499999954,2.518187499999954,3.291062499999953,3.291062500000066,3.291062500000066,2.073812500000031,2.073812500000031,2.073812500000031,3.703187500000013,3.703187500000013,3.703187500000013,3.194437500000049,3.194437500000049,3.194437500000049,2.138187500000072,2.138187500000072,2.138187499999958,2.640562499999987,2.640562499999987,2.640562499999987,2.614812500000085,2.614812500000085,2.614812499999971,2.466687500000035,2.466687500000035,2.466687500000035,1.790499999999952,1.790499999999952,1.790499999999952,3.020562500000096,3.020562499999983,3.020562499999983,4.076750000000061,4.076749999999947,4.076750000000061,2.041625000000067,2.041625000000067,2.041624999999954,1.932125000000042,1.932125000000042,1.932125000000042,2.241312499999935,2.241312499999935,2.241312500000049,2.769312500000069,2.769312499999955,2.769312499999955,3.503562500000044,3.503562500000044,3.50356249999993,2.975437499999998,2.975437499999998],
	"trial_type":[
		"trial",
		"trial",
		"trial",
		"trial",
		"trial",
		"trial",
		"trial",
		"trial",
		"trial",
		"trial",
		"trial",
		"trial",
		"trial",
		"trial",
		"trial",
		"trial",
		"trial",
		"trial",
		"trial",
		"trial",
		"trial",
		"trial",
		"trial",
		"trial",
		"trial",
		"trial",
		"trial",
		"trial",
		"trial",
		"trial",
		"trial",
		"trial",
		"trial",
		"trial",
		"trial",
		"trial",
		"trial",
		"trial",
		"trial",
		"trial",
		"trial",
		"trial",
		"trial",
		"trial",
		"trial",
		"trial",
		"trial",
		"trial",
		"trial",
		"trial",
		"trial",
		"trial",
		"trial",
		"trial",
		"trial",
		"trial",
		"trial",
		"trial",
		"trial",
		"trial",
		"trial",
		"trial",
		"trial",
		"trial",
		"trial",
		"trial",
		"trial",
		"trial",
		"trial",
		"trial",
		"trial",
		"trial",
		"trial",
		"trial",
		"trial",
		"trial",
		"trial",
		"trial",
		"trial",
		"trial",
		"trial",
		"trial",
		"trial",
		"trial",
		"trial",
		"trial",
		"trial",
		"trial",
		"trial",
		"trial",
		"trial",
		"trial",
		"trial",
		"trial",
		"trial",
		"trial",
		"trial",
		"trial",
		"trial",
		"trial",
		"trial",
		"trial",
		"trial",
		"trial",
		"trial",
		"trial",
		"trial",
		"trial",
		"trial",
		"trial",
		"trial",
		"trial",
		"trial",
		"trial",
		"trial",
		"trial",
		"trial",
		"trial",
		"trial",
		"trial",
		"trial",
		"trial",
		"trial",
		"trial",
		"trial",
		"trial",
		"trial",
		"trial",
		"trial",
		"trial",
		"trial",
		"trial",
		"trial",
		"trial",
		"trial",
		"trial",
		"trial",
		"trial",
		"trial",
		"trial",
		"trial",
		"trial",
		"trial",
		"trial",
		"trial",
		"trial"
	],
	"trial_phase":[
		"mid",
		"mid",
		"mid",
		"mid",
		"mid",
		"mid",
		"bef",
		"mid",
		"aft",
		"bef",
		"mid",
		"aft",
		"bef",
		"mid",
		"aft",
		"bef",
		"mid",
		"aft",
		"bef",
		"mid",
		"aft",
		"bef",
		"mid",
		"aft",
		"bef",
		"mid",
		"aft",
		"bef",
		"mid",
		"aft",
		"bef",
		"mid",
		"aft",
		"bef",
		"mid",
		"aft",
		"bef",
		"mid",
		"aft",
		"bef",
		"mid",
		"aft",
		"bef",
		"mid",
		"aft",
		"bef",
		"mid",
		"aft",
		"bef",
		"mid",
		"aft",
		"bef",
		"mid",
		"aft",
		"bef",
		"mid",
		"aft",
		"bef",
		"mid",
		"aft",
		"bef",
		"mid",
		"aft",
		"bef",
		"mid",
		"aft",
		"bef",
		"mid",
		"aft",
		"bef",
		"mid",
		"aft",
		"bef",
		"mid",
		"aft",
		"bef",
		"mid",
		"aft",
		"bef",
		"mid",
		"aft",
		"bef",
		"mid",
		"aft",
		"bef",
		"mid",
		"aft",
		"bef",
		"mid",
		"aft",
		"bef",
		"mid",
		"aft",
		"bef",
		"mid",
		"aft",
		"bef",
		"mid",
		"aft",
		"bef",
		"mid",
		"aft",
		"bef",
		"mid",
		"aft",
		"bef",
		"mid",
		"aft",
		"bef",
		"mid",
		"aft",
		"bef",
		"mid",
		"aft",
		"bef",
		"mid",
		"aft",
		"bef",
		"mid",
		"aft",
		"bef",
		"mid",
		"aft",
		"bef",
		"mid",
		"aft",
		"bef",
		"mid",
		"aft",
		"bef",
		"mid",
		"aft",
		"bef",
		"mid",
		"aft",
		"bef",
		"mid",
		"aft",
		"bef",
		"mid",
		"aft",
		"bef",
		"mid",
		"aft",
		"bef",
		"mid"
	],
	"trial_num":[-1,-1,-1,-1,-1,-1,1,1,1,2,2,2,3,3,3,4,4,4,5,5,5,6,6,6,7,7,7,8,8,8,9,9,9,10,10,10,11,11,11,12,12,12,13,13,13,14,14,14,15,15,15,16,16,16,17,17,17,18,18,18,19,19,19,20,20,20,21,21,21,22,22,22,23,23,23,24,24,24,25,25,25,26,26,26,27,27,27,28,28,28,29,29,29,30,30,30,31,31,31,32,32,32,33,33,33,34,34,34,35,35,35,36,36,36,37,37,37,38,38,38,39,39,39,40,40,40,41,41,41,42,42,42,43,43,43,44,44,44,45,45,45,46,46,46,47,47],