{
	"onset":[0.04,14,26,38,50,62,72,82.01000000000001,96,108.01,122,134,146,158,168,180,192,204,216,226,238.01,252.01,266,276,288],
	"duration":[6,6,6,6,6,6,6,6,6,6,6,6,6,6,6,6,6,6,6,6,6,6,6,6,6],
	"trial_type":[
		"country",
		"metal",
		"ambient",
		"symphonic",
		"country",
		"rocknroll",
		"symphonic",
		"symphonic",
		"rocknroll",
		"metal",
		"rocknroll",
		"rocknroll",
		"ambient",
		"ambient",
		"metal",
		"country",
		"symphonic",
		"metal",
		"metal",
		"symphonic",
		"ambient",
		"rocknroll",
		"country",
		"ambient",
		"country"
	],
	"run":[6,6,6,6,6,6,6,6,6,6,6,6,6,6,6,6,6,6,6,6,6,6,6,6,6],
	"run_id":[5,5,5,5,5,5,5,5,5,5,5,5,5,5,5,5,5,5,5,5,5,5,5,5,5],
	"volume":[765,772,778,784,790,796,801,806,813,819,826,832,838,844,849,855,861,867,873,878,884,891,898,903,909],
	"run_volume":[0,7,13,19,25,31,36,41,48,54,61,67,73,79,84,90,96,102,108,113,119,126,133,138,144],
	"stim":[
		"country_003.wav",
		"metal_004.wav",
		"ambient_004.wav",
		"symphonic_002.wav",
		"country_002.wav",
		"rocknroll_001.wav",
		"symphonic_004.wav",
		"symphonic_001.wav",
		"rocknroll_003.wav",
		"metal_000.wav",
		"rocknroll_000.wav",
		"rocknroll_004.wav",
		"ambient_003.wav",
		"ambient_000.wav",
		"metal_003.wav",
		"country_001.wav",
		"symphonic_003.wav",
		"metal_001.wav",
		"metal_002.wav",
		"symphonic_000.wav",
		"ambient_002.wav",
		"rocknroll_002.wav",
		"country_000.wav",
		"ambient_001.wav",
		"country_004.wav"
	],
	"genre":[
		"country",
		"metal",
		"ambient",
		"symphonic",
		"country",
		"rocknroll",
		"symphonic",
		"symphonic",
		"rocknroll",
		"metal",
		"rocknroll",
		"rocknroll",
		"ambient",
		"ambient",
		"metal",
		"country",
		"symphonic",
		"metal",
		"metal",
		"symphonic",
		"ambient",
		"rocknroll",
		"country",
		"ambient",
		"country"
	],
	"delay":[8,6,6,6,6,4,4,8,6,8,6,6,6,4,6,6,6,6,4,6,8,8,4,6,6],
	"catch":[1,0,0,0,0,0,0,1,0,1,0,0,0,0,0,0,0,0,0,0,1,1,0,0,0],
	"sound_soa":[0.03829999999970823,0.003099999999903957,0.00250000000005457,0.00279999999975189,0.002600000000256841,0.002800000000206637,0.004500000000007276,0.009599999999863941,0.002600000000256841,0.00709999999980937,0.002700000000004366,0.003799999999955617,0.00250000000005457,0.003600000000005821,0.00250000000005457,0.004099999999652937,0.003400000000056025,0.002499999999599823,0.002199999999902502,0.00250000000005457,0.008100000000013097,0.0138000000001739,0.0045999999997548,0.002499999999599823,0.00250000000005457],
	"trigger_ts":[2350.5003,2364.501,2376.5006,2388.501,2400.4995,2412.4995,2422.4994,2432.4996,2446.4993,2458.4996,2472.5007,2484.4993,2496.4997,2508.4994,2518.4997,2530.4994,2542.4996,2554.5001,2566.5001,2576.4997,2588.4996,2602.4995,2616.4992,2626.5001,2638.4994]
}
