{
	"onset":[0.01,12,24,36,48.01,62,74,86,98.02,112,122,134,146,156,168,178,188.02,202,212,224,236,248,260,272.02,286.01],
	"duration":[6,6,6,6,6,6,6,6,6,6,6,6,6,6,6,6,6,6,6,6,6,6,6,6,6],
	"trial_type":[
		"country",
		"symphonic",
		"metal",
		"country",
		"ambient",
		"metal",
		"symphonic",
		"ambient",
		"symphonic",
		"symphonic",
		"country",
		"metal",
		"ambient",
		"ambient",
		"country",
		"rocknroll",
		"metal",
		"metal",
		"rocknroll",
		"rocknroll",
		"ambient",
		"rocknroll",
		"symphonic",
		"rocknroll",
		"country"
	],
	"run":[3,3,3,3,3,3,3,3,3,3,3,3,3,3,3,3,3,3,3,3,3,3,3,3,3],
	"run_id":[4,4,4,4,4,4,4,4,4,4,4,4,4,4,4,4,4,4,4,4,4,4,4,4,4],
	"volume":[306,312,318,324,330,337,343,349,355,362,367,373,379,384,390,395,400,407,412,418,424,430,436,442,449],
	"run_volume":[0,6,12,18,24,31,37,43,49,56,61,67,73,78,84,89,94,101,106,112,118,124,130,136,143],
	"stim":[
		"country_001.wav",
		"symphonic_004.wav",
		"metal_000.wav",
		"country_003.wav",
		"ambient_003.wav",
		"metal_003.wav",
		"symphonic_003.wav",
		"ambient_002.wav",
		"symphonic_000.wav",
		"symphonic_002.wav",
		"country_000.wav",
		"metal_002.wav",
		"ambient_000.wav",
		"ambient_004.wav",
		"country_004.wav",
		"rocknroll_000.wav",
		"metal_001.wav",
		"metal_004.wav",
		"rocknroll_001.wav",
		"rocknroll_004.wav",
		"ambient_001.wav",
		"rocknroll_003.wav",
		"symphonic_001.wav",
		"rocknroll_002.wav",
		"country_002.wav"
	],
	"genre":[
		"country",
		"symphonic",
		"metal",
		"country",
		"ambient",
		"metal",
		"symphonic",
		"ambient",
		"symphonic",
		"symphonic",
		"country",
		"metal",
		"ambient",
		"ambient",
		"country",
		"rocknroll",
		"metal",
		"metal",
		"rocknroll",
		"rocknroll",
		"ambient",
		"rocknroll",
		"symphonic",
		"rocknroll",
		"country"
	],
	"delay":[6,6,6,6,8,6,6,6,8,4,6,6,4,6,4,4,8,4,6,6,6,6,6,8,8],
	"catch":[0,0,0,0,1,0,0,0,1,0,0,0,0,0,0,0,1,0,0,0,0,0,0,1,1],
	"sound_soa":[0.01119999999991705,0.002899999999954161,0.002499999999827196,0.00250000000005457,0.007499999999936335,0.002700000000004366,0.002799999999979264,0.004299999999830106,0.0183999999999287,0.003699999999980719,0.002700000000004366,0.00250000000005457,0.00250000000005457,0.00250000000005457,0.004100000000107684,0.002499999999827196,0.01710000000002765,0.002700000000004366,0.002499999999827196,0.00250000000005457,0.003600000000005821,0.002799999999979264,0.00250000000005457,0.01870000000008076,0.01420000000007349],
	"trigger_ts":[1303.9255,1315.9263,1327.9263,1339.9259,1351.9262,1365.9262,1377.9258,1389.9255,1401.9264,1415.9258,1425.9268,1437.926,1449.9264,1459.9264,1471.9259,1481.9263,1491.9258,1505.9264,1515.9263,1527.9258,1539.9258,1551.9265,1563.9265,1575.926,1589.9256]
}
