{
	"onset":[0.03,10,20,32,44,54.02,68,80.01000000000001,94.01000000000001,108,120,132,144,156,168,180,192.01,206,218,228,238,250,262,274,286.01],
	"duration":[6,6,6,6,6,6,6,6,6,6,6,6,6,6,6,6,6,6,6,6,6,6,6,6,6],
	"trial_type":[
		"rocknroll",
		"metal",
		"symphonic",
		"country",
		"country",
		"ambient",
		"rocknroll",
		"country",
		"symphonic",
		"metal",
		"metal",
		"rocknroll",
		"symphonic",
		"rocknroll",
		"ambient",
		"country",
		"metal",
		"ambient",
		"ambient",
		"symphonic",
		"symphonic",
		"ambient",
		"metal",
		"country",
		"rocknroll"
	],
	"run":[2,2,2,2,2,2,2,2,2,2,2,2,2,2,2,2,2,2,2,2,2,2,2,2,2],
	"run_id":[7,7,7,7,7,7,7,7,7,7,7,7,7,7,7,7,7,7,7,7,7,7,7,7,7],
	"volume":[153,158,163,169,175,180,187,193,200,207,213,219,225,231,237,243,249,256,262,267,272,278,284,290,296],
	"run_volume":[0,5,10,16,22,27,34,40,47,54,60,66,72,78,84,90,96,103,109,114,119,125,131,137,143],
	"stim":[
		"rocknroll_000.wav",
		"metal_004.wav",
		"symphonic_002.wav",
		"country_004.wav",
		"country_003.wav",
		"ambient_001.wav",
		"rocknroll_001.wav",
		"country_001.wav",
		"symphonic_004.wav",
		"metal_002.wav",
		"metal_003.wav",
		"rocknroll_003.wav",
		"symphonic_001.wav",
		"rocknroll_004.wav",
		"ambient_000.wav",
		"country_000.wav",
		"metal_000.wav",
		"ambient_004.wav",
		"ambient_003.wav",
		"symphonic_000.wav",
		"symphonic_003.wav",
		"ambient_002.wav",
		"metal_001.wav",
		"country_002.wav",
		"rocknroll_002.wav"
	],
	"genre":[
		"rocknroll",
		"metal",
		"symphonic",
		"country",
		"country",
		"ambient",
		"rocknroll",
		"country",
		"symphonic",
		"metal",
		"metal",
		"rocknroll",
		"symphonic",
		"rocknroll",
		"ambient",
		"country",
		"metal",
		"ambient",
		"ambient",
		"symphonic",
		"symphonic",
		"ambient",
		"metal",
		"country",
		"rocknroll"
	],
	"delay":[4,4,6,6,4,8,6,8,8,6,6,6,6,6,6,6,8,6,4,4,6,6,6,6,8],
	"catch":[0,0,0,0,0,1,0,1,1,0,0,0,0,0,0,0,1,0,0,0,0,0,0,0,1],
	"sound_soa":[0.02569999999991524,0.004000000000019099,0.002499999999940883,0.002499999999940883,0.002999999999929059,0.02129999999999654,0.002799999999979264,0.009599999999863941,0.01289999999994507,0.003199999999878855,0.002999999999929059,0.00250000000005457,0.003999999999905413,0.003899999999930515,0.002899999999954161,0.002600000000029468,0.01479999999992287,0.002600000000029468,0.002399999999852298,0.003900000000157888,0.00250000000005457,0.002600000000029468,0.002600000000029468,0.00250000000005457,0.009999999999990905],
	"trigger_ts":[946.2222,956.2225,966.2231,978.2226000000001,990.2231,1000.223,1014.2225,1026.2227,1040.2228,1054.2225,1066.2227,1078.2232,1090.2225,1102.2225,1114.223,1126.2223,1138.2227,1152.2229,1164.2225,1174.2223,1184.2227,1196.2223,1208.2232,1220.2229,1232.2233]
}
