{
	"onset":[0.08,12.04,22.04,36.05,46.03,56.04,68.05,78.05,92.05,106.04,118.03,130.05,142.03,154.03,166.04,178.05,188.03,200.04,212.03,224.05,236.04,248.06,262.03,274.06,288.04],
	"duration":[6,6,6,6,6,6,6,6,6,6,6,6,6,6,6,6,6,6,6,6,6,6,6,6,6],
	"trial_type":[
		"rocknroll",
		"symphonic",
		"symphonic",
		"rocknroll",
		"metal",
		"symphonic",
		"country",
		"rocknroll",
		"country",
		"ambient",
		"rocknroll",
		"ambient",
		"symphonic",
		"metal",
		"metal",
		"ambient",
		"country",
		"metal",
		"country",
		"country",
		"symphonic",
		"ambient",
		"ambient",
		"metal",
		"rocknroll"
	],
	"run":[1,1,1,1,1,1,1,1,1,1,1,1,1,1,1,1,1,1,1,1,1,1,1,1,1],
	"run_id":[3,3,3,3,3,3,3,3,3,3,3,3,3,3,3,3,3,3,3,3,3,3,3,3,3],
	"volume":[0,6,11,18,23,28,34,39,46,53,59,65,71,77,83,89,94,100,106,112,118,124,131,137,144],
	"run_volume":[0,6,11,18,23,28,34,39,46,53,59,65,71,77,83,89,94,100,106,112,118,124,131,137,144],
	"stim":[
		"rocknroll_004.wav",
		"symphonic_001.wav",
		"symphonic_000.wav",
		"rocknroll_001.wav",
		"metal_003.wav",
		"symphonic_003.wav",
		"country_002.wav",
		"rocknroll_003.wav",
		"country_000.wav",
		"ambient_002.wav",
		"rocknroll_000.wav",
		"ambient_000.wav",
		"symphonic_002.wav",
		"metal_002.wav",
		"metal_001.wav",
		"ambient_003.wav",
		"country_001.wav",
		"metal_000.wav",
		"country_003.wav",
		"country_004.wav",
		"symphonic_004.wav",
		"ambient_001.wav",
		"ambient_004.wav",
		"metal_004.wav",
		"rocknroll_002.wav"
	],
	"genre":[
		"rocknroll",
		"symphonic",
		"symphonic",
		"rocknroll",
		"metal",
		"symphonic",
		"country",
		"rocknroll",
		"country",
		"ambient",
		"rocknroll",
		"ambient",
		"symphonic",
		"metal",
		"metal",
		"ambient",
		"country",
		"metal",
		"country",
		"country",
		"symphonic",
		"ambient",
		"ambient",
		"metal",
		"rocknroll"
	],
	"delay":[6,4,8,4,4,6,4,8,8,6,6,6,6,6,6,4,6,6,6,6,6,8,6,8,6],
	"catch":[0,0,1,0,0,0,0,1,1,0,0,0,0,0,0,0,0,0,0,0,0,1,0,1,0],
	"sound_soa":[0.07690000000002327,0.0444999999999709,0.040300000000002,0.04909999999995307,0.03359999999997854,0.04139999999995325,0.0483000000000402,0.05209999999999582,0.05090000000006967,0.03679999999997108,0.03380000000004202,0.04660000000001219,0.03449999999997998,0.03449999999997998,0.04399999999998272,0.04560000000003583,0.03330000000005384,0.03949999999997544,0.03369999999995344,0.04730000000006385,0.04300000000000637,0.05750000000000455,0.03350000000000364,0.05780000000004293,0.04460000000005948],
	"trigger_ts":[599.5874,611.5879,621.5879,635.5874,645.5872000000001,655.5874,667.587,677.5872000000001,691.5880000000001,705.5873,717.5867,729.587,741.5861,753.5864,765.5869,777.5861,787.587,799.5874,811.5878,823.587,835.5869,847.587,861.5873,873.5865,887.5862]
}
