{
	"onset":[0.02,12,24,36.01,50.01,64,76.02,90,102,114,126,136.01,150,162,174,186,198,210,222,234,244,256,266,276.01,290],
	"duration":[6,6,6,6,6,6,6,6,6,6,6,6,6,6,6,6,6,6,6,6,6,6,6,6,6],
	"trial_type":[
		"symphonic",
		"ambient",
		"symphonic",
		"rocknroll",
		"symphonic",
		"metal",
		"country",
		"rocknroll",
		"country",
		"symphonic",
		"country",
		"ambient",
		"ambient",
		"country",
		"country",
		"metal",
		"ambient",
		"metal",
		"rocknroll",
		"ambient",
		"rocknroll",
		"rocknroll",
		"metal",
		"metal",
		"symphonic"
	],
	"run":[4,4,4,4,4,4,4,4,4,4,4,4,4,4,4,4,4,4,4,4,4,4,4,4,4],
	"run_id":[1,1,1,1,1,1,1,1,1,1,1,1,1,1,1,1,1,1,1,1,1,1,1,1,1],
	"volume":[459,465,471,477,484,491,497,504,510,516,522,527,534,540,546,552,558,564,570,576,581,587,592,597,604],
	"run_volume":[0,6,12,18,25,32,38,45,51,57,63,68,75,81,87,93,99,105,111,117,122,128,133,138,145],
	"stim":[
		"symphonic_004.wav",
		"ambient_004.wav",
		"symphonic_002.wav",
		"rocknroll_002.wav",
		"symphonic_003.wav",
		"metal_001.wav",
		"country_000.wav",
		"rocknroll_001.wav",
		"country_002.wav",
		"symphonic_000.wav",
		"country_003.wav",
		"ambient_000.wav",
		"ambient_003.wav",
		"country_001.wav",
		"country_004.wav",
		"metal_002.wav",
		"ambient_001.wav",
		"metal_004.wav",
		"rocknroll_004.wav",
		"ambient_002.wav",
		"rocknroll_003.wav",
		"rocknroll_000.wav",
		"metal_000.wav",
		"metal_003.wav",
		"symphonic_001.wav"
	],
	"genre":[
		"symphonic",
		"ambient",
		"symphonic",
		"rocknroll",
		"symphonic",
		"metal",
		"country",
		"rocknroll",
		"country",
		"symphonic",
		"country",
		"ambient",
		"ambient",
		"country",
		"country",
		"metal",
		"ambient",
		"metal",
		"rocknroll",
		"ambient",
		"rocknroll",
		"rocknroll",
		"metal",
		"metal",
		"symphonic"
	],
	"delay":[6,6,6,8,8,6,8,6,6,6,4,8,6,6,6,6,6,6,6,4,6,4,4,8,4],
	"catch":[0,0,0,1,1,0,1,0,0,0,0,1,0,0,0,0,0,0,0,0,0,0,0,1,0],
	"sound_soa":[0.02230000000008658,0.003899999999930515,0.00250000000005457,0.01069999999981519,0.0102999999999156,0.002700000000004366,0.01749999999992724,0.002700000000004366,0.002499999999827196,0.002799999999979264,0.003500000000030923,0.01430000000004839,0.003699999999980719,0.002400000000079672,0.003500000000030923,0.002700000000004366,0.003600000000005821,0.002200000000129876,0.003500000000030923,0.002600000000029468,0.003699999999980719,0.003999999999905413,0.00250000000005457,0.007499999999936335,0.002600000000029468],
	"trigger_ts":[1651.5955,1663.5948,1675.5955,1687.5947,1701.5949,1715.5956,1727.5948,1741.5956,1753.5956,1765.5949,1777.5948,1787.595,1801.595,1813.5952,1825.595,1837.5957,1849.5953,1861.5952,1873.5951,1885.5948,1895.5948,1907.595,1917.595,1927.5951,1941.5953]
}
