{
	"onset":[23.6055,26.7291,29.9364,33.2773,36.4682,39.5918,42.6655,45.8736,49.0473,52.2045,55.2945,58.4018,61.6264,64.6664,67.8073,71.0145,74.2218,77.3455,80.5364,83.7273,86.9182,90.20910000000001,93.3991,96.4064,99.61360000000001,102.771,105.995,109.236,112.41,115.534,118.641,121.681,124.838,128.096,131.22,134.31,137.551,140.692,143.715,146.84,149.93,152.986,156.245,159.402,162.592,165.8,169.091,172.265,175.405,178.529,181.703,184.91,188.135,191.409,194.599,197.857,201.031,204.273,207.329,210.519,213.61,216.851,220.008,223.165,226.406,229.58,232.855,236.045,239.235,242.576,245.634,248.891,252.065,255.173,258.396,261.504,264.695,267.835,270.908,274.166,277.34,280.447,283.638,286.628,289.802,293.06,296.184,299.241,302.399,305.639,308.846,312.07,315.345,318.669,321.926,325.034,328.224,331.348,334.455,337.495,340.519,343.526,346.817,350.025,353.015,356.055,359.313,362.536,365.777,368.885,372.075,375.249,378.524,381.647,384.922,388.012,391.169,394.26,397.334,400.525,403.832,406.939,410.113,413.404,416.578,419.685,422.775,426.033,429.224,432.331,435.555,438.679,441.785,444.826,447.95,451.074,454.248,457.289,460.363,463.62,466.794,469.935,473.041,476.098,479.323,482.513],
	"duration":[0,0,0,0,0,0,0,0,0,0,0,0,0,0,0,0,0,0,0,0,0,0,0,0,0,0,0,0,0,0,0,0,0,0,0,0,0,0,0,0,0,0,0,0,0,0,0,0,0,0,0,0,0,0,0,0,0,0,0,0,0,0,0,0,0,0,0,0,0,0,0,0,0,0,0,0,0,0,0,0,0,0,0,0,0,0,0,0,0,0,0,0,0,0,0,0,0,0,0,0,0,0,0,0,0,0,0,0,0,0,0,0,0,0,0,0,0,0,0,0,0,0,0,0,0,0,0,0,0,0,0,0,0,0,0,0,0,0,0,0,0,0,0,0,0,0],
	"onset_sample":[25966,29402,32930,36605,40115,43551,46932,50461,53952,57425,60824,64242,67789,71133,74588,78116,81644,85080,88590,92100,95610,99230,102739,106047,109575,113048,116595,120160,123651,127087,130505,133849,137322,140906,144342,147741,151306,154761,158087,161524,164923,168285,171869,175342,178851,182380,186000,189491,192946,196382,199873,203401,206948,210550,214059,217643,221134,224700,228062,231571,234971,238536,242009,245482,249047,252538,256140,259649,263159,266834,270197,273780,277272,280690,284236,287654,291164,294618,297999,301583,305074,308492,312002,315291,318782,322366,325802,329165,332639,336203,339731,343277,346879,350536,354119,357537,361046,364483,367901,371245,374571,377879,381499,385027,388316,391660,395244,398790,402355,405774,409283,412774,416376,419812,423414,426813,430286,433686,437067,440577,444215,447633,451124,454744,458236,461653,465053,468636,472146,475564,479110,482547,485964,489309,492745,496181,499673,503018,506399,509982,513473,516928,520345,523708,527255,530764],
	"stim_type":[
		"Scrambled",
		"Scrambled",
		"Unfamiliar",
		"Famous",
		"Famous",
		"Famous",
		"Famous",
		"Unfamiliar",
		"Unfamiliar",
		"Scrambled",
		"Scrambled",
		"Famous",
		"Unfamiliar",
		"Scrambled",
		"Scrambled",
		"Unfamiliar",
		"Unfamiliar",
		"Unfamiliar",
		"Famous",
		"Famous",
		"Unfamiliar",
		"Scrambled",
		"Scrambled",
		"Scrambled",
		"Scrambled",
		"Scrambled",
		"Unfamiliar",
		"Famous",
		"Famous",
		"Scrambled",
		"Scrambled",
		"Famous",
		"Unfamiliar",
		"Unfamiliar",
		"Unfamiliar",
		"Famous",
		"Famous",
		"Scrambled",
		"Unfamiliar",
		"Scrambled",
		"Famous",
		"Famous",
		"Famous",
		"Scrambled",
		"Famous",
		"Unfamiliar",
		"Scrambled",
		"Scrambled",
		"Scrambled",
		"Scrambled",
		"Famous",
		"Scrambled",
		"Scrambled",
		"Scrambled",
		"Unfamiliar",
		"Unfamiliar",
		"Famous",
		"Famous",
		"Famous",
		"Famous",
		"Famous",
		"Scrambled",
		"Unfamiliar",
		"Scrambled",
		"Famous",
		"Scrambled",
		"Scrambled",
		"Scrambled",
		"Famous",
		"Scrambled",
		"Scrambled",
		"Famous",
		"Famous",
		"Unfamiliar",
		"Unfamiliar",
		"Unfamiliar",
		"Famous",
		"Famous",
		"Scrambled",
		"Scrambled",
		"Famous",
		"Unfamiliar",
		"Unfamiliar",
		"Unfamiliar",
		"Unfamiliar",
		"Unfamiliar",
		"Famous",
		"Famous",
		"Scrambled",
		"Unfamiliar",
		"Unfamiliar",
		"Unfamiliar",
		"Unfamiliar",
		"Famous",
		"Famous",
		"Unfamiliar",
		"Famous",
		"Scrambled",
		"Scrambled",
		"Famous",
		"Scrambled",
		"Scrambled",
		"Scrambled",
		"Famous",
		"Unfamiliar",
		"Unfamiliar",
		"Unfamiliar",
		"Unfamiliar",
		"Famous",
		"Famous",
		"Famous",
		"Unfamiliar",
		"Unfamiliar",
		"Scrambled",
		"Famous",
		"Scrambled",
		"Famous",
		"Famous",
		"Unfamiliar",
		"Unfamiliar",
		"Unfamiliar",
		"Famous",
		"Scrambled",
		"Scrambled",
		"Scrambled",
		"Scrambled",
		"Unfamiliar",
		"Unfamiliar",
		"Unfamiliar",
		"Scrambled",
		"Scrambled",
		"Unfamiliar",
		"Famous",
		"Scrambled",
		"Scrambled",
		"Scrambled",
		"Unfamiliar",
		"Unfamiliar",
		"Unfamiliar",
		"Famous",
		"Famous",
		"Unfamiliar",
		"Unfamiliar",
		"Unfamiliar",
		"Famous",
		"Scrambled"
	],
	"trigger":[17,18,13,5,6,5,6,13,14,17,18,5,15,17,17,13,13,14,5,7,13,19,17,19,17,18,15,5,6,17,18,7,13,14,15,5,6,19,13,17,5,5,6,17,5,15,17,18,19,17,7,17,17,19,13,14,7,5,6,5,6,19,13,19,5,19,17,18,5,17,18,5,6,15,13,14,7,5,17,18,7,13,13,13,13,14,7,5,17,15,13,14,15,5,6,15,5,17,18,7,17,18,19,5,13,14,13,14,7,5,6,13,14,17,7,17,5,6,13,13,14,5,19,17,18,19,13,13,15,17,18,13,7,17,18,17,15,13,15,5,5,15,13,14,5,19],
	"stim_file":[
		"meg/s109.bmp",
		"meg/s109.bmp",
		"meg/u011.bmp",
		"meg/f103.bmp",
		"meg/f103.bmp",
		"meg/f033.bmp",
		"meg/f033.bmp",
		"meg/u103.bmp",
		"meg/u103.bmp",
		"meg/s082.bmp",
		"meg/s082.bmp",
		"meg/f040.bmp",
		"meg/u011.bmp",
		"meg/s125.bmp",
		"meg/s126.bmp",
		"meg/u003.bmp",
		"meg/u094.bmp",
		"meg/u094.bmp",
		"meg/f012.bmp",
		"meg/f040.bmp",
		"meg/u072.bmp",
		"meg/s125.bmp",
		"meg/s001.bmp",
		"meg/s126.bmp",
		"meg/s018.bmp",
		"meg/s018.bmp",
		"meg/u003.bmp",
		"meg/f076.bmp",
		"meg/f076.bmp",
		"meg/s077.bmp",
		"meg/s077.bmp",
		"meg/f012.bmp",
		"meg/u081.bmp",
		"meg/u081.bmp",
		"meg/u072.bmp",
		"meg/f131.bmp",
		"meg/f131.bmp",
		"meg/s001.bmp",
		"meg/u149.bmp",
		"meg/s045.bmp",
		"meg/f143.bmp",
		"meg/f112.bmp",
		"meg/f112.bmp",
		"meg/s008.bmp",
		"meg/f036.bmp",
		"meg/u149.bmp",
		"meg/s015.bmp",
		"meg/s015.bmp",
		"meg/s045.bmp",
		"meg/s057.bmp",
		"meg/f143.bmp",
		"meg/s083.bmp",
		"meg/s027.bmp",
		"meg/s008.bmp",
		"meg/u031.bmp",
		"meg/u031.bmp",
		"meg/f036.bmp",
		"meg/f102.bmp",
		"meg/f102.bmp",
		"meg/f092.bmp",
		"meg/f092.bmp",
		"meg/s057.bmp",
		"meg/u127.bmp",
		"meg/s083.bmp",
		"meg/f130.bmp",
		"meg/s027.bmp",
		"meg/s124.bmp",
		"meg/s124.bmp",
		"meg/f005.bmp",
		"meg/s061.bmp",
		"meg/s061.bmp",
		"meg/f096.bmp",
		"meg/f096.bmp",
		"meg/u127.bmp",
		"meg/u097.bmp",
		"meg/u097.bmp",
		"meg/f130.bmp",
		"meg/f029.bmp",
		"meg/s021.bmp",
		"meg/s021.bmp",
		"meg/f005.bmp",
		"meg/u147.bmp",
		"meg/u112.bmp",
		"meg/u133.bmp",
		"meg/u020.bmp",
		"meg/u020.bmp",
		"meg/f029.bmp",
		"meg/f133.bmp",
		"meg/s065.bmp",
		"meg/u147.bmp",
		"meg/u122.bmp",
		"meg/u122.bmp",
		"meg/u112.bmp",
		"meg/f010.bmp",
		"meg/f010.bmp",
		"meg/u133.bmp",
		"meg/f144.bmp",
		"meg/s080.bmp",
		"meg/s080.bmp",
		"meg/f133.bmp",
		"meg/s024.bmp",
		"meg/s024.bmp",
		"meg/s065.bmp",
		"meg/f128.bmp",
		"meg/u089.bmp",
		"meg/u089.bmp",
		"meg/u090.bmp",
		"meg/u090.bmp",
		"meg/f144.bmp",
		"meg/f148.bmp",
		"meg/f148.bmp",
		"meg/u023.bmp",
		"meg/u023.bmp",
		"meg/s050.bmp",
		"meg/f128.bmp",
		"meg/s140.bmp",
		"meg/f008.bmp",
		"meg/f008.bmp",
		"meg/u076.bmp",
		"meg/u102.bmp",
		"meg/u102.bmp",
		"meg/f126.bmp",
		"meg/s050.bmp",
		"meg/s041.bmp",
		"meg/s041.bmp",
		"meg/s140.bmp",
		"meg/u054.bmp",
		"meg/u123.bmp",
		"meg/u076.bmp",
		"meg/s025.bmp",
		"meg/s025.bmp",
		"meg/u135.bmp",
		"meg/f126.bmp",
		"meg/s058.bmp",
		"meg/s058.bmp",
		"meg/s028.bmp",
		"meg/u054.bmp",
		"meg/u118.bmp",
		"meg/u123.bmp",
		"meg/f090.bmp",
		"meg/f134.bmp",
		"meg/u135.bmp",
		"meg/u060.bmp",
		"meg/u060.bmp",
		"meg/f089.bmp",
		"meg/s028.bmp"
	]
}
