{
	"time":[0,10.0000002,19.9999998,30,40.002,49.998,60,70.002,79.998,90,100.002,109.998,120,139.998,160.002,180,199.998,220.002,240,360,480,720,960,1200,1800,2400,3000,3600,4800,5400,6000,7200],
	"plasma_radioactivity":[0,22.62883,57.2612,1836.01696,14344.6921,23636.8654,31688.6211,33226.4655,26847.9352,20327.9066,17169.8248,15198.5614,14509.6888,13080.8694,11937.2848,11422.8402,10905.5509,10870.4076,16745.3205,8193.322550000001,9180.876969999999,8957.528689999999,8500.145049999999,8846.04732,8805.56451,8707.263650000001,9078.7899,8356.09036,8095.22519,7480.43763,7099.9559,6279.54565],
	"metabolite_parent_fraction":[
		"n/a",
		"n/a",
		"n/a",
		"n/a",
		"n/a",
		"n/a",
		"n/a",
		"n/a",
		"n/a",
		"n/a",
		"n/a",
		"n/a",
		0.50774032,
		"n/a",
		"n/a",
		"n/a",
		"n/a",
		"n/a",
		"n/a",
		"n/a",
		"n/a",
		0.55283186,
		"n/a",
		0.35144152,
		"n/a",
		"n/a",
		0.1507185,
		"n/a",
		0.10388412,
		"n/a",
		0.09530672,
		"n/a"
	]
}
