{
	"ÿonset":[51.456,89.98399999999999,121.088,156.544,184.32,213.504,251.904,278.784,313.216,343.936,379.008,413.824,448,473.088,511.36,542.4640000000001,572.928,605.568,635.904,670.08,706.688,733.568,768.128,797.824,836.736,861.952,892.032,928.5119999999999,962.432,996.096,1034.368,1062.528,1088.256,1124.864,1159.296,1193.984,1233.28,1261.184,1292.8,1324.544,1362.304,1387.136,1412.224,1443.072,1478.528,1513.6,1546.368,1571.84,1597.184,1626.752,1661.312,1689.344,1723.008,1758.208,1795.712,1821.056,1859.456,1884.416,1922.432,1952.64,1979.392,2011.264,2036.864,2075.008,2100.096,2125.312,2160.64,2199.296,2231.168,2258.688,2285.056,2310.656,2335.616,2366.848,2405.76,2443.776,2477.696,2507.904,2535.168,2571.136,2601.984,2630.656,2666.24,2697.216,2727.424,2760.32,2798.848,2823.424,2860.288,2897.792],
	"duration":[5,5,5,5,5,5,5,5,5,5,5,5,5,5,5,5,5,5,5,5,5,5,5,5,5,5,5,5,5,5,5,5,5,5,5,5,5,5,5,5,5,5,5,5,5,5,5,5,5,5,5,5,5,5,5,5,5,5,5,5,5,5,5,5,5,5,5,5,5,5,5,5,5,5,5,5,5,5,5,5,5,5,5,5,5,5,5,5,5,5],
	"trial_type":[
		"Tapping/Right",
		"Control",
		"Control",
		"Tapping/Right",
		"Tapping/Right",
		"Control",
		"Tapping/Left",
		"Tapping/Right",
		"Tapping/Right",
		"Tapping/Left",
		"Tapping/Left",
		"Control",
		"Control",
		"Control",
		"Tapping/Left",
		"Tapping/Left",
		"Tapping/Left",
		"Tapping/Left",
		"Tapping/Right",
		"Tapping/Left",
		"Tapping/Right",
		"Control",
		"Tapping/Right",
		"Control",
		"Tapping/Left",
		"Tapping/Left",
		"Tapping/Right",
		"Control",
		"Control",
		"Tapping/Left",
		"Tapping/Left",
		"Control",
		"Tapping/Left",
		"Tapping/Left",
		"Tapping/Right",
		"Tapping/Right",
		"Tapping/Right",
		"Tapping/Right",
		"Control",
		"Control",
		"Tapping/Right",
		"Tapping/Left",
		"Tapping/Right",
		"Control",
		"Control",
		"Tapping/Right",
		"Control",
		"Control",
		"Tapping/Right",
		"Tapping/Left",
		"Tapping/Left",
		"Control",
		"Tapping/Left",
		"Tapping/Right",
		"Tapping/Right",
		"Tapping/Left",
		"Tapping/Left",
		"Control",
		"Tapping/Left",
		"Tapping/Left",
		"Tapping/Right",
		"Tapping/Left",
		"Control",
		"Tapping/Right",
		"Tapping/Right",
		"Tapping/Right",
		"Tapping/Right",
		"Tapping/Left",
		"Control",
		"Control",
		"Tapping/Right",
		"Control",
		"Tapping/Left",
		"Tapping/Right",
		"Tapping/Left",
		"Control",
		"Tapping/Right",
		"Control",
		"Control",
		"Tapping/Right",
		"Tapping/Left",
		"Tapping/Left",
		"Control",
		"Tapping/Right",
		"Tapping/Right",
		"Control",
		"Control",
		"Control",
		"Tapping/Left",
		"Tapping/Left"
	],
	"value":[3,1,1,3,3,1,2,3,3,2,2,1,1,1,2,2,2,2,3,2,3,1,3,1,2,2,3,1,1,2,2,1,2,2,3,3,3,3,1,1,3,2,3,1,1,3,1,1,3,2,2,1,2,3,3,2,2,1,2,2,3,2,1,3,3,3,3,2,1,1,3,1,2,3,2,1,3,1,1,3,2,2,1,3,3,1,1,1,2,2],
	"sample":[402,703,946,1223,1440,1668,1968,2178,2447,2687,2961,3233,3500,3696,3995,4238,4476,4731,4968,5235,5521,5731,6001,6233,6537,6734,6969,7254,7519,7782,8081,8301,8502,8788,9057,9328,9635,9853,10100,10348,10643,10837,11033,11274,11551,11825,12081,12280,12478,12709,12979,13198,13461,13736,14029,14227,14527,14722,15019,15255,15464,15713,15913,16211,16407,16604,16880,17182,17431,17646,17852,18052,18247,18491,18795,19092,19357,19593,19806,20087,20328,20552,20830,21072,21308,21565,21866,22058,22346,22639]
}
