{
	"name":[
		"S1",
		"S2",
		"S3",
		"S4",
		"S5",
		"S6",
		"S7",
		"S8",
		"D1",
		"D2",
		"D3",
		"D4",
		"D5",
		"D6",
		"D7",
		"D8",
		"D9",
		"D10",
		"D11",
		"D12",
		"D13",
		"D14",
		"D15",
		"D16"
	],
	"type":[
		"source",
		"source",
		"source",
		"source",
		"source",
		"source",
		"source",
		"source",
		"detector",
		"detector",
		"detector",
		"detector",
		"detector",
		"detector",
		"detector",
		"detector",
		"detector",
		"detector",
		"detector",
		"detector",
		"detector",
		"detector",
		"detector",
		"detector"
	],
	"x":[
		"n/a",
		"n/a",
		"n/a",
		"n/a",
		"n/a",
		"n/a",
		"n/a",
		"n/a",
		"n/a",
		"n/a",
		"n/a",
		"n/a",
		"n/a",
		"n/a",
		"n/a",
		"n/a",
		"n/a",
		"n/a",
		"n/a",
		"n/a",
		"n/a",
		"n/a",
		"n/a",
		"n/a"
	],
	"y":[
		"n/a",
		"n/a",
		"n/a",
		"n/a",
		"n/a",
		"n/a",
		"n/a",
		"n/a",
		"n/a",
		"n/a",
		"n/a",
		"n/a",
		"n/a",
		"n/a",
		"n/a",
		"n/a",
		"n/a",
		"n/a",
		"n/a",
		"n/a",
		"n/a",
		"n/a",
		"n/a",
		"n/a"
	],
	"z":[
		"n/a",
		"n/a",
		"n/a",
		"n/a",
		"n/a",
		"n/a",
		"n/a",
		"n/a",
		"n/a",
		"n/a",
		"n/a",
		"n/a",
		"n/a",
		"n/a",
		"n/a",
		"n/a",
		"n/a",
		"n/a",
		"n/a",
		"n/a",
		"n/a",
		"n/a",
		"n/a",
		"n/a"
	],
	"template_x":[-0.041613205,-0.06476686500000001,-0.07120554599999999,-0.085904365,0.036941716,0.060651337,0.067127714,0.08188685599999999,-0.037619589,-0.041344451,-0.072424247,-0.079125927,0.033527173,0.036866395,0.067915927,0.075310088,-0.037738954,-0.061454308,-0.07282879,-0.084396106,0.040013338,0.06428020199999999,0.065213931,0.08272090999999999],
	"template_y":[0.026799775,0.05814257,-0.012874273,0.018971698,0.027483805,0.058824146,-0.012199232,0.020427932,0.063228516,-0.011779611,0.023472932,0.051409291,0.063599683,-0.011397165,0.024682545,0.052268845,0.034082658,0.06443800199999999,-0.005278705,0.027061234,0.020439746,0.051621257,-0.019260368,0.012990608],
	"template_z":[0.129904394,0.09084257699999999,0.107878609,0.06509762400000001,0.130221297,0.09117718,0.108572549,0.065713251,0.115728028,0.134950029,0.10322219,0.057370046,0.115838813,0.135367241,0.103666052,0.057876984,0.129491979,0.090610042,0.107430548,0.065595107,0.130637675,0.09133632899999999,0.108809282,0.06658402300000001]
}
