{
	"participant_id":[
		"sub-01",
		"sub-02",
		"sub-03",
		"sub-04",
		"sub-05",
		"sub-06",
		"sub-07",
		"sub-09",
		"sub-10",
		"sub-11",
		"sub-12",
		"sub-13",
		"sub-14",
		"sub-16",
		"sub-17",
		"sub-18",
		"sub-20",
		"sub-21",
		"sub-23",
		"sub-24",
		"sub-25",
		"sub-26",
		"sub-28",
		"sub-29"
	],
	"Age":[20,26,22,19,20,21,21,20,19,19,18,18,19,20,18,22,22,22,33,27,19,19,20,22],
	"Gender":[
		"F",
		"F",
		"M",
		"M",
		"F",
		"M",
		"M",
		"M",
		"F",
		"F",
		"M",
		"M",
		"M",
		"M",
		"F",
		"M",
		"M",
		"F",
		"F",
		"F",
		"M",
		"M",
		"F",
		"M"
	],
	"m_SSRTquant":[154.8,259,176.1,99.5,125.4,114.8,160.2,196.8,114.6,172.4,143.1,174,93.5,156,397.5,144.7,159.4,112.1,181.4,150.4,296.1,158.1,130.5,132.2],
	"m_NumPumps_Avg":[5.33,6.17,5.36,5.75,5.72,5.78,5.61,5.61,5.53,5.81,4.78,5.47,5.81,5.92,5.11,6,5.72,4.89,5.58,5.72,4.69,5.25,5.14,5.86],
	"m_TotalAmt_Avg":[46,39.75,42,42.5,44,43.25,43,35.5,37.25,42,44.75,39,41.5,41.25,48,43.5,39,42,39,37,45.5,46.5,46.25,45.5],
	"m_NumExplAvg":[8,15,10,12,11,12,11,15,14,13,6,13,13,13,5,13,14,8,14,15,5,7,7,11],
	"m_logit_k":[0.0042,0.0014,0.0646,0.0021,0.004,0.0025,0.1252,0.0016,0.0205,0.0031,0.0002,0.0145,0.0008,0.0023,0.0133,0.0031,0.0067,0.0029,0.0073,0.0029,0.0014,0.0029,0.0169,0.0052],
	"m_AN-SN":[0.6,1.65,0.665,0.755,0.15,1.2,0.7,0.9,0.065,0.4,0.6,1.2,0.955,1.1,0.645,0.3,1.22,1.32,1.3,0.225,0.26,0.6,0.61,0.95],
	"b_SSRTquant":[106.7,126.2,157.8,134.5,97,98.8,143.7,169.6,156,192.3,172,138.2,150,306.7,166.9,80.90000000000001,87.7,147.6,131.7,100.3,120.1,163.6,141.6,121.2],
	"b_NumPumps_Avg":[23.18,27.38,21.79,27.53,19.9,21.56,23.29,25.64,24.72,26.74,21.92,22.56,27.14,21.43,23.74,23.15,25.5,21.43,28.06,25.65,21.94,22.9,23.82,25.75],
	"b_TotalAmt_Avg":[7.915,6.83,7.655,7.45,7.21,7.24,8.154999999999999,7.71,7.54,7.515,8.109999999999999,7.26,7.33,7.865,7.2,7.445,6.765,7.49,6.77,7.48,7.26,7.695,7.905,7.795],
	"b_NumExplAvg":[7.5,15,6.5,13.5,5.5,7.5,7,10.5,10,12.5,5.5,9,13.5,5.5,10,9,13,6.5,15.5,11.5,8.5,8,8,10.5],
	"b_k":[0.0014,0.003,0.0591,0.0016,0.0032,0.0033,0.0422,0.0019,0.0179,0.0011,0.0004,0.0042,0.0014,0.0005999999999999999,0.008399999999999999,0.0053,0.0123,0.005,0.0043,0.0009,0.001,0.0009,0.0103,0.0068],
	"b_AN-SN":[
		1.1,
		1.64,
		0.75,
		0.5,
		-0.05,
		0.5,
		0.82,
		0.75,
		0.43,
		0.55,
		0.88,
		0.92,
		1.3,
		1.41,
		0.85,
		"n/a",
		0.89,
		-0.2,
		0.5,
		0.54,
		0.2,
		0.45,
		0.8100000000000001,
		0.52
	],
	"GABS_TOTAL":[76,87,105,81,96,86,87,75,82,85,86,84,81,89,77,91,92,63,72,77,85,87,86,70],
	"CARE_ENGAGING-DRUG":[3,3,11,19,3,3,3,3,3,4,3,15,3,19,3,3,4,3,3,6,2,3,3,18],
	"CARE_ENGAGING-AGGR/ILLEG":[14,9,20,26,23,16,28,12,19,10,9,10,18,24,17,11,14,12,12,11,13,14,15,21],
	"CARE_ENGAGING-SEX":[6,18,12,26,9,6,12,8,10,8,6,8,15,26,6,12,10,9,9,8,8,8,6,10],
	"CARE_ENGAGING-DRINKING":[3,3,20,18,13,10,3,3,3,3,5,16,3,21,3,15,17,3,4,8,3,5,3,21],
	"CARE_ENGAGING-SPORTS":[17,16,17,15,6,16,18,9,6,7,16,16,16,23,22,22,22,10,15,28,7,16,15,19],
	"CARE_ENGAGING-TOTAL":[58,66,113,127,76,63,86,58,58,45,60,79,73,134,68,83,83,49,59,72,39,56,54,106],
	"CARE_NEGCONS-DRUG":[21,21,13,5,13,17,16,18,21,11,16,10,21,5,21,17,8,17,17,11,4,14,20,13],
	"CARE_NEGCONS-AGGR/ILLEG":[53,63,39,43,46,51,53,43,49,44,59,57,52,42,47,52,35,62,55,41,36,48,56,52],
	"CARE_NEGCONS-SEX":[42,42,25,24,38,42,35,23,36,32,35,35,27,26,40,29,15,39,33,30,31,31,42,28],
	"CARE_NEGCONS-DRINKING":[21,21,13,8,13,11,16,14,21,15,19,12,21,3,19,8,7,20,12,14,18,12,20,11],
	"CARE_NEGCONS-SPORTS":[12,10,7,11,10,9,9,6,21,7,4,12,7,7,11,5,7,7,9,10,8,10,11,12],
	"CARE_NEGCONS-TOTAL":[182,180,118,111,143,159,159,123,176,130,162,158,159,102,164,132,92,176,153,132,122,142,183,143],
	"CARE_POSCONS-DRUG":[3,3,14,18,7,4,7,3,3,5,3,13,4,21,3,6,6,6,4,13,3,4,9,14],
	"CARE_POSCONS-AGGR/ILLEG":[14,9,12,26,15,15,24,10,9,14,9,13,13,27,15,13,14,15,15,13,23,16,15,28],
	"CARE_POSCONS-SEX":[6,12,24,23,10,6,18,9,7,13,12,14,22,35,9,17,17,12,19,15,18,10,7,20],
	"CARE_POSCONS-DRINKING":[3,3,13,15,11,8,5,3,3,4,5,12,4,21,3,10,9,6,8,9,4,9,3,15],
	"CARE_POSCONS-SPORTS":[25,28,21,21,24,19,23,19,9,11,22,24,25,27,21,26,16,22,24,28,11,20,24,21],
	"CARE_POSCONS-TOTAL":[62,72,92,126,79,58,93,52,39,56,59,83,79,150,58,85,68,66,89,95,64,65,64,112],
	"NEED FOR COG_TOTAL":[76,89,64,87,77,95,83,89,64,78,88,106,95,104,83,89,83,104,79,85,82,70,88,94],
	"COG REFLECTION_NUM CORR":[3,1,2,3,3,2,1,3,1,1,3,1,2,2,2,3,3,0,2,1,1,0,2,0],
	"COG REFLECTION_CONFIDENCE":[5,6,6,4,6,5,6,6,2,4,5,5,3,6,1,5,6,3,4,5,1,2,3,6],
	"COG REFLECTION_NUM SEEN":[0,0,0,0,0,0,3,3,0,0,0,1,2,2,3,0,0,0,0,0,0,1,2,2],
	"SENS SEEK_BOREDOM":[37,48,46,57,60,37,34,36,36,60,20,43,40,57,42,46,39,48,62,49,38,37,51,32],
	"SENS SEEK_DISINHIB":[12,34,67,70,59,52,37,20,26,48,34,55,15,73,17,30,46,18,38,56,39,30,34,61],
	"SENS SEEK_EXP SEEK":[46,52,65,81,63,61,58,40,52,60,54,76,60,81,57,49,58,46,64,65,36,25,37,80],
	"SENS SEEK_THRILL SEEK":[57,49,74,63,48,74,68,23,52,32,33,61,78,40,82,73,77,68,82,76,47,72,77,85],
	"SENS SEEK_TOTAL":[152,183,260,277,237,226,197,119,171,200,143,239,195,256,198,203,227,182,246,252,165,172,199,263],
	"BIS_ATTN":[14,15,26,18,20,19,17,17,22,21,18,15,18,16,19,16,14,17,18,11,16,18,21,13],
	"BIS_MOTOR":[20,30,30,23,24,26,24,23,21,20,25,20,25,28,19,23,16,21,24,14,20,19,19,17],
	"BIS_NP":[16,21,35,24,22,27,26,21,27,28,26,26,23,20,24,22,28,22,26,22,21,20,25,27],
	"BIS_TOTAL":[50,66,91,65,66,72,67,61,70,69,69,61,66,64,62,61,58,60,68,47,57,57,65,57],
	"BIS/BAS_BAS-REWRESP":[24,21,23,19,25,22,20,20,24,20,24,21,24,23,21,20,19,24,22,17,19,19,21,21],
	"BIS/BAS_BAS-FUNSEEK":[15,15,18,16,15,17,10,13,10,13,10,19,14,20,16,9,12,17,16,15,14,12,13,16],
	"BIS/BAS_BAS-DRIVE":[11,16,9,16,15,11,13,14,11,12,12,15,9,14,12,16,15,18,14,9,15,16,12,14],
	"BIS/BAS_BAS TOTAL":[50,52,50,51,55,50,43,47,45,45,46,55,47,57,49,45,46,59,52,41,48,47,46,51],
	"BIS/BAS_BIS":[34,21,26,22,29,28,26,23,33,26,30,27,27,13,24,13,22,26,25,18,22,26,29,26],
	"DOSPERT_RT-ETH":[12,24,19,18,21,12,24,10,19,21,8,7,11,13,8,14,12,16,13,14,12,15,15,11],
	"DOSPERT_RT-FIN":[12,15,28,15,20,19,23,15,14,17,22,19,23,26,10,22,25,19,19,22,17,11,27,18],
	"DOSPERT_RT-HLTH/SAF":[10,21,26,26,15,23,26,10,13,14,22,15,16,26,17,14,24,20,18,15,9,12,13,31],
	"DOSPERT_RT-REC":[17,23,23,25,11,16,27,12,26,20,13,33,30,32,29,34,34,28,32,35,16,19,23,38],
	"DOSPERT_RT-SOC":[18,36,33,33,32,31,31,33,22,30,30,33,27,32,23,26,32,32,34,37,24,22,28,33],
	"DOSPERT_RT-TOTAL":[69,119,129,117,99,101,131,80,94,102,95,107,107,129,87,110,127,115,116,123,78,79,106,131],
	"DOSPERT_RP-ETH":[37,22,30,21,24,31,30,19,31,20,32,30,34,32,37,31,17,27,16,22,24,22,28,30],
	"DOSPERT_RP-FIN":[36,36,28,30,32,30,29,30,39,30,33,27,31,32,34,29,27,35,26,19,32,36,28,37],
	"DOSPERT_RP-HLTH/SAF":[40,33,34,27,35,32,26,22,37,31,23,32,37,37,35,29,27,29,25,27,35,29,32,36],
	"DOSPERT_RP-REC":[33,35,33,27,24,34,28,20,34,27,25,21,22,28,32,14,18,31,24,24,24,32,37,31],
	"DOSPERT_RP-SOC":[31,10,19,21,22,21,23,10,29,19,18,12,20,28,25,28,12,21,16,12,20,20,24,25],
	"DOSPERT_RP-TOTAL":[177,136,144,126,137,148,136,101,170,127,131,122,144,157,163,131,101,143,107,104,135,139,149,159],
	"DOSPERT_EB-ETH":[14,23,20,28,17,12,17,18,16,16,19,11,18,32,6,16,16,15,19,18,25,15,14,20],
	"DOSPERT_EB-FIN":[17,23,23,21,19,21,25,20,16,17,19,24,24,42,17,22,32,14,15,23,17,10,35,24],
	"DOSPERT_EB-HLTH/SAF":[6,9,11,23,10,14,14,9,6,9,16,10,15,15,10,8,11,11,14,8,13,14,14,12],
	"DOSPERT_EB-REC":[19,29,14,32,24,19,20,21,12,13,10,26,24,28,27,30,18,21,30,30,13,23,27,26],
	"DOSPERT_EB-SOC":[15,24,24,27,27,19,20,27,22,24,13,23,26,25,18,16,17,27,27,22,23,21,24,28],
	"DOSPERT_EB-TOTAL":[71,108,92,131,97,85,96,95,72,79,77,94,107,142,78,92,94,88,105,101,91,83,114,110],
	"PANAS_(Post-Pre)-Interested":[0,0,1,2,2,1,1,2,3,1,1,1,2,0,1,0,2,2,0,1,1,0,2,0],
	"PANAS_(Post-Pre)-Distressed":[-1,0,-1,-1,-3,-2,-1,0,-2,-2,1,-1,-1,-1,-2,0,-2,-3,-1,0,1,1,-4,-3],
	"PANAS_(Post-Pre)-Excited":[0,-1,0,1,3,1,1,2,2,2,2,2,3,1,1,1,1,0,1,0,1,0,3,1],
	"PANAS_(Post-Pre)-Upset":[-1,0,1,-1,-2,-2,-2,0,-2,0,1,-1,0,0,-2,-1,-2,-2,-1,0,1,1,-3,0],