{
	"onset":[0.01,2.616,5.022,7.561,12.955,15.594,17.403,19.444,22.149,27.725,29.883,32.14,34.015,36.106,42.446,44.62,46.611,48.404,50.661,53.283,57.98,60.154,62.444,64.17,66.559,68.468,71.455,75.90300000000001,78.40900000000001,80.384,81.794,84.002,85.95999999999999,87.852,89.81,92.84699999999999,96.598,98.075,100.299,102.124,103.518,105.759,107.169,109.924,113.575,115.55,116.961,119.384,120.712,122.222,124.379,126.802,129.126,132.677,134.287,135.98,137.905,140.046,141.572,143.796,146.535,152.526,154.301,156.061,157.588,159.728,161.388,163.28,167.263,169.055,170.715,173.005,174.548,176.407,180.075,181.569,182.962,184.788,188.987,190.829,192.721,194.115,196.189,198.679,205.649,208.006,210.196,212.271,214.063,216.27,219.158,222.842,225.166,226.941,228.966,230.858,233.132,236.384,238.674,240.069,242.508,244.699,247.454,251.968,254.175,255.984,258.058,259.536,261.627,263.236,267.983,269.344,271.269,273.393,275.7,278.04,279.733,283.45,285.093,287.267,288.827,290.901,292.362,294.32,297.092,300.311,302.22,303.913,305.622,307.879,311.231,313.024,314.816,316.857,319.098,321.504,324.11,328.358,329.719,331.959,333.602,337.303,339.627,341.187,343.676,346.033,351.011,353.003,354.795,356.671,359.841,361.218,362.712,364.786,367.01,368.868,371.789,376.187,378.428,379.921,381.515,382.909,385.216,387.555,391.721,393.912,395.223,397.662,399.471,401.994,404.367,408.433,410.375,411.852,413.76,415.254,417.229,419.519,421.726,426.522,428.73,430.937,432.314,434.356,436.314,438.471,441.741,443.268,444.778,447.101,449.076,450.736,452.677,454.387,459.764,461.921,463.631,465.622,467.215,468.626,470.949,472.758,476.376,478.268,480.044,482.251,483.911,485.686,488.043,498.78,501.021,503.295,504.888,507.344,509.236,511.377,515.0940000000001,518.729,520.255,522.496,523.84,526.1799999999999,528.072,530.08,533.847,536.088,538.295,540.386,541.996,543.971,545.73,550.194,551.638,552.982,555.107,556.683,558.2430000000001],
	"duration":[2,2,2,2,2,2,2,2,2,2,2,2,2,2,2,2,2,2,2,2,2,2,2,2,2,2,2,2,2,2,2,2,2,2,2,2,2,2,2,2,2,2,2,2,2,2,2,2,2,2,2,2,2,2,2,2,2,2,2,2,2,2,2,2,2,2,2,2,2,2,2,2,2,2,2,2,2,2,2,2,2,2,2,2,2,2,2,2,2,2,2,2,2,2,2,2,2,2,2,2,2,2,2,2,2,2,2,2,2,2,2,2,2,2,2,2,2,2,2,2,2,2,2,2,2,2,2,2,2,2,2,2,2,2,2,2,2,2,2,2,2,2,2,2,2,2,2,2,2,2,2,2,2,2,2,2,2,2,2,2,2,2,2,2,2,2,2,2,2,2,2,2,2,2,2,2,2,2,2,2,2,2,2,2,2,2,2,2,2,2,2,2,2,2,2,2,2,2,2,2,2,2,2,2,2,2,2,2,2,2,2,2,2,2,2,2,2,2,2,2,2,2,2,2,2,2,2,2,2,2,2,2,2,2,2,2,2],
	"trial_type":[
		"accept",
		"accept",
		"accept",
		"reject",
		"accept",
		"accept",
		"accept",
		"accept",
		"reject",
		"accept",
		"accept",
		"accept",
		"accept",
		"reject",
		"accept",
		"accept",
		"accept",
		"accept",
		"accept",
		"reject",
		"accept",
		"accept",
		"accept",
		"accept",
		"accept",
		"accept",
		"reject",
		"accept",
		"accept",
		"accept",
		"accept",
		"accept",
		"accept",
		"accept",
		"accept",
		"explode",
		"accept",
		"accept",
		"accept",
		"accept",
		"accept",
		"accept",
		"accept",
		"reject",
		"accept",
		"accept",
		"accept",
		"accept",
		"accept",
		"accept",
		"accept",
		"accept",
		"explode",
		"accept",
		"accept",
		"accept",
		"accept",
		"accept",
		"accept",
		"accept",
		"explode",
		"accept",
		"accept",
		"accept",
		"accept",
		"accept",
		"accept",
		"explode",
		"accept",
		"accept",
		"accept",
		"accept",
		"accept",
		"explode",
		"accept",
		"accept",
		"accept",
		"reject",
		"accept",
		"accept",
		"accept",
		"accept",
		"accept",
		"reject",
		"accept",
		"accept",
		"accept",
		"accept",
		"accept",
		"accept",
		"reject",
		"accept",
		"accept",
		"accept",
		"accept",
		"accept",
		"explode",
		"accept",
		"accept",
		"accept",
		"accept",
		"accept",
		"reject",
		"accept",
		"accept",
		"accept",
		"accept",
		"accept",
		"accept",
		"reject",
		"accept",
		"accept",
		"accept",
		"accept",
		"accept",
		"accept",
		"reject",
		"accept",
		"accept",
		"accept",
		"accept",
		"accept",
		"accept",
		"accept",
		"explode",
		"accept",
		"accept",
		"accept",
		"accept",
		"explode",
		"accept",
		"accept",
		"accept",
		"accept",
		"accept",
		"accept",
		"reject",
		"accept",
		"accept",
		"accept",
		"explode",
		"accept",
		"accept",
		"accept",
		"accept",
		"explode",
		"accept",
		"accept",
		"accept",
		"explode",
		"accept",
		"accept",
		"accept",
		"accept",
		"accept",
		"accept",
		"reject",
		"accept",
		"accept",
		"accept",
		"accept",
		"accept",
		"accept",
		"reject",
		"accept",
		"accept",
		"accept",
		"accept",
		"accept",
		"accept",
		"reject",
		"accept",
		"accept",
		"accept",
		"accept",
		"accept",
		"accept",
		"accept",
		"reject",
		"accept",
		"accept",
		"accept",
		"accept",
		"accept",
		"accept",
		"explode",
		"accept",
		"accept",
		"accept",
		"accept",
		"accept",
		"accept",
		"accept",
		"reject",
		"accept",
		"accept",
		"accept",
		"accept",
		"accept",
		"accept",
		"accept",
		"explode",
		"accept",
		"accept",
		"accept",
		"accept",
		"accept",
		"accept",
		"reject",
		"accept",
		"accept",
		"accept",
		"accept",
		"accept",
		"accept",
		"accept",
		"reject",
		"accept",
		"accept",
		"accept",
		"accept",
		"accept",
		"accept",
		"explode",
		"accept",
		"accept",
		"accept",
		"accept",
		"accept",
		"accept",
		"reject",
		"accept",
		"accept",
		"accept",
		"accept",
		"accept",
		"explode"
	]
}
