{
	"onset":[0.031,2.636,4.76,7.133,9.141,11.265,13.888,16.261,20.891,23.38,25.637,27.894,29.886,32.259,35.014,38.134,40.64,43.395,45.519,47.643,50.017,54.132,57.136,59.509,62.38,65.01900000000001,67.011,69.517,71.75700000000001,74.13,76.636,78.761,81.63200000000001,83.889,86.01300000000001,88.27,91.008,94.892,97.896,100.136,102.393,105.131,108.882,111.521,113.645,117.893,120.881,123.885,128.631,130.639,134.39,136.381,139.136,143.882,148.264,151.517,154.271,157.142,159.632,163.266,166.137,168.262,172.51,175.381,179.514,181.638,184.011,186.135,190.019,193.006,195.645,199.893,202.632,204.889,208.009,210.133,212.639,214.763,217.634,220.007,222.513,224.638,226.646,228.637,230.645,233.632,235.641,237.632,241.134,243.507,246.013,248.386,253.763,257.132,262.642,265.895,268.882,271.006,273.014,276.134,278.64,281.893,284.134,287.137,292.514,295.518,298.638,301.509,304.646,307.766,310.255,313.259,315.632,318.138,322.636,325.009,327.764,329.755,332.394,336.394,339.514,343.134,345.522,348.011,350.384,353.637,355.894,357.885],
	"duration":[1.5,1.5,1.5,1.5,1.5,1.5,1.5,1.5,1.5,1.5,1.5,1.5,1.5,1.5,1.5,1.5,1.5,1.5,1.5,1.5,1.5,1.5,1.5,1.5,1.5,1.5,1.5,1.5,1.5,1.5,1.5,1.5,1.5,1.5,1.5,1.5,1.5,1.5,1.5,1.5,1.5,1.5,1.5,1.5,1.5,1.5,1.5,1.5,1.5,1.5,1.5,1.5,1.5,1.5,1.5,1.5,1.5,1.5,1.5,1.5,1.5,1.5,1.5,1.5,1.5,1.5,1.5,1.5,1.5,1.5,1.5,1.5,1.5,1.5,1.5,1.5,1.5,1.5,1.5,1.5,1.5,1.5,1.5,1.5,1.5,1.5,1.5,1.5,1.5,1.5,1.5,1.5,1.5,1.5,1.5,1.5,1.5,1.5,1.5,1.5,1.5,1.5,1.5,1.5,1.5,1.5,1.5,1.5,1.5,1.5,1.5,1.5,1.5,1.5,1.5,1.5,1.5,1.5,1.5,1.5,1.5,1.5,1.5,1.5,1.5,1.5,1.5,1.5],
	"trial_type":[
		"go",
		"unsucc_stop",
		"go",
		"go",
		"go",
		"go",
		"unsucc_stop",
		"go",
		"unsucc_stop",
		"go",
		"go",
		"go",
		"go",
		"go",
		"go",
		"succ_stop",
		"go",
		"go",
		"go",
		"junk",
		"junk",
		"go",
		"succ_stop",
		"unsucc_stop",
		"unsucc_stop",
		"succ_stop",
		"go",
		"go",
		"go",
		"go",
		"go",
		"go",
		"go",
		"unsucc_stop",
		"go",
		"go",
		"go",
		"go",
		"go",
		"unsucc_stop",
		"go",
		"go",
		"go",
		"go",
		"go",
		"succ_stop",
		"unsucc_stop",
		"go",
		"go",
		"go",
		"go",
		"go",
		"go",
		"succ_stop",
		"unsucc_stop",
		"go",
		"go",
		"go",
		"go",
		"go",
		"go",
		"go",
		"unsucc_stop",
		"unsucc_stop",
		"go",
		"go",
		"go",
		"go",
		"succ_stop",
		"go",
		"go",
		"unsucc_stop",
		"go",
		"succ_stop",
		"go",
		"go",
		"go",
		"go",
		"go",
		"succ_stop",
		"go",
		"go",
		"junk",
		"unsucc_stop",
		"succ_stop",
		"go",
		"go",
		"go",
		"go",
		"go",
		"go",
		"succ_stop",
		"succ_stop",
		"go",
		"go",
		"go",
		"go",
		"go",
		"go",
		"succ_stop",
		"unsucc_stop",
		"go",
		"go",
		"go",
		"go",
		"go",
		"go",
		"go",
		"go",
		"unsucc_stop",
		"go",
		"unsucc_stop",
		"succ_stop",
		"go",
		"go",
		"junk",
		"go",
		"go",
		"unsucc_stop",
		"go",
		"succ_stop",
		"go",
		"go",
		"go",
		"go",
		"unsucc_stop",
		"go",
		"go"
	]
}
