{
	"onset":[23.4691,26.71,30.0009,33.2418,36.2818,39.6227,42.7636,45.9882,49.1782,52.3691,55.6264,58.6336,61.7745,64.9991,68.17270000000001,71.38,74.6536,77.8445,80.90179999999999,84.1927,87.34999999999999,90.4573,93.5309,96.6382,99.6782,102.869,106.06,109.166,112.224,115.398,118.572,121.846,125.054,128.361,131.468,134.642,137.766,140.874,144.181,147.338,150.562,153.719,157.027,160.302,163.526,166.749,169.723,172.93,176.205,179.328,182.586,185.626,188.834,191.907,194.981,198.139,201.496,204.637,207.777,210.918,214.125,217.249,220.54,223.681,226.805,229.878,233.236,236.326,239.517,242.575,245.882,249.089,252.196,255.387,258.528,261.802,264.993,268.267,271.307,274.331,277.605,280.779,283.903,287.026,290.151,293.191,296.499,299.773,302.964,306.155,309.445,312.569,315.71,318.9,322.075,325.081,328.105,331.112,334.403,337.51,340.634,343.941,347.182,350.273,353.514,356.721,360.012,363.203,366.426,369.684,372.892,376.165,379.373,382.647,385.722,388.962,392.002,395.109,398.4,401.507,404.732,407.855,411.113,414.086,417.294,420.485,423.759,426.815,429.99,433.164,436.287,439.395,442.502,445.559,448.683,451.907,454.997,458.222,461.563,464.636,467.794,470.917,474.058,477.332,480.606,483.78,486.837,490.128],
	"duration":[0,0,0,0,0,0,0,0,0,0,0,0,0,0,0,0,0,0,0,0,0,0,0,0,0,0,0,0,0,0,0,0,0,0,0,0,0,0,0,0,0,0,0,0,0,0,0,0,0,0,0,0,0,0,0,0,0,0,0,0,0,0,0,0,0,0,0,0,0,0,0,0,0,0,0,0,0,0,0,0,0,0,0,0,0,0,0,0,0,0,0,0,0,0,0,0,0,0,0,0,0,0,0,0,0,0,0,0,0,0,0,0,0,0,0,0,0,0,0,0,0,0,0,0,0,0,0,0,0,0,0,0,0,0,0,0,0,0,0,0,0,0,0,0,0,0,0,0],
	"onset_sample":[25816,29381,33001,36566,39910,43585,47040,50587,54096,57606,61189,64497,67952,71499,74990,78518,82119,85629,88992,92612,96085,99503,102884,106302,109646,113156,116666,120083,123446,126938,130429,134031,137559,141197,144615,148106,151543,154961,158599,162072,165618,169091,172730,176332,179879,183424,186695,190223,193825,197261,200845,204189,207717,211098,214479,217953,221646,225101,228555,232010,235538,238974,242594,246049,249485,252866,256560,259959,263469,266832,270470,273998,277416,280926,284381,287982,291492,295094,298438,301764,305366,308857,312293,315729,319166,322510,326149,329750,333260,336770,340390,343826,347281,350790,354282,357589,360915,364223,367843,371261,374697,378335,381900,385300,388865,392393,396013,399523,403069,406652,410181,413782,417310,420912,424294,427858,431202,434620,438240,441658,445205,448641,452224,455495,459023,462533,466135,469497,472989,476480,479916,483334,486752,490115,493551,497098,500497,504044,507719,511100,514573,518009,521464,525065,528667,532158,535521,539141],
	"stim_type":[
		"Famous",
		"Famous",
		"Unfamiliar",
		"Unfamiliar",
		"Unfamiliar",
		"Unfamiliar",
		"Scrambled",
		"Scrambled",
		"Unfamiliar",
		"Unfamiliar",
		"Famous",
		"Famous",
		"Famous",
		"Famous",
		"Unfamiliar",
		"Unfamiliar",
		"Scrambled",
		"Famous",
		"Scrambled",
		"Scrambled",
		"Scrambled",
		"Unfamiliar",
		"Unfamiliar",
		"Unfamiliar",
		"Famous",
		"Famous",
		"Famous",
		"Unfamiliar",
		"Famous",
		"Famous",
		"Famous",
		"Unfamiliar",
		"Unfamiliar",
		"Scrambled",
		"Scrambled",
		"Famous",
		"Famous",
		"Scrambled",
		"Scrambled",
		"Scrambled",
		"Unfamiliar",
		"Unfamiliar",
		"Scrambled",
		"Unfamiliar",
		"Famous",
		"Famous",
		"Scrambled",
		"Scrambled",
		"Scrambled",
		"Unfamiliar",
		"Scrambled",
		"Scrambled",
		"Unfamiliar",
		"Unfamiliar",
		"Famous",
		"Famous",
		"Scrambled",
		"Unfamiliar",
		"Unfamiliar",
		"Unfamiliar",
		"Famous",
		"Scrambled",
		"Unfamiliar",
		"Unfamiliar",
		"Unfamiliar",
		"Famous",
		"Famous",
		"Famous",
		"Scrambled",
		"Scrambled",
		"Scrambled",
		"Scrambled",
		"Scrambled",
		"Famous",
		"Famous",
		"Famous",
		"Unfamiliar",
		"Scrambled",
		"Scrambled",
		"Scrambled",
		"Famous",
		"Unfamiliar",
		"Scrambled",
		"Famous",
		"Famous",
		"Scrambled",
		"Scrambled",
		"Unfamiliar",
		"Unfamiliar",
		"Scrambled",
		"Famous",
		"Famous",
		"Famous",
		"Unfamiliar",
		"Famous",
		"Famous",
		"Famous",
		"Famous",
		"Scrambled",
		"Unfamiliar",
		"Unfamiliar",
		"Unfamiliar",
		"Scrambled",
		"Famous",
		"Famous",
		"Unfamiliar",
		"Unfamiliar",
		"Unfamiliar",
		"Unfamiliar",
		"Scrambled",
		"Unfamiliar",
		"Unfamiliar",
		"Famous",
		"Famous",
		"Famous",
		"Unfamiliar",
		"Famous",
		"Scrambled",
		"Scrambled",
		"Famous",
		"Scrambled",
		"Scrambled",
		"Scrambled",
		"Unfamiliar",
		"Unfamiliar",
		"Unfamiliar",
		"Scrambled",
		"Famous",
		"Famous",
		"Scrambled",
		"Scrambled",
		"Scrambled",
		"Scrambled",
		"Unfamiliar",
		"Scrambled",
		"Scrambled",
		"Famous",
		"Famous",
		"Famous",
		"Scrambled",
		"Scrambled",
		"Unfamiliar",
		"Famous",
		"Famous",
		"Unfamiliar",
		"Unfamiliar",
		"Unfamiliar",
		"Scrambled"
	],
	"trigger":[5,6,13,13,14,13,17,17,13,15,5,6,5,6,15,13,19,5,19,17,18,15,13,14,5,5,6,15,5,6,7,13,14,17,18,5,7,17,17,18,13,14,17,13,7,5,19,17,18,13,17,19,13,15,5,7,17,13,14,15,5,19,13,14,15,5,6,7,17,19,17,18,17,7,5,6,13,17,18,19,5,13,19,5,6,17,18,15,13,17,7,5,6,15,5,6,5,6,17,15,13,14,19,5,5,13,14,13,14,19,13,14,5,6,7,13,7,17,18,5,17,17,18,13,14,15,17,5,7,17,19,17,18,13,17,19,5,6,7,17,19,13,5,6,15,13,14,19],
	"stim_file":[
		"meg/f087.bmp",
		"meg/f087.bmp",
		"meg/u144.bmp",
		"meg/u082.bmp",
		"meg/u082.bmp",
		"meg/u142.bmp",
		"meg/s081.bmp",
		"meg/s063.bmp",
		"meg/u024.bmp",
		"meg/u144.bmp",
		"meg/f142.bmp",
		"meg/f142.bmp",
		"meg/f106.bmp",
		"meg/f106.bmp",
		"meg/u142.bmp",
		"meg/u081.bmp",
		"meg/s081.bmp",
		"meg/f067.bmp",
		"meg/s063.bmp",
		"meg/s037.bmp",
		"meg/s037.bmp",
		"meg/u024.bmp",
		"meg/u008.bmp",
		"meg/u008.bmp",
		"meg/f116.bmp",
		"meg/f107.bmp",
		"meg/f107.bmp",
		"meg/u081.bmp",
		"meg/f051.bmp",
		"meg/f051.bmp",
		"meg/f067.bmp",
		"meg/u119.bmp",
		"meg/u119.bmp",
		"meg/s137.bmp",
		"meg/s137.bmp",
		"meg/f084.bmp",
		"meg/f116.bmp",
		"meg/s144.bmp",
		"meg/s074.bmp",
		"meg/s074.bmp",
		"meg/u123.bmp",
		"meg/u123.bmp",
		"meg/s146.bmp",
		"meg/u136.bmp",
		"meg/f084.bmp",
		"meg/f149.bmp",
		"meg/s144.bmp",
		"meg/s142.bmp",
		"meg/s142.bmp",
		"meg/u121.bmp",
		"meg/s103.bmp",
		"meg/s146.bmp",
		"meg/u042.bmp",
		"meg/u136.bmp",
		"meg/f140.bmp",
		"meg/f149.bmp",
		"meg/s008.bmp",
		"meg/u076.bmp",
		"meg/u076.bmp",
		"meg/u121.bmp",
		"meg/f098.bmp",
		"meg/s103.bmp",
		"meg/u110.bmp",
		"meg/u110.bmp",
		"meg/u042.bmp",
		"meg/f047.bmp",
		"meg/f047.bmp",
		"meg/f140.bmp",
		"meg/s109.bmp",
		"meg/s008.bmp",
		"meg/s026.bmp",
		"meg/s026.bmp",
		"meg/s134.bmp",
		"meg/f098.bmp",
		"meg/f109.bmp",
		"meg/f109.bmp",
		"meg/u065.bmp",
		"meg/s100.bmp",
		"meg/s100.bmp",
		"meg/s109.bmp",
		"meg/f023.bmp",
		"meg/u067.bmp",
		"meg/s134.bmp",
		"meg/f002.bmp",
		"meg/f002.bmp",
		"meg/s091.bmp",
		"meg/s091.bmp",
		"meg/u065.bmp",
		"meg/u105.bmp",
		"meg/s032.bmp",
		"meg/f023.bmp",
		"meg/f076.bmp",
		"meg/f076.bmp",
		"meg/u067.bmp",
		"meg/f145.bmp",
		"meg/f145.bmp",
		"meg/f132.bmp",
		"meg/f132.bmp",
		"meg/s071.bmp",
		"meg/u105.bmp",
		"meg/u101.bmp",
		"meg/u101.bmp",
		"meg/s032.bmp",
		"meg/f077.bmp",
		"meg/f150.bmp",
		"meg/u055.bmp",
		"meg/u055.bmp",
		"meg/u060.bmp",
		"meg/u060.bmp",
		"meg/s071.bmp",
		"meg/u078.bmp",
		"meg/u078.bmp",
		"meg/f029.bmp",
		"meg/f029.bmp",
		"meg/f077.bmp",
		"meg/u079.bmp",
		"meg/f150.bmp",
		"meg/s104.bmp",
		"meg/s104.bmp",
		"meg/f015.bmp",
		"meg/s054.bmp",
		"meg/s044.bmp",
		"meg/s044.bmp",
		"meg/u128.bmp",
		"meg/u128.bmp",
		"meg/u079.bmp",
		"meg/s130.bmp",
		"meg/f134.bmp",
		"meg/f015.bmp",
		"meg/s089.bmp",
		"meg/s054.bmp",
		"meg/s095.bmp",
		"meg/s095.bmp",
		"meg/u001.bmp",
		"meg/s088.bmp",
		"meg/s130.bmp",
		"meg/f045.bmp",
		"meg/f045.bmp",
		"meg/f134.bmp",
		"meg/s090.bmp",
		"meg/s089.bmp",
		"meg/u051.bmp",
		"meg/f092.bmp",
		"meg/f092.bmp",
		"meg/u001.bmp",
		"meg/u099.bmp",
		"meg/u099.bmp",
		"meg/s088.bmp"
	]
}
