{
	"onset":[23.7627,27.02,30.2773,33.4518,36.5918,39.7491,42.8564,46.0473,49.2882,52.4955,55.82,58.9273,62.0845,65.15819999999999,68.23180000000001,71.4391,74.68000000000001,77.8036,80.9773,84.2355,87.3927,90.5827,93.8409,97.09820000000001,100.122,103.33,106.436,109.494,112.584,115.675,118.848,122.089,125.296,128.571,131.678,134.935,138.126,141.15,144.29,147.631,150.755,153.945,157.103,160.327,163.417,166.675,169.833,172.906,175.996,179.121,182.462,185.686,188.96,192.084,195.375,198.649,201.874,205.03,208.137,211.178,214.352,217.493,220.633,223.807,226.914,230.088,233.279,236.453,239.526,242.566,245.757,248.865,252.139,255.296,258.42,261.544,264.852,267.942,270.999,274.223,277.464,280.621,283.762,287.053,290.276,293.317,296.491,299.648,302.923,306.03,309.17,312.361,315.468,318.625,321.849,324.89,328.081,331.221,334.428,337.669,340.826,343.9,347.191,350.298,353.372,356.446,359.553,362.811,366.001,369.125,372.215,375.473,378.63,381.855,385.162,388.169,391.259,394.534,397.808,400.949,404.073,407.38,410.504,413.728,416.768,420.043,423.234,426.357,429.447,432.655,435.812,438.936,442.026,445.217,448.375,451.582,454.739,457.88,461.187,464.177,467.318,470.308,473.399,476.589,479.596,482.821,485.978,489.085],
	"duration":[0,0,0,0,0,0,0,0,0,0,0,0,0,0,0,0,0,0,0,0,0,0,0,0,0,0,0,0,0,0,0,0,0,0,0,0,0,0,0,0,0,0,0,0,0,0,0,0,0,0,0,0,0,0,0,0,0,0,0,0,0,0,0,0,0,0,0,0,0,0,0,0,0,0,0,0,0,0,0,0,0,0,0,0,0,0,0,0,0,0,0,0,0,0,0,0,0,0,0,0,0,0,0,0,0,0,0,0,0,0,0,0,0,0,0,0,0,0,0,0,0,0,0,0,0,0,0,0,0,0,0,0,0,0,0,0,0,0,0,0,0,0,0,0,0,0,0,0],
	"onset_sample":[26139,29722,33305,36797,40251,43724,47142,50652,54217,57745,61402,64820,68293,71674,75055,78583,82148,85584,89075,92659,96132,99641,103225,106808,110134,113663,117080,120443,123842,127242,130733,134298,137826,141428,144846,148429,151939,155265,158719,162394,165831,169340,172813,176360,179759,183343,186816,190197,193596,197033,200708,204255,207856,211292,214912,218514,222061,225533,228951,232296,235787,239242,242696,246188,249605,253097,256607,260098,263479,266823,270333,273751,277353,280826,284262,287698,291337,294736,298099,301645,305210,308683,312138,315758,319304,322649,326140,329613,333215,336633,340087,343597,347015,350488,354034,357379,360889,364343,367871,371436,374909,378290,381910,385328,388709,392091,395508,399092,402601,406038,409437,413020,416493,420040,423678,426986,430385,433987,437589,441044,444480,448118,451554,455101,458445,462047,465557,468993,472392,475920,479393,482830,486229,489739,493212,496740,500213,503668,507306,510595,514050,517339,520739,524248,527556,531103,534576,537993],
	"stim_type":[
		"Famous",
		"Famous",
		"Scrambled",
		"Scrambled",
		"Unfamiliar",
		"Unfamiliar",
		"Famous",
		"Famous",
		"Famous",
		"Scrambled",
		"Scrambled",
		"Unfamiliar",
		"Unfamiliar",
		"Famous",
		"Unfamiliar",
		"Unfamiliar",
		"Famous",
		"Famous",
		"Famous",
		"Famous",
		"Unfamiliar",
		"Unfamiliar",
		"Scrambled",
		"Scrambled",
		"Scrambled",
		"Scrambled",
		"Scrambled",
		"Unfamiliar",
		"Famous",
		"Famous",
		"Scrambled",
		"Scrambled",
		"Unfamiliar",
		"Unfamiliar",
		"Scrambled",
		"Scrambled",
		"Unfamiliar",
		"Famous",
		"Famous",
		"Famous",
		"Famous",
		"Famous",
		"Unfamiliar",
		"Unfamiliar",
		"Unfamiliar",
		"Scrambled",
		"Scrambled",
		"Scrambled",
		"Unfamiliar",
		"Famous",
		"Unfamiliar",
		"Unfamiliar",
		"Unfamiliar",
		"Unfamiliar",
		"Famous",
		"Scrambled",
		"Unfamiliar",
		"Scrambled",
		"Unfamiliar",
		"Unfamiliar",
		"Scrambled",
		"Famous",
		"Famous",
		"Unfamiliar",
		"Famous",
		"Famous",
		"Famous",
		"Unfamiliar",
		"Unfamiliar",
		"Unfamiliar",
		"Scrambled",
		"Unfamiliar",
		"Unfamiliar",
		"Scrambled",
		"Famous",
		"Famous",
		"Scrambled",
		"Scrambled",
		"Scrambled",
		"Scrambled",
		"Scrambled",
		"Scrambled",
		"Unfamiliar",
		"Unfamiliar",
		"Scrambled",
		"Scrambled",
		"Scrambled",
		"Scrambled",
		"Scrambled",
		"Scrambled",
		"Famous",
		"Unfamiliar",
		"Unfamiliar",
		"Unfamiliar",
		"Scrambled",
		"Scrambled",
		"Famous",
		"Famous",
		"Scrambled",
		"Unfamiliar",
		"Famous",
		"Famous",
		"Famous",
		"Famous",
		"Famous",
		"Unfamiliar",
		"Unfamiliar",
		"Famous",
		"Famous",
		"Famous",
		"Famous",
		"Unfamiliar",
		"Scrambled",
		"Scrambled",
		"Famous",
		"Famous",
		"Scrambled",
		"Scrambled",
		"Unfamiliar",
		"Unfamiliar",
		"Unfamiliar",
		"Unfamiliar",
		"Unfamiliar",
		"Unfamiliar",
		"Scrambled",
		"Scrambled",
		"Scrambled",
		"Famous",
		"Unfamiliar",
		"Unfamiliar",
		"Famous",
		"Unfamiliar",
		"Unfamiliar",
		"Scrambled",
		"Scrambled",
		"Famous",
		"Famous",
		"Scrambled",
		"Scrambled",
		"Unfamiliar",
		"Scrambled",
		"Famous",
		"Famous",
		"Famous",
		"Unfamiliar",
		"Famous",
		"Famous",
		"Scrambled"
	],
	"trigger":[5,6,17,18,13,14,5,5,5,17,17,13,14,7,13,14,7,5,6,7,13,14,19,17,18,19,17,13,5,5,17,18,13,14,19,17,15,5,6,7,5,7,13,14,13,17,19,17,13,7,13,14,13,15,5,19,13,19,13,15,17,5,6,15,5,6,7,13,14,15,17,15,13,19,5,6,17,17,18,17,18,19,13,15,17,18,17,19,17,18,5,13,14,15,17,18,5,6,19,13,5,6,7,5,6,13,14,5,6,5,6,15,17,18,5,6,17,17,13,14,13,13,14,13,19,17,19,5,13,15,5,13,15,17,19,5,7,17,18,15,17,7,5,6,15,5,6,19],
	"stim_file":[
		"meg/f093.bmp",
		"meg/f093.bmp",
		"meg/s076.bmp",
		"meg/s076.bmp",
		"meg/u145.bmp",
		"meg/u145.bmp",
		"meg/f104.bmp",
		"meg/f026.bmp",
		"meg/f007.bmp",
		"meg/s111.bmp",
		"meg/s080.bmp",
		"meg/u094.bmp",
		"meg/u094.bmp",
		"meg/f104.bmp",
		"meg/u115.bmp",
		"meg/u115.bmp",
		"meg/f026.bmp",
		"meg/f131.bmp",
		"meg/f131.bmp",
		"meg/f007.bmp",
		"meg/u112.bmp",
		"meg/u112.bmp",
		"meg/s111.bmp",
		"meg/s114.bmp",
		"meg/s114.bmp",
		"meg/s080.bmp",
		"meg/s132.bmp",
		"meg/u011.bmp",
		"meg/f004.bmp",
		"meg/f043.bmp",
		"meg/s060.bmp",
		"meg/s060.bmp",
		"meg/u034.bmp",
		"meg/u034.bmp",
		"meg/s132.bmp",
		"meg/s083.bmp",
		"meg/u011.bmp",
		"meg/f119.bmp",
		"meg/f119.bmp",
		"meg/f004.bmp",
		"meg/f079.bmp",
		"meg/f043.bmp",
		"meg/u053.bmp",
		"meg/u053.bmp",
		"meg/u016.bmp",
		"meg/s015.bmp",
		"meg/s083.bmp",
		"meg/s073.bmp",
		"meg/u031.bmp",
		"meg/f079.bmp",
		"meg/u025.bmp",
		"meg/u025.bmp",
		"meg/u104.bmp",
		"meg/u016.bmp",
		"meg/f086.bmp",
		"meg/s015.bmp",
		"meg/u135.bmp",
		"meg/s073.bmp",
		"meg/u027.bmp",
		"meg/u031.bmp",
		"meg/s124.bmp",
		"meg/f115.bmp",
		"meg/f115.bmp",
		"meg/u104.bmp",
		"meg/f120.bmp",
		"meg/f120.bmp",
		"meg/f086.bmp",
		"meg/u043.bmp",
		"meg/u043.bmp",
		"meg/u135.bmp",
		"meg/s067.bmp",
		"meg/u027.bmp",
		"meg/u132.bmp",
		"meg/s124.bmp",
		"meg/f056.bmp",
		"meg/f056.bmp",
		"meg/s135.bmp",
		"meg/s126.bmp",
		"meg/s126.bmp",
		"meg/s029.bmp",
		"meg/s029.bmp",
		"meg/s067.bmp",
		"meg/u124.bmp",
		"meg/u132.bmp",
		"meg/s099.bmp",
		"meg/s099.bmp",
		"meg/s098.bmp",
		"meg/s135.bmp",
		"meg/s021.bmp",
		"meg/s021.bmp",
		"meg/f001.bmp",
		"meg/u021.bmp",
		"meg/u021.bmp",
		"meg/u124.bmp",
		"meg/s050.bmp",
		"meg/s050.bmp",
		"meg/f108.bmp",
		"meg/f108.bmp",
		"meg/s098.bmp",
		"meg/u057.bmp",
		"meg/f054.bmp",
		"meg/f054.bmp",
		"meg/f001.bmp",
		"meg/f147.bmp",
		"meg/f147.bmp",
		"meg/u111.bmp",
		"meg/u111.bmp",
		"meg/f097.bmp",
		"meg/f097.bmp",
		"meg/f135.bmp",
		"meg/f135.bmp",
		"meg/u057.bmp",
		"meg/s105.bmp",
		"meg/s105.bmp",
		"meg/f125.bmp",
		"meg/f125.bmp",
		"meg/s017.bmp",
		"meg/s147.bmp",
		"meg/u148.bmp",
		"meg/u148.bmp",
		"meg/u089.bmp",
		"meg/u003.bmp",
		"meg/u003.bmp",
		"meg/u097.bmp",
		"meg/s017.bmp",
		"meg/s128.bmp",
		"meg/s147.bmp",
		"meg/f030.bmp",
		"meg/u045.bmp",
		"meg/u089.bmp",
		"meg/f065.bmp",
		"meg/u018.bmp",
		"meg/u097.bmp",
		"meg/s119.bmp",
		"meg/s128.bmp",
		"meg/f112.bmp",
		"meg/f030.bmp",
		"meg/s022.bmp",
		"meg/s022.bmp",
		"meg/u045.bmp",
		"meg/s019.bmp",
		"meg/f065.bmp",
		"meg/f014.bmp",
		"meg/f014.bmp",
		"meg/u018.bmp",
		"meg/f024.bmp",
		"meg/f024.bmp",
		"meg/s119.bmp"
	]
}
