{
	"onset":[0.02,2.393,4.384,6.392,9.131,11.139,13.645,16.018,20.399,22.391,25.892,27.884,33.012,38.007,40.015,43.384,45.392,48.396,50.388,52.761,56.512,60.146,63.017,66.27,69.506,73.25700000000001,75.265,79.762,83.131,85.521,88.392,91.26300000000001,94.51600000000001,97.271,102.017,104.639,107.759,110.382,113.136,115.261,117.269,119.393,122.264,125.019,127.26,129.765,132.139,134.893,137.383,140.636,142.644,144.635,148.27,152.386,154.51,156.518,158.642,160.634,162.642,165.513,168.633,171.006,173.263,175.636,177.761,180.134,183.27,186.888,189.892,192.133,194.506,197.758,200.015,202.522,205.509,209.259,212.761,215.267,218.138,221.142,223.764,225.888,228.013,230.27,232.261,234.269,236.261,238.269,240.509,243.895,246.268,248.259,250.384,252.89,255.761,259.014,262.88,265.635,268.141,271.145,275.642,279.144,281.766,285.135,287.641,289.765,292.388,294.512,297.383,299.889,303.888,306.76,311.639,314.012,316.136,318.393,322.758,325.015,327.886,332.765,335.52,337.512,339.885,342.64,345.511,348.515,352.132,356.763],
	"duration":[1.5,1.5,1.5,1.5,1.5,1.5,1.5,1.5,1.5,1.5,1.5,1.5,1.5,1.5,1.5,1.5,1.5,1.5,1.5,1.5,1.5,1.5,1.5,1.5,1.5,1.5,1.5,1.5,1.5,1.5,1.5,1.5,1.5,1.5,1.5,1.5,1.5,1.5,1.5,1.5,1.5,1.5,1.5,1.5,1.5,1.5,1.5,1.5,1.5,1.5,1.5,1.5,1.5,1.5,1.5,1.5,1.5,1.5,1.5,1.5,1.5,1.5,1.5,1.5,1.5,1.5,1.5,1.5,1.5,1.5,1.5,1.5,1.5,1.5,1.5,1.5,1.5,1.5,1.5,1.5,1.5,1.5,1.5,1.5,1.5,1.5,1.5,1.5,1.5,1.5,1.5,1.5,1.5,1.5,1.5,1.5,1.5,1.5,1.5,1.5,1.5,1.5,1.5,1.5,1.5,1.5,1.5,1.5,1.5,1.5,1.5,1.5,1.5,1.5,1.5,1.5,1.5,1.5,1.5,1.5,1.5,1.5,1.5,1.5,1.5,1.5,1.5,1.5],
	"trial_type":[
		"go",
		"go",
		"go",
		"junk",
		"go",
		"go",
		"succ_stop",
		"unsucc_stop",
		"go",
		"go",
		"go",
		"unsucc_stop",
		"go",
		"unsucc_stop",
		"go",
		"go",
		"go",
		"go",
		"unsucc_stop",
		"go",
		"go",
		"go",
		"go",
		"succ_stop",
		"succ_stop",
		"go",
		"unsucc_stop",
		"go",
		"go",
		"go",
		"go",
		"go",
		"go",
		"go",
		"succ_stop",
		"succ_stop",
		"go",
		"go",
		"go",
		"go",
		"go",
		"go",
		"go",
		"go",
		"unsucc_stop",
		"go",
		"go",
		"unsucc_stop",
		"go",
		"go",
		"go",
		"go",
		"unsucc_stop",
		"succ_stop",
		"go",
		"go",
		"go",
		"go",
		"go",
		"go",
		"succ_stop",
		"go",
		"succ_stop",
		"go",
		"go",
		"succ_stop",
		"unsucc_stop",
		"go",
		"go",
		"go",
		"go",
		"go",
		"go",
		"go",
		"go",
		"go",
		"go",
		"unsucc_stop",
		"go",
		"succ_stop",
		"succ_stop",
		"succ_stop",
		"go",
		"go",
		"go",
		"go",
		"go",
		"go",
		"go",
		"go",
		"go",
		"go",
		"go",
		"unsucc_stop",
		"unsucc_stop",
		"go",
		"go",
		"go",
		"unsucc_stop",
		"go",
		"go",
		"go",
		"unsucc_stop",
		"go",
		"go",
		"go",
		"go",
		"go",
		"go",
		"succ_stop",
		"succ_stop",
		"go",
		"go",
		"go",
		"go",
		"go",
		"unsucc_stop",
		"succ_stop",
		"go",
		"go",
		"go",
		"go",
		"go",
		"go",
		"succ_stop",
		"go",
		"unsucc_stop",
		"go"
	]
}
