{
	"onset":[0.012,2.701,4.111,6.153,8.377000000000001,10.501,14.965,16.625,18.815,20.574,21.952,23.91,25.57,31.843,33.884,35.444,37.087,39.162,41.269,47.028,48.588,50.297,51.741,53.135,55.144,58.811,61.234,63.309,64.88500000000001,66.32899999999999,68.28700000000001,74.94199999999999,77.05,78.85899999999999,80.22,81.896,85.282,87.455,88.84999999999999,90.41,92.59999999999999,95.85299999999999,100.301,102.574,104.765,106.773,108.267,109.694,111.835,116.067,117.477,119.104,120.747,122.108,123.867,125.676,127.285,132.646,134.04,135.434,137.707,139.517,141.292,144.329,146.37,148.296,150.387,151.997,153.49,157.34,159.432,161.058,163.066,164.377,166.103,167.746,170.401,176.874,178.251,179.678,181.106,184.209,185.852,188.026,190.615,194.133,195.776,197.851,199.66,201.518,203.576,208.107,209.534,211.542,213.219,216.272,218.164,219.558,221.749,223.209,225.516,230.362,232.121,233.681,235.855,237.581,239.855,241.481,244.933,247.024,248.899,251.073,252.882,254.824,257.264,260.882,262.309,263.935,265.296,266.856,269.014,270.988,272.449,276.465,278.374,280,281.477,282.937,284.63,285.974,288.281,293.061,295.019,296.513,298.089,299.5,301.574,303.234,306.686,308.346,309.706,311.698,313.092,315.15,319.481,321.689,323.248,324.493,325.821,327.962,329.787,332.227,335.861,337.787,339.496,340.923,342.716,344.292,346.084,348.507,352.009,353.37,355.046,356.473,358.216,359.842,363.361,365.518,367.443,369.485,370.829,372.82,377.749,379.558,381.218,383.309,385.002,386.578,388.786,393.963,395.457,397.316,398.975,400.552,401.996,403.904,405.315,409.414,410.775,412.849,414.907,416.401,421.595,423.354,425.445,427.271,429.478,430.872,434.839,437.013,438.888,440.232,442.589,444.929,447.435,451.152,452.497,454.521,456.164,457.608,459.417,461.508,464.811,467.051,468.478,469.955,471.947,475.415,476.809,478.137,480.029,482.087,484.045,491.016,492.791,494.882,496.774,498.932,501.222],
	"duration":[2,2,2,2,2,2,2,2,2,2,2,2,2,2,2,2,2,2,2,2,2,2,2,2,2,2,2,2,2,2,2,2,2,2,2,2,2,2,2,2,2,2,2,2,2,2,2,2,2,2,2,2,2,2,2,2,2,2,2,2,2,2,2,2,2,2,2,2,2,2,2,2,2,2,2,2,2,2,2,2,2,2,2,2,2,2,2,2,2,2,2,2,2,2,2,2,2,2,2,2,2,2,2,2,2,2,2,2,2,2,2,2,2,2,2,2,2,2,2,2,2,2,2,2,2,2,2,2,2,2,2,2,2,2,2,2,2,2,2,2,2,2,2,2,2,2,2,2,2,2,2,2,2,2,2,2,2,2,2,2,2,2,2,2,2,2,2,2,2,2,2,2,2,2,2,2,2,2,2,2,2,2,2,2,2,2,2,2,2,2,2,2,2,2,2,2,2,2,2,2,2,2,2,2,2,2,2,2,2,2,2,2,2,2,2,2,2,2,2,2,2,2,2,2,2,2,2,2,2],
	"trial_type":[
		"accept",
		"accept",
		"accept",
		"accept",
		"accept",
		"reject",
		"accept",
		"accept",
		"accept",
		"accept",
		"accept",
		"accept",
		"explode",
		"accept",
		"accept",
		"accept",
		"accept",
		"accept",
		"reject",
		"accept",
		"accept",
		"accept",
		"accept",
		"accept",
		"explode",
		"accept",
		"accept",
		"accept",
		"accept",
		"accept",
		"reject",
		"accept",
		"accept",
		"accept",
		"accept",
		"explode",
		"accept",
		"accept",
		"accept",
		"accept",
		"accept",
		"reject",
		"accept",
		"accept",
		"accept",
		"accept",
		"accept",
		"accept",
		"reject",
		"accept",
		"accept",
		"accept",
		"accept",
		"accept",
		"accept",
		"accept",
		"reject",
		"accept",
		"accept",
		"accept",
		"accept",
		"accept",
		"explode",
		"accept",
		"accept",
		"accept",
		"accept",
		"accept",
		"reject",
		"accept",
		"accept",
		"accept",
		"accept",
		"accept",
		"accept",
		"accept",
		"explode",
		"accept",
		"accept",
		"accept",
		"explode",
		"accept",
		"accept",
		"accept",
		"reject",
		"accept",
		"accept",
		"accept",
		"accept",
		"accept",
		"reject",
		"accept",
		"accept",
		"accept",
		"explode",
		"accept",
		"accept",
		"accept",
		"accept",
		"accept",
		"reject",
		"accept",
		"accept",
		"accept",
		"accept",
		"accept",
		"accept",
		"reject",
		"accept",
		"accept",
		"accept",
		"accept",
		"accept",
		"accept",
		"reject",
		"accept",
		"accept",
		"accept",
		"accept",
		"accept",
		"accept",
		"accept",
		"reject",
		"accept",
		"accept",
		"accept",
		"accept",
		"accept",
		"accept",
		"accept",
		"reject",
		"accept",
		"accept",
		"accept",
		"accept",
		"accept",
		"accept",
		"explode",
		"accept",
		"accept",
		"accept",
		"accept",
		"accept",
		"reject",
		"accept",
		"accept",
		"accept",
		"accept",
		"accept",
		"accept",
		"accept",
		"reject",
		"accept",
		"accept",
		"accept",
		"accept",
		"accept",
		"accept",
		"accept",
		"explode",
		"accept",
		"accept",
		"accept",
		"accept",
		"accept",
		"explode",
		"accept",
		"accept",
		"accept",
		"accept",
		"accept",
		"reject",
		"accept",
		"accept",
		"accept",
		"accept",
		"accept",
		"accept",
		"reject",
		"accept",
		"accept",
		"accept",
		"accept",
		"accept",
		"accept",
		"accept",
		"reject",
		"accept",
		"accept",
		"accept",
		"accept",
		"explode",
		"accept",
		"accept",
		"accept",
		"accept",
		"accept",
		"reject",
		"accept",
		"accept",
		"accept",
		"accept",
		"accept",
		"accept",
		"reject",
		"accept",
		"accept",
		"accept",
		"accept",
		"accept",
		"accept",
		"explode",
		"accept",
		"accept",
		"accept",
		"accept",
		"explode",
		"accept",
		"accept",
		"accept",
		"accept",
		"accept",
		"reject",
		"accept",
		"accept",
		"accept",
		"accept",
		"accept",
		"reject"
	]
}
