{
	"onset":[23.5982,26.8391,29.9791,33.22,36.4782,39.6182,42.8091,45.9327,49.1236,52.3645,55.4382,58.5618,61.5691,64.7264,67.84999999999999,70.9909,74.1482,77.18819999999999,80.2791,83.2855,86.5936,89.7509,92.8245,96.1318,99.4064,102.48,105.587,108.761,112.019,115.109,118.266,121.306,124.497,127.788,130.995,134.236,137.377,140.518,143.859,146.999,150.24,153.331,156.605,159.712,163.003,166.244,169.284,172.525,175.665,178.739,182.064,185.271,188.395,191.635,194.726,197.85,201.057,204.265,207.489,210.579,213.82,217.012,220.001,223.292,226.566,229.807,233.048,236.239,239.395,242.486,245.744,248.734,251.925,254.998,258.089,261.163,264.404,267.711,270.952,274.093,277.334,280.424,283.648,286.822,289.945,292.953,296.06,299.184,302.425,305.532,308.505,311.663,314.853,318.077,321.235,324.392,327.533,330.74,333.864,336.871,340.028,343.218,346.325,349.416,352.474,355.747,358.972,362.296,365.52,368.727,371.801,375.109,378.283,381.391,384.614,387.822,390.979,394.103,397.26,400.451,403.558,406.598,409.655,412.795,415.97,419.327,422.535,425.759,428.833,432.157,435.398,438.555,441.645,444.82,448.044,451.301,454.458,457.733,460.823,464.014,467.087,470.245,473.352,476.526,479.85,483.041,486.182,489.222],
	"duration":[0,0,0,0,0,0,0,0,0,0,0,0,0,0,0,0,0,0,0,0,0,0,0,0,0,0,0,0,0,0,0,0,0,0,0,0,0,0,0,0,0,0,0,0,0,0,0,0,0,0,0,0,0,0,0,0,0,0,0,0,0,0,0,0,0,0,0,0,0,0,0,0,0,0,0,0,0,0,0,0,0,0,0,0,0,0,0,0,0,0,0,0,0,0,0,0,0,0,0,0,0,0,0,0,0,0,0,0,0,0,0,0,0,0,0,0,0,0,0,0,0,0,0,0,0,0,0,0,0,0,0,0,0,0,0,0,0,0,0,0,0,0,0,0,0,0,0,0],
	"event_sample":[25958,29523,32977,36542,40126,43580,47090,50526,54036,57601,60982,64418,67726,71199,74635,78090,81563,84907,88307,91614,95253,98726,102107,105745,109347,112728,116146,119637,123221,126620,130093,133437,136947,140567,144095,147660,151115,154570,158245,161699,165264,168664,172265,175683,179303,182868,186212,189777,193232,196613,200270,203798,207234,210799,214199,217635,221163,224691,228238,231637,235202,238713,242001,245621,249223,252788,256353,259863,263335,266735,270318,273607,277117,280498,283898,287279,290844,294482,298047,301502,305067,308466,312013,315504,318940,322248,325666,329102,332667,336085,339356,342829,346338,349885,353358,356831,360286,363814,367250,370558,374031,377540,380958,384358,387721,391322,394869,398526,402072,405600,408981,412620,416111,419530,423075,426604,430077,433513,436986,440496,443914,447258,450621,454075,457567,461260,464788,468335,471716,475373,478938,482411,485810,489302,492848,496431,499904,503506,506905,510415,513796,517269,520687,524179,527835,531345,534800,538144],
	"trial_type":[
		"Scrambled",
		"Unfamiliar",
		"Unfamiliar",
		"Unfamiliar",
		"Famous",
		"Famous",
		"Scrambled",
		"Unfamiliar",
		"Scrambled",
		"Scrambled",
		"Famous",
		"Famous",
		"Unfamiliar",
		"Scrambled",
		"Famous",
		"Famous",
		"Scrambled",
		"Unfamiliar",
		"Unfamiliar",
		"Unfamiliar",
		"Famous",
		"Famous",
		"Scrambled",
		"Scrambled",
		"Scrambled",
		"Scrambled",
		"Scrambled",
		"Scrambled",
		"Scrambled",
		"Scrambled",
		"Unfamiliar",
		"Unfamiliar",
		"Unfamiliar",
		"Scrambled",
		"Scrambled",
		"Scrambled",
		"Famous",
		"Famous",
		"Unfamiliar",
		"Unfamiliar",
		"Unfamiliar",
		"Unfamiliar",
		"Famous",
		"Famous",
		"Unfamiliar",
		"Scrambled",
		"Famous",
		"Scrambled",
		"Scrambled",
		"Scrambled",
		"Unfamiliar",
		"Scrambled",
		"Scrambled",
		"Famous",
		"Unfamiliar",
		"Famous",
		"Famous",
		"Famous",
		"Famous",
		"Scrambled",
		"Famous",
		"Famous",
		"Famous",
		"Famous",
		"Scrambled",
		"Scrambled",
		"Famous",
		"Famous",
		"Famous",
		"Scrambled",
		"Scrambled",
		"Unfamiliar",
		"Unfamiliar",
		"Scrambled",
		"Unfamiliar",
		"Famous",
		"Famous",
		"Scrambled",
		"Scrambled",
		"Unfamiliar",
		"Unfamiliar",
		"Unfamiliar",
		"Unfamiliar",
		"Unfamiliar",
		"Unfamiliar",
		"Scrambled",
		"Famous",
		"Unfamiliar",
		"Famous",
		"Famous",
		"Famous",
		"Famous",
		"Famous",
		"Unfamiliar",
		"Scrambled",
		"Scrambled",
		"Famous",
		"Scrambled",
		"Famous",
		"Unfamiliar",
		"Unfamiliar",
		"Famous",
		"Scrambled",
		"Scrambled",
		"Scrambled",
		"Unfamiliar",
		"Famous",
		"Famous",
		"Scrambled",
		"Unfamiliar",
		"Unfamiliar",
		"Unfamiliar",
		"Scrambled",
		"Scrambled",
		"Scrambled",
		"Scrambled",
		"Famous",
		"Unfamiliar",
		"Unfamiliar",
		"Famous",
		"Famous",
		"Famous",
		"Unfamiliar",
		"Famous",
		"Famous",
		"Unfamiliar",
		"Scrambled",
		"Unfamiliar",
		"Unfamiliar",
		"Unfamiliar",
		"Unfamiliar",
		"Unfamiliar",
		"Famous",
		"Famous",
		"Unfamiliar",
		"Unfamiliar",
		"Unfamiliar",
		"Scrambled",
		"Scrambled",
		"Unfamiliar",
		"Unfamiliar",
		"Scrambled",
		"Famous",
		"Famous",
		"Famous",
		"Scrambled",
		"Scrambled",
		"Unfamiliar"
	],
	"event_value":[17,13,14,13,5,6,17,13,19,17,5,6,15,17,5,6,19,13,14,15,5,6,19,17,17,19,17,18,17,18,13,13,14,19,17,19,5,6,13,14,13,15,5,6,13,19,5,17,17,18,15,17,18,5,15,5,7,5,6,19,5,6,5,6,17,18,7,5,7,17,18,13,13,17,13,7,5,17,18,15,13,14,15,13,14,19,5,15,5,7,5,5,6,13,17,18,7,17,7,13,14,7,17,17,18,15,5,5,19,13,13,14,19,17,17,18,7,13,14,7,5,6,15,5,6,13,19,13,13,14,13,14,5,5,15,13,15,17,18,13,14,17,7,5,7,17,18,15],
	"stim_file":[
		"s109.bmp",
		"u088.bmp",
		"u088.bmp",
		"u003.bmp",
		"f073.bmp",
		"f073.bmp",
		"s095.bmp",
		"u124.bmp",
		"s109.bmp",
		"s107.bmp",
		"f119.bmp",
		"f119.bmp",
		"u003.bmp",
		"s020.bmp",
		"f012.bmp",
		"f012.bmp",
		"s095.bmp",
		"u049.bmp",
		"u049.bmp",
		"u124.bmp",
		"f111.bmp",
		"f111.bmp",
		"s107.bmp",
		"s039.bmp",
		"s068.bmp",
		"s020.bmp",
		"s052.bmp",
		"s052.bmp",
		"s124.bmp",
		"s124.bmp",
		"u029.bmp",
		"u121.bmp",
		"u121.bmp",
		"s039.bmp",
		"s130.bmp",
		"s068.bmp",
		"f022.bmp",
		"f022.bmp",
		"u114.bmp",
		"u114.bmp",
		"u128.bmp",
		"u029.bmp",
		"f146.bmp",
		"f146.bmp",
		"u052.bmp",
		"s130.bmp",
		"f143.bmp",
		"s018.bmp",
		"s147.bmp",
		"s147.bmp",
		"u128.bmp",
		"s036.bmp",
		"s036.bmp",
		"f095.bmp",
		"u052.bmp",
		"f020.bmp",
		"f143.bmp",
		"f114.bmp",
		"f114.bmp",
		"s018.bmp",
		"f005.bmp",
		"f005.bmp",
		"f015.bmp",
		"f015.bmp",
		"s005.bmp",
		"s005.bmp",
		"f095.bmp",
		"f008.bmp",
		"f020.bmp",
		"s082.bmp",
		"s082.bmp",
		"u081.bmp",
		"u066.bmp",
		"s055.bmp",
		"u140.bmp",
		"f008.bmp",
		"f149.bmp",
		"s060.bmp",
		"s060.bmp",
		"u081.bmp",
		"u036.bmp",
		"u036.bmp",
		"u066.bmp",
		"u008.bmp",
		"u008.bmp",
		"s055.bmp",
		"f027.bmp",
		"u140.bmp",
		"f081.bmp",
		"f149.bmp",
		"f029.bmp",
		"f138.bmp",
		"f138.bmp",
		"u111.bmp",
		"s044.bmp",
		"s044.bmp",
		"f027.bmp",
		"s037.bmp",
		"f081.bmp",
		"u096.bmp",
		"u096.bmp",
		"f029.bmp",
		"s009.bmp",
		"s041.bmp",
		"s041.bmp",
		"u111.bmp",
		"f085.bmp",
		"f097.bmp",
		"s037.bmp",
		"u028.bmp",
		"u109.bmp",
		"u109.bmp",
		"s009.bmp",
		"s072.bmp",
		"s067.bmp",
		"s067.bmp",
		"f085.bmp",
		"u102.bmp",
		"u102.bmp",
		"f097.bmp",
		"f100.bmp",
		"f100.bmp",
		"u028.bmp",
		"f135.bmp",
		"f135.bmp",
		"u095.bmp",
		"s072.bmp",
		"u123.bmp",
		"u125.bmp",
		"u125.bmp",
		"u048.bmp",
		"u048.bmp",
		"f049.bmp",
		"f076.bmp",
		"u095.bmp",
		"u034.bmp",
		"u123.bmp",
		"s096.bmp",
		"s096.bmp",
		"u135.bmp",
		"u135.bmp",
		"s099.bmp",
		"f049.bmp",
		"f070.bmp",
		"f076.bmp",
		"s122.bmp",
		"s122.bmp",
		"u034.bmp"
	]
}
