{
	"name":[
		"EEG001",
		"EEG002",
		"EEG003",
		"EEG004",
		"EEG005",
		"EEG006",
		"EEG007",
		"EEG008",
		"EEG009",
		"EEG010",
		"EEG011",
		"EEG012",
		"EEG013",
		"EEG014",
		"EEG015",
		"EEG016",
		"EEG017",
		"EEG018",
		"EEG019",
		"EEG020",
		"EEG021",
		"EEG022",
		"EEG023",
		"EEG024",
		"EEG025",
		"EEG026",
		"EEG027",
		"EEG028",
		"EEG029",
		"EEG030",
		"EEG031",
		"EEG032",
		"EEG033",
		"EEG034",
		"EEG035",
		"EEG036",
		"EEG037",
		"EEG038",
		"EEG039",
		"EEG040",
		"EEG041",
		"EEG042",
		"EEG043",
		"EEG044",
		"EEG045",
		"EEG046",
		"EEG047",
		"EEG048",
		"EEG049",
		"EEG050",
		"EEG051",
		"EEG052",
		"EEG053",
		"EEG054",
		"EEG055",
		"EEG056",
		"EEG057",
		"EEG058",
		"EEG059",
		"EEG060",
		"EEG065",
		"EEG066",
		"EEG067",
		"EEG068",
		"EEG069",
		"EEG070",
		"EEG071",
		"EEG072",
		"EEG073",
		"EEG074"
	],
	"x":[-0.0436337,-0.0024484,0.0368367,-0.0512157,-0.0331642,-0.00164592,0.0314879,0.0489273,-0.0582864,-0.0547835,-0.0429495,-0.0235987,-0.000408145,0.0225995,0.040288,0.0522501,0.0594497,-0.0678928,-0.06604640000000001,-0.0647619,-0.0498637,-0.0302383,-0.0026004,0.0266124,0.0493472,0.0638531,0.06681239999999999,0.0683617,-0.0661225,-0.0710537,-0.0688824,-0.0544925,-0.0275539,-0.00261718,0.0265069,0.0513097,0.0659093,0.0722131,0.0672788,-0.06941460000000001,-0.0696346,-0.0670308,-0.0531432,-0.0305755,-0.000316853,0.0285514,0.0505792,0.0627027,0.06480180000000001,0.0635535,-0.0577303,-0.0602343,-0.0569893,-0.0429987,-0.0241906,0.000422916,0.02451,0.0410188,0.053108,0.0561758,0.0540123,-0.0481084,-0.0320372,0.000636248,0.0278165,0.0417143,-0.0284871,-0.00270044,0.0250366,-0.00315348],
	"y":[-0.0725876,0.09747400000000001,-0.076154,0.071941,0.08210919999999999,0.0859786,0.08138860000000001,0.0735239,0.0555175,0.0613896,0.0645363,0.0648331,0.0659737,0.0578516,0.0572616,0.0552543,0.0484739,0.0259914,0.0291018,0.0330411,0.0333218,0.0354648,0.0281782,0.0258732,0.024994,0.0251907,0.0222565,0.026146,0.00721507,0.000238433,0.00293931,0.00212601,0.00350356,-0.00249767,-0.00269279,-0.00310728,-0.00195882,-0.00367074,0.0067874,-0.0337566,-0.0275709,-0.027851,-0.0267962,-0.0275384,-0.0341638,-0.0331963,-0.0329321,-0.0305059,-0.0332839,-0.03443,-0.0539863,-0.0518987,-0.0538342,-0.0562229,-0.0554681,-0.059666,-0.0573459,-0.0577679,-0.0558964,-0.0564072,-0.0573498,-0.07375809999999999,-0.0763081,-0.0800095,-0.07828640000000001,-0.0767921,-0.0866909,-0.09043329999999999,-0.0875582,-0.09047719999999999],
	"z":[0.0194036,0.0451483,0.017567,0.0377917,0.0645126,0.07976469999999999,0.0697919,0.040927,0.036486,0.059023,0.0787062,0.0956678,0.101026,0.0993193,0.08524660000000001,0.065585,0.0401538,0.008642820000000001,0.0356323,0.0651455,0.091095,0.108811,0.116453,0.109721,0.0938399,0.0669004,0.0420858,0.0102817,0.0104309,0.0395065,0.0702673,0.09783940000000001,0.116999,0.123444,0.116458,0.0996745,0.0729761,0.038957,0.0108139,0.00612849,0.0398626,0.0736512,0.09933119999999999,0.115354,0.118549,0.112277,0.0951649,0.07284690000000001,0.0406117,0.0111614,0.01583,0.0489127,0.0696181,0.089405,0.102098,0.102149,0.0993237,0.0870457,0.0662199,0.0439234,0.00994417,0.049076,0.0752524,0.0791483,0.07100919999999999,0.0472762,0.0519417,0.050179,0.0493815,0.0179744]
}
