{
	"onset":[0,3.123,6.414,9.638,12.778,15.935,19.142,22.3,25.39,28.613,31.269,51.882,54.972,58.129,61.286,64.443,67.65000000000001,70.791,73.94799999999999,77.205,80.396,83.51900000000001,86.74299999999999,90,93.241,96.264,99.488,102.545,105.735,108.408,128.987,132.077,135.251,138.308,141.532,144.856,147.879,150.903,154.143,157.267,160.541,163.698,166.838,170.062,173.269,176.426,179.65,182.707,185.864,188.887,191.56,212.022,215.179,218.253,221.61,224.868,228.158,231.432,234.756,237.897,241.02,244.128,247.234,250.391,253.465,256.739,260.029,263.303,266.393,269.467,272.206,292.685,295.826,298.916,302.073,305.213,308.27,311.494,314.668,317.841,320.965,324.072,327.296,330.403,333.493,336.617,339.74,342.915,346.188,348.877,369.456,372.597,375.804,379.161,382.252,385.459,388.499,391.205],
	"duration":[0.875,0.945,0.949,0.895,0.9370000000000001,0.982,0.951,0.913,0.877,0.912,20,0.872,0.8149999999999999,0.98,0.8120000000000001,0.909,0.954,0.839,0.897,0.9330000000000001,0.883,0.958,0.95,0.9409999999999999,0.806,0.978,0.8179999999999999,0.988,0.92,20,0.852,0.922,0.822,0.859,0.988,0.837,0.821,0.992,0.836,1,0.9350000000000001,0.849,0.866,0.906,0.898,0.898,0.845,0.944,0.847,0.929,20,0.982,0.873,0.988,0.959,0.928,0.999,0.975,0.924,0.856,0.918,0.8129999999999999,0.926,0.865,0.903,0.9429999999999999,0.992,0.89,0.855,0.997,20,0.8100000000000001,0.895,0.806,0.951,0.862,0.865,0.806,0.888,0.9340000000000001,0.804,0.871,0.89,0.866,0.8139999999999999,0.8179999999999999,0.926,0.986,0.948,20,0.827,0.929,0.992,0.88,0.994,0.821,0.896,0.012],
	"circle_duration":[0.44,0.481,0.45,0.503,0.446,0.449,0.414,0.451,0.414,0.577,20,0.5570000000000001,0.435,0.579,0.408,0.582,0.475,0.41,0.546,0.5669999999999999,0.468,0.48,0.492,0.529,0.526,0.449,0.479,0.48,0.426,20,0.529,0.479,0.469,0.453,0.596,0.555,0.404,0.426,0.483,0.509,0.495,0.462,0.521,0.586,0.522,0.5,0.535,0.441,0.437,0.402,20,0.422,0.402,0.429,0.591,0.519,0.587,0.457,0.576,0.443,0.489,0.434,0.527,0.467,0.443,0.593,0.583,0.516,0.432,0.435,20,0.437,0.5649999999999999,0.424,0.57,0.433,0.431,0.584,0.575,0.507,0.432,0.533,0.571,0.45,0.461,0.537,0.548,0.484,0.531,20,0.54,0.549,0.509,0.586,0.441,0.442,0.449,0],
	"stim_type":[
		"UNFAMILIAR",
		"SCRAMBLED",
		"UNFAMILIAR",
		"UNFAMILIAR",
		"FAMOUS",
		"FAMOUS",
		"SCRAMBLED",
		"SCRAMBLED",
		"FAMOUS",
		"UNFAMILIAR",
		"n/a",
		"FAMOUS",
		"FAMOUS",
		"SCRAMBLED",
		"FAMOUS",
		"SCRAMBLED",
		"UNFAMILIAR",
		"FAMOUS",
		"FAMOUS",
		"FAMOUS",
		"UNFAMILIAR",
		"UNFAMILIAR",
		"FAMOUS",
		"SCRAMBLED",
		"SCRAMBLED",
		"SCRAMBLED",
		"FAMOUS",
		"FAMOUS",
		"UNFAMILIAR",
		"n/a",
		"UNFAMILIAR",
		"UNFAMILIAR",
		"FAMOUS",
		"UNFAMILIAR",
		"UNFAMILIAR",
		"FAMOUS",
		"UNFAMILIAR",
		"SCRAMBLED",
		"SCRAMBLED",
		"FAMOUS",
		"SCRAMBLED",
		"SCRAMBLED",
		"UNFAMILIAR",
		"UNFAMILIAR",
		"UNFAMILIAR",
		"UNFAMILIAR",
		"SCRAMBLED",
		"FAMOUS",
		"FAMOUS",
		"FAMOUS",
		"n/a",
		"SCRAMBLED",
		"FAMOUS",
		"SCRAMBLED",
		"UNFAMILIAR",
		"UNFAMILIAR",
		"UNFAMILIAR",
		"SCRAMBLED",
		"FAMOUS",
		"FAMOUS",
		"FAMOUS",
		"FAMOUS",
		"SCRAMBLED",
		"SCRAMBLED",
		"FAMOUS",
		"FAMOUS",
		"FAMOUS",
		"SCRAMBLED",
		"UNFAMILIAR",
		"UNFAMILIAR",
		"n/a",
		"UNFAMILIAR",
		"UNFAMILIAR",
		"SCRAMBLED",
		"SCRAMBLED",
		"SCRAMBLED",
		"SCRAMBLED",
		"FAMOUS",
		"SCRAMBLED",
		"SCRAMBLED",
		"SCRAMBLED",
		"UNFAMILIAR",
		"SCRAMBLED",
		"UNFAMILIAR",
		"UNFAMILIAR",
		"SCRAMBLED",
		"SCRAMBLED",
		"FAMOUS",
		"SCRAMBLED",
		"n/a",
		"UNFAMILIAR",
		"SCRAMBLED",
		"UNFAMILIAR",
		"UNFAMILIAR",
		"FAMOUS",
		"FAMOUS",
		"FAMOUS",
		"n/a"
	],
	"trigger":[13,17,13,14,5,6,17,18,5,15,999,5,6,19,5,17,13,5,7,5,13,14,7,17,18,19,5,6,15,999,13,14,7,13,14,7,13,17,18,5,17,18,13,14,13,15,17,5,6,7,999,17,5,17,15,13,14,19,5,6,5,6,19,17,7,5,6,19,13,14,999,13,14,17,17,18,19,5,17,18,17,13,19,13,14,17,18,7,17,999,13,19,13,15,5,6,5,999],
	"button_pushed":[7,4,4,4,4,7,7,7,7,4,20000,7,7,7,4,7,4,7,7,7,7,7,7,4,7,7,7,7,4,20000,4,4,7,4,4,7,4,7,7,7,4,4,4,4,4,4,7,7,7,7,20000,7,7,7,4,4,4,7,7,7,7,7,4,4,7,7,7,7,4,4,20000,4,7,4,4,7,4,7,7,7,4,7,4,4,4,7,7,7,4,20000,7,7,4,7,7,7,7,0],
	"response_time":[0.846,0.921,0.706,0.581,0.86,0.757,0.732,0.624,0.638,0.842,20,0.8110000000000001,0.6860000000000001,0.86,0.742,0.851,0.858,0.869,0.742,0.898,1.251,0.721,1.431,0.846,0.965,1.048,0.832,0.7,0.764,20,0.988,0.892,0.8110000000000001,0.742,0.777,0.737,0.738,0.972,0.6899999999999999,0.734,0.6860000000000001,0.771,0.8149999999999999,1.057,0.742,0.8070000000000001,0.954,0.714,0.6840000000000001,0.853,20,1.021,0.919,0.715,1.003,0.968,0.748,0.885,1.026,0.675,0.888,0.785,0.766,0.832,0.6870000000000001,0.845,0.6860000000000001,0.9360000000000001,0.842,0.604,20,0.886,1.197,0.738,0.775,0.822,0.767,0.856,1.209,1.245,0.901,1.668,0.8070000000000001,0.84,0.726,0.861,0.88,0.869,0.819,20,0.931,0.844,0.977,1.003,0.669,0.637,1.006,0],
	"stim_file":[
		"func/u031.bmp",
		"func/s020.bmp",
		"func/u027.bmp",
		"func/u027.bmp",
		"func/f024.bmp",
		"func/f024.bmp",
		"func/s023.bmp",
		"func/s023.bmp",
		"func/f030.bmp",
		"func/u031.bmp",
		"func/i999.bmp",
		"func/f020.bmp",
		"func/f020.bmp",
		"func/s020.bmp",
		"func/f023.bmp",
		"func/s030.bmp",
		"func/u020.bmp",
		"func/f022.bmp",
		"func/f030.bmp",
		"func/f019.bmp",
		"func/u019.bmp",
		"func/u019.bmp",
		"func/f023.bmp",
		"func/s021.bmp",
		"func/s021.bmp",
		"func/s030.bmp",
		"func/f025.bmp",
		"func/f025.bmp",
		"func/u020.bmp",
		"func/i999.bmp",
		"func/u017.bmp",
		"func/u017.bmp",
		"func/f022.bmp",
		"func/u032.bmp",
		"func/u032.bmp",
		"func/f019.bmp",
		"func/u021.bmp",
		"func/s017.bmp",
		"func/s017.bmp",
		"func/f017.bmp",
		"func/s026.bmp",
		"func/s026.bmp",
		"func/u029.bmp",
		"func/u029.bmp",
		"func/u024.bmp",
		"func/u021.bmp",
		"func/s022.bmp",
		"func/f032.bmp",
		"func/f032.bmp",
		"func/f017.bmp",
		"func/i999.bmp",
		"func/s018.bmp",
		"func/f027.bmp",
		"func/s025.bmp",
		"func/u024.bmp",
		"func/u030.bmp",
		"func/u030.bmp",
		"func/s022.bmp",
		"func/f029.bmp",
		"func/f029.bmp",
		"func/f028.bmp",
		"func/f028.bmp",
		"func/s018.bmp",
		"func/s029.bmp",
		"func/f027.bmp",
		"func/f018.bmp",
		"func/f018.bmp",
		"func/s025.bmp",
		"func/u023.bmp",
		"func/u023.bmp",
		"func/i999.bmp",
		"func/u022.bmp",
		"func/u022.bmp",
		"func/s028.bmp",
		"func/s019.bmp",
		"func/s019.bmp",
		"func/s029.bmp",
		"func/f026.bmp",
		"func/s032.bmp",
		"func/s032.bmp",
		"func/s027.bmp",
		"func/u026.bmp",
		"func/s028.bmp",
		"func/u028.bmp",
		"func/u028.bmp",
		"func/s024.bmp",
		"func/s024.bmp",
		"func/f026.bmp",
		"func/s031.bmp",
		"func/i999.bmp",
		"func/u018.bmp",
		"func/s027.bmp",
		"func/u025.bmp",
		"func/u026.bmp",
		"func/f031.bmp",
		"func/f031.bmp",
		"func/f021.bmp",
		"func/Circle.bmp"
	]
}
