{
	"onset":[0,3.157,6.431,9.721,12.795,15.985,19.126,22.199,25.256,27.929,48.491,51.615,54.805,57.912,61.169,64.276,67.517,70.657,73.697,76.73699999999999,79.828,82.884,86.092,89.215,92.506,95.54600000000001,98.67,101.81,105,108.208,110.78,131.326,134.483,137.523,140.563,143.703,146.827,150.017,153.308,156.515,159.539,162.646,165.886,168.926,172.117,175.157,178.214,181.404,184.661,187.401,207.896,211.104,214.344,217.351,220.424,223.448,226.605,229.678,232.919,236.093,239.383,242.607,245.697,248.955,252.178,255.269,258.392,261.449,264.589,267.78,270.352,290.898,294.139,297.279,300.369,303.626,306.884,309.991,313.214,316.405,319.462,322.669,325.859,329,332.274,335.531,338.621,341.845,344.952,348.226,350.865,371.361,374.501,377.675,380.865,383.972,386.996,390.203,393.36,396.567,399.239],
	"duration":[0.9379999999999999,0.9389999999999999,0.9370000000000001,0.879,0.855,0.845,0.873,0.869,0.9350000000000001,20,0.83,0.873,0.897,0.986,0.901,0.954,0.951,0.828,0.8100000000000001,0.833,0.866,0.841,0.851,0.993,0.842,0.8149999999999999,0.969,0.907,0.873,0.829,20,0.961,0.852,0.868,0.889,0.822,0.975,0.979,0.903,0.821,0.858,0.9350000000000001,0.853,0.829,0.802,0.88,0.91,0.906,0.988,20,0.89,0.96,0.833,0.855,0.85,0.917,0.8,0.9350000000000001,0.959,0.9379999999999999,0.949,0.877,0.992,0.903,0.9,0.901,0.819,0.829,0.891,0.834,20,0.919,0.833,0.849,0.988,0.976,0.877,0.886,0.861,0.879,0.895,0.964,0.806,0.929,0.913,0.866,0.946,0.896,0.917,0.902,20,0.918,0.957,0.915,0.8149999999999999,0.8139999999999999,0.966,0.911,0.999,0.913,0.012],
	"circle_duration":[0.511,0.41,0.461,0.578,0.425,0.546,0.49,0.402,0.421,20,0.519,0.534,0.51,0.42,0.504,0.438,0.514,0.43,0.442,0.461,0.496,0.43,0.587,0.511,0.521,0.423,0.536,0.414,0.491,0.553,20,0.501,0.405,0.421,0.406,0.472,0.525,0.448,0.543,0.548,0.432,0.464,0.546,0.412,0.591,0.478,0.402,0.505,0.583,20,0.432,0.539,0.513,0.416,0.449,0.41,0.481,0.44,0.536,0.448,0.571,0.51,0.445,0.501,0.5629999999999999,0.432,0.452,0.468,0.543,0.52,20,0.511,0.5659999999999999,0.539,0.474,0.496,0.505,0.465,0.581,0.556,0.417,0.537,0.461,0.552,0.579,0.572,0.46,0.496,0.441,0.589,20,0.463,0.459,0.446,0.504,0.531,0.443,0.456,0.471,0.438,0],
	"stim_type":[
		"FAMOUS",
		"FAMOUS",
		"FAMOUS",
		"SCRAMBLED",
		"SCRAMBLED",
		"UNFAMILIAR",
		"FAMOUS",
		"UNFAMILIAR",
		"FAMOUS",
		"n/a",
		"FAMOUS",
		"FAMOUS",
		"SCRAMBLED",
		"FAMOUS",
		"UNFAMILIAR",
		"UNFAMILIAR",
		"UNFAMILIAR",
		"FAMOUS",
		"UNFAMILIAR",
		"UNFAMILIAR",
		"UNFAMILIAR",
		"FAMOUS",
		"FAMOUS",
		"FAMOUS",
		"SCRAMBLED",
		"SCRAMBLED",
		"SCRAMBLED",
		"FAMOUS",
		"UNFAMILIAR",
		"UNFAMILIAR",
		"n/a",
		"FAMOUS",
		"SCRAMBLED",
		"SCRAMBLED",
		"UNFAMILIAR",
		"UNFAMILIAR",
		"FAMOUS",
		"SCRAMBLED",
		"SCRAMBLED",
		"UNFAMILIAR",
		"UNFAMILIAR",
		"FAMOUS",
		"FAMOUS",
		"SCRAMBLED",
		"UNFAMILIAR",
		"UNFAMILIAR",
		"UNFAMILIAR",
		"FAMOUS",
		"FAMOUS",
		"n/a",
		"FAMOUS",
		"FAMOUS",
		"FAMOUS",
		"UNFAMILIAR",
		"SCRAMBLED",
		"FAMOUS",
		"UNFAMILIAR",
		"SCRAMBLED",
		"SCRAMBLED",
		"SCRAMBLED",
		"FAMOUS",
		"SCRAMBLED",
		"UNFAMILIAR",
		"SCRAMBLED",
		"FAMOUS",
		"SCRAMBLED",
		"FAMOUS",
		"SCRAMBLED",
		"UNFAMILIAR",
		"FAMOUS",
		"n/a",
		"FAMOUS",
		"FAMOUS",
		"SCRAMBLED",
		"UNFAMILIAR",
		"UNFAMILIAR",
		"SCRAMBLED",
		"UNFAMILIAR",
		"SCRAMBLED",
		"UNFAMILIAR",
		"UNFAMILIAR",
		"FAMOUS",
		"FAMOUS",
		"FAMOUS",
		"UNFAMILIAR",
		"UNFAMILIAR",
		"SCRAMBLED",
		"SCRAMBLED",
		"SCRAMBLED",
		"UNFAMILIAR",
		"n/a",
		"SCRAMBLED",
		"SCRAMBLED",
		"SCRAMBLED",
		"UNFAMILIAR",
		"UNFAMILIAR",
		"UNFAMILIAR",
		"SCRAMBLED",
		"SCRAMBLED",
		"SCRAMBLED",
		"n/a"
	],
	"trigger":[5,5,6,17,18,13,5,13,7,999,5,6,17,5,15,13,14,7,13,14,15,5,6,5,19,17,18,7,13,14,999,5,17,18,13,14,7,17,18,13,14,5,7,17,13,13,14,5,6,999,5,6,7,13,19,5,15,17,18,17,5,17,15,17,7,17,5,19,13,7,999,5,6,19,13,14,19,13,19,13,14,7,5,6,15,13,17,17,18,15,999,17,18,17,13,14,15,17,18,19,999],
	"button_pushed":[7,4,4,7,7,7,4,7,7,20000,7,7,7,7,7,7,7,7,4,4,7,4,4,7,7,4,4,7,7,7,20000,7,7,7,4,4,7,7,4,7,7,4,7,4,7,7,7,4,4,20000,4,4,4,7,4,7,7,7,7,4,7,7,7,7,7,4,7,4,7,7,20000,7,7,7,7,7,7,7,4,7,7,7,4,4,7,7,7,4,4,7,20000,7,7,7,7,7,7,4,4,7,0],
	"response_time":[0.639,0.819,0.547,0.728,0.601,0.6830000000000001,0.902,0.744,0.624,20,0.732,0.575,0.781,0.9340000000000001,0.96,0.742,1.034,1.166,0.778,0.766,0.868,1.199,0.806,0.765,0.967,0.969,0.6850000000000001,0.706,0.701,0.608,20,0.68,0.775,0.5659999999999999,0.963,0.714,0.749,0.6919999999999999,0.795,0.781,0.754,0.83,0.699,0.752,0.776,0.75,1.052,0.996,0.647,20,1.009,0.706,0.747,0.734,0.954,0.673,0.641,0.922,0.724,0.6929999999999999,0.755,1.276,0.863,1.85,1.088,0.736,0.648,0.95,0.694,0.6879999999999999,20,0.872,0.583,0.84,0.6929999999999999,0.544,0.733,0.595,0.76,0.6,0.545,0.783,0.774,0.66,0.834,0.787,1.305,0.6929999999999999,0.697,0.718,20,0.8159999999999999,0.63,0.622,0.694,0.517,0.712,0.785,0.762,0.92,0],
	"stim_file":[
		"func/f140.bmp",
		"func/f139.bmp",
		"func/f139.bmp",
		"func/s133.bmp",
		"func/s133.bmp",
		"func/u144.bmp",
		"func/f137.bmp",
		"func/u135.bmp",
		"func/f140.bmp",
		"func/i999.bmp",
		"func/f142.bmp",
		"func/f142.bmp",
		"func/s132.bmp",
		"func/f132.bmp",
		"func/u144.bmp",
		"func/u142.bmp",
		"func/u142.bmp",
		"func/f137.bmp",
		"func/u140.bmp",
		"func/u140.bmp",
		"func/u135.bmp",
		"func/f146.bmp",
		"func/f146.bmp",
		"func/f145.bmp",
		"func/s132.bmp",
		"func/s137.bmp",
		"func/s137.bmp",
		"func/f132.bmp",
		"func/u132.bmp",
		"func/u132.bmp",
		"func/i999.bmp",
		"func/f134.bmp",
		"func/s143.bmp",
		"func/s143.bmp",
		"func/u136.bmp",
		"func/u136.bmp",
		"func/f145.bmp",
		"func/s139.bmp",
		"func/s139.bmp",
		"func/u146.bmp",
		"func/u146.bmp",
		"func/f135.bmp",
		"func/f134.bmp",
		"func/s145.bmp",
		"func/u143.bmp",
		"func/u133.bmp",
		"func/u133.bmp",
		"func/f133.bmp",
		"func/f133.bmp",
		"func/i999.bmp",
		"func/f136.bmp",
		"func/f136.bmp",
		"func/f135.bmp",
		"func/u145.bmp",
		"func/s145.bmp",
		"func/f141.bmp",
		"func/u143.bmp",
		"func/s138.bmp",
		"func/s138.bmp",
		"func/s135.bmp",
		"func/f138.bmp",
		"func/s136.bmp",
		"func/u145.bmp",
		"func/s134.bmp",
		"func/f141.bmp",
		"func/s146.bmp",
		"func/f143.bmp",
		"func/s135.bmp",
		"func/u138.bmp",
		"func/f138.bmp",
		"func/i999.bmp",
		"func/f144.bmp",
		"func/f144.bmp",
		"func/s136.bmp",
		"func/u141.bmp",
		"func/u141.bmp",
		"func/s134.bmp",
		"func/u139.bmp",
		"func/s146.bmp",
		"func/u137.bmp",
		"func/u137.bmp",
		"func/f143.bmp",
		"func/f131.bmp",
		"func/f131.bmp",
		"func/u138.bmp",
		"func/u134.bmp",
		"func/s141.bmp",
		"func/s131.bmp",
		"func/s131.bmp",
		"func/u139.bmp",
		"func/i999.bmp",
		"func/s144.bmp",
		"func/s144.bmp",
		"func/s140.bmp",
		"func/u131.bmp",
		"func/u131.bmp",
		"func/u134.bmp",
		"func/s142.bmp",
		"func/s142.bmp",
		"func/s141.bmp",
		"func/Circle.bmp"
	]
}
