{
	"onset":[0,3.207,6.614,9.738,12.995,16.236,19.393,22.516,25.79,28.997,32.188,34.844,55.289,58.43,61.67,64.877,68.051,71.292,74.383,77.389,80.68000000000001,83.85299999999999,87.027,90.33499999999999,93.34099999999999,96.53100000000001,99.77200000000001,102.895,106.053,109.26,111.899,132.478,135.635,138.792,142.049,145.373,148.397,151.554,154.627,157.734,160.841,163.965,167.105,170.229,173.269,176.326,179.466,182.64,185.697,188.286,208.898,212.055,215.162,218.403,221.61,224.917,228.125,231.283,234.589,237.846,241.187,244.311,247.568,250.575,253.832,256.955,260.079,263.286,266.41,269.667,272.256,292.802,296.009,299.35,302.407,305.547,308.738,312.011,315.068,318.259,321.449,324.539,327.646,330.937,334.111,337.284,340.625,343.782,346.939,350.046,352.719,373.282,376.472,379.662,382.786,385.926,389.1,392.123,395.13,398.17,400.793],
	"duration":[0.863,0.989,0.9340000000000001,0.991,0.9360000000000001,0.899,0.8110000000000001,0.996,0.852,0.994,0.913,20,0.907,0.871,0.894,0.912,0.892,0.8,0.829,0.964,0.957,0.912,0.972,0.835,0.836,0.885,0.801,0.971,0.913,0.903,20,0.837,0.845,0.912,0.987,0.834,0.886,0.821,0.8159999999999999,0.8110000000000001,0.858,0.871,0.902,0.833,0.8169999999999999,0.916,0.8179999999999999,0.825,0.849,20,0.873,0.919,0.961,0.9379999999999999,0.963,0.902,0.859,0.957,0.95,0.973,0.801,0.983,0.841,0.927,0.9320000000000001,0.953,0.994,0.83,0.984,0.843,20,0.997,0.972,0.853,0.8129999999999999,0.953,0.908,0.8110000000000001,0.966,0.964,0.851,0.93,0.989,0.918,0.958,0.993,0.961,0.9409999999999999,0.855,0.92,20,0.834,0.866,0.834,0.86,0.855,0.823,0.804,0.826,0.863,0.012],
	"circle_duration":[0.463,0.5620000000000001,0.545,0.424,0.486,0.538,0.493,0.547,0.477,0.594,0.419,20,0.405,0.451,0.593,0.541,0.497,0.575,0.512,0.414,0.5679999999999999,0.448,0.491,0.5679999999999999,0.411,0.595,0.598,0.5570000000000001,0.409,0.505,20,0.548,0.55,0.538,0.582,0.5580000000000001,0.424,0.505,0.47,0.521,0.526,0.493,0.493,0.462,0.436,0.472,0.467,0.593,0.455,20,0.569,0.506,0.422,0.505,0.485,0.581,0.549,0.468,0.552,0.544,0.586,0.554,0.512,0.4,0.5649999999999999,0.427,0.403,0.45,0.525,0.516,20,0.516,0.448,0.594,0.433,0.5580000000000001,0.47,0.594,0.469,0.464,0.467,0.48,0.415,0.52,0.488,0.45,0.556,0.425,0.441,0.476,20,0.534,0.597,0.5669999999999999,0.525,0.507,0.542,0.424,0.426,0.445,0],
	"stim_type":[
		"SCRAMBLED",
		"FAMOUS",
		"FAMOUS",
		"FAMOUS",
		"FAMOUS",
		"FAMOUS",
		"FAMOUS",
		"FAMOUS",
		"FAMOUS",
		"FAMOUS",
		"SCRAMBLED",
		"n/a",
		"UNFAMILIAR",
		"UNFAMILIAR",
		"FAMOUS",
		"FAMOUS",
		"FAMOUS",
		"FAMOUS",
		"SCRAMBLED",
		"SCRAMBLED",
		"SCRAMBLED",
		"SCRAMBLED",
		"UNFAMILIAR",
		"UNFAMILIAR",
		"UNFAMILIAR",
		"UNFAMILIAR",
		"UNFAMILIAR",
		"FAMOUS",
		"FAMOUS",
		"UNFAMILIAR",
		"n/a",
		"SCRAMBLED",
		"SCRAMBLED",
		"UNFAMILIAR",
		"UNFAMILIAR",
		"UNFAMILIAR",
		"UNFAMILIAR",
		"UNFAMILIAR",
		"FAMOUS",
		"UNFAMILIAR",
		"UNFAMILIAR",
		"UNFAMILIAR",
		"FAMOUS",
		"FAMOUS",
		"UNFAMILIAR",
		"SCRAMBLED",
		"SCRAMBLED",
		"FAMOUS",
		"UNFAMILIAR",
		"n/a",
		"UNFAMILIAR",
		"UNFAMILIAR",
		"UNFAMILIAR",
		"SCRAMBLED",
		"SCRAMBLED",
		"UNFAMILIAR",
		"UNFAMILIAR",
		"UNFAMILIAR",
		"SCRAMBLED",
		"SCRAMBLED",
		"FAMOUS",
		"FAMOUS",
		"FAMOUS",
		"FAMOUS",
		"SCRAMBLED",
		"SCRAMBLED",
		"UNFAMILIAR",
		"SCRAMBLED",
		"UNFAMILIAR",
		"SCRAMBLED",
		"n/a",
		"SCRAMBLED",
		"UNFAMILIAR",
		"FAMOUS",
		"SCRAMBLED",
		"SCRAMBLED",
		"SCRAMBLED",
		"UNFAMILIAR",
		"FAMOUS",
		"UNFAMILIAR",
		"SCRAMBLED",
		"SCRAMBLED",
		"SCRAMBLED",
		"SCRAMBLED",
		"SCRAMBLED",
		"UNFAMILIAR",
		"FAMOUS",
		"UNFAMILIAR",
		"UNFAMILIAR",
		"SCRAMBLED",
		"n/a",
		"FAMOUS",
		"FAMOUS",
		"SCRAMBLED",
		"SCRAMBLED",
		"FAMOUS",
		"FAMOUS",
		"SCRAMBLED",
		"SCRAMBLED",
		"FAMOUS",
		"n/a"
	],
	"trigger":[17,5,6,5,6,5,6,5,5,6,19,999,13,13,5,5,6,7,17,18,17,18,15,13,14,15,13,7,5,13,999,17,18,13,13,14,15,13,7,13,15,13,5,6,15,17,18,5,15,999,13,14,15,17,18,15,13,14,17,17,7,5,6,5,17,18,13,19,13,19,999,17,13,7,17,18,17,15,5,15,17,18,19,17,18,15,5,13,14,19,999,5,7,17,18,5,6,17,18,7,999],
	"button_pushed":[
		7,
		7,
		4,
		7,
		7,
		7,
		7,
		7,
		7,
		7,
		7,
		20000,
		7,
		7,
		7,
		7,
		7,
		4,
		7,
		7,
		4,
		4,
		7,
		7,
		7,
		7,
		7,
		7,
		7,
		4,
		20000,
		4,
		4,
		7,
		7,
		7,
		7,
		7,
		7,
		4,
		4,
		7,
		7,
		7,
		"n/a",
		4,
		4,
		4,
		"n/a",
		20000,
		7,
		7,
		4,
		4,
		4,
		7,
		7,
		7,
		7,
		7,
		4,
		7,
		4,
		7,
		7,
		7,
		7,
		7,
		7,
		7,
		20000,
		7,
		7,
		7,
		4,
		4,
		4,
		"n/a",
		7,
		7,
		"n/a",
		"n/a",
		4,
		7,
		7,
		7,
		7,
		4,
		4,
		7,
		20000,
		7,
		7,
		7,
		7,
		7,
		7,
		4,
		4,
		7,
		0
	],
	"response_time":[0.626,0.598,0.781,0.64,0.593,0.827,0.535,0.778,0.6870000000000001,0.5580000000000001,0.878,20,0.772,0.536,1.366,0.9360000000000001,0.5610000000000001,1.125,1.001,0.598,0.736,0.653,0.672,0.518,0.7,0.641,0.756,0.753,0.781,0.9350000000000001,20,0.789,0.582,1.006,0.8159999999999999,0.6830000000000001,0.728,0.576,0.681,0.794,1.032,0.742,1.098,0.8129999999999999,0,1.045,0.5600000000000001,0.96,0,20,0.631,0.493,0.679,0.889,0.787,0.776,0.723,0.479,0.8120000000000001,0.598,0.804,0.657,0.754,0.603,0.747,1.195,1.001,1.003,0.503,0.8149999999999999,20,1.132,0.653,1.03,0.733,0.886,1.06,0,0.6909999999999999,0.738,0,0,0.839,0.782,0.455,0.5649999999999999,0.665,0.8169999999999999,0.766,1.026,20,0.907,0.629,1.408,0.6860000000000001,0.857,0.907,0.873,0.64,1.135,0],
	"stim_file":[
		"func/s124.bmp",
		"func/f123.bmp",
		"func/f123.bmp",
		"func/f128.bmp",
		"func/f128.bmp",
		"func/f125.bmp",
		"func/f125.bmp",
		"func/f124.bmp",
		"func/f118.bmp",
		"func/f118.bmp",
		"func/s124.bmp",
		"func/i999.bmp",
		"func/u121.bmp",
		"func/u125.bmp",
		"func/f119.bmp",
		"func/f130.bmp",
		"func/f130.bmp",
		"func/f124.bmp",
		"func/s126.bmp",
		"func/s126.bmp",
		"func/s116.bmp",
		"func/s116.bmp",
		"func/u121.bmp",
		"func/u126.bmp",
		"func/u126.bmp",
		"func/u125.bmp",
		"func/u120.bmp",
		"func/f119.bmp",
		"func/f120.bmp",
		"func/u115.bmp",
		"func/i999.bmp",
		"func/s114.bmp",
		"func/s114.bmp",
		"func/u124.bmp",
		"func/u127.bmp",
		"func/u127.bmp",
		"func/u120.bmp",
		"func/u118.bmp",
		"func/f120.bmp",
		"func/u116.bmp",
		"func/u115.bmp",
		"func/u123.bmp",
		"func/f115.bmp",
		"func/f115.bmp",
		"func/u124.bmp",
		"func/s115.bmp",
		"func/s115.bmp",
		"func/f129.bmp",
		"func/u118.bmp",
		"func/i999.bmp",
		"func/u119.bmp",
		"func/u119.bmp",
		"func/u116.bmp",
		"func/s121.bmp",
		"func/s121.bmp",
		"func/u123.bmp",
		"func/u122.bmp",
		"func/u122.bmp",
		"func/s118.bmp",
		"func/s119.bmp",
		"func/f129.bmp",
		"func/f126.bmp",
		"func/f126.bmp",
		"func/f121.bmp",
		"func/s128.bmp",
		"func/s128.bmp",
		"func/u130.bmp",
		"func/s118.bmp",
		"func/u129.bmp",
		"func/s119.bmp",
		"func/i999.bmp",
		"func/s129.bmp",
		"func/u128.bmp",
		"func/f121.bmp",
		"func/s130.bmp",
		"func/s130.bmp",
		"func/s120.bmp",
		"func/u130.bmp",
		"func/f127.bmp",
		"func/u129.bmp",
		"func/s123.bmp",
		"func/s123.bmp",
		"func/s129.bmp",
		"func/s125.bmp",
		"func/s125.bmp",
		"func/u128.bmp",
		"func/f116.bmp",
		"func/u114.bmp",
		"func/u114.bmp",
		"func/s120.bmp",
		"func/i999.bmp",
		"func/f122.bmp",
		"func/f127.bmp",
		"func/s127.bmp",
		"func/s127.bmp",
		"func/f114.bmp",
		"func/f114.bmp",
		"func/s122.bmp",
		"func/s122.bmp",
		"func/f116.bmp",
		"func/Circle.bmp"
	]
}
