{
	"onset":[0,3.274,6.515,9.605,12.895,16.036,19.326,22.6,25.774,29.048,31.788,52.383,55.591,58.781,62.005,65.078,68.30200000000001,71.56,74.75,77.84,80.89700000000001,83.98699999999999,87.244,90.402,93.625,96.916,100.207,103.38,106.571,109.277,129.789,132.93,136.254,139.444,142.551,145.808,149.032,152.156,155.396,158.62,161.811,165.085,168.175,171.382,174.506,177.729,180.836,184.027,187.217,190.241,192.796,213.259,216.366,219.539,222.713,225.736,228.843,231.967,235.024,238.231,241.371,244.629,247.869,251.009,254.083,257.34,260.497,263.671,266.878,270.169,272.841,293.454,296.478,299.601,302.725,305.765,308.906,312.012,315.102,318.293,321.45,324.623,327.697,330.804,333.978,337.185,340.409,343.532,346.79,349.93,352.619,373.115,376.289,379.279,382.402,385.676,388.967,392.241,394.863],
	"duration":[0.912,0.864,0.805,0.998,0.877,0.9389999999999999,0.9350000000000001,0.805,0.904,0.988,20,0.946,0.876,0.857,0.889,0.911,0.968,0.851,0.845,0.842,0.918,0.854,0.9320000000000001,0.858,0.946,0.997,0.888,0.839,0.959,20,0.91,0.975,0.894,0.855,0.911,0.896,0.875,0.971,0.972,0.9389999999999999,0.965,0.909,0.997,0.86,0.925,0.83,0.836,0.86,0.803,0.8159999999999999,20,0.8159999999999999,0.901,0.961,0.847,0.802,0.88,0.862,0.98,0.806,0.978,0.891,0.8110000000000001,0.888,0.894,0.946,0.993,0.871,0.9370000000000001,0.921,20,0.839,0.9419999999999999,0.89,0.8149999999999999,0.861,0.855,0.918,0.901,0.897,0.888,0.881,0.852,0.926,0.9379999999999999,0.96,0.9370000000000001,0.894,0.963,0.951,20,0.917,0.8169999999999999,0.883,0.95,0.993,0.996,0.829,0.012],
	"circle_duration":[0.455,0.554,0.507,0.517,0.522,0.497,0.574,0.553,0.594,0.596,20,0.554,0.492,0.515,0.59,0.406,0.548,0.518,0.578,0.454,0.415,0.403,0.599,0.459,0.59,0.576,0.527,0.509,0.574,20,0.47,0.452,0.5659999999999999,0.533,0.457,0.573,0.555,0.476,0.491,0.47,0.484,0.542,0.412,0.435,0.5,0.529,0.503,0.594,0.538,0.442,20,0.422,0.525,0.516,0.437,0.414,0.539,0.42,0.424,0.444,0.5659999999999999,0.502,0.577,0.552,0.414,0.588,0.442,0.408,0.5620000000000001,0.571,20,0.58,0.417,0.406,0.453,0.463,0.518,0.477,0.408,0.523,0.49,0.514,0.419,0.492,0.469,0.486,0.471,0.416,0.588,0.417,20,0.444,0.488,0.407,0.479,0.5570000000000001,0.52,0.503,0],
	"stim_type":[
		"SCRAMBLED",
		"UNFAMILIAR",
		"UNFAMILIAR",
		"FAMOUS",
		"SCRAMBLED",
		"SCRAMBLED",
		"SCRAMBLED",
		"FAMOUS",
		"FAMOUS",
		"SCRAMBLED",
		"n/a",
		"UNFAMILIAR",
		"UNFAMILIAR",
		"UNFAMILIAR",
		"UNFAMILIAR",
		"FAMOUS",
		"UNFAMILIAR",
		"SCRAMBLED",
		"SCRAMBLED",
		"UNFAMILIAR",
		"FAMOUS",
		"FAMOUS",
		"SCRAMBLED",
		"SCRAMBLED",
		"FAMOUS",
		"FAMOUS",
		"UNFAMILIAR",
		"SCRAMBLED",
		"SCRAMBLED",
		"n/a",
		"UNFAMILIAR",
		"UNFAMILIAR",
		"FAMOUS",
		"SCRAMBLED",
		"FAMOUS",
		"UNFAMILIAR",
		"UNFAMILIAR",
		"SCRAMBLED",
		"SCRAMBLED",
		"UNFAMILIAR",
		"FAMOUS",
		"FAMOUS",
		"SCRAMBLED",
		"SCRAMBLED",
		"SCRAMBLED",
		"SCRAMBLED",
		"SCRAMBLED",
		"FAMOUS",
		"UNFAMILIAR",
		"UNFAMILIAR",
		"n/a",
		"SCRAMBLED",
		"SCRAMBLED",
		"SCRAMBLED",
		"FAMOUS",
		"FAMOUS",
		"SCRAMBLED",
		"FAMOUS",
		"FAMOUS",
		"UNFAMILIAR",
		"UNFAMILIAR",
		"UNFAMILIAR",
		"UNFAMILIAR",
		"SCRAMBLED",
		"FAMOUS",
		"FAMOUS",
		"FAMOUS",
		"SCRAMBLED",
		"SCRAMBLED",
		"SCRAMBLED",
		"n/a",
		"UNFAMILIAR",
		"UNFAMILIAR",
		"UNFAMILIAR",
		"UNFAMILIAR",
		"SCRAMBLED",
		"SCRAMBLED",
		"SCRAMBLED",
		"FAMOUS",
		"FAMOUS",
		"FAMOUS",
		"FAMOUS",
		"FAMOUS",
		"SCRAMBLED",
		"FAMOUS",
		"FAMOUS",
		"UNFAMILIAR",
		"UNFAMILIAR",
		"FAMOUS",
		"FAMOUS",
		"n/a",
		"UNFAMILIAR",
		"UNFAMILIAR",
		"FAMOUS",
		"UNFAMILIAR",
		"SCRAMBLED",
		"UNFAMILIAR",
		"FAMOUS",
		"n/a"
	],
	"trigger":[17,13,14,5,17,18,17,5,6,19,999,13,14,13,14,7,13,17,19,13,5,6,17,18,5,6,15,17,19,999,13,15,5,17,5,13,14,19,17,15,5,7,17,18,19,17,18,7,13,14,999,17,18,19,5,7,17,5,6,13,14,13,14,17,7,5,6,19,17,18,999,13,14,13,14,17,18,19,5,5,5,6,5,17,5,7,13,14,7,5,999,13,14,7,13,19,13,7,999],
	"button_pushed":[4,7,7,7,4,4,7,7,7,4,20000,7,4,7,7,7,4,7,4,4,4,4,4,4,7,7,4,7,7,20000,4,4,7,7,7,7,7,4,7,4,7,7,7,7,7,4,4,7,4,4,20000,4,7,7,7,7,4,7,7,4,7,7,7,4,4,7,7,4,4,4,20000,4,4,7,7,4,4,4,7,7,7,7,7,4,7,7,4,4,7,4,20000,4,4,4,4,4,4,7,0],
	"response_time":[0.86,0.774,0.619,1.058,0.837,0.681,0.75,0.6830000000000001,0.538,0.9,20,1.014,0.713,0.82,0.967,0.838,0.746,0.988,0.823,0.832,0.873,0.786,1.194,0.873,0.733,0.543,0.721,1.015,0.8080000000000001,20,0.855,0.88,0.9389999999999999,0.859,0.8169999999999999,1.474,0.65,0.698,0.768,0.714,0.8139999999999999,0.882,0.866,0.65,0.898,0.955,0.707,0.98,0.88,0.752,20,1.004,0.885,1.102,0.917,0.723,0.778,0.902,0.66,1.164,1.084,0.992,0.524,0.702,0.625,0.553,0.6870000000000001,0.725,0.652,0.62,20,1.304,0.617,0.645,0.8149999999999999,0.727,0.613,0.955,0.6820000000000001,0.829,0.949,0.658,1.159,0.577,0.6929999999999999,0.77,0.845,0.674,1.052,1.045,20,0.8070000000000001,0.5649999999999999,0.918,0.8169999999999999,0.742,1.042,0.728,0],
	"stim_file":[
		"func/s037.bmp",
		"func/u038.bmp",
		"func/u038.bmp",
		"func/f033.bmp",
		"func/s035.bmp",
		"func/s035.bmp",
		"func/s033.bmp",
		"func/f040.bmp",
		"func/f040.bmp",
		"func/s037.bmp",
		"func/i999.bmp",
		"func/u042.bmp",
		"func/u042.bmp",
		"func/u047.bmp",
		"func/u047.bmp",
		"func/f033.bmp",
		"func/u039.bmp",
		"func/s047.bmp",
		"func/s033.bmp",
		"func/u043.bmp",
		"func/f035.bmp",
		"func/f035.bmp",
		"func/s041.bmp",
		"func/s041.bmp",
		"func/f043.bmp",
		"func/f043.bmp",
		"func/u039.bmp",
		"func/s040.bmp",
		"func/s047.bmp",
		"func/i999.bmp",
		"func/u045.bmp",
		"func/u043.bmp",
		"func/f047.bmp",
		"func/s039.bmp",
		"func/f036.bmp",
		"func/u046.bmp",
		"func/u046.bmp",
		"func/s040.bmp",
		"func/s034.bmp",
		"func/u045.bmp",
		"func/f045.bmp",
		"func/f047.bmp",
		"func/s043.bmp",
		"func/s043.bmp",
		"func/s039.bmp",
		"func/s045.bmp",
		"func/s045.bmp",
		"func/f036.bmp",
		"func/u040.bmp",
		"func/u040.bmp",
		"func/i999.bmp",
		"func/s042.bmp",
		"func/s042.bmp",
		"func/s034.bmp",
		"func/f044.bmp",
		"func/f045.bmp",
		"func/s046.bmp",
		"func/f046.bmp",
		"func/f046.bmp",
		"func/u035.bmp",
		"func/u035.bmp",
		"func/u048.bmp",
		"func/u048.bmp",
		"func/s036.bmp",
		"func/f044.bmp",
		"func/f041.bmp",
		"func/f041.bmp",
		"func/s046.bmp",
		"func/s048.bmp",
		"func/s048.bmp",
		"func/i999.bmp",
		"func/u037.bmp",
		"func/u037.bmp",
		"func/u041.bmp",
		"func/u041.bmp",
		"func/s038.bmp",
		"func/s038.bmp",
		"func/s036.bmp",
		"func/f048.bmp",
		"func/f039.bmp",
		"func/f042.bmp",
		"func/f042.bmp",
		"func/f037.bmp",
		"func/s044.bmp",
		"func/f034.bmp",
		"func/f048.bmp",
		"func/u034.bmp",
		"func/u034.bmp",
		"func/f039.bmp",
		"func/f038.bmp",
		"func/i999.bmp",
		"func/u033.bmp",
		"func/u033.bmp",
		"func/f037.bmp",
		"func/u036.bmp",
		"func/s044.bmp",
		"func/u044.bmp",
		"func/f034.bmp",
		"func/Circle.bmp"
	]
}
