{
	"onset":[0.108,4.614,9.113,13.69,18.111,22.672,27.172,31.672,36.112,40.588,45.187,49.612,54.088,58.671,63.172,67.672,72.188,76.61199999999999,81.18600000000001,85.58799999999999,90.187,94.67100000000001,99.16500000000001,103.672,108.188,112.587,117.088,121.612,126.088,130.672,135.171,139.671,144.187,148.612,153.186,157.686,162.111,166.672,171.173,175.671,180.111,184.584,189.111,193.686,198.087,202.665,207.165,211.672,216.113,220.687,225.112,229.613,234.112,238.672,243.172,247.672,252.184,256.587,261.087,265.585,270.187,274.672,279.172,283.672,288.112,292.587,297.186,301.588,306.112,310.672,315.172,319.673,324.111,328.612,333.113,337.613,342.112,346.672,351.172,355.672],
	"duration":[
		2,
		2,
		2,
		2,
		2,
		"n/a",
		"n/a",
		"n/a",
		2,
		2,
		2,
		2,
		2,
		"n/a",
		"n/a",
		"n/a",
		2,
		2,
		2,
		2,
		2,
		"n/a",
		"n/a",
		"n/a",
		2,
		2,
		2,
		2,
		2,
		"n/a",
		"n/a",
		"n/a",
		2,
		2,
		2,
		2,
		2,
		"n/a",
		"n/a",
		"n/a",
		2,
		2,
		2,
		2,
		2,
		"n/a",
		"n/a",
		"n/a",
		2,
		2,
		2,
		2,
		2,
		"n/a",
		"n/a",
		"n/a",
		2,
		2,
		2,
		2,
		2,
		"n/a",
		"n/a",
		"n/a",
		2,
		2,
		2,
		2,
		2,
		"n/a",
		"n/a",
		"n/a",
		2,
		2,
		2,
		2,
		2,
		"n/a",
		"n/a",
		"n/a"
	],
	"trial_type":[
		"feedback",
		"feedback",
		"feedback",
		"feedback",
		"feedback",
		"n/a",
		"n/a",
		"n/a",
		"feedback",
		"feedback",
		"feedback",
		"feedback",
		"feedback",
		"n/a",
		"n/a",
		"n/a",
		"feedback",
		"feedback",
		"feedback",
		"feedback",
		"feedback",
		"n/a",
		"n/a",
		"n/a",
		"feedback",
		"feedback",
		"feedback",
		"feedback",
		"feedback",
		"n/a",
		"n/a",
		"n/a",
		"feedback",
		"feedback",
		"feedback",
		"feedback",
		"feedback",
		"n/a",
		"n/a",
		"n/a",
		"feedback",
		"feedback",
		"feedback",
		"feedback",
		"feedback",
		"n/a",
		"n/a",
		"n/a",
		"feedback",
		"feedback",
		"feedback",
		"feedback",
		"feedback",
		"n/a",
		"n/a",
		"n/a",
		"feedback",
		"feedback",
		"feedback",
		"feedback",
		"feedback",
		"n/a",
		"n/a",
		"n/a",
		"feedback",
		"feedback",
		"feedback",
		"feedback",
		"feedback",
		"n/a",
		"n/a",
		"n/a",
		"feedback",
		"feedback",
		"feedback",
		"feedback",
		"feedback",
		"n/a",
		"n/a",
		"n/a"
	],
	"feedback":[
		-1,
		1,
		-1,
		1,
		1,
		"n/a",
		"n/a",
		"n/a",
		-1,
		1,
		-1,
		1,
		-1,
		"n/a",
		"n/a",
		"n/a",
		-1,
		1,
		-1,
		-1,
		1,
		"n/a",
		"n/a",
		"n/a",
		-1,
		-1,
		-1,
		1,
		1,
		"n/a",
		"n/a",
		"n/a",
		-1,
		-1,
		-1,
		1,
		1,
		"n/a",
		"n/a",
		"n/a",
		1,
		1,
		-1,
		-1,
		1,
		"n/a",
		"n/a",
		"n/a",
		-1,
		-1,
		-1,
		-1,
		1,
		"n/a",
		"n/a",
		"n/a",
		1,
		1,
		-1,
		-1,
		1,
		"n/a",
		"n/a",
		"n/a",
		-1,
		1,
		-1,
		-1,
		1,
		"n/a",
		"n/a",
		"n/a",
		1,
		1,
		1,
		1,
		1,
		"n/a",
		"n/a",
		"n/a"
	],
	"TrialNum":[1,2,3,4,5,6,7,8,9,10,11,12,13,14,15,16,17,18,19,20,21,22,23,24,25,26,27,28,29,30,31,32,33,34,35,36,37,38,39,40,41,42,43,44,45,46,47,48,49,50,51,52,53,54,55,56,57,58,59,60,61,62,63,64,65,66,67,68,69,70,71,72,73,74,75,76,77,78,79,80],
	"StimCond":[2,2,2,2,2,2,2,2,2,2,2,2,2,2,2,2,2,2,2,2,2,2,2,2,2,2,2,2,2,2,2,2,2,2,2,2,2,2,2,2,2,2,2,2,2,2,2,2,2,2,2,2,2,2,2,2,2,2,2,2,2,2,2,2,2,2,2,2,2,2,2,2,2,2,2,2,2,2,2,2],
	"StimulusNum":[4,8,5,12,6,0,0,0,10,3,14,6,1,0,0,0,13,5,11,2,13,0,0,0,13,3,2,9,3,0,0,0,13,10,11,11,10,0,0,0,6,4,10,12,3,0,0,0,9,13,7,5,7,0,0,0,13,1,2,3,13,0,0,0,5,3,12,4,10,0,0,0,8,8,7,9,6,0,0,0],
	"Response":[
		"R",
		"R",
		"L",
		"R",
		"L",
		"-",
		"R",
		"R",
		"R",
		"R",
		"-",
		"L",
		"R",
		"R",
		"R",
		"R",
		"R",
		"R",
		"L",
		"L",
		"L",
		"R",
		"R",
		"R",
		"R",
		"L",
		"L",
		"R",
		"R",
		"R",
		"R",
		"R",
		"R",
		"R",
		"L",
		"R",
		"L",
		"R",
		"R",
		"R",
		"L",
		"L",
		"R",
		"L",
		"R",
		"R",
		"R",
		"R",
		"L",
		"R",
		"R",
		"L",
		"L",
		"R",
		"R",
		"R",
		"L",
		"L",
		"L",
		"L",
		"L",
		"L",
		"L",
		"L",
		"L",
		"R",
		"L",
		"R",
		"L",
		"R",
		"R",
		"R",
		"R",
		"R",
		"L",
		"R",
		"L",
		"L",
		"L",
		"L"
	],
	"response_time":[1.532,1.309,1.796,2.399,1.463,0,0.654,0.65,1.423,1.412,0,1.916,1.872,0.6840000000000001,0.335,0.308,2.773,1.491,2.095,1.853,1.718,2.365,1.112,0.597,1.534,1.68,1.202,1.461,1.211,0.782,0.892,0.431,1.521,1.351,1.693,1.599,1.293,0.68,0.548,0.433,2.397,1.2,2.487,1.681,1.311,1.848,0.981,0.89,1.453,1.481,1.872,1.362,1.295,0.723,0.36,0.888,2.196,1.069,1.353,1.812,1.326,0.406,0.402,0.637,1.577,2.329,1.914,2.526,1.627,0.639,0.379,0.375,1.717,0.983,1.387,1.398,1.261,0.528,0.348,0.321],
	"Correct":[
		0,
		1,
		0,
		1,
		1,
		"-",
		"-",
		"-",
		0,
		1,
		-1,
		1,
		0,
		"-",
		"-",
		"-",
		0,
		1,
		0,
		0,
		1,
		"-",
		"-",
		"-",
		0,
		0,
		0,
		1,
		1,
		"-",
		"-",
		"-",
		0,
		0,
		0,
		1,
		1,
		"-",
		"-",
		"-",
		1,
		1,
		0,
		0,
		1,
		"-",
		"-",
		"-",
		0,
		0,
		0,
		0,
		1,
		"-",
		"-",
		"-",
		1,
		1,
		0,
		0,
		1,
		"-",
		"-",
		"-",
		0,
		1,
		0,
		0,
		1,
		"-",
		"-",
		"-",
		1,
		1,
		1,
		1,
		1,
		"-",
		"-",
		"-"
	],
	"Feedback":[
		"L",
		"R",
		"R",
		"R",
		"L",
		"-",
		"-",
		"-",
		"L",
		"R",
		"R",
		"L",
		"L",
		"-",
		"-",
		"-",
		"L",
		"R",
		"R",
		"R",
		"L",
		"-",
		"-",
		"-",
		"L",
		"R",
		"R",
		"R",
		"R",
		"-",
		"-",
		"-",
		"L",
		"L",
		"R",
		"R",
		"L",
		"-",
		"-",
		"-",
		"L",
		"L",
		"L",
		"R",
		"R",
		"-",
		"-",
		"-",
		"R",
		"L",
		"L",
		"R",
		"L",
		"-",
		"-",
		"-",
		"L",
		"L",
		"R",
		"R",
		"L",
		"-",
		"-",
		"-",
		"R",
		"R",
		"R",
		"L",
		"L",
		"-",
		"-",
		"-",
		"R",
		"R",
		"L",
		"R",
		"L",
		"-",
		"-",
		"-"
	]
}
