{
	"onset":[0.278,4.688,9.114000000000001,13.685,18.085,22.669,27.175,31.674,36.114,40.613,45.189,49.586,54.092,58.695,63.181,67.68000000000001,72.113,76.613,81.08499999999999,85.619,90.196,94.681,99.181,103.677,108.209,112.614,117.11,121.589,126.111,130.668,135.176,139.72,144.113,148.586,153.111,157.588,162.113,166.676,171.174,175.675,180.189,184.595,189.116,193.614,198.113,202.69,207.182,211.681,216.113,220.584,225.088,229.613,234.113,238.72,243.176,247.675,252.088,256.587,261.114,265.676,270.114,274.675,279.176,283.675,288.085,292.62,297.114,301.585,306.12,310.689,315.182,319.68,324.085,328.702,333.192,337.61,342.113,346.675,351.208,355.681],
	"duration":[
		2,
		2,
		2,
		2,
		2,
		"n/a",
		"n/a",
		"n/a",
		2,
		2,
		2,
		2,
		2,
		"n/a",
		"n/a",
		"n/a",
		2,
		2,
		2,
		2,
		2,
		"n/a",
		"n/a",
		"n/a",
		2,
		2,
		2,
		2,
		2,
		"n/a",
		"n/a",
		"n/a",
		2,
		2,
		2,
		2,
		2,
		"n/a",
		"n/a",
		"n/a",
		2,
		2,
		2,
		2,
		2,
		"n/a",
		"n/a",
		"n/a",
		2,
		2,
		2,
		2,
		2,
		"n/a",
		"n/a",
		"n/a",
		2,
		2,
		2,
		2,
		2,
		"n/a",
		"n/a",
		"n/a",
		2,
		2,
		2,
		2,
		2,
		"n/a",
		"n/a",
		"n/a",
		2,
		2,
		2,
		2,
		2,
		"n/a",
		"n/a",
		"n/a"
	],
	"trial_type":[
		"feedback",
		"feedback",
		"feedback",
		"feedback",
		"feedback",
		"n/a",
		"n/a",
		"n/a",
		"feedback",
		"feedback",
		"feedback",
		"feedback",
		"feedback",
		"n/a",
		"n/a",
		"n/a",
		"feedback",
		"feedback",
		"feedback",
		"feedback",
		"feedback",
		"n/a",
		"n/a",
		"n/a",
		"feedback",
		"feedback",
		"feedback",
		"feedback",
		"feedback",
		"n/a",
		"n/a",
		"n/a",
		"feedback",
		"feedback",
		"feedback",
		"feedback",
		"feedback",
		"n/a",
		"n/a",
		"n/a",
		"feedback",
		"feedback",
		"feedback",
		"feedback",
		"feedback",
		"n/a",
		"n/a",
		"n/a",
		"feedback",
		"feedback",
		"feedback",
		"feedback",
		"feedback",
		"n/a",
		"n/a",
		"n/a",
		"feedback",
		"feedback",
		"feedback",
		"feedback",
		"feedback",
		"n/a",
		"n/a",
		"n/a",
		"feedback",
		"feedback",
		"feedback",
		"feedback",
		"feedback",
		"n/a",
		"n/a",
		"n/a",
		"feedback",
		"feedback",
		"feedback",
		"feedback",
		"feedback",
		"n/a",
		"n/a",
		"n/a"
	],
	"feedback":[
		-1.52,
		-1.52,
		-1.52,
		0.48,
		0.48,
		"n/a",
		"n/a",
		"n/a",
		-1.52,
		-1.52,
		0.48,
		0.48,
		0.48,
		"n/a",
		"n/a",
		"n/a",
		0.48,
		0.48,
		0.48,
		0.48,
		0.48,
		"n/a",
		"n/a",
		"n/a",
		-1.52,
		0.48,
		0.48,
		0.48,
		-1.52,
		"n/a",
		"n/a",
		"n/a",
		0.48,
		-1.52,
		0.48,
		-1.52,
		0.48,
		"n/a",
		"n/a",
		"n/a",
		-1.52,
		0.48,
		0.48,
		0.48,
		-1.52,
		"n/a",
		"n/a",
		"n/a",
		0.48,
		0.48,
		0.48,
		0.48,
		0.48,
		"n/a",
		"n/a",
		"n/a",
		0.48,
		0.48,
		0.48,
		-1.52,
		0.48,
		"n/a",
		"n/a",
		"n/a",
		0.48,
		0.48,
		0.48,
		0.48,
		0.48,
		"n/a",
		"n/a",
		"n/a",
		0.48,
		0.48,
		0.48,
		0.48,
		0.48,
		"n/a",
		"n/a",
		"n/a"
	],
	"TrialNum":[1,2,3,4,5,6,7,8,9,10,11,12,13,14,15,16,17,18,19,20,21,22,23,24,25,26,27,28,29,30,31,32,33,34,35,36,37,38,39,40,41,42,43,44,45,46,47,48,49,50,51,52,53,54,55,56,57,58,59,60,61,62,63,64,65,66,67,68,69,70,71,72,73,74,75,76,77,78,79,80],
	"StimCond":[2,2,2,2,2,2,2,2,2,2,2,2,2,2,2,2,2,2,2,2,2,2,2,2,2,2,2,2,2,2,2,2,2,2,2,2,2,2,2,2,2,2,2,2,2,2,2,2,2,2,2,2,2,2,2,2,2,2,2,2,2,2,2,2,2,2,2,2,2,2,2,2,2,2,2,2,2,2,2,2],
	"StimulusNum":[12,13,10,11,1,0,0,0,8,5,12,1,2,0,0,0,5,5,2,10,13,0,0,0,11,10,7,1,6,0,0,0,7,3,7,4,9,0,0,0,13,4,7,6,10,0,0,0,5,4,4,7,10,0,0,0,2,2,8,10,10,0,0,0,1,6,7,4,5,0,0,0,3,11,13,7,9,0,0,0],
	"Response":[
		"L",
		"R",
		"R",
		"R",
		"L",
		"R",
		"R",
		"R",
		"L",
		"L",
		"R",
		"L",
		"R",
		"R",
		"R",
		"R",
		"R",
		"R",
		"R",
		"L",
		"L",
		"R",
		"R",
		"R",
		"L",
		"L",
		"L",
		"L",
		"R",
		"R",
		"R",
		"R",
		"L",
		"L",
		"L",
		"R",
		"R",
		"R",
		"R",
		"R",
		"R",
		"L",
		"L",
		"L",
		"R",
		"R",
		"R",
		"R",
		"R",
		"L",
		"L",
		"L",
		"L",
		"R",
		"R",
		"R",
		"R",
		"R",
		"R",
		"R",
		"L",
		"R",
		"R",
		"R",
		"L",
		"L",
		"L",
		"L",
		"R",
		"R",
		"R",
		"R",
		"R",
		"R",
		"L",
		"L",
		"R",
		"R",
		"R",
		"R"
	],
	"response_time":[1.768,1.074,1.228,1.484,1.29,0.421,0.387,0.24,0.962,1.04,1.113,1.4,1.002,0.652,0.326,0.475,1.165,1.282,0.837,0.821,0.821,0.332,0.304,0.328,1.476,2.227,1.117,1.357,2.013,0.458,0.734,0.43,1.248,2.86,2.103,1.608,1.018,0.42,0.306,0.39,1.839,1.714,1.78,1.669,1.916,0.36,0.356,0.302,1.843,1.178,0.8070000000000001,1.513,2.012,0.467,0.387,0.28,1.12,0.661,0.877,1.025,0.862,0.354,0.517,0.299,1.096,0.863,1.07,1.252,0.858,0.622,0.465,0.342,1.625,1.32,1.951,0.876,0.929,0.829,0.48,0.36],
	"Correct":[
		0,
		0,
		0,
		1,
		1,
		"-",
		"-",
		"-",
		0,
		0,
		1,
		1,
		1,
		"-",
		"-",
		"-",
		1,
		1,
		1,
		1,
		1,
		"-",
		"-",
		"-",
		0,
		1,
		1,
		1,
		0,
		"-",
		"-",
		"-",
		1,
		0,
		1,
		0,
		1,
		"-",
		"-",
		"-",
		0,
		1,
		1,
		1,
		0,
		"-",
		"-",
		"-",
		1,
		1,
		1,
		1,
		1,
		"-",
		"-",
		"-",
		1,
		1,
		1,
		0,
		1,
		"-",
		"-",
		"-",
		1,
		1,
		1,
		1,
		1,
		"-",
		"-",
		"-",
		1,
		1,
		1,
		1,
		1,
		"-",
		"-",
		"-"
	],
	"Feedback":[
		"R",
		"L",
		"L",
		"R",
		"L",
		"-",
		"-",
		"-",
		"R",
		"R",
		"R",
		"L",
		"R",
		"-",
		"-",
		"-",
		"R",
		"R",
		"R",
		"L",
		"L",
		"-",
		"-",
		"-",
		"R",
		"L",
		"L",
		"L",
		"L",
		"-",
		"-",
		"-",
		"L",
		"R",
		"L",
		"L",
		"R",
		"-",
		"-",
		"-",
		"L",
		"L",
		"L",
		"L",
		"L",
		"-",
		"-",
		"-",
		"R",
		"L",
		"L",
		"L",
		"L",
		"-",
		"-",
		"-",
		"R",
		"R",
		"R",
		"L",
		"L",
		"-",
		"-",
		"-",
		"L",
		"L",
		"L",
		"L",
		"R",
		"-",
		"-",
		"-",
		"R",
		"R",
		"L",
		"L",
		"R",
		"-",
		"-",
		"-"
	]
}
