{
	"onset":[0.188,4.689,9.085000000000001,13.607,18.107,22.674,27.174,31.674,36.11,40.585,45.189,49.617,54.086,58.674,63.175,67.67400000000001,72.114,76.69,81.08499999999999,85.608,90.11,94.675,99.17400000000001,103.674,108.085,112.609,117.189,121.689,126.088,130.675,135.174,139.675,144.114,148.614,153.093,157.614,162.107,166.674,171.174,175.675,180.189,184.61,189.087,193.69,198.11,202.676,207.174,211.676,216.108,220.69,225.182,229.608,234.189,238.675,243.174,247.675,252.108,256.617,261.11,265.691,270.106,274.674,279.175,283.675,288.118,292.587,297.189,301.69,306.091,310.677,315.174,319.675,324.108,328.604,333.092,337.615,342.108,346.674,351.174,355.675],
	"duration":[
		2,
		2,
		2,
		2,
		2,
		"n/a",
		"n/a",
		"n/a",
		2,
		2,
		2,
		2,
		2,
		"n/a",
		"n/a",
		"n/a",
		2,
		2,
		2,
		2,
		2,
		"n/a",
		"n/a",
		"n/a",
		2,
		2,
		2,
		2,
		2,
		"n/a",
		"n/a",
		"n/a",
		2,
		2,
		2,
		2,
		2,
		"n/a",
		"n/a",
		"n/a",
		2,
		2,
		2,
		2,
		2,
		"n/a",
		"n/a",
		"n/a",
		2,
		2,
		2,
		2,
		2,
		"n/a",
		"n/a",
		"n/a",
		2,
		2,
		2,
		2,
		2,
		"n/a",
		"n/a",
		"n/a",
		2,
		2,
		2,
		2,
		2,
		"n/a",
		"n/a",
		"n/a",
		2,
		2,
		2,
		2,
		2,
		"n/a",
		"n/a",
		"n/a"
	],
	"trial_type":[
		"feedback",
		"feedback",
		"feedback",
		"feedback",
		"feedback",
		"n/a",
		"n/a",
		"n/a",
		"feedback",
		"feedback",
		"feedback",
		"feedback",
		"feedback",
		"n/a",
		"n/a",
		"n/a",
		"feedback",
		"feedback",
		"feedback",
		"feedback",
		"feedback",
		"n/a",
		"n/a",
		"n/a",
		"feedback",
		"feedback",
		"feedback",
		"feedback",
		"feedback",
		"n/a",
		"n/a",
		"n/a",
		"feedback",
		"feedback",
		"feedback",
		"feedback",
		"feedback",
		"n/a",
		"n/a",
		"n/a",
		"feedback",
		"feedback",
		"feedback",
		"feedback",
		"feedback",
		"n/a",
		"n/a",
		"n/a",
		"feedback",
		"feedback",
		"feedback",
		"feedback",
		"feedback",
		"n/a",
		"n/a",
		"n/a",
		"feedback",
		"feedback",
		"feedback",
		"feedback",
		"feedback",
		"n/a",
		"n/a",
		"n/a",
		"feedback",
		"feedback",
		"feedback",
		"feedback",
		"feedback",
		"n/a",
		"n/a",
		"n/a",
		"feedback",
		"feedback",
		"feedback",
		"feedback",
		"feedback",
		"n/a",
		"n/a",
		"n/a"
	],
	"feedback":[
		-0.92,
		-0.92,
		-0.92,
		1.08,
		1.08,
		"n/a",
		"n/a",
		"n/a",
		-0.92,
		-0.92,
		-0.92,
		-0.92,
		-0.92,
		"n/a",
		"n/a",
		"n/a",
		1.08,
		1.08,
		1.08,
		1.08,
		-0.92,
		"n/a",
		"n/a",
		"n/a",
		1.08,
		1.08,
		1.08,
		-0.92,
		1.08,
		"n/a",
		"n/a",
		"n/a",
		-0.92,
		-0.92,
		1.08,
		-0.92,
		1.08,
		"n/a",
		"n/a",
		"n/a",
		1.08,
		-0.92,
		-0.92,
		-0.92,
		-0.92,
		"n/a",
		"n/a",
		"n/a",
		-0.92,
		1.08,
		1.08,
		1.08,
		-0.92,
		"n/a",
		"n/a",
		"n/a",
		1.08,
		-0.92,
		-0.92,
		-0.92,
		1.08,
		"n/a",
		"n/a",
		"n/a",
		-0.92,
		1.08,
		1.08,
		-0.92,
		-0.92,
		"n/a",
		"n/a",
		"n/a",
		-0.92,
		1.08,
		-0.92,
		1.08,
		1.08,
		"n/a",
		"n/a",
		"n/a"
	],
	"TrialNum":[1,2,3,4,5,6,7,8,9,10,11,12,13,14,15,16,17,18,19,20,21,22,23,24,25,26,27,28,29,30,31,32,33,34,35,36,37,38,39,40,41,42,43,44,45,46,47,48,49,50,51,52,53,54,55,56,57,58,59,60,61,62,63,64,65,66,67,68,69,70,71,72,73,74,75,76,77,78,79,80],
	"StimCond":[1,1,1,1,1,1,1,1,1,1,1,1,1,1,1,1,1,1,1,1,1,1,1,1,1,1,1,1,1,1,1,1,1,1,1,1,1,1,1,1,1,1,1,1,1,1,1,1,1,1,1,1,1,1,1,1,1,1,1,1,1,1,1,1,1,1,1,1,1,1,1,1,1,1,1,1,1,1,1,1],
	"StimulusNum":[10,14,4,10,10,0,0,0,6,4,11,5,4,0,0,0,8,14,3,10,6,0,0,0,3,6,11,11,1,0,0,0,8,8,2,8,10,0,0,0,11,6,1,13,6,0,0,0,10,14,12,10,11,0,0,0,10,5,6,14,6,0,0,0,5,1,11,14,2,0,0,0,10,10,2,9,10,0,0,0],
	"Response":[
		"R",
		"R",
		"L",
		"L",
		"L",
		"R",
		"-",
		"-",
		"R",
		"-",
		"-",
		"-",
		"-",
		"R",
		"R",
		"R",
		"R",
		"R",
		"L",
		"L",
		"R",
		"R",
		"R",
		"R",
		"R",
		"L",
		"R",
		"R",
		"R",
		"-",
		"R",
		"R",
		"L",
		"R",
		"R",
		"L",
		"L",
		"R",
		"R",
		"R",
		"R",
		"R",
		"-",
		"-",
		"-",
		"R",
		"R",
		"R",
		"R",
		"R",
		"L",
		"L",
		"-",
		"R",
		"-",
		"R",
		"L",
		"-",
		"R",
		"-",
		"L",
		"-",
		"R",
		"R",
		"L",
		"R",
		"R",
		"-",
		"-",
		"R",
		"R",
		"R",
		"-",
		"L",
		"-",
		"L",
		"L",
		"-",
		"L",
		"L"
	],
	"response_time":[2.914,1.688,2.297,1.571,1.287,1.551,0,0,2.058,0,0,0,0,1.32,1.964,1.706,2.595,1.581,1.038,1.515,0.804,1.354,0.999,0.978,1.646,1.29,1.084,1.288,2.106,0,0.704,0.531,1.646,1.459,2.106,1.235,1.353,1.014,0.8100000000000001,0.8129999999999999,2.223,1.532,0,0,0,1.341,0.804,1.062,1.598,2.443,1.782,1.259,0,1.04,0,0.704,1.169,0,2.092,0,1.772,0,0.6929999999999999,0.922,2.558,1.926,1.964,0,0,0.873,0.736,0.7,0,1.03,0,1.242,0.9330000000000001,0,0.594,0.533],
	"Correct":[
		0,
		1,
		1,
		1,
		1,
		"-",
		"-",
		"-",
		0,
		-1,
		-1,
		-1,
		-1,
		"-",
		"-",
		"-",
		1,
		1,
		1,
		1,
		0,
		"-",
		"-",
		"-",
		0,
		1,
		1,
		1,
		1,
		"-",
		"-",
		"-",
		0,
		1,
		1,
		0,
		1,
		"-",
		"-",
		"-",
		1,
		0,
		-1,
		-1,
		-1,
		"-",
		"-",
		"-",
		0,
		1,
		-1,
		1,
		-1,
		"-",
		"-",
		"-",
		1,
		-1,
		0,
		-1,
		1,
		"-",
		"-",
		"-",
		0,
		1,
		1,
		-1,
		-1,
		"-",
		"-",
		"-",
		-1,
		1,
		-1,
		1,
		1,
		"-",
		"-",
		"-"
	],
	"Feedback":[
		"L",
		"L",
		"R",
		"L",
		"L",
		"-",
		"-",
		"-",
		"L",
		"R",
		"R",
		"R",
		"R",
		"-",
		"-",
		"-",
		"R",
		"R",
		"L",
		"L",
		"L",
		"-",
		"-",
		"-",
		"R",
		"L",
		"R",
		"L",
		"R",
		"-",
		"-",
		"-",
		"R",
		"L",
		"R",
		"R",
		"L",
		"-",
		"-",
		"-",
		"R",
		"L",
		"R",
		"L",
		"R",
		"-",
		"-",
		"-",
		"L",
		"R",
		"L",
		"L",
		"R",
		"-",
		"-",
		"-",
		"L",
		"R",
		"L",
		"R",
		"L",
		"-",
		"-",
		"-",
		"R",
		"R",
		"R",
		"R",
		"R",
		"-",
		"-",
		"-",
		"L",
		"L",
		"R",
		"L",
		"L",
		"-",
		"-",
		"-"
	]
}
