{
	"onset":[1.5,3.496,7.506,21.499,27.606,29.603,42.605,48.712,50.709,64.718,70.82599999999999,72.822,76.83199999999999,91.831,93.845,95.84099999999999,99.851,108.961,110.958,114.951,126.964,136.074,138.071,142.064,155.067,163.17,165.167,169.193,175.301,177.297,181.324,187.431,189.427,201.423,210.534,212.53,216.523,230.533,237.647,239.643,243.653,245.666,247.663,251.69,258.803,260.8,272.801,280.905,282.902,297.901,307.011,309.008,313.001,326.004,333.117,335.114,339.124,345.231,347.227,362.227],
	"duration":[2,4,8,2.1,2,8,2.1,2,8,2.1,2,4,8,2.1,2,4,2.1,2,4,8,2.1,2,4,8,2.1,2,4,2.1,2,4,2.1,2,8,2.1,2,4,8,2.1,2,4,2.1,2,4,2.1,2,8,2.1,2,8,2.1,2,4,8,2.1,2,4,2.1,2,8,2.1],
	"trial_type":[
		"Reapp_Neg_Cue",
		"Reapp_Neg_Ant",
		"Reapp_Neg_Stim",
		"Reapp_Neg_Rating",
		"Reapp_Neg_Cue",
		"Reapp_Neg_Stim",
		"Reapp_Neg_Rating",
		"Look_Neg_Cue",
		"Look_Neg_Stim",
		"Look_Neg_Rating",
		"Look_Neutral_Cue",
		"Look_Neutral_Ant",
		"Look_Neutral_Stim",
		"Look_Neutral_Rating",
		"Look_Neg_Cue",
		"Look_Neg_Ant",
		"Look_Neg_Rating",
		"Reapp_Neg_Cue",
		"Reapp_Neg_Ant",
		"Reapp_Neg_Stim",
		"Reapp_Neg_Rating",
		"Look_Neutral_Cue",
		"Look_Neutral_Ant",
		"Look_Neutral_Stim",
		"Look_Neutral_Rating",
		"Look_Neg_Cue",
		"Look_Neg_Ant",
		"Look_Neg_Rating",
		"Look_Neutral_Cue",
		"Look_Neutral_Ant",
		"Look_Neutral_Rating",
		"Reapp_Neg_Cue",
		"Reapp_Neg_Stim",
		"Reapp_Neg_Rating",
		"Look_Neg_Cue",
		"Look_Neg_Ant",
		"Look_Neg_Stim",
		"Look_Neg_Rating",
		"Look_Neutral_Cue",
		"Look_Neutral_Ant",
		"Look_Neutral_Rating",
		"Reapp_Neg_Cue",
		"Reapp_Neg_Ant",
		"Reapp_Neg_Rating",
		"Look_Neutral_Cue",
		"Look_Neutral_Stim",
		"Look_Neutral_Rating",
		"Look_Neutral_Cue",
		"Look_Neutral_Stim",
		"Look_Neutral_Rating",
		"Look_Neg_Cue",
		"Look_Neg_Ant",
		"Look_Neg_Stim",
		"Look_Neg_Rating",
		"Reapp_Neg_Cue",
		"Reapp_Neg_Ant",
		"Reapp_Neg_Rating",
		"Look_Neg_Cue",
		"Look_Neg_Stim",
		"Look_Neg_Rating"
	]
}
