{
	"onset":[1.499,3.496,7.522,16.633,18.629,22.622,35.625,44.735,46.732,50.725,64.73399999999999,71.848,73.845,88.84399999999999,97.95399999999999,99.95099999999999,103.944,116.947,123.054,125.05,140.05,149.16,151.157,163.153,170.266,172.263,176.273,185.383,187.38,200.382,209.493,211.489,215.482,230.482,236.589,238.585,242.612,248.719,250.716,262.713,271.824,273.82,277.83,285.934,287.93,291.957,298.064,300.06,304.07,319.07,325.177,327.173,331.183,343.179,352.29,354.286,366.282,368.296,370.292,374.302],
	"duration":[2,4,2.1,2,4,8,2.1,2,4,8,2.1,2,8,2.1,2,4,8,2.1,2,8,2.1,2,8,2.1,2,4,2.1,2,8,2.1,2,4,8,2.1,2,4,2.1,2,8,2.1,2,4,2.1,2,4,2.1,2,4,8,2.1,2,4,8,2.1,2,8,2.1,2,4,2.1],
	"trial_type":[
		"Look_Neutral_Cue",
		"Look_Neutral_Ant",
		"Look_Neutral_Rating",
		"Reapp_Neg_Cue",
		"Reapp_Neg_Ant",
		"Reapp_Neg_Stim",
		"Reapp_Neg_Rating",
		"Look_Neg_Cue",
		"Look_Neg_Ant",
		"Look_Neg_Stim",
		"Look_Neg_Rating",
		"Look_Neg_Cue",
		"Look_Neg_Stim",
		"Look_Neg_Rating",
		"Look_Neutral_Cue",
		"Look_Neutral_Ant",
		"Look_Neutral_Stim",
		"Look_Neutral_Rating",
		"Reapp_Neg_Cue",
		"Reapp_Neg_Stim",
		"Reapp_Neg_Rating",
		"Look_Neutral_Cue",
		"Look_Neutral_Stim",
		"Look_Neutral_Rating",
		"Look_Neg_Cue",
		"Look_Neg_Ant",
		"Look_Neg_Rating",
		"Reapp_Neg_Cue",
		"Reapp_Neg_Stim",
		"Reapp_Neg_Rating",
		"Look_Neutral_Cue",
		"Look_Neutral_Ant",
		"Look_Neutral_Stim",
		"Look_Neutral_Rating",
		"Reapp_Neg_Cue",
		"Reapp_Neg_Ant",
		"Reapp_Neg_Rating",
		"Look_Neg_Cue",
		"Look_Neg_Stim",
		"Look_Neg_Rating",
		"Look_Neutral_Cue",
		"Look_Neutral_Ant",
		"Look_Neutral_Rating",
		"Reapp_Neg_Cue",
		"Reapp_Neg_Ant",
		"Reapp_Neg_Rating",
		"Look_Neg_Cue",
		"Look_Neg_Ant",
		"Look_Neg_Stim",
		"Look_Neg_Rating",
		"Reapp_Neg_Cue",
		"Reapp_Neg_Ant",
		"Reapp_Neg_Stim",
		"Reapp_Neg_Rating",
		"Look_Neutral_Cue",
		"Look_Neutral_Stim",
		"Look_Neutral_Rating",
		"Look_Neg_Cue",
		"Look_Neg_Ant",
		"Look_Neg_Rating"
	]
}
