{
	"onset":[0.04,12,24,36,48.01,62,74,86,98.01000000000001,112,122,134,146,156,168,178,188.01,202,212,224,236,248,260,272.02,286.01],
	"duration":[6,6,6,6,6,6,6,6,6,6,6,6,6,6,6,6,6,6,6,6,6,6,6,6,6],
	"trial_type":[
		"country",
		"symphonic",
		"metal",
		"country",
		"ambient",
		"metal",
		"symphonic",
		"ambient",
		"symphonic",
		"symphonic",
		"country",
		"metal",
		"ambient",
		"ambient",
		"country",
		"rocknroll",
		"metal",
		"metal",
		"rocknroll",
		"rocknroll",
		"ambient",
		"rocknroll",
		"symphonic",
		"rocknroll",
		"country"
	],
	"run":[4,4,4,4,4,4,4,4,4,4,4,4,4,4,4,4,4,4,4,4,4,4,4,4,4],
	"run_id":[4,4,4,4,4,4,4,4,4,4,4,4,4,4,4,4,4,4,4,4,4,4,4,4,4],
	"volume":[459,465,471,477,483,490,496,502,508,515,520,526,532,537,543,548,553,560,565,571,577,583,589,595,602],
	"run_volume":[0,6,12,18,24,31,37,43,49,56,61,67,73,78,84,89,94,101,106,112,118,124,130,136,143],
	"stim":[
		"country_001.wav",
		"symphonic_004.wav",
		"metal_000.wav",
		"country_003.wav",
		"ambient_003.wav",
		"metal_003.wav",
		"symphonic_003.wav",
		"ambient_002.wav",
		"symphonic_000.wav",
		"symphonic_002.wav",
		"country_000.wav",
		"metal_002.wav",
		"ambient_000.wav",
		"ambient_004.wav",
		"country_004.wav",
		"rocknroll_000.wav",
		"metal_001.wav",
		"metal_004.wav",
		"rocknroll_001.wav",
		"rocknroll_004.wav",
		"ambient_001.wav",
		"rocknroll_003.wav",
		"symphonic_001.wav",
		"rocknroll_002.wav",
		"country_002.wav"
	],
	"genre":[
		"country",
		"symphonic",
		"metal",
		"country",
		"ambient",
		"metal",
		"symphonic",
		"ambient",
		"symphonic",
		"symphonic",
		"country",
		"metal",
		"ambient",
		"ambient",
		"country",
		"rocknroll",
		"metal",
		"metal",
		"rocknroll",
		"rocknroll",
		"ambient",
		"rocknroll",
		"symphonic",
		"rocknroll",
		"country"
	],
	"delay":[6,6,6,6,8,6,6,6,8,4,6,6,4,6,4,4,8,4,6,6,6,6,6,8,8],
	"catch":[0,0,0,0,1,0,0,0,1,0,0,0,0,0,0,0,1,0,0,0,0,0,0,1,1],
	"sound_soa":[0.04079999999999018,0.003899999999930515,0.003899999999930515,0.004000000000132786,0.00909999999998945,0.002700000000004366,0.003899999999930515,0.003500000000030923,0.01480000000015025,0.0022999999998774,0.003500000000030923,0.002199999999902502,0.00250000000005457,0.00250000000005457,0.003300000000081127,0.003500000000030923,0.01070000000004256,0.003600000000005821,0.00250000000005457,0.003300000000081127,0.003200000000106229,0.00250000000005457,0.002999999999929059,0.01510000000007494,0.009500000000116415],
	"trigger_ts":[1699.8206,1711.8207,1723.8206,1735.8208,1747.821,1761.8213,1773.8208,1785.8207,1797.821,1811.8212,1821.8209,1833.8212,1845.8208,1855.8207,1867.8207,1877.8207,1887.8208,1901.8208,1911.821,1923.821,1935.8208,1947.8208,1959.8212,1971.8211,1985.8201]
}
