{
	"onset":[24.1827,27.2736,30.4136,33.5373,36.7291,39.9691,43.0764,46.1336,49.3745,52.5645,55.7218,58.8291,61.92,65.14360000000001,68.3845,71.5082,74.71550000000001,77.84,81.06359999999999,84.3218,87.3955,90.7191,93.9273,97.2182,100.458,103.599,106.924,110.265,113.472,116.729,119.854,123.011,126.201,129.442,132.716,136.007,139.165,142.405,145.679,148.904,151.944,155.085,158.175,161.365,164.556,167.747,170.805,174.078,177.386,180.426,183.634,186.858,190.032,193.055,196.38,199.554,202.778,205.918,209.025,212.3,215.591,218.815,222.022,225.095,228.304,231.595,234.852,237.909,241.116,244.19,247.331,250.455,253.545,256.686,259.843,263.066,266.257,269.448,272.589,275.713,278.803,281.927,285.051,288.141,291.382,294.556,297.63,300.804,304.011,307.052,310.259,313.366,316.624,319.865,323.055,326.162,329.52,332.811,336.068,339.159,342.333,345.49,348.681,351.788,354.862,358.203,361.344,364.667,367.958,371.166,374.29,377.481,380.655,383.678,386.819,389.976,393.1,396.207,399.548,402.723,405.929,409.087,412.227,415.267,418.442,421.599,424.723,427.896,431.121,434.295,437.435,440.509,443.55,446.64,449.748,453.022,456.163,459.303,462.51,465.6,468.725,471.998,475.155,478.38,481.47,484.561,487.768,490.858],
	"duration":[0,0,0,0,0,0,0,0,0,0,0,0,0,0,0,0,0,0,0,0,0,0,0,0,0,0,0,0,0,0,0,0,0,0,0,0,0,0,0,0,0,0,0,0,0,0,0,0,0,0,0,0,0,0,0,0,0,0,0,0,0,0,0,0,0,0,0,0,0,0,0,0,0,0,0,0,0,0,0,0,0,0,0,0,0,0,0,0,0,0,0,0,0,0,0,0,0,0,0,0,0,0,0,0,0,0,0,0,0,0,0,0,0,0,0,0,0,0,0,0,0,0,0,0,0,0,0,0,0,0,0,0,0,0,0,0,0,0,0,0,0,0,0,0,0,0,0,0],
	"event_sample":[26601,30001,33455,36891,40402,43966,47384,50747,54312,57821,61294,64712,68112,71658,75223,78659,82187,85624,89170,92754,96135,99791,103320,106940,110504,113959,117616,121291,124819,128402,131839,135312,138821,142386,145988,149608,153081,156646,160247,163794,167138,170593,173992,177502,181012,184522,187885,191486,195125,198469,201997,205544,209035,212361,216018,219509,223056,226510,229928,233530,237150,240696,244224,247605,251134,254754,258337,261700,265228,268609,272064,275500,278899,282355,285827,289373,292883,296393,299848,303284,306683,310120,313556,316955,320520,324012,327393,330884,334412,337757,341285,344703,348286,351851,355361,358778,362472,366092,369675,373075,376566,380039,383549,386967,390348,394023,397478,401134,404754,408283,411719,415229,418720,422046,425501,428974,432410,435828,439503,442995,446522,449996,453450,456794,460286,463759,467195,470686,474233,477724,481179,484560,487905,491304,494723,498324,501779,505233,508761,512160,515597,519198,522671,526218,529617,533017,536545,539944],
	"trial_type":[
		"Unfamiliar",
		"Unfamiliar",
		"Famous",
		"Scrambled",
		"Scrambled",
		"Unfamiliar",
		"Unfamiliar",
		"Scrambled",
		"Unfamiliar",
		"Famous",
		"Famous",
		"Famous",
		"Scrambled",
		"Scrambled",
		"Scrambled",
		"Unfamiliar",
		"Unfamiliar",
		"Scrambled",
		"Famous",
		"Famous",
		"Unfamiliar",
		"Famous",
		"Famous",
		"Famous",
		"Unfamiliar",
		"Scrambled",
		"Unfamiliar",
		"Scrambled",
		"Scrambled",
		"Famous",
		"Famous",
		"Unfamiliar",
		"Famous",
		"Unfamiliar",
		"Scrambled",
		"Scrambled",
		"Unfamiliar",
		"Famous",
		"Famous",
		"Scrambled",
		"Famous",
		"Famous",
		"Unfamiliar",
		"Famous",
		"Famous",
		"Famous",
		"Famous",
		"Famous",
		"Famous",
		"Famous",
		"Scrambled",
		"Scrambled",
		"Scrambled",
		"Famous",
		"Scrambled",
		"Unfamiliar",
		"Unfamiliar",
		"Famous",
		"Unfamiliar",
		"Unfamiliar",
		"Famous",
		"Scrambled",
		"Scrambled",
		"Scrambled",
		"Famous",
		"Famous",
		"Scrambled",
		"Scrambled",
		"Unfamiliar",
		"Scrambled",
		"Scrambled",
		"Scrambled",
		"Unfamiliar",
		"Unfamiliar",
		"Scrambled",
		"Scrambled",
		"Famous",
		"Scrambled",
		"Famous",
		"Unfamiliar",
		"Scrambled",
		"Scrambled",
		"Unfamiliar",
		"Unfamiliar",
		"Famous",
		"Famous",
		"Unfamiliar",
		"Famous",
		"Famous",
		"Famous",
		"Scrambled",
		"Unfamiliar",
		"Unfamiliar",
		"Scrambled",
		"Scrambled",
		"Scrambled",
		"Famous",
		"Famous",
		"Famous",
		"Unfamiliar",
		"Scrambled",
		"Scrambled",
		"Unfamiliar",
		"Unfamiliar",
		"Scrambled",
		"Famous",
		"Scrambled",
		"Unfamiliar",
		"Scrambled",
		"Scrambled",
		"Scrambled",
		"Scrambled",
		"Scrambled",
		"Scrambled",
		"Unfamiliar",
		"Famous",
		"Famous",
		"Famous",
		"Unfamiliar",
		"Unfamiliar",
		"Unfamiliar",
		"Famous",
		"Unfamiliar",
		"Scrambled",
		"Unfamiliar",
		"Famous",
		"Famous",
		"Famous",
		"Scrambled",
		"Scrambled",
		"Famous",
		"Unfamiliar",
		"Unfamiliar",
		"Scrambled",
		"Scrambled",
		"Unfamiliar",
		"Unfamiliar",
		"Famous",
		"Famous",
		"Famous",
		"Unfamiliar",
		"Unfamiliar",
		"Unfamiliar",
		"Unfamiliar",
		"Unfamiliar",
		"Scrambled",
		"Unfamiliar",
		"Unfamiliar"
	],
	"event_value":[13,14,5,17,18,13,14,17,13,5,6,7,17,18,17,13,14,19,5,6,15,5,5,6,13,19,13,17,18,5,7,13,5,15,17,18,15,5,6,17,7,5,15,5,6,7,5,5,5,6,19,17,18,7,17,13,14,7,13,14,7,17,17,18,5,6,19,17,13,17,18,19,13,14,17,18,5,19,5,15,17,17,13,14,5,7,13,7,5,6,19,13,14,19,17,17,7,5,6,15,17,17,13,14,19,5,19,13,17,18,19,17,18,19,13,5,6,7,13,14,15,5,13,17,15,5,6,5,17,18,7,13,15,17,19,13,14,5,6,7,13,14,13,15,13,19,13,14],
	"stim_file":[
		"u076.bmp",
		"u076.bmp",
		"f079.bmp",
		"s132.bmp",
		"s132.bmp",
		"u086.bmp",
		"u086.bmp",
		"s030.bmp",
		"u147.bmp",
		"f119.bmp",
		"f119.bmp",
		"f079.bmp",
		"s114.bmp",
		"s114.bmp",
		"s014.bmp",
		"u123.bmp",
		"u123.bmp",
		"s030.bmp",
		"f147.bmp",
		"f147.bmp",
		"u147.bmp",
		"f063.bmp",
		"f090.bmp",
		"f090.bmp",
		"u042.bmp",
		"s014.bmp",
		"u027.bmp",
		"s133.bmp",
		"s133.bmp",
		"f083.bmp",
		"f063.bmp",
		"u120.bmp",
		"f021.bmp",
		"u042.bmp",
		"s050.bmp",
		"s050.bmp",
		"u027.bmp",
		"f137.bmp",
		"f137.bmp",
		"s023.bmp",
		"f083.bmp",
		"f028.bmp",
		"u120.bmp",
		"f148.bmp",
		"f148.bmp",
		"f021.bmp",
		"f115.bmp",
		"f131.bmp",
		"f146.bmp",
		"f146.bmp",
		"s023.bmp",
		"s144.bmp",
		"s144.bmp",
		"f028.bmp",
		"s011.bmp",
		"u149.bmp",
		"u149.bmp",
		"f115.bmp",
		"u143.bmp",
		"u143.bmp",
		"f131.bmp",
		"s048.bmp",
		"s041.bmp",
		"s041.bmp",
		"f110.bmp",
		"f110.bmp",
		"s011.bmp",
		"s073.bmp",
		"u047.bmp",
		"s091.bmp",
		"s091.bmp",
		"s048.bmp",
		"u002.bmp",
		"u002.bmp",
		"s098.bmp",
		"s098.bmp",
		"f089.bmp",
		"s073.bmp",
		"f067.bmp",
		"u047.bmp",
		"s052.bmp",
		"s105.bmp",
		"u127.bmp",
		"u127.bmp",
		"f023.bmp",
		"f089.bmp",
		"u004.bmp",
		"f067.bmp",
		"f080.bmp",
		"f080.bmp",
		"s052.bmp",
		"u003.bmp",
		"u003.bmp",
		"s105.bmp",
		"s131.bmp",
		"s003.bmp",
		"f023.bmp",
		"f104.bmp",
		"f104.bmp",
		"u004.bmp",
		"s128.bmp",
		"s077.bmp",
		"u049.bmp",
		"u049.bmp",
		"s131.bmp",
		"f038.bmp",
		"s003.bmp",
		"u051.bmp",
		"s054.bmp",
		"s054.bmp",
		"s128.bmp",
		"s140.bmp",
		"s140.bmp",
		"s077.bmp",
		"u139.bmp",
		"f064.bmp",
		"f064.bmp",
		"f038.bmp",
		"u088.bmp",
		"u088.bmp",
		"u051.bmp",
		"f088.bmp",
		"u083.bmp",
		"s149.bmp",
		"u139.bmp",
		"f012.bmp",
		"f012.bmp",
		"f121.bmp",
		"s111.bmp",
		"s111.bmp",
		"f088.bmp",
		"u113.bmp",
		"u083.bmp",
		"s104.bmp",
		"s149.bmp",
		"u126.bmp",
		"u126.bmp",
		"f045.bmp",
		"f045.bmp",
		"f121.bmp",
		"u031.bmp",
		"u031.bmp",
		"u033.bmp",
		"u113.bmp",
		"u114.bmp",
		"s104.bmp",
		"u053.bmp",
		"u053.bmp"
	]
}
