{
	"onset":[23.6445,26.6682,29.7418,32.8655,36.14,39.2645,42.3045,45.4782,48.7191,51.9764,55.1173,58.4082,61.7327,65.0564,68.1473,71.32089999999999,74.49550000000001,77.51909999999999,80.7764,84.0673,87.0909,90.2818,93.60639999999999,96.81359999999999,99.87,102.961,106.118,109.292,112.365,115.49,118.664,121.737,125.012,128.219,131.544,134.617,137.808,141.132,144.34,147.597,150.905,154.028,157.135,160.343,163.467,166.607,169.832,173.055,176.263,179.487,182.778,185.969,189.126,192.367,195.507,198.615,201.638,204.745,208.003,211.144,214.301,217.625,220.866,224.14,227.415,230.605,233.745,236.903,240.01,243.217,246.558,249.766,252.974,256.03,259.321,262.529,265.753,268.994,272.051,275.208,278.365,281.489,284.63,287.636,290.861,293.951,297.225,300.35,303.606,306.747,310.005,313.179,316.336,319.544,322.567,325.691,328.782,331.755,334.745,337.969,341.176,344.367,347.441,350.532,353.673,356.829,359.904,362.994,366.268,369.458,372.583,375.74,378.83,381.954,385.278,388.469,391.726,394.884,398.041,401.282,404.523,407.596,410.737,413.978,417.069,420.293,423.349,426.607,429.731,432.788,436.012,439.286,442.461,445.635,448.758,452.065,455.206,458.38,461.621,464.745,467.885,471.11,474.15,477.391,480.498,483.605,486.729],
	"duration":[0,0,0,0,0,0,0,0,0,0,0,0,0,0,0,0,0,0,0,0,0,0,0,0,0,0,0,0,0,0,0,0,0,0,0,0,0,0,0,0,0,0,0,0,0,0,0,0,0,0,0,0,0,0,0,0,0,0,0,0,0,0,0,0,0,0,0,0,0,0,0,0,0,0,0,0,0,0,0,0,0,0,0,0,0,0,0,0,0,0,0,0,0,0,0,0,0,0,0,0,0,0,0,0,0,0,0,0,0,0,0,0,0,0,0,0,0,0,0,0,0,0,0,0,0,0,0,0,0,0,0,0,0,0,0,0,0,0,0,0,0,0,0,0,0,0,0],
	"event_sample":[26009,29335,32716,36152,39754,43191,46535,50026,53591,57174,60629,64249,67906,71562,74962,78453,81945,85271,88854,92474,95800,99310,102967,106495,109857,113257,116730,120221,123602,127039,130530,133911,137513,141041,144698,148079,151589,155245,158774,162357,165995,169431,172849,176377,179814,183268,186815,190361,193889,197436,201056,204566,208039,211604,215058,218476,221802,225220,228803,232258,235731,239388,242953,246554,250156,253666,257120,260593,264011,267539,271214,274743,278271,281633,285253,288782,292328,295893,299256,302729,306202,309638,313093,316400,319947,323346,326948,330385,333967,337422,341005,344497,347970,351498,354824,358260,361660,364930,368220,371766,375294,378804,382185,385585,389040,392512,395894,399293,402895,406404,409841,413314,416713,420149,423806,427316,430899,434372,437845,441410,444975,448356,451811,455376,458776,462322,465684,469268,472704,476067,479613,483215,486707,490198,493634,497272,500727,504218,507783,511219,514674,518221,521565,525130,528548,531966,535402],
	"trial_type":[
		"Famous",
		"Scrambled",
		"Famous",
		"Scrambled",
		"Scrambled",
		"Unfamiliar",
		"Famous",
		"Famous",
		"Famous",
		"Scrambled",
		"Scrambled",
		"Scrambled",
		"Scrambled",
		"Famous",
		"Unfamiliar",
		"Unfamiliar",
		"Scrambled",
		"Unfamiliar",
		"Unfamiliar",
		"Scrambled",
		"Scrambled",
		"Scrambled",
		"Scrambled",
		"Scrambled",
		"Scrambled",
		"Scrambled",
		"Famous",
		"Scrambled",
		"Scrambled",
		"Unfamiliar",
		"Famous",
		"Unfamiliar",
		"Unfamiliar",
		"Unfamiliar",
		"Scrambled",
		"Famous",
		"Unfamiliar",
		"Unfamiliar",
		"Scrambled",
		"Scrambled",
		"Famous",
		"Unfamiliar",
		"Unfamiliar",
		"Famous",
		"Famous",
		"Unfamiliar",
		"Unfamiliar",
		"Unfamiliar",
		"Scrambled",
		"Unfamiliar",
		"Unfamiliar",
		"Famous",
		"Famous",
		"Scrambled",
		"Scrambled",
		"Scrambled",
		"Famous",
		"Famous",
		"Famous",
		"Famous",
		"Famous",
		"Famous",
		"Famous",
		"Famous",
		"Scrambled",
		"Scrambled",
		"Famous",
		"Unfamiliar",
		"Scrambled",
		"Famous",
		"Famous",
		"Famous",
		"Unfamiliar",
		"Unfamiliar",
		"Unfamiliar",
		"Unfamiliar",
		"Unfamiliar",
		"Unfamiliar",
		"Scrambled",
		"Scrambled",
		"Unfamiliar",
		"Unfamiliar",
		"Unfamiliar",
		"Famous",
		"Unfamiliar",
		"Unfamiliar",
		"Famous",
		"Scrambled",
		"Famous",
		"Famous",
		"Unfamiliar",
		"Unfamiliar",
		"Scrambled",
		"Famous",
		"Scrambled",
		"Unfamiliar",
		"Unfamiliar",
		"Famous",
		"Famous",
		"Famous",
		"Famous",
		"Unfamiliar",
		"Famous",
		"Scrambled",
		"Unfamiliar",
		"Unfamiliar",
		"Scrambled",
		"Unfamiliar",
		"Unfamiliar",
		"Famous",
		"Famous",
		"Scrambled",
		"Scrambled",
		"Unfamiliar",
		"Unfamiliar",
		"Famous",
		"Scrambled",
		"Scrambled",
		"Famous",
		"Famous",
		"Unfamiliar",
		"Unfamiliar",
		"Unfamiliar",
		"Famous",
		"Famous",
		"Famous",
		"Famous",
		"Famous",
		"Scrambled",
		"Scrambled",
		"Scrambled",
		"Scrambled",
		"Scrambled",
		"Famous",
		"Unfamiliar",
		"Famous",
		"Unfamiliar",
		"Scrambled",
		"Scrambled",
		"Unfamiliar",
		"Unfamiliar",
		"Famous",
		"Famous",
		"Scrambled",
		"Unfamiliar",
		"Scrambled",
		"Unfamiliar"
	],
	"event_value":[5,17,5,17,18,13,5,6,7,17,18,19,17,7,13,14,17,15,13,17,18,17,18,19,17,18,5,19,17,15,5,13,14,13,17,7,13,14,19,17,7,13,14,5,6,15,13,14,19,13,14,5,6,19,17,18,5,5,6,5,6,5,5,6,17,18,7,13,17,5,6,7,13,14,13,13,14,15,17,19,13,13,14,5,15,13,5,19,5,6,15,13,17,7,17,15,13,7,5,5,6,15,5,19,13,14,19,13,15,5,7,17,18,13,14,7,17,18,5,6,15,13,14,7,5,5,5,6,17,17,18,17,18,7,13,7,13,17,19,13,14,5,6,17,15,17,15],
	"stim_file":[
		"f130.bmp",
		"s077.bmp",
		"f096.bmp",
		"s001.bmp",
		"s001.bmp",
		"u070.bmp",
		"f117.bmp",
		"f117.bmp",
		"f130.bmp",
		"s122.bmp",
		"s122.bmp",
		"s077.bmp",
		"s004.bmp",
		"f096.bmp",
		"u018.bmp",
		"u018.bmp",
		"s069.bmp",
		"u070.bmp",
		"u122.bmp",
		"s046.bmp",
		"s046.bmp",
		"s062.bmp",
		"s062.bmp",
		"s004.bmp",
		"s023.bmp",
		"s023.bmp",
		"f078.bmp",
		"s069.bmp",
		"s002.bmp",
		"u122.bmp",
		"f002.bmp",
		"u105.bmp",
		"u105.bmp",
		"u011.bmp",
		"s136.bmp",
		"f078.bmp",
		"u115.bmp",
		"u115.bmp",
		"s002.bmp",
		"s025.bmp",
		"f002.bmp",
		"u129.bmp",
		"u129.bmp",
		"f028.bmp",
		"f028.bmp",
		"u011.bmp",
		"u039.bmp",
		"u039.bmp",
		"s136.bmp",
		"u134.bmp",
		"u134.bmp",
		"f025.bmp",
		"f025.bmp",
		"s025.bmp",
		"s083.bmp",
		"s083.bmp",
		"f097.bmp",
		"f103.bmp",
		"f103.bmp",
		"f080.bmp",
		"f080.bmp",
		"f052.bmp",
		"f116.bmp",
		"f116.bmp",
		"s021.bmp",
		"s021.bmp",
		"f097.bmp",
		"u004.bmp",
		"s090.bmp",
		"f069.bmp",
		"f069.bmp",
		"f052.bmp",
		"u126.bmp",
		"u126.bmp",
		"u002.bmp",
		"u033.bmp",
		"u033.bmp",
		"u004.bmp",
		"s038.bmp",
		"s090.bmp",
		"u020.bmp",
		"u107.bmp",
		"u107.bmp",
		"f102.bmp",
		"u002.bmp",
		"u145.bmp",
		"f026.bmp",
		"s038.bmp",
		"f129.bmp",
		"f129.bmp",
		"u020.bmp",
		"u120.bmp",
		"s137.bmp",
		"f102.bmp",
		"s068.bmp",
		"u145.bmp",
		"u119.bmp",
		"f026.bmp",
		"f124.bmp",
		"f128.bmp",
		"f128.bmp",
		"u120.bmp",
		"f082.bmp",
		"s137.bmp",
		"u139.bmp",
		"u139.bmp",
		"s068.bmp",
		"u054.bmp",
		"u119.bmp",
		"f006.bmp",
		"f124.bmp",
		"s074.bmp",
		"s074.bmp",
		"u027.bmp",
		"u027.bmp",
		"f082.bmp",
		"s130.bmp",
		"s130.bmp",
		"f008.bmp",
		"f008.bmp",
		"u054.bmp",
		"u073.bmp",
		"u073.bmp",
		"f006.bmp",
		"f001.bmp",
		"f056.bmp",
		"f009.bmp",
		"f009.bmp",
		"s042.bmp",
		"s086.bmp",
		"s086.bmp",
		"s118.bmp",
		"s118.bmp",
		"f001.bmp",
		"u137.bmp",
		"f056.bmp",
		"u069.bmp",
		"s132.bmp",
		"s042.bmp",
		"u021.bmp",
		"u021.bmp",
		"f087.bmp",
		"f087.bmp",
		"s123.bmp",
		"u137.bmp",
		"s139.bmp",
		"u069.bmp"
	]
}
