{
	"onset":[24.2073,27.2473,30.3545,33.3618,36.5536,39.5764,42.8,46.0409,49.1318,52.3891,55.5464,58.8036,61.9109,65.1018,68.4264,71.59999999999999,74.7573,78.0645,81.1891,84.49639999999999,87.75360000000001,90.89449999999999,93.8845,97.07550000000001,100.215,103.456,106.564,109.738,112.995,116.135,119.276,122.3,125.407,128.581,131.755,135.079,138.204,141.428,144.618,147.742,150.899,154.257,157.431,160.505,163.745,166.97,170.227,173.251,176.492,179.632,182.673,185.663,188.92,192.228,195.385,198.609,201.7,204.706,207.797,211.005,214.295,217.403,220.576,223.784,226.841,229.948,233.072,236.195,239.336,242.594,245.785,248.875,252.233,255.375,258.38,261.437,264.611,267.668,270.742,273.966,277.19,280.382,283.422,286.579,289.636,292.894,296.034,299.125,302.432,305.589,308.763,312.054,315.312,318.519,321.71,324.9,328.075,331.415,334.589,337.68,340.987,344.162,347.385,350.41,353.6,356.724,359.965,363.289,366.413,369.604,372.761,375.751,378.825,381.998,385.106,388.179,391.42,394.477,397.601,400.775,403.999,407.14,410.381,413.555,416.562,419.803,423.01,426.05,429.158,432.415,435.488,438.679,441.77,444.927,448.135,451.408,454.533,457.623,460.746,463.904,467.095,470.102,473.309,476.433,479.657,482.865],
	"duration":[0,0,0,0,0,0,0,0,0,0,0,0,0,0,0,0,0,0,0,0,0,0,0,0,0,0,0,0,0,0,0,0,0,0,0,0,0,0,0,0,0,0,0,0,0,0,0,0,0,0,0,0,0,0,0,0,0,0,0,0,0,0,0,0,0,0,0,0,0,0,0,0,0,0,0,0,0,0,0,0,0,0,0,0,0,0,0,0,0,0,0,0,0,0,0,0,0,0,0,0,0,0,0,0,0,0,0,0,0,0,0,0,0,0,0,0,0,0,0,0,0,0,0,0,0,0,0,0,0,0,0,0,0,0,0,0,0,0,0,0,0,0,0,0,0,0],
	"onset_sample":[26628,29972,33390,36698,40209,43534,47080,50645,54045,57628,61101,64684,68102,71612,75269,78760,82233,85871,89308,92946,96529,99984,103273,106783,110237,113802,117220,120712,124295,127749,131204,134530,137948,141439,144931,148587,152024,155571,159080,162516,165989,169683,173174,176555,180120,183667,187250,190576,194141,197595,200940,204229,207812,211451,214924,218470,221870,225177,228577,232105,235725,239143,242634,246162,249525,252943,256379,259815,263270,266853,270363,273763,277456,280912,284218,287581,291072,294435,297816,301363,304909,308420,311764,315237,318600,322183,325637,329037,332675,336148,339639,343259,346843,350371,353881,357390,360882,364557,368048,371448,375086,378578,382124,385451,388960,392396,395961,399618,403054,406564,410037,413326,416707,420198,423617,426997,430562,433925,437361,440853,444399,447854,451419,454910,458218,461783,465311,468655,472074,475656,479037,482547,485947,489420,492948,496549,499986,503385,506821,510294,513804,517112,520640,524076,527623,531151],
	"stim_type":[
		"Unfamiliar",
		"Unfamiliar",
		"Unfamiliar",
		"Unfamiliar",
		"Famous",
		"Unfamiliar",
		"Famous",
		"Scrambled",
		"Unfamiliar",
		"Famous",
		"Unfamiliar",
		"Unfamiliar",
		"Unfamiliar",
		"Famous",
		"Famous",
		"Unfamiliar",
		"Scrambled",
		"Scrambled",
		"Famous",
		"Scrambled",
		"Scrambled",
		"Scrambled",
		"Famous",
		"Famous",
		"Famous",
		"Famous",
		"Scrambled",
		"Famous",
		"Unfamiliar",
		"Unfamiliar",
		"Unfamiliar",
		"Scrambled",
		"Famous",
		"Scrambled",
		"Scrambled",
		"Unfamiliar",
		"Unfamiliar",
		"Scrambled",
		"Scrambled",
		"Scrambled",
		"Unfamiliar",
		"Unfamiliar",
		"Unfamiliar",
		"Scrambled",
		"Scrambled",
		"Scrambled",
		"Scrambled",
		"Unfamiliar",
		"Unfamiliar",
		"Famous",
		"Scrambled",
		"Famous",
		"Unfamiliar",
		"Scrambled",
		"Scrambled",
		"Scrambled",
		"Famous",
		"Famous",
		"Famous",
		"Unfamiliar",
		"Unfamiliar",
		"Scrambled",
		"Scrambled",
		"Famous",
		"Unfamiliar",
		"Unfamiliar",
		"Unfamiliar",
		"Famous",
		"Scrambled",
		"Famous",
		"Famous",
		"Famous",
		"Scrambled",
		"Scrambled",
		"Scrambled",
		"Unfamiliar",
		"Famous",
		"Unfamiliar",
		"Unfamiliar",
		"Scrambled",
		"Scrambled",
		"Scrambled",
		"Famous",
		"Famous",
		"Scrambled",
		"Scrambled",
		"Scrambled",
		"Unfamiliar",
		"Scrambled",
		"Scrambled",
		"Famous",
		"Famous",
		"Famous",
		"Famous",
		"Famous",
		"Famous",
		"Scrambled",
		"Scrambled",
		"Scrambled",
		"Scrambled",
		"Unfamiliar",
		"Scrambled",
		"Famous",
		"Scrambled",
		"Famous",
		"Famous",
		"Scrambled",
		"Famous",
		"Unfamiliar",
		"Unfamiliar",
		"Unfamiliar",
		"Scrambled",
		"Famous",
		"Famous",
		"Scrambled",
		"Unfamiliar",
		"Unfamiliar",
		"Scrambled",
		"Scrambled",
		"Famous",
		"Famous",
		"Famous",
		"Unfamiliar",
		"Famous",
		"Unfamiliar",
		"Unfamiliar",
		"Unfamiliar",
		"Famous",
		"Famous",
		"Famous",
		"Famous",
		"Scrambled",
		"Scrambled",
		"Scrambled",
		"Scrambled",
		"Famous",
		"Unfamiliar",
		"Famous",
		"Unfamiliar",
		"Unfamiliar",
		"Unfamiliar",
		"Famous",
		"Unfamiliar",
		"Unfamiliar",
		"Unfamiliar",
		"Famous"
	],
	"trigger":[13,14,13,13,5,13,5,17,15,5,15,13,14,7,5,15,17,18,7,17,18,19,5,7,5,6,17,7,13,13,14,17,7,17,18,13,14,19,17,18,15,13,14,17,18,19,17,13,14,5,17,5,13,19,17,18,5,6,7,13,14,19,17,7,13,14,15,5,17,5,5,6,19,17,18,13,7,13,14,19,17,18,7,5,17,18,17,15,17,18,5,6,5,7,5,6,17,19,17,18,13,17,7,17,5,6,19,5,13,15,13,19,5,6,19,13,14,17,18,7,5,6,15,5,15,13,14,5,6,5,6,17,18,17,18,7,13,5,13,13,14,5,13,15,13,7],
	"stim_file":[
		"meg/u032.bmp",
		"meg/u032.bmp",
		"meg/u088.bmp",
		"meg/u084.bmp",
		"meg/f123.bmp",
		"meg/u022.bmp",
		"meg/f094.bmp",
		"meg/s150.bmp",
		"meg/u088.bmp",
		"meg/f063.bmp",
		"meg/u084.bmp",
		"meg/u004.bmp",
		"meg/u004.bmp",
		"meg/f123.bmp",
		"meg/f006.bmp",
		"meg/u022.bmp",
		"meg/s043.bmp",
		"meg/s043.bmp",
		"meg/f094.bmp",
		"meg/s083.bmp",
		"meg/s083.bmp",
		"meg/s150.bmp",
		"meg/f093.bmp",
		"meg/f063.bmp",
		"meg/f143.bmp",
		"meg/f143.bmp",
		"meg/s142.bmp",
		"meg/f006.bmp",
		"meg/u131.bmp",
		"meg/u020.bmp",
		"meg/u020.bmp",
		"meg/s088.bmp",
		"meg/f093.bmp",
		"meg/s081.bmp",
		"meg/s081.bmp",
		"meg/u077.bmp",
		"meg/u077.bmp",
		"meg/s142.bmp",
		"meg/s034.bmp",
		"meg/s034.bmp",
		"meg/u131.bmp",
		"meg/u100.bmp",
		"meg/u100.bmp",
		"meg/s087.bmp",
		"meg/s087.bmp",
		"meg/s088.bmp",
		"meg/s074.bmp",
		"meg/u058.bmp",
		"meg/u058.bmp",
		"meg/f038.bmp",
		"meg/s090.bmp",
		"meg/f020.bmp",
		"meg/u114.bmp",
		"meg/s074.bmp",
		"meg/s065.bmp",
		"meg/s065.bmp",
		"meg/f040.bmp",
		"meg/f040.bmp",
		"meg/f038.bmp",
		"meg/u034.bmp",
		"meg/u034.bmp",
		"meg/s090.bmp",
		"meg/s015.bmp",
		"meg/f020.bmp",
		"meg/u009.bmp",
		"meg/u009.bmp",
		"meg/u114.bmp",
		"meg/f097.bmp",
		"meg/s023.bmp",
		"meg/f048.bmp",
		"meg/f062.bmp",
		"meg/f062.bmp",
		"meg/s015.bmp",
		"meg/s144.bmp",
		"meg/s144.bmp",
		"meg/u086.bmp",
		"meg/f097.bmp",
		"meg/u102.bmp",
		"meg/u102.bmp",
		"meg/s023.bmp",
		"meg/s114.bmp",
		"meg/s114.bmp",
		"meg/f048.bmp",
		"meg/f021.bmp",
		"meg/s052.bmp",
		"meg/s052.bmp",
		"meg/s055.bmp",
		"meg/u086.bmp",
		"meg/s123.bmp",
		"meg/s123.bmp",
		"meg/f013.bmp",
		"meg/f013.bmp",
		"meg/f026.bmp",
		"meg/f021.bmp",
		"meg/f128.bmp",
		"meg/f128.bmp",
		"meg/s102.bmp",
		"meg/s055.bmp",
		"meg/s136.bmp",
		"meg/s136.bmp",
		"meg/u134.bmp",
		"meg/s010.bmp",
		"meg/f026.bmp",
		"meg/s084.bmp",
		"meg/f009.bmp",
		"meg/f009.bmp",
		"meg/s102.bmp",
		"meg/f129.bmp",
		"meg/u051.bmp",
		"meg/u134.bmp",
		"meg/u140.bmp",
		"meg/s010.bmp",
		"meg/f096.bmp",
		"meg/f096.bmp",
		"meg/s084.bmp",
		"meg/u139.bmp",
		"meg/u139.bmp",
		"meg/s140.bmp",
		"meg/s140.bmp",
		"meg/f129.bmp",
		"meg/f049.bmp",
		"meg/f049.bmp",
		"meg/u051.bmp",
		"meg/f140.bmp",
		"meg/u140.bmp",
		"meg/u017.bmp",
		"meg/u017.bmp",
		"meg/f033.bmp",
		"meg/f033.bmp",
		"meg/f060.bmp",
		"meg/f060.bmp",
		"meg/s098.bmp",
		"meg/s098.bmp",
		"meg/s110.bmp",
		"meg/s110.bmp",
		"meg/f140.bmp",
		"meg/u073.bmp",
		"meg/f137.bmp",
		"meg/u066.bmp",
		"meg/u078.bmp",
		"meg/u078.bmp",
		"meg/f131.bmp",
		"meg/u105.bmp",
		"meg/u073.bmp",
		"meg/u132.bmp",
		"meg/f137.bmp"
	]
}
