{
	"onset":[24.7264,27.9336,31.1236,34.2309,37.2718,40.5291,43.7536,46.9445,50.0182,53.2255,56.4491,59.6064,62.8309,66.00449999999999,69.1782,72.3355,75.4091,78.55,81.79089999999999,84.91549999999999,88.10550000000001,91.33,94.4873,97.76090000000001,101.002,104.143,107.384,110.507,113.715,116.872,120.213,123.286,126.494,129.567,132.808,136.083,139.374,142.497,145.688,148.895,152.136,155.344,158.435,161.742,164.849,168.04,171.08,174.12,177.411,180.435,183.492,186.649,189.824,193.131,196.255,199.395,202.485,205.81,209.085,212.208,215.265,218.473,221.696,224.937,228.278,231.385,234.56,237.884,241.075,244.215,247.406,250.581,253.721,256.962,260.219,263.243,266.434,269.725,272.882,276.155,279.246,282.487,285.661,288.735,291.892,295.133,298.256,301.397,304.705,307.762,310.936,314.244,317.517,320.608,323.682,326.956,330.146,333.421,336.495,339.635,342.675,345.749,349.057,352.247,355.372,358.663,361.936,365.195,368.318,371.392,374.583,377.824,380.997,384.272,387.445,390.519,393.61,396.901,400.058,403.215,406.506,409.513,412.737,415.777,418.868,421.892,424.916,428.156,431.364,434.671,437.962,441.219,444.326,447.434,450.742,453.915,457.005,460.247,463.337,466.395,469.519,472.792,475.883,478.956,482.097,485.287,488.562,491.669],
	"duration":[0,0,0,0,0,0,0,0,0,0,0,0,0,0,0,0,0,0,0,0,0,0,0,0,0,0,0,0,0,0,0,0,0,0,0,0,0,0,0,0,0,0,0,0,0,0,0,0,0,0,0,0,0,0,0,0,0,0,0,0,0,0,0,0,0,0,0,0,0,0,0,0,0,0,0,0,0,0,0,0,0,0,0,0,0,0,0,0,0,0,0,0,0,0,0,0,0,0,0,0,0,0,0,0,0,0,0,0,0,0,0,0,0,0,0,0,0,0,0,0,0,0,0,0,0,0,0,0,0,0,0,0,0,0,0,0,0,0,0,0,0,0,0,0,0,0,0,0],
	"event_sample":[27199,30727,34236,37654,40999,44582,48129,51639,55020,58548,62094,65567,69114,72605,76096,79569,82950,86405,89970,93407,96916,100463,103936,107537,111102,114557,118122,121558,125086,128559,132234,135615,139143,142524,146089,149691,153311,156747,160257,163785,167350,170878,174278,177916,181334,184844,188188,191532,195152,198478,201841,205314,208806,212444,215880,219335,222734,226391,229993,233429,236792,240320,243866,247431,251106,254524,258016,261672,265182,268637,272147,275639,279093,282658,286241,289567,293077,296697,300170,303771,307171,310736,314227,317608,321081,324646,328082,331537,335175,338538,342030,345668,349269,352669,356050,359652,363161,366763,370144,373599,376943,380324,383963,387472,390909,394529,398130,401714,405150,408531,412041,415606,419097,422699,426190,429571,432971,436591,440064,443537,447157,450464,454011,457355,460755,464081,467408,470972,474500,478138,481758,485341,488759,492177,495816,499307,502706,506272,509671,513034,516471,520071,523471,526852,530307,533816,537418,540836],
	"trial_type":[
		"Famous",
		"Scrambled",
		"Scrambled",
		"Unfamiliar",
		"Unfamiliar",
		"Famous",
		"Famous",
		"Scrambled",
		"Scrambled",
		"Famous",
		"Famous",
		"Famous",
		"Famous",
		"Unfamiliar",
		"Scrambled",
		"Unfamiliar",
		"Scrambled",
		"Scrambled",
		"Scrambled",
		"Scrambled",
		"Unfamiliar",
		"Unfamiliar",
		"Famous",
		"Scrambled",
		"Scrambled",
		"Scrambled",
		"Famous",
		"Scrambled",
		"Scrambled",
		"Unfamiliar",
		"Unfamiliar",
		"Famous",
		"Scrambled",
		"Famous",
		"Famous",
		"Scrambled",
		"Unfamiliar",
		"Famous",
		"Scrambled",
		"Famous",
		"Famous",
		"Famous",
		"Famous",
		"Scrambled",
		"Scrambled",
		"Unfamiliar",
		"Unfamiliar",
		"Unfamiliar",
		"Scrambled",
		"Unfamiliar",
		"Unfamiliar",
		"Scrambled",
		"Famous",
		"Unfamiliar",
		"Famous",
		"Famous",
		"Unfamiliar",
		"Scrambled",
		"Unfamiliar",
		"Famous",
		"Unfamiliar",
		"Unfamiliar",
		"Scrambled",
		"Scrambled",
		"Scrambled",
		"Unfamiliar",
		"Scrambled",
		"Scrambled",
		"Famous",
		"Scrambled",
		"Scrambled",
		"Famous",
		"Scrambled",
		"Unfamiliar",
		"Unfamiliar",
		"Scrambled",
		"Famous",
		"Famous",
		"Famous",
		"Famous",
		"Scrambled",
		"Unfamiliar",
		"Scrambled",
		"Famous",
		"Famous",
		"Famous",
		"Famous",
		"Scrambled",
		"Famous",
		"Famous",
		"Scrambled",
		"Famous",
		"Famous",
		"Unfamiliar",
		"Unfamiliar",
		"Unfamiliar",
		"Famous",
		"Famous",
		"Scrambled",
		"Famous",
		"Unfamiliar",
		"Scrambled",
		"Unfamiliar",
		"Unfamiliar",
		"Unfamiliar",
		"Unfamiliar",
		"Unfamiliar",
		"Famous",
		"Scrambled",
		"Scrambled",
		"Scrambled",
		"Unfamiliar",
		"Scrambled",
		"Scrambled",
		"Scrambled",
		"Unfamiliar",
		"Famous",
		"Scrambled",
		"Scrambled",
		"Famous",
		"Unfamiliar",
		"Famous",
		"Scrambled",
		"Unfamiliar",
		"Unfamiliar",
		"Scrambled",
		"Famous",
		"Unfamiliar",
		"Unfamiliar",
		"Unfamiliar",
		"Unfamiliar",
		"Unfamiliar",
		"Famous",
		"Famous",
		"Famous",
		"Unfamiliar",
		"Unfamiliar",
		"Scrambled",
		"Unfamiliar",
		"Famous",
		"Famous",
		"Unfamiliar",
		"Unfamiliar",
		"Famous",
		"Scrambled",
		"Scrambled",
		"Famous",
		"Unfamiliar"
	],
	"event_value":[5,17,18,13,13,5,6,17,18,7,5,5,6,15,17,15,17,18,17,18,13,14,7,17,17,19,5,17,18,13,14,5,19,5,6,19,13,7,17,5,6,5,7,17,18,13,15,13,19,13,14,17,7,13,5,6,15,17,15,5,13,14,19,17,18,15,17,18,5,19,17,7,17,13,14,17,5,7,5,6,19,13,19,5,6,5,6,19,5,7,17,5,6,15,13,14,5,6,17,7,13,19,13,14,13,13,14,5,19,17,18,15,17,17,18,15,5,17,18,7,13,5,19,13,14,17,7,13,14,13,14,15,5,7,5,13,14,19,13,5,6,13,14,7,17,18,7,13],
	"stim_file":[
		"f071.bmp",
		"s053.bmp",
		"s053.bmp",
		"u140.bmp",
		"u026.bmp",
		"f130.bmp",
		"f130.bmp",
		"s127.bmp",
		"s127.bmp",
		"f071.bmp",
		"f112.bmp",
		"f118.bmp",
		"f118.bmp",
		"u140.bmp",
		"s092.bmp",
		"u026.bmp",
		"s099.bmp",
		"s099.bmp",
		"s024.bmp",
		"s024.bmp",
		"u092.bmp",
		"u092.bmp",
		"f112.bmp",
		"s068.bmp",
		"s112.bmp",
		"s092.bmp",
		"f148.bmp",
		"s025.bmp",
		"s025.bmp",
		"u049.bmp",
		"u049.bmp",
		"f060.bmp",
		"s068.bmp",
		"f078.bmp",
		"f078.bmp",
		"s112.bmp",
		"u090.bmp",
		"f148.bmp",
		"s028.bmp",
		"f093.bmp",
		"f093.bmp",
		"f021.bmp",
		"f060.bmp",
		"s111.bmp",
		"s111.bmp",
		"u095.bmp",
		"u090.bmp",
		"u116.bmp",
		"s028.bmp",
		"u085.bmp",
		"u085.bmp",
		"s069.bmp",
		"f021.bmp",
		"u021.bmp",
		"f133.bmp",
		"f133.bmp",
		"u095.bmp",
		"s061.bmp",
		"u116.bmp",
		"f007.bmp",
		"u006.bmp",
		"u006.bmp",
		"s069.bmp",
		"s037.bmp",
		"s037.bmp",
		"u021.bmp",
		"s109.bmp",
		"s109.bmp",
		"f072.bmp",
		"s061.bmp",
		"s052.bmp",
		"f007.bmp",
		"s011.bmp",
		"u034.bmp",
		"u034.bmp",
		"s047.bmp",
		"f119.bmp",
		"f072.bmp",
		"f129.bmp",
		"f129.bmp",
		"s052.bmp",
		"u040.bmp",
		"s011.bmp",
		"f147.bmp",
		"f147.bmp",
		"f089.bmp",
		"f089.bmp",
		"s047.bmp",
		"f018.bmp",
		"f119.bmp",
		"s079.bmp",
		"f068.bmp",
		"f068.bmp",
		"u040.bmp",
		"u013.bmp",
		"u013.bmp",
		"f101.bmp",
		"f101.bmp",
		"s114.bmp",
		"f018.bmp",
		"u072.bmp",
		"s079.bmp",
		"u122.bmp",
		"u122.bmp",
		"u146.bmp",
		"u001.bmp",
		"u001.bmp",
		"f044.bmp",
		"s114.bmp",
		"s117.bmp",
		"s117.bmp",
		"u072.bmp",
		"s133.bmp",
		"s105.bmp",
		"s105.bmp",
		"u146.bmp",
		"f002.bmp",
		"s036.bmp",
		"s036.bmp",
		"f044.bmp",
		"u097.bmp",
		"f013.bmp",
		"s133.bmp",
		"u019.bmp",
		"u019.bmp",
		"s103.bmp",
		"f002.bmp",
		"u106.bmp",
		"u106.bmp",
		"u131.bmp",
		"u131.bmp",
		"u097.bmp",
		"f096.bmp",
		"f013.bmp",
		"f122.bmp",
		"u041.bmp",
		"u041.bmp",
		"s103.bmp",
		"u020.bmp",
		"f053.bmp",
		"f053.bmp",
		"u093.bmp",
		"u093.bmp",
		"f096.bmp",
		"s074.bmp",
		"s074.bmp",
		"f122.bmp",
		"u127.bmp"
	]
}
