{
	"onset":[24.05,27.2073,30.4145,33.6555,36.8964,40.0709,43.2445,46.4182,49.7927,52.9164,56.0082,59.2145,62.3882,65.5291,68.8536,72.0273,75.3182,78.6264,81.73269999999999,84.79000000000001,87.93089999999999,91.2045,94.3618,97.5527,100.727,103.851,107.008,110.015,113.273,116.396,119.487,122.711,125.885,129.059,132.216,135.34,138.531,141.571,144.828,147.953,151.16,154.417,157.625,160.799,164.039,167.096,170.304,173.327,176.685,179.81,183.117,186.124,189.231,192.388,195.495,198.569,201.71,204.867,208.175,211.365,214.589,217.83,221.005,224.162,227.302,230.409,233.5,236.674,239.881,242.922,246.213,249.386,252.577,255.835,259.075,262.299,265.574,268.815,271.922,275.112,278.269,281.376,284.717,287.942,290.982,294.156,297.38,300.571,303.661,306.735,309.843,312.949,316.106,319.247,322.472,325.578,328.685,331.793,334.8,337.924,341.181,344.272,347.613,350.62,353.844,357.151,360.375,363.734,366.807,369.997,373.105,376.245,379.42,382.644,385.835,388.975,392.115,395.306,398.48,401.687,404.878,408.052,411.36,414.467,417.741,420.982,424.073,427.23,430.336,433.545,436.752,439.975,443.116,446.374,449.565,452.722,455.862,458.969,462.144,465.2,468.375,471.515,474.789,478.064,481.255,484.395,487.669,490.893],
	"duration":[0,0,0,0,0,0,0,0,0,0,0,0,0,0,0,0,0,0,0,0,0,0,0,0,0,0,0,0,0,0,0,0,0,0,0,0,0,0,0,0,0,0,0,0,0,0,0,0,0,0,0,0,0,0,0,0,0,0,0,0,0,0,0,0,0,0,0,0,0,0,0,0,0,0,0,0,0,0,0,0,0,0,0,0,0,0,0,0,0,0,0,0,0,0,0,0,0,0,0,0,0,0,0,0,0,0,0,0,0,0,0,0,0,0,0,0,0,0,0,0,0,0,0,0,0,0,0,0,0,0,0,0,0,0,0,0,0,0,0,0,0,0,0,0,0,0,0,0],
	"event_sample":[26455,29928,33456,37021,40586,44078,47569,51060,54772,58208,61609,65136,68627,72082,75739,79230,82850,86489,89906,93269,96724,100325,103798,107308,110800,114236,117709,121016,124600,128036,131436,134982,138473,141965,145438,148874,152384,155728,159311,162748,166276,169859,173387,176879,180443,183806,187334,190660,194354,197791,201429,204736,208154,211627,215045,218426,221881,225354,228992,232502,236048,239613,243105,246578,250032,253450,256850,260341,263869,267214,270834,274325,277835,281418,284983,288529,292131,295696,299114,302623,306096,309514,313189,316736,320080,323572,327118,330628,334027,337409,340827,344244,347717,351172,354719,358136,361554,364972,368280,371716,375299,378699,382374,385682,389228,392866,396413,400107,403488,406997,410415,413870,417362,420908,424418,427872,431327,434837,438328,441856,445366,448857,452496,455914,459515,463080,466480,469953,473370,476899,480427,483973,487428,491011,494521,497994,501448,504866,508358,511720,515212,518666,522268,525870,529380,532834,536436,539982],
	"trial_type":[
		"Famous",
		"Scrambled",
		"Scrambled",
		"Scrambled",
		"Famous",
		"Famous",
		"Unfamiliar",
		"Unfamiliar",
		"Scrambled",
		"Famous",
		"Famous",
		"Famous",
		"Scrambled",
		"Unfamiliar",
		"Unfamiliar",
		"Unfamiliar",
		"Scrambled",
		"Famous",
		"Famous",
		"Scrambled",
		"Unfamiliar",
		"Unfamiliar",
		"Unfamiliar",
		"Scrambled",
		"Unfamiliar",
		"Famous",
		"Scrambled",
		"Unfamiliar",
		"Unfamiliar",
		"Scrambled",
		"Unfamiliar",
		"Unfamiliar",
		"Unfamiliar",
		"Unfamiliar",
		"Scrambled",
		"Famous",
		"Famous",
		"Scrambled",
		"Scrambled",
		"Scrambled",
		"Scrambled",
		"Scrambled",
		"Scrambled",
		"Scrambled",
		"Unfamiliar",
		"Famous",
		"Scrambled",
		"Famous",
		"Unfamiliar",
		"Famous",
		"Famous",
		"Unfamiliar",
		"Unfamiliar",
		"Scrambled",
		"Scrambled",
		"Famous",
		"Famous",
		"Scrambled",
		"Unfamiliar",
		"Unfamiliar",
		"Unfamiliar",
		"Unfamiliar",
		"Unfamiliar",
		"Famous",
		"Famous",
		"Scrambled",
		"Scrambled",
		"Scrambled",
		"Famous",
		"Scrambled",
		"Unfamiliar",
		"Unfamiliar",
		"Famous",
		"Unfamiliar",
		"Famous",
		"Famous",
		"Scrambled",
		"Scrambled",
		"Scrambled",
		"Unfamiliar",
		"Famous",
		"Famous",
		"Famous",
		"Famous",
		"Unfamiliar",
		"Unfamiliar",
		"Famous",
		"Scrambled",
		"Famous",
		"Famous",
		"Unfamiliar",
		"Unfamiliar",
		"Famous",
		"Famous",
		"Scrambled",
		"Scrambled",
		"Unfamiliar",
		"Famous",
		"Famous",
		"Unfamiliar",
		"Unfamiliar",
		"Scrambled",
		"Unfamiliar",
		"Famous",
		"Famous",
		"Famous",
		"Scrambled",
		"Scrambled",
		"Unfamiliar",
		"Unfamiliar",
		"Famous",
		"Scrambled",
		"Scrambled",
		"Famous",
		"Scrambled",
		"Unfamiliar",
		"Famous",
		"Famous",
		"Unfamiliar",
		"Famous",
		"Famous",
		"Famous",
		"Scrambled",
		"Unfamiliar",
		"Famous",
		"Unfamiliar",
		"Unfamiliar",
		"Scrambled",
		"Famous",
		"Scrambled",
		"Scrambled",
		"Famous",
		"Scrambled",
		"Scrambled",
		"Scrambled",
		"Scrambled",
		"Scrambled",
		"Famous",
		"Unfamiliar",
		"Unfamiliar",
		"Unfamiliar",
		"Unfamiliar",
		"Scrambled",
		"Famous",
		"Unfamiliar",
		"Unfamiliar",
		"Scrambled",
		"Scrambled"
	],
	"event_value":[5,17,17,18,5,6,13,14,17,7,5,6,19,13,14,13,17,5,6,19,13,13,14,17,15,5,19,13,14,17,15,13,13,14,19,5,7,17,18,17,18,19,17,18,15,5,17,7,13,5,6,13,14,17,18,7,5,19,13,14,15,13,14,5,6,17,18,17,7,17,13,14,5,13,5,6,19,17,19,13,5,7,5,6,15,13,5,19,5,6,15,13,7,5,17,18,15,5,7,13,14,17,15,5,6,7,17,18,13,14,7,17,18,5,19,13,5,6,13,5,5,7,17,15,5,13,15,17,7,17,18,7,17,18,19,17,18,7,13,14,15,13,19,5,13,14,17,18],
	"stim_file":[
		"f030.bmp",
		"s046.bmp",
		"s054.bmp",
		"s054.bmp",
		"f023.bmp",
		"f023.bmp",
		"u059.bmp",
		"u059.bmp",
		"s044.bmp",
		"f030.bmp",
		"f131.bmp",
		"f131.bmp",
		"s046.bmp",
		"u135.bmp",
		"u135.bmp",
		"u039.bmp",
		"s091.bmp",
		"f108.bmp",
		"f108.bmp",
		"s044.bmp",
		"u098.bmp",
		"u035.bmp",
		"u035.bmp",
		"s051.bmp",
		"u039.bmp",
		"f142.bmp",
		"s091.bmp",
		"u002.bmp",
		"u002.bmp",
		"s093.bmp",
		"u098.bmp",
		"u117.bmp",
		"u068.bmp",
		"u068.bmp",
		"s051.bmp",
		"f070.bmp",
		"f142.bmp",
		"s141.bmp",
		"s141.bmp",
		"s123.bmp",
		"s123.bmp",
		"s093.bmp",
		"s115.bmp",
		"s115.bmp",
		"u117.bmp",
		"f064.bmp",
		"s077.bmp",
		"f070.bmp",
		"u142.bmp",
		"f041.bmp",
		"f041.bmp",
		"u051.bmp",
		"u051.bmp",
		"s146.bmp",
		"s146.bmp",
		"f064.bmp",
		"f027.bmp",
		"s077.bmp",
		"u144.bmp",
		"u144.bmp",
		"u142.bmp",
		"u069.bmp",
		"u069.bmp",
		"f039.bmp",
		"f039.bmp",
		"s139.bmp",
		"s139.bmp",
		"s097.bmp",
		"f027.bmp",
		"s076.bmp",
		"u145.bmp",
		"u145.bmp",
		"f117.bmp",
		"u037.bmp",
		"f141.bmp",
		"f141.bmp",
		"s097.bmp",
		"s016.bmp",
		"s076.bmp",
		"u125.bmp",
		"f014.bmp",
		"f117.bmp",
		"f038.bmp",
		"f038.bmp",
		"u037.bmp",
		"u065.bmp",
		"f086.bmp",
		"s016.bmp",
		"f082.bmp",
		"f082.bmp",
		"u125.bmp",
		"u023.bmp",
		"f014.bmp",
		"f124.bmp",
		"s098.bmp",
		"s098.bmp",
		"u065.bmp",
		"f125.bmp",
		"f086.bmp",
		"u105.bmp",
		"u105.bmp",
		"s071.bmp",
		"u023.bmp",
		"f126.bmp",
		"f126.bmp",
		"f124.bmp",
		"s130.bmp",
		"s130.bmp",
		"u075.bmp",
		"u075.bmp",
		"f125.bmp",
		"s147.bmp",
		"s147.bmp",
		"f051.bmp",
		"s071.bmp",
		"u028.bmp",
		"f056.bmp",
		"f056.bmp",
		"u143.bmp",
		"f069.bmp",
		"f062.bmp",
		"f051.bmp",
		"s049.bmp",
		"u028.bmp",
		"f026.bmp",
		"u118.bmp",
		"u143.bmp",
		"s135.bmp",
		"f069.bmp",
		"s013.bmp",
		"s013.bmp",
		"f062.bmp",
		"s003.bmp",
		"s003.bmp",
		"s049.bmp",
		"s014.bmp",
		"s014.bmp",
		"f026.bmp",
		"u141.bmp",
		"u141.bmp",
		"u118.bmp",
		"u008.bmp",
		"s135.bmp",
		"f033.bmp",
		"u009.bmp",
		"u009.bmp",
		"s094.bmp",
		"s094.bmp"
	]
}
