{
	"onset":[24.3173,27.4418,30.6655,33.9064,37.1973,40.3382,43.4618,46.7355,49.9764,53.2845,56.6418,59.7655,63.0236,66.3309,69.50449999999999,72.7127,75.81910000000001,78.9936,82.0673,85.1909,88.34820000000001,91.55549999999999,94.7627,97.82089999999999,101.061,104.285,107.425,110.55,113.606,116.68,119.788,122.861,126.136,129.294,132.366,135.541,138.781,142.039,145.029,148.136,151.294,154.567,157.725,160.882,163.939,167.164,170.337,173.495,176.735,179.859,183.1,186.124,189.115,192.305,195.378,198.57,201.71,204.884,208.158,211.465,214.79,217.914,221.121,224.278,227.503,230.643,233.734,236.957,240.182,243.405,246.63,249.654,252.861,256.052,259.225,262.316,265.525,268.797,271.955,275.029,278.27,281.477,284.735,287.892,290.982,294.139,297.28,300.471,303.611,306.768,309.925,313.2,316.558,319.815,322.973,326.214,329.471,332.578,335.718,339.06,342.301,345.375,348.448,351.522,354.545,357.686,360.944,364.117,367.308,370.532,373.706,376.846,379.921,382.977,386.318,389.443,392.633,395.79,398.931,402.255,405.395,408.62,411.711,414.835,418.042,421.165,424.323,427.497,430.687,433.845,437.035,440.159,443.384,446.625,449.681,452.822,456.013,459.186,462.477,465.718,468.792,472.1,475.24,478.347,481.605,484.712,487.869,491.027,494.134],
	"duration":[0,0,0,0,0,0,0,0,0,0,0,0,0,0,0,0,0,0,0,0,0,0,0,0,0,0,0,0,0,0,0,0,0,0,0,0,0,0,0,0,0,0,0,0,0,0,0,0,0,0,0,0,0,0,0,0,0,0,0,0,0,0,0,0,0,0,0,0,0,0,0,0,0,0,0,0,0,0,0,0,0,0,0,0,0,0,0,0,0,0,0,0,0,0,0,0,0,0,0,0,0,0,0,0,0,0,0,0,0,0,0,0,0,0,0,0,0,0,0,0,0,0,0,0,0,0,0,0,0,0,0,0,0,0,0,0,0,0,0,0,0,0,0,0,0,0,0,0,0],
	"event_sample":[26749,30186,33732,37297,40917,44372,47808,51409,54974,58613,62306,65742,69326,72964,76455,79984,83401,86893,90274,93710,97183,100711,104239,107603,111167,114714,118168,121605,124967,128348,131767,135147,138750,142223,145603,149095,152659,156243,159532,162950,166423,170024,173497,176970,180333,183880,187371,190844,194409,197845,201410,204736,208026,211535,214916,218427,221881,225372,228974,232612,236269,239705,243233,246706,250253,253707,257107,260653,264200,267746,271293,274619,278147,281657,285148,288548,292077,295677,299150,302532,306097,309625,313208,316681,320080,323553,327008,330518,333972,337445,340918,344520,348214,351797,355270,358835,362418,365836,369290,372966,376531,379912,383293,386674,390000,393455,397038,400529,404039,407585,411077,414531,417913,421275,424950,428387,431896,435369,438824,442481,445935,449482,452882,456318,459846,463282,466755,470247,473756,477229,480739,484175,487722,491287,494649,498104,501614,505105,508725,512290,515671,519310,522764,526182,529765,533183,536656,540130,543547],
	"trial_type":[
		"Scrambled",
		"Scrambled",
		"Famous",
		"Famous",
		"Famous",
		"Famous",
		"Famous",
		"Famous",
		"Famous",
		"Scrambled",
		"Unfamiliar",
		"Unfamiliar",
		"Scrambled",
		"Unfamiliar",
		"Famous",
		"Unfamiliar",
		"Unfamiliar",
		"Famous",
		"Famous",
		"Unfamiliar",
		"Scrambled",
		"Unfamiliar",
		"Famous",
		"Famous",
		"Famous",
		"Unfamiliar",
		"Famous",
		"Famous",
		"Famous",
		"Famous",
		"Unfamiliar",
		"Famous",
		"Famous",
		"Scrambled",
		"Scrambled",
		"Scrambled",
		"Scrambled",
		"Unfamiliar",
		"Scrambled",
		"Scrambled",
		"Famous",
		"Unfamiliar",
		"Famous",
		"Famous",
		"Famous",
		"Scrambled",
		"Scrambled",
		"Scrambled",
		"Unfamiliar",
		"Scrambled",
		"Unfamiliar",
		"Unfamiliar",
		"Famous",
		"Unfamiliar",
		"Unfamiliar",
		"Famous",
		"Scrambled",
		"Scrambled",
		"Unfamiliar",
		"Famous",
		"Scrambled",
		"Famous",
		"Famous",
		"Unfamiliar",
		"Unfamiliar",
		"Unfamiliar",
		"Unfamiliar",
		"Unfamiliar",
		"Famous",
		"Unfamiliar",
		"Unfamiliar",
		"Unfamiliar",
		"Unfamiliar",
		"Famous",
		"Scrambled",
		"Scrambled",
		"Unfamiliar",
		"Scrambled",
		"Famous",
		"Famous",
		"Scrambled",
		"Scrambled",
		"Scrambled",
		"Scrambled",
		"Famous",
		"Famous",
		"Unfamiliar",
		"Famous",
		"Famous",
		"Scrambled",
		"Unfamiliar",
		"Unfamiliar",
		"Famous",
		"Unfamiliar",
		"Unfamiliar",
		"Famous",
		"Unfamiliar",
		"Scrambled",
		"Unfamiliar",
		"Unfamiliar",
		"Scrambled",
		"Scrambled",
		"Unfamiliar",
		"Unfamiliar",
		"Famous",
		"Scrambled",
		"Famous",
		"Scrambled",
		"Scrambled",
		"Scrambled",
		"Unfamiliar",
		"Unfamiliar",
		"Scrambled",
		"Scrambled",
		"Unfamiliar",
		"Scrambled",
		"Famous",
		"Scrambled",
		"Famous",
		"Unfamiliar",
		"Famous",
		"Famous",
		"Famous",
		"Famous",
		"Scrambled",
		"Scrambled",
		"Scrambled",
		"Scrambled",
		"Scrambled",
		"Scrambled",
		"Famous",
		"Unfamiliar",
		"Unfamiliar",
		"Unfamiliar",
		"Scrambled",
		"Famous",
		"Famous",
		"Scrambled",
		"Scrambled",
		"Scrambled",
		"Unfamiliar",
		"Unfamiliar",
		"Famous",
		"Unfamiliar",
		"Unfamiliar",
		"Scrambled",
		"Scrambled",
		"Unfamiliar",
		"Unfamiliar"
	],
	"event_value":[17,17,5,6,5,6,5,6,5,19,13,14,19,13,5,13,14,5,7,13,17,15,5,6,7,13,5,7,5,6,15,5,6,19,17,18,17,15,17,18,7,13,5,5,6,17,18,19,13,17,15,13,7,13,14,5,17,18,15,5,19,5,6,15,13,14,13,14,7,13,14,13,14,7,17,17,13,17,5,5,19,17,18,19,5,6,15,5,6,19,13,14,7,13,14,7,13,17,13,14,17,17,13,15,5,19,5,17,18,19,13,14,19,17,15,17,7,17,7,13,5,6,5,6,19,17,18,19,17,19,5,15,13,14,17,5,6,17,18,19,13,14,7,13,14,17,19,13,14],
	"stim_file":[
		"s020.bmp",
		"s015.bmp",
		"f087.bmp",
		"f087.bmp",
		"f099.bmp",
		"f099.bmp",
		"f049.bmp",
		"f049.bmp",
		"f066.bmp",
		"s020.bmp",
		"u096.bmp",
		"u096.bmp",
		"s015.bmp",
		"u025.bmp",
		"f057.bmp",
		"u062.bmp",
		"u062.bmp",
		"f065.bmp",
		"f066.bmp",
		"u016.bmp",
		"s119.bmp",
		"u025.bmp",
		"f055.bmp",
		"f055.bmp",
		"f057.bmp",
		"u054.bmp",
		"f084.bmp",
		"f065.bmp",
		"f113.bmp",
		"f113.bmp",
		"u016.bmp",
		"f054.bmp",
		"f054.bmp",
		"s119.bmp",
		"s118.bmp",
		"s118.bmp",
		"s143.bmp",
		"u054.bmp",
		"s110.bmp",
		"s110.bmp",
		"f084.bmp",
		"u099.bmp",
		"f032.bmp",
		"f040.bmp",
		"f040.bmp",
		"s062.bmp",
		"s062.bmp",
		"s143.bmp",
		"u030.bmp",
		"s041.bmp",
		"u099.bmp",
		"u003.bmp",
		"f032.bmp",
		"u150.bmp",
		"u150.bmp",
		"f031.bmp",
		"s050.bmp",
		"s050.bmp",
		"u030.bmp",
		"f143.bmp",
		"s041.bmp",
		"f106.bmp",
		"f106.bmp",
		"u003.bmp",
		"u050.bmp",
		"u050.bmp",
		"u114.bmp",
		"u114.bmp",
		"f031.bmp",
		"u110.bmp",
		"u110.bmp",
		"u079.bmp",
		"u079.bmp",
		"f143.bmp",
		"s065.bmp",
		"s125.bmp",
		"u078.bmp",
		"s128.bmp",
		"f001.bmp",
		"f121.bmp",
		"s065.bmp",
		"s059.bmp",
		"s059.bmp",
		"s125.bmp",
		"f048.bmp",
		"f048.bmp",
		"u078.bmp",
		"f095.bmp",
		"f095.bmp",
		"s128.bmp",
		"u134.bmp",
		"u134.bmp",
		"f001.bmp",
		"u011.bmp",
		"u011.bmp",
		"f121.bmp",
		"u012.bmp",
		"s120.bmp",
		"u071.bmp",
		"u071.bmp",
		"s136.bmp",
		"s056.bmp",
		"u047.bmp",
		"u012.bmp",
		"f059.bmp",
		"s120.bmp",
		"f037.bmp",
		"s055.bmp",
		"s055.bmp",
		"s136.bmp",
		"u076.bmp",
		"u076.bmp",
		"s056.bmp",
		"s095.bmp",
		"u047.bmp",
		"s085.bmp",
		"f059.bmp",
		"s039.bmp",
		"f037.bmp",
		"u070.bmp",
		"f020.bmp",
		"f020.bmp",
		"f138.bmp",
		"f138.bmp",
		"s095.bmp",
		"s070.bmp",
		"s070.bmp",
		"s085.bmp",
		"s101.bmp",
		"s039.bmp",
		"f006.bmp",
		"u070.bmp",
		"u129.bmp",
		"u129.bmp",
		"s089.bmp",
		"f134.bmp",
		"f134.bmp",
		"s148.bmp",
		"s148.bmp",
		"s101.bmp",
		"u056.bmp",
		"u056.bmp",
		"f006.bmp",
		"u082.bmp",
		"u082.bmp",
		"s048.bmp",
		"s089.bmp",
		"u149.bmp",
		"u149.bmp"
	]
}
