{
	"onset":[0.023,2.396,4.636,7.258,11.39,14.643,17.133,19.257,22.012,24.385,27.256,29.762,31.77,36.268,38.508,40.881,43.636,47.885,50.391,52.631,56.631,58.888,61.261,63.883,66.256,68.264,70.77,74.521,77.143,81.143,83.51600000000001,85.64,87.63200000000001,92.01300000000001,94.27,97.14100000000001,99.514,102.02,107.132,109.14,111.38,113.388,115.761,118.267,120.259,123.147,125.885,128.64,131.395,134.266,137.635,140.008,142.016,144.389,147.011,151.642,153.766,157.268,159.392,161.516,165.516,167.64,171.258,174.643,178.012,180.137,182.393,184.883,188.136,190.758,193.131,195.255,197.263,199.388,202.392,205.512,208.382,212.133,215.137,217.394,221.759,223.767,226.771,230.256,233.393,236.131,239.135,241.508,244.893,247.267,250.387,253.142,257.141,259.133,261.39,263.514,268.891,271.015,273.007,275.015,277.521,279.894,283.014,285.387,287.76,289.768,292.39,294.515,299.643,302.63,304.638,306.895,308.887,311.144,313.268,315.26,319.143,323.259,325.383,328.138,331.391,334.644,336.635,340.386,342.643,346.144,348.136,350.393],
	"duration":[1.5,1.5,1.5,1.5,1.5,1.5,1.5,1.5,1.5,1.5,1.5,1.5,1.5,1.5,1.5,1.5,1.5,1.5,1.5,1.5,1.5,1.5,1.5,1.5,1.5,1.5,1.5,1.5,1.5,1.5,1.5,1.5,1.5,1.5,1.5,1.5,1.5,1.5,1.5,1.5,1.5,1.5,1.5,1.5,1.5,1.5,1.5,1.5,1.5,1.5,1.5,1.5,1.5,1.5,1.5,1.5,1.5,1.5,1.5,1.5,1.5,1.5,1.5,1.5,1.5,1.5,1.5,1.5,1.5,1.5,1.5,1.5,1.5,1.5,1.5,1.5,1.5,1.5,1.5,1.5,1.5,1.5,1.5,1.5,1.5,1.5,1.5,1.5,1.5,1.5,1.5,1.5,1.5,1.5,1.5,1.5,1.5,1.5,1.5,1.5,1.5,1.5,1.5,1.5,1.5,1.5,1.5,1.5,1.5,1.5,1.5,1.5,1.5,1.5,1.5,1.5,1.5,1.5,1.5,1.5,1.5,1.5,1.5,1.5,1.5,1.5,1.5,1.5],
	"trial_type":[
		"go",
		"go",
		"go",
		"unsucc_stop",
		"go",
		"go",
		"unsucc_stop",
		"go",
		"unsucc_stop",
		"succ_stop",
		"go",
		"go",
		"go",
		"go",
		"go",
		"go",
		"go",
		"succ_stop",
		"unsucc_stop",
		"go",
		"go",
		"go",
		"go",
		"go",
		"succ_stop",
		"go",
		"go",
		"go",
		"go",
		"go",
		"go",
		"succ_stop",
		"unsucc_stop",
		"go",
		"succ_stop",
		"go",
		"go",
		"go",
		"go",
		"go",
		"go",
		"go",
		"go",
		"go",
		"go",
		"go",
		"succ_stop",
		"succ_stop",
		"succ_stop",
		"go",
		"go",
		"go",
		"go",
		"go",
		"go",
		"unsucc_stop",
		"succ_stop",
		"succ_stop",
		"go",
		"go",
		"go",
		"go",
		"go",
		"go",
		"unsucc_stop",
		"succ_stop",
		"go",
		"go",
		"go",
		"go",
		"go",
		"go",
		"go",
		"go",
		"go",
		"unsucc_stop",
		"unsucc_stop",
		"go",
		"go",
		"go",
		"succ_stop",
		"go",
		"go",
		"go",
		"go",
		"junk",
		"go",
		"unsucc_stop",
		"succ_stop",
		"succ_stop",
		"go",
		"go",
		"go",
		"go",
		"go",
		"go",
		"go",
		"go",
		"go",
		"go",
		"unsucc_stop",
		"succ_stop",
		"go",
		"go",
		"succ_stop",
		"go",
		"go",
		"go",
		"go",
		"go",
		"go",
		"succ_stop",
		"unsucc_stop",
		"go",
		"go",
		"go",
		"unsucc_stop",
		"go",
		"go",
		"go",
		"go",
		"go",
		"go",
		"go",
		"unsucc_stop",
		"unsucc_stop",
		"go",
		"go"
	]
}
