{
	"onset":[1.499,3.496,7.523,13.63,15.626,27.622,33.73,35.726,39.736,53.729,60.843,62.839,66.83199999999999,81.83199999999999,88.94499999999999,90.94199999999999,94.952,101.059,103.056,107.082,113.189,115.186,127.182,134.296,136.292,140.302,147.416,149.413,153.406,167.415,173.522,175.519,189.52,195.627,197.624,201.65,210.761,212.757,225.76,234.87,236.867,248.863,254.97,256.967,260.977,273.963,282.066,284.063,299.062,308.173,310.169,314.162,329.162,335.269,337.265,341.275,354.261,363.372,365.368,369.378],
	"duration":[2,4,2.1,2,8,2.1,2,4,8,2.1,2,4,8,2.1,2,4,2.1,2,4,2.1,2,8,2.1,2,4,2.1,2,4,8,2.1,2,8,2.1,2,4,2.1,2,8,2.1,2,8,2.1,2,4,8,2.1,2,8,2.1,2,4,8,2.1,2,4,8,2.1,2,4,2.1],
	"trial_type":[
		"Look_Neg_Cue",
		"Look_Neg_Ant",
		"Look_Neg_Rating",
		"Look_Neutral_Cue",
		"Look_Neutral_Stim",
		"Look_Neutral_Rating",
		"Reapp_Neg_Cue",
		"Reapp_Neg_Ant",
		"Reapp_Neg_Stim",
		"Reapp_Neg_Rating",
		"Look_Neg_Cue",
		"Look_Neg_Ant",
		"Look_Neg_Stim",
		"Look_Neg_Rating",
		"Reapp_Neg_Cue",
		"Reapp_Neg_Ant",
		"Reapp_Neg_Rating",
		"Look_Neutral_Cue",
		"Look_Neutral_Ant",
		"Look_Neutral_Rating",
		"Look_Neg_Cue",
		"Look_Neg_Stim",
		"Look_Neg_Rating",
		"Reapp_Neg_Cue",
		"Reapp_Neg_Ant",
		"Reapp_Neg_Rating",
		"Look_Neutral_Cue",
		"Look_Neutral_Ant",
		"Look_Neutral_Stim",
		"Look_Neutral_Rating",
		"Reapp_Neg_Cue",
		"Reapp_Neg_Stim",
		"Reapp_Neg_Rating",
		"Look_Neg_Cue",
		"Look_Neg_Ant",
		"Look_Neg_Rating",
		"Look_Neutral_Cue",
		"Look_Neutral_Stim",
		"Look_Neutral_Rating",
		"Reapp_Neg_Cue",
		"Reapp_Neg_Stim",
		"Reapp_Neg_Rating",
		"Look_Neutral_Cue",
		"Look_Neutral_Ant",
		"Look_Neutral_Stim",
		"Look_Neutral_Rating",
		"Look_Neg_Cue",
		"Look_Neg_Stim",
		"Look_Neg_Rating",
		"Look_Neg_Cue",
		"Look_Neg_Ant",
		"Look_Neg_Stim",
		"Look_Neg_Rating",
		"Reapp_Neg_Cue",
		"Reapp_Neg_Ant",
		"Reapp_Neg_Stim",
		"Reapp_Neg_Rating",
		"Look_Neutral_Cue",
		"Look_Neutral_Ant",
		"Look_Neutral_Rating"
	]
}
