{
	"onset":[1.499,3.496,7.489,22.488,28.595,30.592,34.619,40.726,42.722,46.732,58.728,66.83199999999999,68.82899999999999,72.83799999999999,87.83799999999999,96.94799999999999,98.94499999999999,102.955,109.045,111.042,115.051,129.044,136.158,138.154,150.151,159.261,161.258,174.26,183.371,185.367,197.363,204.477,206.474,210.484,216.591,218.587,230.583,237.697,239.694,243.704,250.817,252.814,256.807,269.81,278.92,280.917,284.927,291.034,293.03,297.057,306.167,308.164,322.157,329.27,331.267,335.26,348.263,356.367,358.363,370.376],
	"duration":[2,4,8,2.1,2,4,2.1,2,4,8,2.1,2,4,8,2.1,2,4,2.1,2,4,8,2.1,2,8,2.1,2,8,2.1,2,8,2.1,2,4,2.1,2,8,2.1,2,4,2.1,2,4,8,2.1,2,4,2.1,2,4,2.1,2,8,2.1,2,4,8,2.1,2,8,2.1],
	"trial_type":[
		"Look_Neutral_Cue",
		"Look_Neutral_Ant",
		"Look_Neutral_Stim",
		"Look_Neutral_Rating",
		"Reapp_Neg_Cue",
		"Reapp_Neg_Ant",
		"Reapp_Neg_Rating",
		"Look_Neg_Cue",
		"Look_Neg_Ant",
		"Look_Neg_Stim",
		"Look_Neg_Rating",
		"Look_Neutral_Cue",
		"Look_Neutral_Ant",
		"Look_Neutral_Stim",
		"Look_Neutral_Rating",
		"Look_Neg_Cue",
		"Look_Neg_Ant",
		"Look_Neg_Rating",
		"Reapp_Neg_Cue",
		"Reapp_Neg_Ant",
		"Reapp_Neg_Stim",
		"Reapp_Neg_Rating",
		"Reapp_Neg_Cue",
		"Reapp_Neg_Stim",
		"Reapp_Neg_Rating",
		"Look_Neutral_Cue",
		"Look_Neutral_Stim",
		"Look_Neutral_Rating",
		"Look_Neg_Cue",
		"Look_Neg_Stim",
		"Look_Neg_Rating",
		"Look_Neg_Cue",
		"Look_Neg_Ant",
		"Look_Neg_Rating",
		"Reapp_Neg_Cue",
		"Reapp_Neg_Stim",
		"Reapp_Neg_Rating",
		"Look_Neutral_Cue",
		"Look_Neutral_Ant",
		"Look_Neutral_Rating",
		"Look_Neg_Cue",
		"Look_Neg_Ant",
		"Look_Neg_Stim",
		"Look_Neg_Rating",
		"Look_Neutral_Cue",
		"Look_Neutral_Ant",
		"Look_Neutral_Rating",
		"Reapp_Neg_Cue",
		"Reapp_Neg_Ant",
		"Reapp_Neg_Rating",
		"Look_Neutral_Cue",
		"Look_Neutral_Stim",
		"Look_Neutral_Rating",
		"Reapp_Neg_Cue",
		"Reapp_Neg_Ant",
		"Reapp_Neg_Stim",
		"Reapp_Neg_Rating",
		"Look_Neg_Cue",
		"Look_Neg_Stim",
		"Look_Neg_Rating"
	]
}
