{
	"onset":[10.121,16.161,22.161,28.201,34.241,40.281,46.321,52.401,58.441,64.48099999999999,70.48099999999999,76.521,82.521,88.521,94.601,100.601,106.681,112.721,118.801,124.881,130.961,137.041,143.041,149.041,155.081,161.121,167.121,173.161,179.201,185.241,205.361,211.401,217.481,223.521,229.601,235.681,241.761,247.841,253.881,259.961,265.961,271.961,278.041,284.041,290.041,296.081,302.161,308.161,314.201,320.241,326.321,332.361,338.401,344.481,350.561,356.601,362.681,368.681,374.721,380.721],
	"duration":[2.999,2.999,2.999,2.999,2.999,2.999,2.999,2.999,2.999,2.999,2.999,2.999,2.999,2.999,2.999,2.999,2.999,2.999,2.999,2.999,2.999,2.999,2.999,2.999,2.999,2.999,2.999,2.999,2.999,2.999,2.999,2.999,2.999,2.999,2.999,2.999,2.999,2.999,2.999,2.999,2.999,2.999,2.999,2.999,2.999,2.999,2.999,2.999,2.999,2.999,2.999,2.999,2.999,2.999,2.999,2.999,2.999,2.999,2.999,2.999],
	"trial_type":[
		"tong_cue",
		"tong_cue",
		"hand_cue",
		"hand_cue",
		"tong_cue",
		"tong_cue",
		"hand_cue",
		"tong_cue",
		"hand_cue",
		"tong_cue",
		"tong_cue",
		"hand_cue",
		"hand_cue",
		"hand_cue",
		"hand_cue",
		"tong_cue",
		"hand_cue",
		"tong_cue",
		"tong_cue",
		"tong_cue",
		"hand_cue",
		"tong_cue",
		"tong_cue",
		"tong_cue",
		"hand_cue",
		"hand_cue",
		"hand_cue",
		"tong_cue",
		"hand_cue",
		"hand_cue",
		"tong_cue",
		"tong_cue",
		"hand_cue",
		"tong_cue",
		"tong_cue",
		"tong_cue",
		"hand_cue",
		"tong_cue",
		"tong_cue",
		"hand_cue",
		"tong_cue",
		"tong_cue",
		"hand_cue",
		"hand_cue",
		"tong_cue",
		"tong_cue",
		"hand_cue",
		"hand_cue",
		"tong_cue",
		"hand_cue",
		"tong_cue",
		"hand_cue",
		"hand_cue",
		"hand_cue",
		"tong_cue",
		"hand_cue",
		"hand_cue",
		"hand_cue",
		"tong_cue",
		"hand_cue"
	]
}
