{
	"name":[1,2,3,4,5,6,7,8,9,10,11,12,13,14,15,16,17,18,19,20,21,22,23,24,25,26,27,28,29,30,31,32,33,34,35,36,37,38,39,40,41,42,43,44,45,46,47,48,49,50,51,52,53,54,55,56,57,58,59,60,61,62],
	"x":[-28.6211515894101,-34.8699112596388,-39.0024209046033,-41.1702329493015,-40.1616770664828,-37.1474855316162,-36.7999323523527,-40.7811372204034,-45.1646622110988,-46.7164131505779,-48.5893990865886,-49.0194486368861,-50.0357104699725,-51.2008291297348,-49.2073040441274,-46.7685928952284,-47.4455248825109,-52.6123409436756,-57.4514579651978,-57.7616125852561,-57.9392620001984,-55.1237483732666,-48.4138984933466,-52.5393002271887,-53.851207749331,-57.0622624052013,-59.1492741685182,-59.5189724900544,-60.3874938604232,-60.5588843420051,-45.8638519622224,-53.6852280533581,-55.4088694720713,-58.3362475937186,-59.7680753661141,-59.4792304953842,-63.2336849585262,-63.2950064751388,-25.8350313558815,-48.2171754345301,-50.9139842881385,-53.1290266737618,-58.6178808606745,-62.9200590023486,-64.85663462133211,-65.1505250358147,-32.8487206643499,-54.2611180671786,-52.6355857197487,-55.898806533641,-58.9107133806841,-61.8674778494846,-65.8703563886401,-67.3221773853155,-42.4083622732204,-49.1505081552166,-55.0358371796265,-58.710768622603,-63.0359995561761,-65.47772835562451,-66.85366831374,-68.1865720480298],
	"y":[52.3506841872828,44.0454443086039,28.6383015292238,20.0931324984942,11.8949379338073,3.34976890307773,-5.64941990768626,49.087647719393,40.9964984686979,34.0274794060554,26.4973952493866,18.4062459986915,8.845992093901179,0.193777749179775,-9.36647615561051,46.0387018794869,31.3255080321918,23.9024691895149,14.7962350647591,6.59804050007211,-2.29410299670001,-10.9463173414214,43.5508211336071,36.3677114429809,28.8376272863121,21.2004978156514,12.7623740989137,3.65613997415788,-4.88902905657166,-14.5563282753538,40.9817335978024,32.4107260430059,24.7735965723452,17.1364671016846,9.606382945015771,0.500148820259929,-7.93797489647775,-17.1512543352255,34.3006295176208,26.4235708949094,18.8934867382406,11.6033317336225,4.42022204299633,-3.45683657971505,-12.0020056104446,-20.654219955166,27.8594545894899,20.5434610608048,12.212382658059,4.92222765344092,-1.11291332506569,-8.18897770170005,-16.6271014184377,-25.2793157631591,19.8716594350628,13.8623569806232,6.33227282395439,-0.503862400629243,-7.47288146327174,-14.5231073158391,-21.8132623204572,-30.2513860371948],
	"z":[29.9660960744629,33.2535762066481,42.8015619818645,47.0717128057357,50.7987147382022,55.0688655620733,59.4426434770677,20.5038706505209,24.6703943832687,29.5087075343327,34.0111259762387,38.1776497089865,42.2155329148228,46.0461619384126,50.0840451442489,11.9206888271414,20.3823768195488,25.324317061736,29.2585731764491,32.9855751089157,37.7988748241913,41.6295038477811,3.67340171292008,7.6326712634215,12.1350897053274,16.1979863469521,20.9076589711045,24.8419150858175,29.1120659096886,32.7104273152436,-6.87512149383097,-0.743256377711456,3.31964026391319,7.38253690553783,11.8849553474438,15.8192114621568,20.5288840863092,24.023618400741,-14.6292865882245,-9.583719254914071,-5.08130081300813,-1.56155306278801,2.3977164877134,7.44328382102386,11.713434644895,15.5440636684848,-23.3661223743039,-17.9846603318354,-12.8354659074017,-9.315718157181569,-6.54637348061244,-2.14758212982974,2.56209049432266,6.39271951791248,-26.6464558105497,-25.7388254262289,-21.236406984323,-17.8202863252261,-12.9819731741621,-10.4448961156278,-6.92514836540771,-2.2154757412553],
	"size":[4,4,4,4,4,4,4,4,4,4,4,4,4,4,4,4,4,4,4,4,4,4,4,4,4,4,4,4,4,4,4,4,4,4,4,4,4,4,4,4,4,4,4,4,4,4,4,4,4,4,4,4,4,4,4,4,4,4,4,4,4,4],
	"type":[
		"surface",
		"surface",
		"surface",
		"surface",
		"surface",
		"surface",
		"surface",
		"surface",
		"surface",
		"surface",
		"surface",
		"surface",
		"surface",
		"surface",
		"surface",
		"surface",
		"surface",
		"surface",
		"surface",
		"surface",
		"surface",
		"surface",
		"surface",
		"surface",
		"surface",
		"surface",
		"surface",
		"surface",
		"surface",
		"surface",
		"surface",
		"surface",
		"surface",
		"surface",
		"surface",
		"surface",
		"surface",
		"surface",
		"surface",
		"surface",
		"surface",
		"surface",
		"surface",
		"surface",
		"surface",
		"surface",
		"surface",
		"surface",
		"surface",
		"surface",
		"surface",
		"surface",
		"surface",
		"surface",
		"surface",
		"surface",
		"surface",
		"surface",
		"surface",
		"surface",
		"surface",
		"surface"
	],
	"manufacturer":[
		"AdTech",
		"AdTech",
		"AdTech",
		"AdTech",
		"AdTech",
		"AdTech",
		"AdTech",
		"AdTech",
		"AdTech",
		"AdTech",
		"AdTech",
		"AdTech",
		"AdTech",
		"AdTech",
		"AdTech",
		"AdTech",
		"AdTech",
		"AdTech",
		"AdTech",
		"AdTech",
		"AdTech",
		"AdTech",
		"AdTech",
		"AdTech",
		"AdTech",
		"AdTech",
		"AdTech",
		"AdTech",
		"AdTech",
		"AdTech",
		"AdTech",
		"AdTech",
		"AdTech",
		"AdTech",
		"AdTech",
		"AdTech",
		"AdTech",
		"AdTech",
		"AdTech",
		"AdTech",
		"AdTech",
		"AdTech",
		"AdTech",
		"AdTech",
		"AdTech",
		"AdTech",
		"AdTech",
		"AdTech",
		"AdTech",
		"AdTech",
		"AdTech",
		"AdTech",
		"AdTech",
		"AdTech",
		"AdTech",
		"AdTech",
		"AdTech",
		"AdTech",
		"AdTech",
		"AdTech",
		"AdTech",
		"AdTech"
	]
}
