{
	"onset":[
		4.709,
		7.324,
		9.539999999999999,
		12.569,
		12.569,
		15.201,
		17.633,
		19.865,
		19.865,
		22.513,
		25.558,
		28.404,
		30.837,
		33.666,
		36.114,
		38.382,
		40.615,
		42.85,
		42.85,
		45.876,
		48.922,
		51.966,
		54.2,
		56.433,
		59.081,
		59.081,
		61.711,
		61.711,
		63.946,
		65.98,
		65.98,
		68.215,
		71.044,
		73.477,
		73.477,
		75.908,
		78.54000000000001,
		81.568,
		83.602,
		86.449,
		89.27800000000001,
		91.90900000000001,
		93.944,
		96.79000000000001,
		99.422,
		101.672,
		103.922,
		106.752,
		109.382,
		111.814,
		114.445,
		117.473,
		117.473,
		119.706,
		122.338,
		122.338,
		125.366,
		128.426,
		131.057,
		134.103,
		137.131,
		139.165,
		141.597,
		144.625,
		147.653,
		147.653,
		150.284,
		152.519,
		154.753,
		154.753,
		157.25,
		159.899,
		162.926,
		165.573,
		168.006,
		170.224,
		173.07,
		173.07,
		175.716,
		178.547,
		181.591,
		181.591,
		184.023,
		186.256,
		189.102,
		191.551,
		193.587,
		193.587,
		195.622,
		198.253,
		198.253,
		201.083,
		203.316,
		205.946,
		207.982,
		210.216,
		210.216,
		212.847,
		215.875,
		218.307,
		218.307,
		220.937,
		223.966,
		226.216,
		228.252,
		231.08,
		234.108,
		234.108,
		236.939,
		236.939,
		239.784,
		242.431,
		242.431,
		244.863,
		247.313,
		249.745,
		251.781,
		254.412,
		256.447,
		259.474,
		261.709,
		261.709,
		263.744,
		266.375,
		269.203,
		271.438,
		274.466,
		277.097,
		277.097,
		279.727,
		282.756,
		282.756,
		285.585,
		287.636,
		290.267,
		292.501,
		294.536,
		296.771,
		299.22,
		301.255,
		301.255,
		303.902,
		306.731,
		306.731,
		309.56,
		312.192,
		315.236,
		317.684,
		319.918,
		322.168,
		"n/a",
		"n/a",
		"n/a"
	],
	"duration":[
		0.2,
		0.2,
		0.2,
		0.2,
		0.353,
		0.2,
		0.2,
		0.31,
		0.2,
		0.2,
		0.2,
		0.2,
		0.2,
		0.2,
		0.2,
		0.2,
		0.2,
		0.256,
		0.2,
		0.2,
		0.2,
		0.2,
		0.2,
		0.2,
		0.346,
		0.2,
		0.406,
		0.2,
		0.2,
		0.535,
		0.2,
		0.2,
		0.2,
		0.319,
		0.2,
		0.2,
		0.2,
		0.2,
		0.2,
		0.2,
		0.2,
		0.2,
		0.2,
		0.2,
		0.2,
		0.2,
		0.2,
		0.2,
		0.2,
		0.2,
		0.2,
		0.2,
		0.335,
		0.2,
		0.369,
		0.2,
		0.2,
		0.2,
		0.2,
		0.2,
		0.2,
		0.2,
		0.2,
		0.2,
		0.288,
		0.2,
		0.2,
		0.2,
		0.2,
		0.382,
		0.2,
		0.2,
		0.2,
		0.2,
		0.2,
		0.2,
		0.317,
		0.2,
		0.2,
		0.2,
		0.2,
		0.294,
		0.2,
		0.2,
		0.2,
		0.2,
		0.308,
		0.2,
		0.2,
		0.275,
		0.2,
		0.2,
		0.2,
		0.2,
		0.2,
		0.342,
		0.2,
		0.2,
		0.2,
		0.2,
		0.304,
		0.2,
		0.2,
		0.2,
		0.2,
		0.2,
		0.309,
		0.2,
		0.286,
		0.2,
		"n/a",
		0.2,
		0.257,
		0.2,
		0.2,
		0.2,
		0.2,
		0.2,
		0.2,
		0.2,
		0.31,
		0.2,
		0.2,
		"n/a",
		0.2,
		0.2,
		0.2,
		0.37,
		0.2,
		0.2,
		0.2,
		0.293,
		0.2,
		0.2,
		0.2,
		0.2,
		0.2,
		0.2,
		0.2,
		0.366,
		0.2,
		0.2,
		0.318,
		0.2,
		0.2,
		0.2,
		0.2,
		0.2,
		0.2,
		0.2,
		"n/a",
		"n/a",
		"n/a"
	],
	"trial_type":[
		"auditory standard stimulus presentation",
		"auditory standard stimulus presentation",
		"auditory standard stimulus presentation",
		"auditory oddball stimulus presentation",
		"behavioral response time following auditory oddball stimulus onset",
		"auditory standard stimulus presentation",
		"auditory standard stimulus presentation",
		"behavioral response time following auditory oddball stimulus onset",
		"auditory oddball stimulus presentation",
		"auditory standard stimulus presentation",
		"auditory standard stimulus presentation",
		"auditory standard stimulus presentation",
		"auditory standard stimulus presentation",
		"auditory standard stimulus presentation",
		"auditory standard stimulus presentation",
		"auditory standard stimulus presentation",
		"auditory standard stimulus presentation",
		"behavioral response time following auditory oddball stimulus onset",
		"auditory oddball stimulus presentation",
		"auditory standard stimulus presentation",
		"auditory standard stimulus presentation",
		"auditory standard stimulus presentation",
		"auditory standard stimulus presentation",
		"auditory standard stimulus presentation",
		"behavioral response time following auditory oddball stimulus onset",
		"auditory oddball stimulus presentation",
		"behavioral response time following auditory oddball stimulus onset",
		"auditory oddball stimulus presentation",
		"auditory standard stimulus presentation",
		"behavioral response time following auditory oddball stimulus onset",
		"auditory oddball stimulus presentation",
		"auditory standard stimulus presentation",
		"auditory standard stimulus presentation",
		"behavioral response time following auditory oddball stimulus onset",
		"auditory oddball stimulus presentation",
		"auditory standard stimulus presentation",
		"auditory standard stimulus presentation",
		"auditory standard stimulus presentation",
		"auditory standard stimulus presentation",
		"auditory standard stimulus presentation",
		"auditory standard stimulus presentation",
		"auditory standard stimulus presentation",
		"auditory standard stimulus presentation",
		"auditory standard stimulus presentation",
		"auditory standard stimulus presentation",
		"auditory standard stimulus presentation",
		"auditory standard stimulus presentation",
		"auditory standard stimulus presentation",
		"auditory standard stimulus presentation",
		"auditory standard stimulus presentation",
		"auditory standard stimulus presentation",
		"auditory oddball stimulus presentation",
		"behavioral response time following auditory oddball stimulus onset",
		"auditory standard stimulus presentation",
		"behavioral response time following auditory oddball stimulus onset",
		"auditory oddball stimulus presentation",
		"auditory standard stimulus presentation",
		"auditory standard stimulus presentation",
		"auditory standard stimulus presentation",
		"auditory standard stimulus presentation",
		"auditory standard stimulus presentation",
		"auditory standard stimulus presentation",
		"auditory standard stimulus presentation",
		"auditory standard stimulus presentation",
		"behavioral response time following auditory oddball stimulus onset",
		"auditory oddball stimulus presentation",
		"auditory standard stimulus presentation",
		"auditory standard stimulus presentation",
		"auditory oddball stimulus presentation",
		"behavioral response time following auditory oddball stimulus onset",
		"auditory standard stimulus presentation",
		"auditory standard stimulus presentation",
		"auditory standard stimulus presentation",
		"auditory standard stimulus presentation",
		"auditory standard stimulus presentation",
		"auditory standard stimulus presentation",
		"behavioral response time following auditory oddball stimulus onset",
		"auditory oddball stimulus presentation",
		"auditory standard stimulus presentation",
		"auditory standard stimulus presentation",
		"auditory oddball stimulus presentation",
		"behavioral response time following auditory oddball stimulus onset",
		"auditory standard stimulus presentation",
		"auditory standard stimulus presentation",
		"auditory standard stimulus presentation",
		"auditory standard stimulus presentation",
		"behavioral response time following auditory oddball stimulus onset",
		"auditory oddball stimulus presentation",
		"auditory standard stimulus presentation",
		"behavioral response time following auditory oddball stimulus onset",
		"auditory oddball stimulus presentation",
		"auditory standard stimulus presentation",
		"auditory standard stimulus presentation",
		"auditory standard stimulus presentation",
		"auditory standard stimulus presentation",
		"behavioral response time following auditory oddball stimulus onset",
		"auditory oddball stimulus presentation",
		"auditory standard stimulus presentation",
		"auditory standard stimulus presentation",
		"auditory oddball stimulus presentation",
		"behavioral response time following auditory oddball stimulus onset",
		"auditory standard stimulus presentation",
		"auditory standard stimulus presentation",
		"auditory standard stimulus presentation",
