{
	"onset":[
		5.235,
		7.651,
		10.464,
		10.464,
		13.46,
		15.461,
		18.06,
		20.061,
		20.061,
		22.064,
		24.264,
		24.264,
		26.664,
		29.658,
		31.858,
		34.656,
		34.656,
		37.054,
		39.652,
		42.647,
		42.647,
		45.642,
		48.239,
		50.838,
		53.436,
		55.635,
		57.639,
		59.838,
		59.838,
		62.833,
		65.828,
		68.625,
		71.223,
		73.81999999999999,
		76.616,
		79.01600000000001,
		81.812,
		81.812,
		83.81399999999999,
		86.809,
		88.812,
		91.012,
		93.21299999999999,
		95.414,
		95.414,
		97.61499999999999,
		99.616,
		101.619,
		103.621,
		106.02,
		108.22,
		110.818,
		110.818,
		113.614,
		115.816,
		118.215,
		121.21,
		123.211,
		123.211,
		125.413,
		127.612,
		129.813,
		129.813,
		131.815,
		133.817,
		136.415,
		136.415,
		138.616,
		138.616,
		140.619,
		142.62,
		144.623,
		147.617,
		149.819,
		149.819,
		151.821,
		154.616,
		154.616,
		157.016,
		159.613,
		159.613,
		161.815,
		164.611,
		167.406,
		169.806,
		172.006,
		174.207,
		177.203,
		179.999,
		179.999,
		182.596,
		182.596,
		184.996,
		187.99,
		190.589,
		192.988,
		195.982,
		198.779,
		201.377,
		203.776,
		203.776,
		206.175,
		208.375,
		210.776,
		213.175,
		215.97,
		217.973,
		220.173,
		223.169,
		225.568,
		227.967,
		230.167,
		230.167,
		233.163,
		235.959,
		238.755,
		241.155,
		244.15,
		246.747,
		249.147,
		251.546,
		253.945,
		256.146,
		259.14,
		261.739,
		264.534,
		266.933,
		269.531,
		272.527,
		275.125,
		277.92,
		280.122,
		282.917,
		282.917,
		285.912,
		288.114,
		290.91,
		293.111,
		295.51,
		298.108,
		300.307,
		300.307,
		303.302,
		303.302,
		305.901,
		305.901,
		308.102,
		310.698,
		312.899,
		312.899,
		"n/a",
		"n/a"
	],
	"duration":[
		0.2,
		0.2,
		0.303,
		0.2,
		0.2,
		0.2,
		0.2,
		0.346,
		0.2,
		0.2,
		0.29,
		0.2,
		0.2,
		0.2,
		0.2,
		0.361,
		0.2,
		0.2,
		0.2,
		0.2,
		0.284,
		0.2,
		0.2,
		0.2,
		0.2,
		0.2,
		0.2,
		0.2,
		0.29,
		0.2,
		0.2,
		0.2,
		0.2,
		0.2,
		0.2,
		0.2,
		0.2,
		0.268,
		0.2,
		0.2,
		0.2,
		0.2,
		0.2,
		0.315,
		0.2,
		0.2,
		0.2,
		0.2,
		0.2,
		0.2,
		0.2,
		0.26,
		0.2,
		0.2,
		0.2,
		0.2,
		0.2,
		0.359,
		0.2,
		0.2,
		0.2,
		0.2,
		0.348,
		0.2,
		0.2,
		0.2,
		0.279,
		0.2,
		0.394,
		0.2,
		0.2,
		0.2,
		0.2,
		0.2,
		0.301,
		0.2,
		0.2,
		0.315,
		0.2,
		0.306,
		0.2,
		0.2,
		0.2,
		0.2,
		0.2,
		0.2,
		0.2,
		0.2,
		0.2,
		0.396,
		0.2,
		0.527,
		0.2,
		0.2,
		0.2,
		0.2,
		0.2,
		0.2,
		0.2,
		0.2,
		0.281,
		0.2,
		0.2,
		0.2,
		0.2,
		0.2,
		0.2,
		0.2,
		0.2,
		0.2,
		0.2,
		0.344,
		0.2,
		0.2,
		0.2,
		"n/a",
		0.2,
		0.2,
		0.2,
		0.2,
		0.2,
		0.2,
		0.2,
		0.2,
		0.2,
		0.2,
		0.2,
		0.2,
		0.2,
		0.2,
		0.2,
		0.2,
		0.246,
		0.2,
		0.2,
		0.2,
		0.2,
		0.2,
		0.2,
		0.2,
		0.2,
		0.421,
		0.2,
		0.451,
		0.2,
		0.358,
		0.2,
		0.2,
		0.332,
		0.2,
		"n/a",
		"n/a"
	],
	"trial_type":[
		"visual standard stimulus presentation",
		"visual standard stimulus presentation",
		"behavioral response time following visual oddball stimulus onset",
		"visual oddball stimulus presentation",
		"visual standard stimulus presentation",
		"visual standard stimulus presentation",
		"visual standard stimulus presentation",
		"behavioral response time following visual oddball stimulus onset",
		"visual oddball stimulus presentation",
		"visual standard stimulus presentation",
		"behavioral response time following visual oddball stimulus onset",
		"visual oddball stimulus presentation",
		"visual standard stimulus presentation",
		"visual standard stimulus presentation",
		"visual standard stimulus presentation",
		"behavioral response time following visual oddball stimulus onset",
		"visual oddball stimulus presentation",
		"visual standard stimulus presentation",
		"visual standard stimulus presentation",
		"visual oddball stimulus presentation",
		"behavioral response time following visual oddball stimulus onset",
		"visual standard stimulus presentation",
		"visual standard stimulus presentation",
		"visual standard stimulus presentation",
		"visual standard stimulus presentation",
		"visual standard stimulus presentation",
		"visual standard stimulus presentation",
		"visual oddball stimulus presentation",
		"behavioral response time following visual oddball stimulus onset",
		"visual standard stimulus presentation",
		"visual standard stimulus presentation",
		"visual standard stimulus presentation",
		"visual standard stimulus presentation",
		"visual standard stimulus presentation",
		"visual standard stimulus presentation",
		"visual standard stimulus presentation",
		"visual oddball stimulus presentation",
		"behavioral response time following visual oddball stimulus onset",
		"visual standard stimulus presentation",
		"visual standard stimulus presentation",
		"visual standard stimulus presentation",
		"visual standard stimulus presentation",
		"visual standard stimulus presentation",
		"behavioral response time following visual oddball stimulus onset",
		"visual oddball stimulus presentation",
		"visual standard stimulus presentation",
		"visual standard stimulus presentation",
		"visual standard stimulus presentation",
		"visual standard stimulus presentation",
		"visual standard stimulus presentation",
		"visual standard stimulus presentation",
		"behavioral response time following visual oddball stimulus onset",
		"visual oddball stimulus presentation",
		"visual standard stimulus presentation",
		"visual standard stimulus presentation",
		"visual standard stimulus presentation",
		"visual standard stimulus presentation",
		"behavioral response time following visual oddball stimulus onset",
		"visual oddball stimulus presentation",
		"visual standard stimulus presentation",
		"visual standard stimulus presentation",
		"visual oddball stimulus presentation",
		"behavioral response time following visual oddball stimulus onset",
		"visual standard stimulus presentation",
		"visual standard stimulus presentation",
		"visual oddball stimulus presentation",
		"behavioral response time following visual oddball stimulus onset",
		"visual oddball stimulus presentation",
		"behavioral response time following visual oddball stimulus onset",
		"visual standard stimulus presentation",
		"visual standard stimulus presentation",
		"visual standard stimulus presentation",
		"visual standard stimulus presentation",
		"visual oddball stimulus presentation",
		"behavioral response time following visual oddball stimulus onset",
		"visual standard stimulus presentation",
		"visual oddball stimulus presentation",
		"behavioral response time following visual oddball stimulus onset",
		"visual standard stimulus presentation",
		"behavioral response time following visual oddball stimulus onset",
		"visual oddball stimulus presentation",
		"visual standard stimulus presentation",
		"visual standard stimulus presentation",
		"visual standard stimulus presentation",
		"visual standard stimulus presentation",
		"visual standard stimulus presentation",
		"visual standard stimulus presentation",
		"visual standard stimulus presentation",
		"visual oddball stimulus presentation",
		"behavioral response time following visual oddball stimulus onset",
		"visual oddball stimulus presentation",
		"behavioral response time following visual oddball stimulus onset",
		"visual standard stimulus presentation",
		"visual standard stimulus presentation",
		"visual standard stimulus presentation",
		"visual standard stimulus presentation",
		"visual standard stimulus presentation",
		"visual standard stimulus presentation",
		"visual standard stimulus presentation",
		"visual oddball stimulus presentation",
		"behavioral response time following visual oddball stimulus onset",
		"visual standard stimulus presentation",
		"visual standard stimulus presentation",
		"visual standard stimulus presentation",
		"visual standard stimulus presentation",
		"visual standard stimulus presentation",
		"visual standard stimulus presentation",
		"visual standard stimulus presentation",
