{
	"onset":[0.167,3.564,7.328,11.642,16.713,19.822,25.136,28.322,33.679,37.759,41.939,46.397,53.577,57.753,61.752,68.386,71.596,74.759,78.80500000000001,82.126,86.10899999999999,90.971,95.203,99.306,102.541,106.509,110.687,116.983,120.197,125.001,128.687,132.595,140.202,145.61,150.001,153.197,156.822,160.258,163.502,170.47,174.501,180.611,183.627,187.626,191.759,194.971,198.83,202.86,210.359,213.197,220.541,224.945,228.001,231.062,237.323,241.931,245.306,248.758,252.391,256.251,260.398,264.197,268.197,275.836,278.954,282.257,285.554,288.61,291.722,296.931,300.251,305.748,310.61,313.5,319.001,321.947,326.095,329.752,335.648,339.315,344.541,348.688,351.699,354.75,358.751,361.697,366.447,371.009,374.001,377.562,381.259,384.554,388.61,392.875,396.179,400.36,404.072,407.721,410.807,414.361,417.197,420.277,427.783,432.896,439.134,444.56,450.197,455.133,460.391,464.324,468.712,472.385],
	"duration":[2.5,2.5,2.5,2.5,2.5,2.5,2.5,2.5,2.5,2.5,2.5,2.5,2.5,2.5,2.5,2.5,2.5,2.5,2.5,2.5,2.5,2.5,2.5,2.5,2.5,2.5,2.5,2.5,2.5,2.5,2.5,2.5,2.5,2.5,2.5,2.5,2.5,2.5,2.5,2.5,2.5,2.5,2.5,2.5,2.5,2.5,2.5,2.5,2.5,2.5,2.5,2.5,2.5,2.5,2.5,2.5,2.5,2.5,2.5,2.5,2.5,2.5,2.5,2.5,2.5,2.5,2.5,2.5,2.5,2.5,2.5,2.5,2.5,2.5,2.5,2.5,2.5,2.5,2.5,2.5,2.5,2.5,2.5,2.5,2.5,2.5,2.5,2.5,2.5,2.5,2.5,2.5,2.5,2.5,2.5,2.5,2.5,2.5,2.5,2.5,2.5,2.5,2.5,2.5,2.5,2.5,2.5,2.5,2.5,2.5,2.5,2.5],
	"trial_type":[
		"correct classification of single-task items",
		"correct classification of dual-task items",
		"correct classification of dual-task items",
		"junk dual-task items",
		"junk single-task items",
		"correct classification of single-task items",
		"junk single-task items",
		"junk single-task items",
		"correct classification of dual-task items",
		"junk dual-task items",
		"junk dual-task items",
		"junk single-task items",
		"correct classification of single-task items",
		"junk single-task items",
		"junk single-task items",
		"junk dual-task items",
		"junk dual-task items",
		"correct classification of dual-task items",
		"junk single-task items",
		"junk single-task items",
		"correct classification of dual-task items",
		"correct classification of dual-task items",
		"correct classification of single-task items",
		"correct classification of single-task items",
		"junk single-task items",
		"correct classification of dual-task items",
		"correct classification of dual-task items",
		"junk single-task items",
		"junk dual-task items",
		"junk single-task items",
		"correct classification of dual-task items",
		"correct classification of dual-task items",
		"junk dual-task items",
		"correct classification of dual-task items",
		"junk dual-task items",
		"correct classification of single-task items",
		"junk single-task items",
		"correct classification of single-task items",
		"junk dual-task items",
		"junk single-task items",
		"junk single-task items",
		"correct classification of dual-task items",
		"junk dual-task items",
		"correct classification of single-task items",
		"correct classification of dual-task items",
		"junk dual-task items",
		"correct classification of dual-task items",
		"junk dual-task items",
		"correct classification of single-task items",
		"junk single-task items",
		"correct classification of dual-task items",
		"junk single-task items",
		"junk single-task items",
		"correct classification of single-task items",
		"correct classification of dual-task items",
		"correct classification of dual-task items",
		"correct classification of dual-task items",
		"correct classification of single-task items",
		"correct classification of single-task items",
		"correct classification of single-task items",
		"correct classification of single-task items",
		"junk single-task items",
		"junk dual-task items",
		"correct classification of dual-task items",
		"junk single-task items",
		"junk single-task items",
		"correct classification of single-task items",
		"correct classification of single-task items",
		"correct classification of dual-task items",
		"correct classification of dual-task items",
		"junk dual-task items",
		"correct classification of single-task items",
		"correct classification of single-task items",
		"junk single-task items",
		"correct classification of dual-task items",
		"correct classification of dual-task items",
		"junk dual-task items",
		"junk dual-task items",
		"junk single-task items",
		"junk single-task items",
		"correct classification of dual-task items",
		"junk dual-task items",
		"junk dual-task items",
		"junk single-task items",
		"correct classification of single-task items",
		"junk single-task items",
		"correct classification of dual-task items",
		"junk dual-task items",
		"junk dual-task items",
		"junk single-task items",
		"junk single-task items",
		"correct classification of single-task items",
		"correct classification of dual-task items",
		"correct classification of single-task items",
		"junk single-task items",
		"junk single-task items",
		"correct classification of dual-task items",
		"correct classification of dual-task items",
		"correct classification of dual-task items",
		"correct classification of dual-task items",
		"junk single-task items",
		"junk single-task items",
		"junk dual-task items",
		"correct classification of dual-task items",
		"correct classification of dual-task items",
		"correct classification of dual-task items",
		"junk single-task items",
		"junk single-task items",
		"junk single-task items",
		"junk single-task items",
		"correct classification of dual-task items",
		"junk dual-task items"
	]
}
