{
	"onset":[24.0355,27.2927,30.5673,33.6409,36.8818,40.0227,43.1964,46.42,49.5609,52.6345,55.7418,58.8827,62.0064,65.18000000000001,68.3045,71.4945,74.7855,77.9427,81.0673,84.22450000000001,87.2482,90.43819999999999,93.4618,96.7364,100.011,103.135,106.275,109.533,112.623,115.664,118.804,121.928,125.102,128.125,131.433,134.607,137.647,140.855,143.912,147.035,150.293,153.585,156.825,160.083,163.123,166.213,169.504,172.645,175.802,178.875,182.166,185.257,188.531,191.588,194.779,197.97,201.044,204.167,207.458,210.615,213.956,217.231,220.472,223.645,226.736,229.793,232.8,235.824,238.881,242.038,245.212,248.436,251.676,254.968,258.108,261.249,264.456,267.747,270.871,274.112,277.169,280.326,283.584,286.891,290.082,293.323,296.681,299.838,303.012,306.119,309.276,312.35,315.474,318.615,321.855,325.079,331.511,334.802,338.025,341.284,344.407,347.581,350.822,353.945,357.204,360.21,363.451,366.675,369.649,372.839,376.03,379.237,382.478,385.77,388.86,392.117,395.241,398.282,401.489,404.78,407.97,411.161,414.402,417.643,420.834,423.874,427.031,430.105,433.379,436.654,439.71,442.867,445.958,449.165,452.189,455.396,458.52,461.745,464.785,467.992,471.25,474.424,477.581,480.755,483.945,487.069],
	"duration":[0,0,0,0,0,0,0,0,0,0,0,0,0,0,0,0,0,0,0,0,0,0,0,0,0,0,0,0,0,0,0,0,0,0,0,0,0,0,0,0,0,0,0,0,0,0,0,0,0,0,0,0,0,0,0,0,0,0,0,0,0,0,0,0,0,0,0,0,0,0,0,0,0,0,0,0,0,0,0,0,0,0,0,0,0,0,0,0,0,0,0,0,0,0,0,0,0,0,0,0,0,0,0,0,0,0,0,0,0,0,0,0,0,0,0,0,0,0,0,0,0,0,0,0,0,0,0,0,0,0,0,0,0,0,0,0,0,0,0,0,0,0,0,0,0,0],
	"onset_sample":[26439,30022,33624,37005,40570,44025,47516,51062,54517,57898,61316,64771,68207,71698,75135,78644,82264,85737,89174,92647,95973,99482,102808,106410,110012,113448,116903,120486,123885,127230,130684,134121,137612,140938,144576,148068,151412,154940,158303,161739,165322,168943,172507,176091,179435,182834,186454,189909,193382,196763,200383,203783,207384,210747,214257,217767,221148,224584,228204,231677,235352,238954,242519,246010,249410,252772,256080,259406,262769,266242,269733,273280,276844,280465,283919,287374,290902,294522,297958,301523,304886,308359,311942,315580,319090,322655,326349,329822,333313,336731,340204,343585,347021,350476,354041,357587,364662,368282,371828,375412,378848,382339,385904,389340,392924,396231,399796,403343,406614,410123,413633,417161,420726,424347,427746,431329,434765,438110,441638,445258,448767,452277,455842,459407,462917,466261,469734,473115,476717,480319,483681,487154,490554,494082,497408,500936,504372,507919,511263,514791,518375,521866,525339,528830,532340,535776],
	"stim_type":[
		"Scrambled",
		"Famous",
		"Famous",
		"Famous",
		"Famous",
		"Scrambled",
		"Famous",
		"Famous",
		"Famous",
		"Scrambled",
		"Scrambled",
		"Unfamiliar",
		"Unfamiliar",
		"Unfamiliar",
		"Unfamiliar",
		"Scrambled",
		"Scrambled",
		"Scrambled",
		"Famous",
		"Unfamiliar",
		"Famous",
		"Famous",
		"Scrambled",
		"Scrambled",
		"Unfamiliar",
		"Unfamiliar",
		"Unfamiliar",
		"Scrambled",
		"Scrambled",
		"Unfamiliar",
		"Scrambled",
		"Scrambled",
		"Famous",
		"Famous",
		"Scrambled",
		"Famous",
		"Unfamiliar",
		"Unfamiliar",
		"Famous",
		"Famous",
		"Scrambled",
		"Unfamiliar",
		"Scrambled",
		"Famous",
		"Scrambled",
		"Unfamiliar",
		"Famous",
		"Famous",
		"Unfamiliar",
		"Scrambled",
		"Unfamiliar",
		"Unfamiliar",
		"Famous",
		"Scrambled",
		"Famous",
		"Famous",
		"Scrambled",
		"Famous",
		"Unfamiliar",
		"Unfamiliar",
		"Unfamiliar",
		"Famous",
		"Unfamiliar",
		"Unfamiliar",
		"Unfamiliar",
		"Famous",
		"Unfamiliar",
		"Unfamiliar",
		"Famous",
		"Famous",
		"Famous",
		"Scrambled",
		"Scrambled",
		"Scrambled",
		"Scrambled",
		"Famous",
		"Scrambled",
		"Unfamiliar",
		"Unfamiliar",
		"Unfamiliar",
		"Famous",
		"Scrambled",
		"Scrambled",
		"Famous",
		"Famous",
		"Scrambled",
		"Unfamiliar",
		"Scrambled",
		"Unfamiliar",
		"Scrambled",
		"Scrambled",
		"Famous",
		"Famous",
		"Unfamiliar",
		"Unfamiliar",
		"Unfamiliar",
		"Unfamiliar",
		"Scrambled",
		"Scrambled",
		"Scrambled",
		"Famous",
		"Scrambled",
		"Unfamiliar",
		"Unfamiliar",
		"Unfamiliar",
		"Famous",
		"Famous",
		"Famous",
		"Scrambled",
		"Unfamiliar",
		"Scrambled",
		"Unfamiliar",
		"Scrambled",
		"Famous",
		"Unfamiliar",
		"Famous",
		"Famous",
		"Famous",
		"Famous",
		"Scrambled",
		"Scrambled",
		"Unfamiliar",
		"Scrambled",
		"Scrambled",
		"Unfamiliar",
		"Famous",
		"Famous",
		"Famous",
		"Scrambled",
		"Scrambled",
		"Scrambled",
		"Scrambled",
		"Famous",
		"Unfamiliar",
		"Unfamiliar",
		"Unfamiliar",
		"Unfamiliar",
		"Unfamiliar",
		"Famous",
		"Unfamiliar",
		"Unfamiliar",
		"Scrambled",
		"Famous",
		"Unfamiliar",
		"Scrambled",
		"Scrambled"
	],
	"trigger":[17,5,6,5,6,17,5,5,6,19,17,13,14,13,14,19,17,18,7,13,5,6,19,17,13,13,14,17,18,15,17,18,5,6,19,5,15,13,5,6,17,13,17,7,17,15,5,6,13,19,13,15,5,19,5,6,19,5,13,14,15,5,15,13,14,7,13,14,5,6,7,17,18,17,18,7,17,13,14,13,5,17,18,5,6,19,13,17,15,17,18,7,5,13,13,15,13,19,17,17,7,17,15,13,15,5,6,5,19,13,19,13,19,5,15,5,6,5,7,17,18,15,17,18,15,5,6,7,17,18,17,18,7,13,14,13,13,14,5,13,14,17,5,15,17,17],
	"stim_file":[
		"meg/s087.bmp",
		"meg/f099.bmp",
		"meg/f099.bmp",
		"meg/f122.bmp",
		"meg/f122.bmp",
		"meg/s138.bmp",
		"meg/f139.bmp",
		"meg/f145.bmp",
		"meg/f145.bmp",
		"meg/s087.bmp",
		"meg/s016.bmp",
		"meg/u106.bmp",
		"meg/u106.bmp",
		"meg/u009.bmp",
		"meg/u009.bmp",
		"meg/s138.bmp",
		"meg/s120.bmp",
		"meg/s120.bmp",
		"meg/f139.bmp",
		"meg/u136.bmp",
		"meg/f019.bmp",
		"meg/f019.bmp",
		"meg/s016.bmp",
		"meg/s019.bmp",
		"meg/u026.bmp",
		"meg/u075.bmp",
		"meg/u075.bmp",
		"meg/s030.bmp",
		"meg/s030.bmp",
		"meg/u136.bmp",
		"meg/s063.bmp",
		"meg/s063.bmp",
		"meg/f054.bmp",
		"meg/f054.bmp",
		"meg/s019.bmp",
		"meg/f048.bmp",
		"meg/u026.bmp",
		"meg/u059.bmp",
		"meg/f016.bmp",
		"meg/f016.bmp",
		"meg/s040.bmp",
		"meg/u140.bmp",
		"meg/s149.bmp",
		"meg/f048.bmp",
		"meg/s111.bmp",
		"meg/u059.bmp",
		"meg/f132.bmp",
		"meg/f132.bmp",
		"meg/u142.bmp",
		"meg/s040.bmp",
		"meg/u013.bmp",
		"meg/u140.bmp",
		"meg/f119.bmp",
		"meg/s149.bmp",
		"meg/f098.bmp",
		"meg/f098.bmp",
		"meg/s111.bmp",
		"meg/f051.bmp",
		"meg/u072.bmp",
		"meg/u072.bmp",
		"meg/u142.bmp",
		"meg/f012.bmp",
		"meg/u013.bmp",
		"meg/u090.bmp",
		"meg/u090.bmp",
		"meg/f119.bmp",
		"meg/u068.bmp",
		"meg/u068.bmp",
		"meg/f057.bmp",
		"meg/f057.bmp",
		"meg/f051.bmp",
		"meg/s135.bmp",
		"meg/s135.bmp",
		"meg/s147.bmp",
		"meg/s147.bmp",
		"meg/f012.bmp",
		"meg/s114.bmp",
		"meg/u012.bmp",
		"meg/u012.bmp",
		"meg/u005.bmp",
		"meg/f070.bmp",
		"meg/s049.bmp",
		"meg/s049.bmp",
		"meg/f061.bmp",
		"meg/f061.bmp",
		"meg/s114.bmp",
		"meg/u067.bmp",
		"meg/s047.bmp",
		"meg/u005.bmp",
		"meg/s144.bmp",
		"meg/s144.bmp",
		"meg/f070.bmp",
		"meg/f065.bmp",
		"meg/u029.bmp",
		"meg/u146.bmp",
		"meg/u067.bmp",
		"meg/u101.bmp",
		"meg/s047.bmp",
		"meg/s126.bmp",
		"meg/s115.bmp",
		"meg/f065.bmp",
		"meg/s056.bmp",
		"meg/u029.bmp",
		"meg/u100.bmp",
		"meg/u146.bmp",
		"meg/f071.bmp",
		"meg/f071.bmp",
		"meg/f058.bmp",
		"meg/s126.bmp",
		"meg/u076.bmp",
		"meg/s115.bmp",
		"meg/u092.bmp",
		"meg/s056.bmp",
		"meg/f073.bmp",
		"meg/u100.bmp",
		"meg/f024.bmp",
		"meg/f024.bmp",
		"meg/f083.bmp",
		"meg/f058.bmp",
		"meg/s133.bmp",
		"meg/s133.bmp",
		"meg/u076.bmp",
		"meg/s102.bmp",
		"meg/s102.bmp",
		"meg/u092.bmp",
		"meg/f118.bmp",
		"meg/f118.bmp",
		"meg/f073.bmp",
		"meg/s150.bmp",
		"meg/s150.bmp",
		"meg/s061.bmp",
		"meg/s061.bmp",
		"meg/f083.bmp",
		"meg/u125.bmp",
		"meg/u125.bmp",
		"meg/u116.bmp",
		"meg/u019.bmp",
		"meg/u019.bmp",
		"meg/f047.bmp",
		"meg/u128.bmp",
		"meg/u128.bmp",
		"meg/s028.bmp",
		"meg/f041.bmp",
		"meg/u116.bmp",
		"meg/s058.bmp",
		"meg/s058.bmp"
	]
}
