{
	"onset":[11.9,16.667,20.917,26.35,30.767,36.217,39.95,43.017,47.267,52.867,57.967,63.233,67.31699999999999,72.417,77.18300000000001,82.967,86.533,89.93300000000001,93.833,96.90000000000001,102.517,105.733,111.017,114.583,118.667,122.067,125.283,131.067,134.983,139.567,145.517,149.933,153.683,159.633,164.567,169.483],
	"duration":[0.133,0.133,0.133,0.133,0.267,0.133,0.133,0.133,0.017,0.533,0.133,0.133,0.533,0.133,0.267,0.033,0.133,0.133,0.067,0.133,0.067,0.133,0.533,0.133,0.133,0.067,0.017,0.133,0.017,0.267,0.133,0.133,0.133,0.133,0.033,0.033],
	"ISI":[0.133,0.017,0.067,0,0,0.067,0.267,0.033,0,0,0,0.033,0,0.017,0,0,0.533,0.533,0,0.067,0,0.267,0,0,0.133,0,0,0.267,0,0,0.133,0.033,0.017,0.533,0,0],
	"trial_type":[128,125,127,122,123,127,129,126,119,124,122,126,124,125,123,120,130,130,121,127,121,129,124,122,128,121,119,129,119,123,128,126,125,130,120,120],
	"trial_name":[
		"TWOPULSE-4",
		"TWOPULSE-1",
		"TWOPULSE-3",
		"ONEPULSE-4",
		"ONEPULSE-5",
		"TWOPULSE-3",
		"TWOPULSE-5",
		"TWOPULSE-2",
		"ONEPULSE-1",
		"ONEPULSE-6",
		"ONEPULSE-4",
		"TWOPULSE-2",
		"ONEPULSE-6",
		"TWOPULSE-1",
		"ONEPULSE-5",
		"ONEPULSE-2",
		"TWOPULSE-6",
		"TWOPULSE-6",
		"ONEPULSE-3",
		"TWOPULSE-3",
		"ONEPULSE-3",
		"TWOPULSE-5",
		"ONEPULSE-6",
		"ONEPULSE-4",
		"TWOPULSE-4",
		"ONEPULSE-3",
		"ONEPULSE-1",
		"TWOPULSE-5",
		"ONEPULSE-1",
		"ONEPULSE-5",
		"TWOPULSE-4",
		"TWOPULSE-2",
		"TWOPULSE-1",
		"TWOPULSE-6",
		"ONEPULSE-2",
		"ONEPULSE-2"
	],
	"stim_file":[
		"stim_128_TWOPULSE-4_02.png",
		"stim_125_TWOPULSE-1_01.png",
		"stim_127_TWOPULSE-3_01.png",
		"stim_122_ONEPULSE-4_02.png",
		"stim_123_ONEPULSE-5_01.png",
		"stim_127_TWOPULSE-3_02.png",
		"stim_129_TWOPULSE-5_02.png",
		"stim_126_TWOPULSE-2_01.png",
		"stim_119_ONEPULSE-1_02.png",
		"stim_124_ONEPULSE-6_02.png",
		"stim_122_ONEPULSE-4_03.png",
		"stim_126_TWOPULSE-2_02.png",
		"stim_124_ONEPULSE-6_03.png",
		"stim_125_TWOPULSE-1_02.png",
		"stim_123_ONEPULSE-5_03.png",
		"stim_120_ONEPULSE-2_03.png",
		"stim_130_TWOPULSE-6_02.png",
		"stim_130_TWOPULSE-6_01.png",
		"stim_121_ONEPULSE-3_01.png",
		"stim_127_TWOPULSE-3_03.png",
		"stim_121_ONEPULSE-3_03.png",
		"stim_129_TWOPULSE-5_03.png",
		"stim_124_ONEPULSE-6_01.png",
		"stim_122_ONEPULSE-4_01.png",
		"stim_128_TWOPULSE-4_03.png",
		"stim_121_ONEPULSE-3_02.png",
		"stim_119_ONEPULSE-1_01.png",
		"stim_129_TWOPULSE-5_01.png",
		"stim_119_ONEPULSE-1_03.png",
		"stim_123_ONEPULSE-5_02.png",
		"stim_128_TWOPULSE-4_01.png",
		"stim_126_TWOPULSE-2_03.png",
		"stim_125_TWOPULSE-1_03.png",
		"stim_130_TWOPULSE-6_03.png",
		"stim_120_ONEPULSE-2_01.png",
		"stim_120_ONEPULSE-2_02.png"
	]
}
