{
	"onset":[11.9,16.833,22.267,27.367,31.783,37.4,42.833,47.083,50.833,54.067,57.467,61.2,64.43300000000001,67.833,72.083,75.133,80.06699999999999,85.84999999999999,91.8,95.717,100.467,104.883,109.983,115.267,120.867,125.467,130.733,134.817,140.583,144.167,148.917,151.983,157.933,162.017,165.917,169.483],
	"duration":[0.267,0.033,0.133,0.133,0.133,0.133,0.533,0.133,0.133,0.133,0.033,0.067,0.133,0.133,0.533,0.133,0.067,0.017,0.267,0.067,0.133,0.133,0.267,0.133,0.133,0.133,0.133,0.133,0.133,0.017,0.133,0.017,0.133,0.133,0.533,0.033],
	"ISI":[0,0,0.533,0.267,0.033,0.133,0,0,0.067,0.033,0,0,0.133,0,0,0.033,0,0,0,0,0.133,0.067,0,0.067,0.533,0.533,0.267,0.017,0.017,0,0,0,0.017,0.267,0,0],
	"trial_type":[123,120,130,129,126,128,124,122,127,126,120,121,128,122,124,126,121,119,123,121,128,127,123,127,130,130,129,125,125,119,122,119,125,129,124,120],
	"trial_name":[
		"ONEPULSE-5",
		"ONEPULSE-2",
		"TWOPULSE-6",
		"TWOPULSE-5",
		"TWOPULSE-2",
		"TWOPULSE-4",
		"ONEPULSE-6",
		"ONEPULSE-4",
		"TWOPULSE-3",
		"TWOPULSE-2",
		"ONEPULSE-2",
		"ONEPULSE-3",
		"TWOPULSE-4",
		"ONEPULSE-4",
		"ONEPULSE-6",
		"TWOPULSE-2",
		"ONEPULSE-3",
		"ONEPULSE-1",
		"ONEPULSE-5",
		"ONEPULSE-3",
		"TWOPULSE-4",
		"TWOPULSE-3",
		"ONEPULSE-5",
		"TWOPULSE-3",
		"TWOPULSE-6",
		"TWOPULSE-6",
		"TWOPULSE-5",
		"TWOPULSE-1",
		"TWOPULSE-1",
		"ONEPULSE-1",
		"ONEPULSE-4",
		"ONEPULSE-1",
		"TWOPULSE-1",
		"TWOPULSE-5",
		"ONEPULSE-6",
		"ONEPULSE-2"
	],
	"stim_file":[
		"stim_123_ONEPULSE-5_05.png",
		"stim_120_ONEPULSE-2_04.png",
		"stim_130_TWOPULSE-6_04.png",
		"stim_129_TWOPULSE-5_05.png",
		"stim_126_TWOPULSE-2_04.png",
		"stim_128_TWOPULSE-4_05.png",
		"stim_124_ONEPULSE-6_04.png",
		"stim_122_ONEPULSE-4_04.png",
		"stim_127_TWOPULSE-3_05.png",
		"stim_126_TWOPULSE-2_05.png",
		"stim_120_ONEPULSE-2_05.png",
		"stim_121_ONEPULSE-3_05.png",
		"stim_128_TWOPULSE-4_06.png",
		"stim_122_ONEPULSE-4_06.png",
		"stim_124_ONEPULSE-6_06.png",
		"stim_126_TWOPULSE-2_06.png",
		"stim_121_ONEPULSE-3_04.png",
		"stim_119_ONEPULSE-1_04.png",
		"stim_123_ONEPULSE-5_04.png",
		"stim_121_ONEPULSE-3_06.png",
		"stim_128_TWOPULSE-4_04.png",
		"stim_127_TWOPULSE-3_04.png",
		"stim_123_ONEPULSE-5_06.png",
		"stim_127_TWOPULSE-3_06.png",
		"stim_130_TWOPULSE-6_05.png",
		"stim_130_TWOPULSE-6_06.png",
		"stim_129_TWOPULSE-5_06.png",
		"stim_125_TWOPULSE-1_04.png",
		"stim_125_TWOPULSE-1_05.png",
		"stim_119_ONEPULSE-1_05.png",
		"stim_122_ONEPULSE-4_05.png",
		"stim_119_ONEPULSE-1_06.png",
		"stim_125_TWOPULSE-1_06.png",
		"stim_129_TWOPULSE-5_04.png",
		"stim_124_ONEPULSE-6_05.png",
		"stim_120_ONEPULSE-2_06.png"
	]
}
