{
	"onset":[11.9,16.833,22.617,26.017,29.417,34.85,38.417,42.667,47.767,50.833,54.4,59.333,63.583,69.18300000000001,73.783,77.517,82.283,88.06699999999999,92.483,96.90000000000001,100.817,106.083,111.517,116.617,120.367,125.967,131.917,135.15,138.383,142.283,145.35,149.433,154.183,160.133,164.217,169.483],
	"duration":[0.5,0.5,0.5,0.5,0.5,0.5,0.5,0.5,0.5,0.5,0.5,0.5,0.5,0.5,0.5,0.5,0.5,0.5,0.5,0.5,0.5,0.5,0.5,0.5,0.5,0.5,0.5,0.5,0.5,0.5,0.5,0.5,0.5,0.5,0.5,0.5],
	"ISI":[0,0,0,0,0,0,0,0,0,0,0,0,0,0,0,0,0,0,0,0,0,0,0,0,0,0,0,0,0,0,0,0,0,0,0,0],
	"trial_type":[109,107,112,116,115,110,115,112,113,111,107,113,114,114,117,108,107,116,108,109,118,116,118,112,115,117,108,110,113,114,117,110,111,111,109,118],
	"trial_name":[
		"CRF-3",
		"CRF-1",
		"GRATING",
		"SPARSITY-2",
		"SPARSITY-1",
		"CRF-4",
		"SPARSITY-1",
		"GRATING",
		"PLAID",
		"CRF-5",
		"CRF-1",
		"PLAID",
		"CIRCULAR",
		"CIRCULAR",
		"SPARSITY-3",
		"CRF-2",
		"CRF-1",
		"SPARSITY-2",
		"CRF-2",
		"CRF-3",
		"SPARSITY-4",
		"SPARSITY-2",
		"SPARSITY-4",
		"GRATING",
		"SPARSITY-1",
		"SPARSITY-3",
		"CRF-2",
		"CRF-4",
		"PLAID",
		"CIRCULAR",
		"SPARSITY-3",
		"CRF-4",
		"CRF-5",
		"CRF-5",
		"CRF-3",
		"SPARSITY-4"
	],
	"stim_file":[
		"stim_109_CRF-3_01.png",
		"stim_107_CRF-1_02.png",
		"stim_112_GRATING_02.png",
		"stim_116_SPARSITY-2_02.png",
		"stim_115_SPARSITY-1_02.png",
		"stim_110_CRF-4_03.png",
		"stim_115_SPARSITY-1_01.png",
		"stim_112_GRATING_03.png",
		"stim_113_PLAID_02.png",
		"stim_111_CRF-5_03.png",
		"stim_107_CRF-1_01.png",
		"stim_113_PLAID_01.png",
		"stim_114_CIRCULAR_03.png",
		"stim_114_CIRCULAR_02.png",
		"stim_117_SPARSITY-3_01.png",
		"stim_108_CRF-2_02.png",
		"stim_107_CRF-1_03.png",
		"stim_116_SPARSITY-2_03.png",
		"stim_108_CRF-2_03.png",
		"stim_109_CRF-3_02.png",
		"stim_118_SPARSITY-4_02.png",
		"stim_116_SPARSITY-2_01.png",
		"stim_118_SPARSITY-4_01.png",
		"stim_112_GRATING_01.png",
		"stim_115_SPARSITY-1_03.png",
		"stim_117_SPARSITY-3_03.png",
		"stim_108_CRF-2_01.png",
		"stim_110_CRF-4_02.png",
		"stim_113_PLAID_03.png",
		"stim_114_CIRCULAR_01.png",
		"stim_117_SPARSITY-3_02.png",
		"stim_110_CRF-4_01.png",
		"stim_111_CRF-5_02.png",
		"stim_111_CRF-5_01.png",
		"stim_109_CRF-3_03.png",
		"stim_118_SPARSITY-4_03.png"
	]
}
