{
	"onset":[1.5,3.497,7.49,20.493,28.596,30.593,43.596,49.703,51.699,63.695,69.803,71.79900000000001,75.82599999999999,84.93600000000001,86.93300000000001,90.943,98.056,100.053,104.046,116.042,124.146,126.143,130.152,145.152,154.262,156.259,160.269,168.372,170.369,184.378,191.492,193.489,208.488,215.602,217.599,221.592,233.588,239.695,241.692,255.701,261.808,263.805,267.831,276.942,278.938,293.938,303.048,305.045,309.055,316.168,318.165,322.158,334.154,343.265,345.261,349.254,364.254,370.361,372.357,376.384],
	"duration":[2,4,8,2.1,2,8,2.1,2,8,2.1,2,4,2.1,2,4,2.1,2,4,8,2.1,2,4,8,2.1,2,4,2.1,2,8,2.1,2,8,2.1,2,4,8,2.1,2,8,2.1,2,4,2.1,2,8,2.1,2,4,2.1,2,4,8,2.1,2,4,8,2.1,2,4,2.1],
	"trial_type":[
		"Reapp_Neg_Cue",
		"Reapp_Neg_Ant",
		"Reapp_Neg_Stim",
		"Reapp_Neg_Rating",
		"Look_Neutral_Cue",
		"Look_Neutral_Stim",
		"Look_Neutral_Rating",
		"Look_Neg_Cue",
		"Look_Neg_Stim",
		"Look_Neg_Rating",
		"Look_Neg_Cue",
		"Look_Neg_Ant",
		"Look_Neg_Rating",
		"Reapp_Neg_Cue",
		"Reapp_Neg_Ant",
		"Reapp_Neg_Rating",
		"Look_Neutral_Cue",
		"Look_Neutral_Ant",
		"Look_Neutral_Stim",
		"Look_Neutral_Rating",
		"Look_Neg_Cue",
		"Look_Neg_Ant",
		"Look_Neg_Stim",
		"Look_Neg_Rating",
		"Look_Neutral_Cue",
		"Look_Neutral_Ant",
		"Look_Neutral_Rating",
		"Look_Neutral_Cue",
		"Look_Neutral_Stim",
		"Look_Neutral_Rating",
		"Reapp_Neg_Cue",
		"Reapp_Neg_Stim",
		"Reapp_Neg_Rating",
		"Look_Neg_Cue",
		"Look_Neg_Ant",
		"Look_Neg_Stim",
		"Look_Neg_Rating",
		"Reapp_Neg_Cue",
		"Reapp_Neg_Stim",
		"Reapp_Neg_Rating",
		"Look_Neutral_Cue",
		"Look_Neutral_Ant",
		"Look_Neutral_Rating",
		"Look_Neg_Cue",
		"Look_Neg_Stim",
		"Look_Neg_Rating",
		"Look_Neg_Cue",
		"Look_Neg_Ant",
		"Look_Neg_Rating",
		"Look_Neutral_Cue",
		"Look_Neutral_Ant",
		"Look_Neutral_Stim",
		"Look_Neutral_Rating",
		"Reapp_Neg_Cue",
		"Reapp_Neg_Ant",
		"Reapp_Neg_Stim",
		"Reapp_Neg_Rating",
		"Reapp_Neg_Cue",
		"Reapp_Neg_Ant",
		"Reapp_Neg_Rating"
	]
}
