{
	"onset":[0,3.124,6.532,9.622,12.896,16.136,19.427,22.617,25.808,29.165,31.855,52.467,55.575,58.831,61.988,65.095,68.419,71.70999999999999,74.917,78.00700000000001,81.248,84.405,87.41200000000001,90.63500000000001,93.642,96.899,100.056,103.213,106.204,109.394,112,132.562,135.702,138.876,142.067,145.324,148.531,151.788,154.929,158.136,161.343,164.7,167.79,170.881,174.071,177.178,180.151,183.308,186.415,189.054,209.533,212.791,215.931,219.105,222.346,225.569,228.709,231.8,234.89,237.947,241.02,244.261,247.418,250.642,253.966,257.089,260.363,263.487,266.627,269.918,272.457,293.07,296.193,299.484,302.724,305.981,309.255,312.479,315.619,318.86,322.034,325.074,328.281,331.405,334.578,337.735,340.843,343.899,347.19,350.33,352.919,373.431,376.622,379.695,382.852,386.043,389.217,392.357,395.631,398.32],
	"duration":[0.8149999999999999,0.9419999999999999,0.87,0.928,0.974,0.981,0.804,0.952,0.999,0.945,20,0.828,0.891,0.913,0.832,0.996,0.995,0.909,0.858,0.885,0.857,0.8139999999999999,0.98,0.8080000000000001,0.984,0.822,0.953,0.825,0.972,0.86,20,0.875,0.918,0.902,0.981,0.898,0.928,0.844,0.826,0.856,0.992,0.881,0.834,0.959,0.846,0.802,0.962,0.801,0.9,20,0.913,0.927,0.894,0.945,0.864,0.803,0.806,0.888,0.839,0.868,0.876,0.98,0.875,0.984,0.947,0.922,0.909,0.876,0.989,0.802,20,0.891,0.976,0.895,0.97,0.923,0.925,0.892,0.917,0.868,0.8110000000000001,0.99,0.899,0.989,0.9350000000000001,0.885,0.874,0.967,0.931,0.845,20,0.914,0.819,0.944,0.929,0.948,0.947,0.926,0.918,0.012],
	"circle_duration":[0.439,0.549,0.578,0.465,0.582,0.486,0.546,0.587,0.481,0.573,20,0.534,0.469,0.597,0.48,0.512,0.556,0.507,0.532,0.451,0.597,0.52,0.422,0.479,0.433,0.492,0.5580000000000001,0.438,0.4,0.447,20,0.519,0.495,0.488,0.522,0.502,0.52,0.556,0.521,0.6,0.579,0.589,0.421,0.5,0.457,0.499,0.411,0.4,0.543,20,0.445,0.57,0.437,0.517,0.534,0.588,0.5629999999999999,0.442,0.43,0.44,0.436,0.591,0.407,0.575,0.578,0.412,0.583,0.44,0.486,0.531,20,0.584,0.459,0.55,0.577,0.508,0.554,0.529,0.477,0.5649999999999999,0.539,0.463,0.449,0.456,0.408,0.464,0.467,0.408,0.555,0.441,20,0.473,0.503,0.494,0.443,0.486,0.454,0.42,0.573,0],
	"stim_type":[
		"SCRAMBLED",
		"SCRAMBLED",
		"UNFAMILIAR",
		"UNFAMILIAR",
		"UNFAMILIAR",
		"UNFAMILIAR",
		"FAMOUS",
		"FAMOUS",
		"FAMOUS",
		"UNFAMILIAR",
		"n/a",
		"SCRAMBLED",
		"SCRAMBLED",
		"SCRAMBLED",
		"SCRAMBLED",
		"FAMOUS",
		"UNFAMILIAR",
		"FAMOUS",
		"FAMOUS",
		"UNFAMILIAR",
		"UNFAMILIAR",
		"SCRAMBLED",
		"FAMOUS",
		"FAMOUS",
		"SCRAMBLED",
		"SCRAMBLED",
		"UNFAMILIAR",
		"UNFAMILIAR",
		"FAMOUS",
		"FAMOUS",
		"n/a",
		"FAMOUS",
		"FAMOUS",
		"UNFAMILIAR",
		"UNFAMILIAR",
		"UNFAMILIAR",
		"FAMOUS",
		"FAMOUS",
		"SCRAMBLED",
		"FAMOUS",
		"FAMOUS",
		"UNFAMILIAR",
		"UNFAMILIAR",
		"UNFAMILIAR",
		"UNFAMILIAR",
		"SCRAMBLED",
		"SCRAMBLED",
		"UNFAMILIAR",
		"FAMOUS",
		"n/a",
		"UNFAMILIAR",
		"UNFAMILIAR",
		"UNFAMILIAR",
		"FAMOUS",
		"SCRAMBLED",
		"SCRAMBLED",
		"UNFAMILIAR",
		"SCRAMBLED",
		"FAMOUS",
		"UNFAMILIAR",
		"UNFAMILIAR",
		"UNFAMILIAR",
		"FAMOUS",
		"UNFAMILIAR",
		"FAMOUS",
		"FAMOUS",
		"FAMOUS",
		"UNFAMILIAR",
		"SCRAMBLED",
		"SCRAMBLED",
		"n/a",
		"FAMOUS",
		"SCRAMBLED",
		"FAMOUS",
		"FAMOUS",
		"FAMOUS",
		"SCRAMBLED",
		"SCRAMBLED",
		"UNFAMILIAR",
		"SCRAMBLED",
		"SCRAMBLED",
		"UNFAMILIAR",
		"UNFAMILIAR",
		"FAMOUS",
		"FAMOUS",
		"FAMOUS",
		"SCRAMBLED",
		"FAMOUS",
		"SCRAMBLED",
		"SCRAMBLED",
		"n/a",
		"SCRAMBLED",
		"SCRAMBLED",
		"UNFAMILIAR",
		"UNFAMILIAR",
		"SCRAMBLED",
		"SCRAMBLED",
		"SCRAMBLED",
		"FAMOUS",
		"n/a"
	],
	"trigger":[17,18,13,14,13,14,5,5,6,13,999,17,17,17,18,7,13,5,6,15,13,19,5,6,19,17,13,15,5,6,999,5,6,15,13,14,5,6,19,5,6,15,13,13,14,17,18,13,5,999,13,15,13,5,17,18,15,17,7,13,14,15,5,15,5,6,7,13,17,19,999,5,17,7,5,6,17,18,15,17,19,13,14,7,5,6,19,5,17,18,999,17,19,13,14,17,18,17,7,999],
	"button_pushed":[7,7,4,4,7,7,4,4,4,7,20000,4,7,7,7,4,7,4,4,7,7,4,4,4,7,7,4,7,4,4,20000,7,7,7,7,7,4,4,7,4,4,7,7,7,7,7,7,7,7,20000,4,7,7,4,4,4,7,7,7,7,7,4,7,7,4,4,4,7,7,4,20000,7,7,7,4,4,7,7,7,7,7,7,7,7,7,7,4,7,4,4,20000,7,7,7,7,7,7,4,7,0],
	"response_time":[1.004,1.016,0.798,0.668,0.792,0.583,0.601,1.18,0.553,0.655,20,1.012,1.237,1.313,0.83,0.6850000000000001,0.742,0.9350000000000001,0.525,0.781,0.863,1.261,0.871,0.594,0.925,1.183,0.879,0.993,0.6870000000000001,0.725,20,0.6929999999999999,0.356,0.579,0.834,0.67,0.704,0.531,0.603,0.73,0.488,0.756,0.781,1.157,0.472,0.874,0.658,0.841,0.881,20,0.708,0.883,0.62,0.678,1.207,0.738,0.614,0.886,0.6929999999999999,0.698,0.51,0.621,0.643,0.695,0.608,0.512,0.969,0.751,0.765,0.947,20,0.786,0.772,0.95,0.931,0.627,0.952,0.778,0.775,1.122,0.789,1.289,0.443,0.736,1.002,0.417,0.6870000000000001,0.9370000000000001,0.979,0.764,20,0.78,0.954,0.822,0.611,0.882,0.5610000000000001,0.898,0.953,0],
	"stim_file":[
		"func/s079.bmp",
		"func/s079.bmp",
		"func/u071.bmp",
		"func/u071.bmp",
		"func/u069.bmp",
		"func/u069.bmp",
		"func/f069.bmp",
		"func/f078.bmp",
		"func/f078.bmp",
		"func/u081.bmp",
		"func/i999.bmp",
		"func/s073.bmp",
		"func/s072.bmp",
		"func/s078.bmp",
		"func/s078.bmp",
		"func/f069.bmp",
		"func/u075.bmp",
		"func/f072.bmp",
		"func/f072.bmp",
		"func/u081.bmp",
		"func/u067.bmp",
		"func/s073.bmp",
		"func/f081.bmp",
		"func/f081.bmp",
		"func/s072.bmp",
		"func/s066.bmp",
		"func/u068.bmp",
		"func/u075.bmp",
		"func/f075.bmp",
		"func/f075.bmp",
		"func/i999.bmp",
		"func/f068.bmp",
		"func/f068.bmp",
		"func/u067.bmp",
		"func/u074.bmp",
		"func/u074.bmp",
		"func/f071.bmp",
		"func/f071.bmp",
		"func/s066.bmp",
		"func/f077.bmp",
		"func/f077.bmp",
		"func/u068.bmp",
		"func/u079.bmp",
		"func/u066.bmp",
		"func/u066.bmp",
		"func/s065.bmp",
		"func/s065.bmp",
		"func/u077.bmp",
		"func/f074.bmp",
		"func/i999.bmp",
		"func/u065.bmp",
		"func/u079.bmp",
		"func/u073.bmp",
		"func/f080.bmp",
		"func/s069.bmp",
		"func/s069.bmp",
		"func/u077.bmp",
		"func/s081.bmp",
		"func/f074.bmp",
		"func/u078.bmp",
		"func/u078.bmp",
		"func/u065.bmp",
		"func/f067.bmp",
		"func/u073.bmp",
		"func/f066.bmp",
		"func/f066.bmp",
		"func/f080.bmp",
		"func/u072.bmp",
		"func/s067.bmp",
		"func/s081.bmp",
		"func/i999.bmp",
		"func/f079.bmp",
		"func/s074.bmp",
		"func/f067.bmp",
		"func/f070.bmp",
		"func/f070.bmp",
		"func/s071.bmp",
		"func/s071.bmp",
		"func/u072.bmp",
		"func/s075.bmp",
		"func/s067.bmp",
		"func/u080.bmp",
		"func/u080.bmp",
		"func/f079.bmp",
		"func/f065.bmp",
		"func/f065.bmp",
		"func/s074.bmp",
		"func/f073.bmp",
		"func/s077.bmp",
		"func/s077.bmp",
		"func/i999.bmp",
		"func/s070.bmp",
		"func/s075.bmp",
		"func/u070.bmp",
		"func/u070.bmp",
		"func/s080.bmp",
		"func/s080.bmp",
		"func/s068.bmp",
		"func/f073.bmp",
		"func/Circle.bmp"
	]
}
