{
	"onset":[0,3.14,6.364,9.621,12.828,15.902,19.093,22.183,25.256,28.43,31.052,51.665,54.855,57.98,61.119,64.32599999999999,67.55,70.625,73.78100000000001,76.95399999999999,80.128,83.369,86.492,89.599,92.85599999999999,96.06399999999999,99.23699999999999,102.311,105.468,108.575,111.281,131.743,134.967,138.224,141.298,144.455,147.695,150.902,154.026,157.35,160.524,163.781,166.938,170.262,173.536,176.71,179.9,183.057,186.364,189.02,209.483,212.64,215.914,219.104,222.244,225.401,228.576,231.849,235.056,238.28,241.537,244.728,247.885,251.142,254.349,257.489,260.713,263.753,266.977,270.151,272.79,293.236,296.309,299.483,302.707,305.981,309.288,312.595,315.786,319.01,322.267,325.424,328.748,331.922,335.279,338.403,341.66,344.834,348.108,350.797,371.393,374.483,377.741,380.947,384.054,387.278,390.486,393.677,396.799,400.058,403.18,405.886],
	"duration":[0.904,0.821,0.875,0.902,0.889,0.88,0.819,0.87,0.9389999999999999,0.875,20,0.927,0.826,0.951,0.962,0.993,0.8080000000000001,0.984,0.844,0.907,0.995,0.921,0.827,0.99,0.995,0.862,0.827,0.9419999999999999,0.82,0.962,20,0.892,0.977,0.8090000000000001,0.9,0.964,0.988,0.834,0.972,0.923,0.952,0.8179999999999999,0.976,0.977,0.889,0.842,0.978,0.95,0.904,20,0.946,0.999,0.894,0.833,0.985,0.984,0.856,0.8139999999999999,0.876,0.982,0.9379999999999999,0.92,0.989,0.986,0.958,0.998,0.855,0.881,0.805,0.899,20,0.827,0.954,0.864,0.894,0.992,0.969,0.89,0.879,0.994,0.842,0.97,0.8110000000000001,0.992,0.91,0.958,0.883,0.988,0.9389999999999999,20,0.888,0.9399999999999999,0.894,0.802,0.9389999999999999,0.996,0.951,0.928,0.9350000000000001,0.9429999999999999,0.963,0.012],
	"circle_duration":[0.446,0.463,0.471,0.592,0.516,0.417,0.551,0.482,0.441,0.464,20,0.584,0.488,0.535,0.431,0.446,0.467,0.502,0.412,0.553,0.495,0.448,0.432,0.502,0.489,0.415,0.535,0.484,0.446,0.52,20,0.432,0.5570000000000001,0.512,0.491,0.495,0.496,0.44,0.532,0.584,0.453,0.544,0.576,0.5620000000000001,0.526,0.511,0.546,0.407,0.588,20,0.432,0.436,0.509,0.52,0.537,0.408,0.416,0.576,0.6,0.571,0.503,0.483,0.484,0.483,0.452,0.404,0.456,0.408,0.549,0.594,20,0.413,0.469,0.445,0.598,0.58,0.547,0.58,0.533,0.577,0.466,0.546,0.583,0.598,0.589,0.448,0.519,0.529,0.513,20,0.552,0.429,0.551,0.544,0.54,0.507,0.451,0.485,0.428,0.5679999999999999,0.409,0],
	"stim_type":[
		"FAMOUS",
		"FAMOUS",
		"UNFAMILIAR",
		"SCRAMBLED",
		"UNFAMILIAR",
		"UNFAMILIAR",
		"SCRAMBLED",
		"FAMOUS",
		"UNFAMILIAR",
		"UNFAMILIAR",
		"n/a",
		"SCRAMBLED",
		"SCRAMBLED",
		"SCRAMBLED",
		"FAMOUS",
		"SCRAMBLED",
		"SCRAMBLED",
		"SCRAMBLED",
		"SCRAMBLED",
		"SCRAMBLED",
		"FAMOUS",
		"FAMOUS",
		"FAMOUS",
		"UNFAMILIAR",
		"SCRAMBLED",
		"FAMOUS",
		"FAMOUS",
		"FAMOUS",
		"SCRAMBLED",
		"SCRAMBLED",
		"n/a",
		"FAMOUS",
		"FAMOUS",
		"FAMOUS",
		"SCRAMBLED",
		"UNFAMILIAR",
		"UNFAMILIAR",
		"UNFAMILIAR",
		"UNFAMILIAR",
		"FAMOUS",
		"FAMOUS",
		"FAMOUS",
		"FAMOUS",
		"FAMOUS",
		"FAMOUS",
		"FAMOUS",
		"UNFAMILIAR",
		"UNFAMILIAR",
		"UNFAMILIAR",
		"n/a",
		"UNFAMILIAR",
		"UNFAMILIAR",
		"SCRAMBLED",
		"SCRAMBLED",
		"SCRAMBLED",
		"SCRAMBLED",
		"FAMOUS",
		"FAMOUS",
		"SCRAMBLED",
		"FAMOUS",
		"UNFAMILIAR",
		"UNFAMILIAR",
		"UNFAMILIAR",
		"UNFAMILIAR",
		"SCRAMBLED",
		"SCRAMBLED",
		"UNFAMILIAR",
		"SCRAMBLED",
		"SCRAMBLED",
		"FAMOUS",
		"n/a",
		"SCRAMBLED",
		"SCRAMBLED",
		"FAMOUS",
		"UNFAMILIAR",
		"UNFAMILIAR",
		"FAMOUS",
		"UNFAMILIAR",
		"FAMOUS",
		"SCRAMBLED",
		"UNFAMILIAR",
		"UNFAMILIAR",
		"UNFAMILIAR",
		"FAMOUS",
		"FAMOUS",
		"UNFAMILIAR",
		"SCRAMBLED",
		"SCRAMBLED",
		"FAMOUS",
		"n/a",
		"SCRAMBLED",
		"SCRAMBLED",
		"FAMOUS",
		"UNFAMILIAR",
		"UNFAMILIAR",
		"SCRAMBLED",
		"SCRAMBLED",
		"UNFAMILIAR",
		"UNFAMILIAR",
		"UNFAMILIAR",
		"FAMOUS",
		"n/a"
	],
	"trigger":[5,6,13,17,13,14,17,5,13,15,999,17,18,19,5,17,18,19,17,18,7,5,6,15,17,5,6,7,17,18,999,5,5,5,19,13,13,13,14,7,5,6,7,5,6,7,13,14,15,999,13,15,17,18,17,18,5,6,17,5,15,13,14,13,17,18,13,19,17,7,999,17,18,5,15,13,5,15,5,19,13,14,13,7,5,15,17,18,7,999,17,18,7,13,14,17,18,15,13,14,7,999],
	"button_pushed":[
		4,
		4,
		7,
		"n/a",
		7,
		7,
		4,
		4,
		4,
		7,
		20000,
		7,
		7,
		7,
		4,
		7,
		7,
		4,
		7,
		7,
		4,
		7,
		7,
		4,
		7,
		4,
		4,
		4,
		7,
		7,
		20000,
		4,
		7,
		4,
		7,
		7,
		7,
		4,
		4,
		4,
		4,
		4,
		4,
		4,
		4,
		4,
		7,
		7,
		7,
		20000,
		7,
		7,
		7,
		7,
		4,
		4,
		4,
		4,
		4,
		4,
		7,
		7,
		7,
		4,
		7,
		7,
		7,
		4,
		7,
		4,
		20000,
		4,
		7,
		7,
		7,
		7,
		4,
		7,
		"n/a",
		7,
		4,
		4,
		7,
		4,
		7,
		7,
		7,
		7,
		4,
		20000,
		4,
		4,
		4,
		7,
		7,
		7,
		7,
		7,
		4,
		4,
		7,
		0
	],
	"response_time":[0.787,0.725,0.8090000000000001,0,0.784,0.593,1.161,1.041,1.037,0.5580000000000001,20,1.026,0.634,0.984,0.829,0.896,0.762,0.968,1.237,0.795,0.786,1.015,0.62,0.746,0.762,1.081,0.59,0.915,0.829,0.636,20,0.794,0.669,0.852,0.794,0.902,0.742,1.044,0.5590000000000001,0.632,0.732,0.536,0.797,0.8080000000000001,0.516,0.747,1.019,0.824,0.661,20,0.833,0.637,0.726,0.531,0.851,0.724,1.012,0.609,1.295,0.8139999999999999,0.666,0.922,0.39,1.045,0.732,0.618,0.85,0.926,0.868,0.718,20,1.022,1.072,0.774,0.838,0.768,0.594,0.769,0,0.954,1.108,0.702,0.858,0.769,1.044,0.929,0.793,0.449,0.676,20,0.804,0.711,0.948,0.64,0.5570000000000001,0.826,0.58,0.863,0.749,0.595,0.828,0],
	"stim_file":[
		"func/f019.bmp",
		"func/f019.bmp",
		"func/u032.bmp",
		"func/s032.bmp",
		"func/u024.bmp",
		"func/u024.bmp",
		"func/s027.bmp",
		"func/f026.bmp",
		"func/u017.bmp",
		"func/u032.bmp",
		"func/i999.bmp",
		"func/s024.bmp",
		"func/s024.bmp",
		"func/s032.bmp",
		"func/f032.bmp",
		"func/s030.bmp",
		"func/s030.bmp",
		"func/s027.bmp",
		"func/s018.bmp",
		"func/s018.bmp",
		"func/f026.bmp",
		"func/f024.bmp",
		"func/f024.bmp",
		"func/u017.bmp",
		"func/s021.bmp",
		"func/f029.bmp",
		"func/f029.bmp",
		"func/f032.bmp",
		"func/s019.bmp",
		"func/s019.bmp",
		"func/i999.bmp",
		"func/f030.bmp",
		"func/f018.bmp",
		"func/f017.bmp",
		"func/s021.bmp",
		"func/u026.bmp",
		"func/u027.bmp",
		"func/u031.bmp",
		"func/u031.bmp",
		"func/f030.bmp",
		"func/f021.bmp",
		"func/f021.bmp",
		"func/f018.bmp",
		"func/f020.bmp",
		"func/f020.bmp",
		"func/f017.bmp",
		"func/u023.bmp",
		"func/u023.bmp",
		"func/u026.bmp",
		"func/i999.bmp",
		"func/u028.bmp",
		"func/u027.bmp",
		"func/s026.bmp",
		"func/s026.bmp",
		"func/s031.bmp",
		"func/s031.bmp",
		"func/f023.bmp",
		"func/f023.bmp",
		"func/s028.bmp",
		"func/f025.bmp",
		"func/u028.bmp",
		"func/u018.bmp",
		"func/u018.bmp",
		"func/u019.bmp",
		"func/s017.bmp",
		"func/s017.bmp",
		"func/u025.bmp",
		"func/s028.bmp",
		"func/s029.bmp",
		"func/f025.bmp",
		"func/i999.bmp",
		"func/s020.bmp",
		"func/s020.bmp",
		"func/f027.bmp",
		"func/u019.bmp",
		"func/u021.bmp",
		"func/f031.bmp",
		"func/u025.bmp",
		"func/f022.bmp",
		"func/s029.bmp",
		"func/u022.bmp",
		"func/u022.bmp",
		"func/u030.bmp",
		"func/f027.bmp",
		"func/f028.bmp",
		"func/u021.bmp",
		"func/s023.bmp",
		"func/s023.bmp",
		"func/f031.bmp",
		"func/i999.bmp",
		"func/s025.bmp",
		"func/s025.bmp",
		"func/f022.bmp",
		"func/u020.bmp",
		"func/u020.bmp",
		"func/s022.bmp",
		"func/s022.bmp",
		"func/u030.bmp",
		"func/u029.bmp",
		"func/u029.bmp",
		"func/f028.bmp",
		"func/Circle.bmp"
	]
}
