{
	"onset":[0,3.124,6.548,9.689,12.712,15.902,19.01,22.166,25.39,27.963,48.408,51.699,55.024,58.063,61.237,64.36,67.601,70.791,73.998,77.139,80.262,83.56999999999999,86.70999999999999,89.98399999999999,93.074,96.298,99.405,102.462,105.719,108.341,128.887,132.027,135.068,138.191,141.365,144.472,147.513,150.619,153.809,156.966,160.157,163.23,166.471,169.678,172.885,176.092,179.366,182.523,185.864,189.022,191.577,212.156,215.313,218.553,221.744,224.851,228.158,231.248,234.372,237.529,240.569,243.726,246.883,250.04,253.214,256.287,259.494,262.668,265.875,268.481,288.96,292.15,295.391,298.498,301.521,304.645,307.852,311.093,314.216,317.356,320.564,323.888,327.011,330.335,333.375,336.566,339.589,342.796,346.137,349.361,352.501,355.241,375.853,379.01,382.301,385.542,388.682,391.822,394.562],
	"duration":[0.873,0.977,0.886,0.8129999999999999,0.984,0.926,0.9429999999999999,0.928,0.833,20,0.927,0.973,0.852,0.926,0.8100000000000001,0.9350000000000001,0.848,0.9409999999999999,0.845,0.819,0.909,0.903,0.944,0.89,0.98,0.919,0.877,0.9429999999999999,0.878,20,0.857,0.844,0.893,0.966,0.896,0.843,0.878,0.86,0.8159999999999999,0.888,0.819,0.881,0.982,0.944,0.84,0.915,0.822,0.996,0.863,0.8149999999999999,20,0.844,0.972,0.832,0.912,0.967,0.8169999999999999,0.902,0.9389999999999999,0.854,0.96,0.877,0.922,0.895,0.883,0.893,0.879,0.945,0.863,20,0.971,0.928,0.894,0.801,0.8070000000000001,0.902,0.959,0.805,0.831,0.87,0.967,0.8139999999999999,0.985,0.862,0.906,0.8080000000000001,0.893,0.979,0.949,0.918,0.998,20,0.868,0.9429999999999999,0.931,0.827,0.91,0.946,0.012],
	"circle_duration":[0.468,0.474,0.55,0.492,0.445,0.439,0.417,0.449,0.529,20,0.413,0.598,0.569,0.427,0.483,0.537,0.529,0.57,0.494,0.518,0.544,0.6,0.483,0.546,0.421,0.476,0.428,0.415,0.55,20,0.51,0.507,0.424,0.465,0.446,0.436,0.434,0.457,0.554,0.583,0.52,0.494,0.586,0.465,0.497,0.592,0.5629999999999999,0.5570000000000001,0.578,0.517,20,0.546,0.543,0.499,0.595,0.427,0.577,0.459,0.462,0.44,0.409,0.412,0.512,0.456,0.507,0.428,0.548,0.52,0.491,20,0.436,0.447,0.535,0.444,0.462,0.549,0.539,0.502,0.546,0.547,0.5590000000000001,0.592,0.55,0.575,0.408,0.517,0.42,0.544,0.596,0.507,0.456,20,0.579,0.533,0.577,0.551,0.538,0.455,0],
	"stim_type":[
		"UNFAMILIAR",
		"UNFAMILIAR",
		"FAMOUS",
		"FAMOUS",
		"SCRAMBLED",
		"SCRAMBLED",
		"FAMOUS",
		"FAMOUS",
		"FAMOUS",
		"n/a",
		"SCRAMBLED",
		"SCRAMBLED",
		"SCRAMBLED",
		"SCRAMBLED",
		"SCRAMBLED",
		"SCRAMBLED",
		"SCRAMBLED",
		"FAMOUS",
		"UNFAMILIAR",
		"SCRAMBLED",
		"FAMOUS",
		"UNFAMILIAR",
		"UNFAMILIAR",
		"FAMOUS",
		"SCRAMBLED",
		"SCRAMBLED",
		"UNFAMILIAR",
		"SCRAMBLED",
		"SCRAMBLED",
		"n/a",
		"FAMOUS",
		"FAMOUS",
		"UNFAMILIAR",
		"UNFAMILIAR",
		"FAMOUS",
		"SCRAMBLED",
		"SCRAMBLED",
		"SCRAMBLED",
		"SCRAMBLED",
		"SCRAMBLED",
		"FAMOUS",
		"FAMOUS",
		"FAMOUS",
		"SCRAMBLED",
		"SCRAMBLED",
		"UNFAMILIAR",
		"FAMOUS",
		"FAMOUS",
		"UNFAMILIAR",
		"UNFAMILIAR",
		"n/a",
		"FAMOUS",
		"FAMOUS",
		"SCRAMBLED",
		"FAMOUS",
		"FAMOUS",
		"FAMOUS",
		"FAMOUS",
		"FAMOUS",
		"UNFAMILIAR",
		"UNFAMILIAR",
		"UNFAMILIAR",
		"UNFAMILIAR",
		"UNFAMILIAR",
		"FAMOUS",
		"FAMOUS",
		"FAMOUS",
		"UNFAMILIAR",
		"UNFAMILIAR",
		"n/a",
		"UNFAMILIAR",
		"UNFAMILIAR",
		"UNFAMILIAR",
		"UNFAMILIAR",
		"UNFAMILIAR",
		"UNFAMILIAR",
		"FAMOUS",
		"FAMOUS",
		"SCRAMBLED",
		"SCRAMBLED",
		"UNFAMILIAR",
		"UNFAMILIAR",
		"UNFAMILIAR",
		"UNFAMILIAR",
		"SCRAMBLED",
		"SCRAMBLED",
		"SCRAMBLED",
		"SCRAMBLED",
		"FAMOUS",
		"FAMOUS",
		"UNFAMILIAR",
		"n/a",
		"UNFAMILIAR",
		"UNFAMILIAR",
		"UNFAMILIAR",
		"FAMOUS",
		"SCRAMBLED",
		"SCRAMBLED",
		"n/a"
	],
	"trigger":[13,14,5,6,17,18,5,5,6,999,17,18,17,18,17,18,17,7,13,17,5,13,14,5,19,17,15,17,19,999,5,7,13,13,7,17,18,19,17,19,5,6,7,17,18,15,5,6,15,13,999,5,6,19,5,6,5,5,6,13,15,13,13,14,5,6,7,13,14,999,13,15,13,15,13,14,5,6,17,18,13,15,13,15,17,18,17,17,5,6,15,999,13,14,15,5,17,19,999],
	"button_pushed":[
		4,
		4,
		4,
		4,
		7,
		7,
		7,
		7,
		7,
		20000,
		7,
		7,
		7,
		7,
		7,
		7,
		4,
		7,
		4,
		4,
		7,
		4,
		4,
		7,
		4,
		7,
		7,
		7,
		4,
		20000,
		4,
		7,
		7,
		4,
		7,
		4,
		4,
		7,
		4,
		7,
		7,
		7,
		4,
		7,
		7,
		7,
		7,
		7,
		4,
		7,
		20000,
		4,
		4,
		4,
		7,
		7,
		4,
		7,
		7,
		4,
		7,
		7,
		7,
		7,
		4,
		4,
		4,
		4,
		4,
		20000,
		4,
		4,
		4,
		7,
		4,
		4,
		4,
		"n/a",
		7,
		7,
		4,
		4,
		4,
		4,
		7,
		7,
		7,
		7,
		7,
		7,
		4,
		20000,
		4,
		4,
		4,
		4,
		4,
		7,
		0
	],
	"response_time":[0.947,0.614,0.948,0.481,0.633,0.458,0.595,0.926,0.553,20,1.525,0.979,0.621,0.525,0.781,0.477,0.732,1.039,0.977,0.795,0.869,0.801,0.5600000000000001,1.123,0.867,0.708,0.67,0.832,0.75,20,0.796,0.697,0.745,0.77,0.635,0.986,0.588,0.612,0.627,0.9360000000000001,0.6840000000000001,0.614,0.723,0.7,0.603,0.718,0.715,0.637,0.825,0.905,20,0.857,0.529,0.845,0.741,0.428,0.775,0.893,0.681,0.866,1.137,0.801,0.909,0.704,0.819,1.156,0.894,0.904,0.573,20,0.792,1.196,0.673,0.861,0.596,0.6870000000000001,0.895,0,0.827,1.048,0.754,0.772,0.736,0.76,0.727,0.5600000000000001,0.628,0.834,0.849,1.459,0.738,20,0.765,0.6929999999999999,0.6899999999999999,0.889,0.804,0.772,0],
	"stim_file":[
		"func/u105.bmp",
		"func/u105.bmp",
		"func/f109.bmp",
		"func/f109.bmp",
		"func/s099.bmp",
		"func/s099.bmp",
		"func/f102.bmp",
		"func/f112.bmp",
		"func/f112.bmp",
		"func/i999.bmp",
		"func/s098.bmp",
		"func/s098.bmp",
		"func/s109.bmp",
		"func/s109.bmp",
		"func/s101.bmp",
		"func/s101.bmp",
		"func/s107.bmp",
		"func/f102.bmp",
		"func/u104.bmp",
		"func/s103.bmp",
		"func/f113.bmp",
		"func/u110.bmp",
		"func/u110.bmp",
		"func/f107.bmp",
		"func/s107.bmp",
		"func/s113.bmp",
		"func/u104.bmp",
		"func/s102.bmp",
		"func/s103.bmp",
		"func/i999.bmp",
		"func/f100.bmp",
		"func/f113.bmp",
		"func/u098.bmp",
		"func/u111.bmp",
		"func/f107.bmp",
		"func/s111.bmp",
		"func/s111.bmp",
		"func/s113.bmp",
		"func/s100.bmp",
		"func/s102.bmp",
		"func/f108.bmp",
		"func/f108.bmp",
		"func/f100.bmp",
		"func/s106.bmp",
		"func/s106.bmp",
		"func/u098.bmp",
		"func/f106.bmp",
		"func/f106.bmp",
		"func/u111.bmp",
		"func/u106.bmp",
		"func/i999.bmp",
		"func/f099.bmp",
		"func/f099.bmp",
		"func/s100.bmp",
		"func/f110.bmp",
		"func/f110.bmp",
		"func/f101.bmp",
		"func/f098.bmp",
		"func/f098.bmp",
		"func/u103.bmp",
		"func/u106.bmp",
		"func/u101.bmp",
		"func/u102.bmp",
		"func/u102.bmp",
		"func/f105.bmp",
		"func/f105.bmp",
		"func/f101.bmp",
		"func/u107.bmp",
		"func/u107.bmp",
		"func/i999.bmp",
		"func/u100.bmp",
		"func/u103.bmp",
		"func/u113.bmp",
		"func/u101.bmp",
		"func/u108.bmp",
		"func/u108.bmp",
		"func/f103.bmp",
		"func/f103.bmp",
		"func/s105.bmp",
		"func/s105.bmp",
		"func/u099.bmp",
		"func/u100.bmp",
		"func/u112.bmp",
		"func/u113.bmp",
		"func/s104.bmp",
		"func/s104.bmp",
		"func/s108.bmp",
		"func/s112.bmp",
		"func/f111.bmp",
		"func/f111.bmp",
		"func/u099.bmp",
		"func/i999.bmp",
		"func/u109.bmp",
		"func/u109.bmp",
		"func/u112.bmp",
		"func/f104.bmp",
		"func/s110.bmp",
		"func/s108.bmp",
		"func/Circle.bmp"
	]
}
