{
	"onset":[0,3.19,6.397,9.521000000000001,12.879,16.153,19.209,22.533,25.674,28.296,48.809,52.016,55.239,58.296,61.62,64.761,68.001,71.309,74.532,77.773,80.813,83.937,87.09399999999999,90.401,93.658,96.815,100.006,103.363,106.671,109.36,129.922,133.113,136.236,139.477,142.584,145.875,149.132,152.356,155.496,158.653,161.827,164.917,168.141,171.298,174.488,177.695,180.852,184.043,187.216,190.357,193.597,196.253,216.883,219.99,223.313,226.454,229.694,233.002,236.175,239.349,242.557,245.73,248.77,252.128,255.318,258.609,261.665,264.672,267.863,271.07,273.692,294.271,297.378,300.652,303.726,306.95,310.023,313.147,316.337,319.578,322.601,325.691,328.932,332.139,335.229,338.42,341.593,344.651,347.907,351.064,354.205,356.827,377.356,380.647,383.787,386.894,390.118,393.459,396.766,399.89,402.596],
	"duration":[0.898,0.844,0.899,0.992,0.881,0.833,0.981,0.8149999999999999,0.875,20,0.837,0.885,0.858,0.918,0.9370000000000001,0.886,0.978,0.854,0.9419999999999999,0.8100000000000001,0.857,0.967,0.9379999999999999,0.9379999999999999,0.9340000000000001,0.957,0.988,0.9389999999999999,0.9429999999999999,20,0.849,0.833,0.873,0.89,0.983,0.953,0.951,0.913,0.929,0.847,0.901,0.953,0.841,0.896,0.977,0.889,0.842,0.827,0.951,0.89,0.91,20,0.882,0.965,0.83,0.978,0.894,0.829,0.853,0.9409999999999999,0.989,0.881,0.995,0.897,0.998,0.886,0.802,0.9399999999999999,0.887,0.879,20,0.914,0.911,0.886,0.86,0.86,0.826,0.874,0.998,0.829,0.902,0.912,0.986,0.873,0.961,0.902,0.885,0.9419999999999999,0.876,0.8120000000000001,0.882,20,0.954,0.906,0.893,0.945,0.987,0.946,0.865,0.9379999999999999,0.012],
	"circle_duration":[0.556,0.481,0.485,0.457,0.59,0.584,0.437,0.583,0.5610000000000001,20,0.475,0.586,0.538,0.418,0.59,0.434,0.5669999999999999,0.5659999999999999,0.6,0.504,0.466,0.492,0.424,0.59,0.541,0.458,0.457,0.587,0.595,20,0.525,0.578,0.514,0.599,0.447,0.529,0.55,0.512,0.463,0.466,0.5629999999999999,0.417,0.488,0.55,0.518,0.446,0.492,0.579,0.577,0.431,0.576,20,0.593,0.467,0.592,0.536,0.485,0.596,0.569,0.553,0.501,0.403,0.4,0.58,0.527,0.52,0.401,0.449,0.477,0.548,20,0.535,0.431,0.585,0.428,0.578,0.435,0.522,0.546,0.477,0.429,0.418,0.553,0.451,0.45,0.464,0.505,0.417,0.541,0.508,0.556,20,0.499,0.5649999999999999,0.457,0.449,0.506,0.5590000000000001,0.587,0.493,0],
	"stim_type":[
		"UNFAMILIAR",
		"FAMOUS",
		"UNFAMILIAR",
		"FAMOUS",
		"FAMOUS",
		"SCRAMBLED",
		"SCRAMBLED",
		"SCRAMBLED",
		"UNFAMILIAR",
		"n/a",
		"UNFAMILIAR",
		"FAMOUS",
		"UNFAMILIAR",
		"UNFAMILIAR",
		"FAMOUS",
		"FAMOUS",
		"SCRAMBLED",
		"SCRAMBLED",
		"SCRAMBLED",
		"SCRAMBLED",
		"SCRAMBLED",
		"UNFAMILIAR",
		"UNFAMILIAR",
		"UNFAMILIAR",
		"FAMOUS",
		"FAMOUS",
		"UNFAMILIAR",
		"UNFAMILIAR",
		"FAMOUS",
		"n/a",
		"SCRAMBLED",
		"SCRAMBLED",
		"FAMOUS",
		"SCRAMBLED",
		"SCRAMBLED",
		"SCRAMBLED",
		"SCRAMBLED",
		"UNFAMILIAR",
		"FAMOUS",
		"FAMOUS",
		"FAMOUS",
		"SCRAMBLED",
		"SCRAMBLED",
		"FAMOUS",
		"UNFAMILIAR",
		"FAMOUS",
		"UNFAMILIAR",
		"FAMOUS",
		"SCRAMBLED",
		"SCRAMBLED",
		"FAMOUS",
		"n/a",
		"FAMOUS",
		"FAMOUS",
		"FAMOUS",
		"UNFAMILIAR",
		"UNFAMILIAR",
		"FAMOUS",
		"SCRAMBLED",
		"SCRAMBLED",
		"UNFAMILIAR",
		"SCRAMBLED",
		"SCRAMBLED",
		"UNFAMILIAR",
		"UNFAMILIAR",
		"SCRAMBLED",
		"SCRAMBLED",
		"FAMOUS",
		"SCRAMBLED",
		"UNFAMILIAR",
		"n/a",
		"UNFAMILIAR",
		"UNFAMILIAR",
		"UNFAMILIAR",
		"UNFAMILIAR",
		"FAMOUS",
		"FAMOUS",
		"UNFAMILIAR",
		"SCRAMBLED",
		"FAMOUS",
		"FAMOUS",
		"FAMOUS",
		"UNFAMILIAR",
		"UNFAMILIAR",
		"UNFAMILIAR",
		"SCRAMBLED",
		"UNFAMILIAR",
		"UNFAMILIAR",
		"FAMOUS",
		"FAMOUS",
		"FAMOUS",
		"n/a",
		"SCRAMBLED",
		"SCRAMBLED",
		"SCRAMBLED",
		"SCRAMBLED",
		"UNFAMILIAR",
		"FAMOUS",
		"FAMOUS",
		"SCRAMBLED",
		"n/a"
	],
	"trigger":[13,5,13,5,6,17,17,18,15,999,13,7,13,15,5,6,17,18,19,17,18,13,14,15,5,6,15,13,5,999,17,18,5,17,18,17,18,15,5,7,5,17,18,7,13,5,13,7,17,18,7,999,5,6,5,15,13,7,17,18,15,17,18,13,14,17,18,7,17,15,999,13,14,13,13,5,6,13,19,5,5,6,15,13,15,17,13,15,5,6,7,999,17,18,17,18,15,5,6,19,999],
	"button_pushed":[
		4,
		7,
		7,
		4,
		4,
		7,
		7,
		7,
		7,
		20000,
		7,
		7,
		7,
		7,
		4,
		4,
		7,
		7,
		4,
		7,
		7,
		7,
		7,
		7,
		4,
		4,
		7,
		4,
		4,
		20000,
		4,
		4,
		4,
		4,
		4,
		7,
		7,
		7,
		7,
		4,
		7,
		7,
		7,
		4,
		7,
		4,
		7,
		7,
		4,
		4,
		7,
		20000,
		"n/a",
		4,
		4,
		7,
		7,
		4,
		4,
		4,
		7,
		4,
		4,
		7,
		7,
		4,
		4,
		4,
		4,
		7,
		20000,
		4,
		4,
		7,
		7,
		7,
		7,
		7,
		4,
		4,
		7,
		7,
		7,
		4,
		4,
		7,
		7,
		7,
		4,
		4,
		4,
		20000,
		4,
		4,
		7,
		7,
		7,
		4,
		4,
		7,
		0
	],
	"response_time":[0.759,0.858,0.979,0.6870000000000001,0.702,0.728,0.854,0.805,0.918,20,0.885,1.031,0.8080000000000001,0.736,0.709,0.539,0.764,0.442,1.064,0.968,0.644,0.88,0.5659999999999999,0.772,0.571,0.483,0.747,1.025,0.8080000000000001,20,1.042,0.723,0.821,0.9419999999999999,0.776,1.102,0.529,0.822,0.581,0.716,0.669,1.03,0.841,0.772,0.791,0.643,0.716,0.852,0.85,0.6899999999999999,0.652,20,0,0.593,0.971,0.591,0.627,0.574,1.068,0.52,1.018,1.077,0.833,0.778,0.52,0.759,0.756,0.997,0.86,0.653,20,0.797,1.221,1.005,1.04,0.902,0.589,1.04,0.679,0.698,0.73,0.658,0.832,0.857,0.8080000000000001,0.9,0.8139999999999999,0.801,0.919,0.63,0.8070000000000001,20,0.802,0.586,1.025,0.679,1.112,1.035,0.611,0.876,0],
	"stim_file":[
		"func/u036.bmp",
		"func/f046.bmp",
		"func/u041.bmp",
		"func/f034.bmp",
		"func/f034.bmp",
		"func/s043.bmp",
		"func/s039.bmp",
		"func/s039.bmp",
		"func/u036.bmp",
		"func/i999.bmp",
		"func/u037.bmp",
		"func/f046.bmp",
		"func/u048.bmp",
		"func/u041.bmp",
		"func/f042.bmp",
		"func/f042.bmp",
		"func/s048.bmp",
		"func/s048.bmp",
		"func/s043.bmp",
		"func/s034.bmp",
		"func/s034.bmp",
		"func/u034.bmp",
		"func/u034.bmp",
		"func/u037.bmp",
		"func/f048.bmp",
		"func/f048.bmp",
		"func/u048.bmp",
		"func/u042.bmp",
		"func/f043.bmp",
		"func/i999.bmp",
		"func/s042.bmp",
		"func/s042.bmp",
		"func/f041.bmp",
		"func/s036.bmp",
		"func/s036.bmp",
		"func/s044.bmp",
		"func/s044.bmp",
		"func/u042.bmp",
		"func/f047.bmp",
		"func/f043.bmp",
		"func/f044.bmp",
		"func/s045.bmp",
		"func/s045.bmp",
		"func/f041.bmp",
		"func/u038.bmp",
		"func/f039.bmp",
		"func/u039.bmp",
		"func/f047.bmp",
		"func/s041.bmp",
		"func/s041.bmp",
		"func/f044.bmp",
		"func/i999.bmp",
		"func/f040.bmp",
		"func/f040.bmp",
		"func/f033.bmp",
		"func/u038.bmp",
		"func/u043.bmp",
		"func/f039.bmp",
		"func/s047.bmp",
		"func/s047.bmp",
		"func/u039.bmp",
		"func/s033.bmp",
		"func/s033.bmp",
		"func/u044.bmp",
		"func/u044.bmp",
		"func/s037.bmp",
		"func/s037.bmp",
		"func/f033.bmp",
		"func/s040.bmp",
		"func/u043.bmp",
		"func/i999.bmp",
		"func/u047.bmp",
		"func/u047.bmp",
		"func/u040.bmp",
		"func/u033.bmp",
		"func/f035.bmp",
		"func/f035.bmp",
		"func/u046.bmp",
		"func/s040.bmp",
		"func/f045.bmp",
		"func/f036.bmp",
		"func/f036.bmp",
		"func/u040.bmp",
		"func/u045.bmp",
		"func/u033.bmp",
		"func/s038.bmp",
		"func/u035.bmp",
		"func/u046.bmp",
		"func/f037.bmp",
		"func/f037.bmp",
		"func/f045.bmp",
		"func/i999.bmp",
		"func/s035.bmp",
		"func/s035.bmp",
		"func/s046.bmp",
		"func/s046.bmp",
		"func/u045.bmp",
		"func/f038.bmp",
		"func/f038.bmp",
		"func/s038.bmp",
		"func/Circle.bmp"
	]
}
