{
	"onset":[0.068,3.786,6.166,8.609999999999999,10.658,13.124,15.581,17.591,25.474,27.584,29.603,32.007,35.758,44.956,48.504,55.438,58.723,61.573,72.384,74.73,77.67400000000001,79.98699999999999,84.352,89.077,91.33199999999999,93.70399999999999,95.319,109.967,113.614,115.501,119.562,128.255,131.144,134.84,137.654,139.842,143.468,149.79,151.67,154.057,156.154,157.929,160.483,169.76,172.362,175.288,177.113,179.639,184.609,186.444,189.239,196.284,199.912,202.482,204.219,214.342,217.741,219.968,222.482,227.903,230.229,233.544,236.655,238.512,240.911,251.152,253.903,256.114,258.726,263.624,266.612,270.151,272.5,275.61,279.061,282.489,290.2,293.136,294.804,302.897,305.718,308.815,312.037,313.814,315.977,322.699,324.968,327.956,331.083,332.839,334.594,337.234,339.484,341.968,344.701,346.641,354.496,356.798,359.548,362.727,366.111,369.208,372.403,383.005,385.949,387.44,398.113,400.687,403.619,406.646,409.95,411.528,419.231,422.202,429.415,432.178,434.556,441.777,444.654,447.42,454.759,457.941,460.31,463.489,467.692,470.345,473.482,476.832,483.702,486.575,489.954,494.122,502.397,504.973,508.263,518.365,520.431,522.8819999999999,524.913,530.331,532.429,535.6319999999999,545.396,548.484,550.891,554.178,563.677,566.828,573.394,577.025,584.903,592.623,594.676],
	"duration":[0.772,0.772,0.772,0.772,0.772,0.772,0.772,0.772,0.772,0.772,0.772,0.772,0.772,0.772,0.772,0.772,0.772,0.772,0.772,0.772,0.772,0.772,0.772,0.772,0.772,0.772,0.772,0.772,0.772,0.772,0.772,0.772,0.772,0.772,0.772,0.772,0.772,0.772,0.772,0.772,0.772,0.772,0.772,0.772,0.772,0.772,0.772,0.772,0.772,0.772,0.772,0.772,0.772,0.772,0.772,0.772,0.772,0.772,0.772,0.772,0.772,0.772,0.772,0.772,0.772,0.772,0.772,0.772,0.772,0.772,0.772,0.772,0.772,0.772,0.772,0.772,0.772,0.772,0.772,0.772,0.772,0.772,0.772,0.772,0.772,0.772,0.772,0.772,0.772,0.772,0.772,0.772,0.772,0.772,0.772,0.772,0.772,0.772,0.772,0.772,0.772,0.772,0.772,0.772,0.772,0.772,0.772,0.772,0.772,0.772,0.772,0.772,0.772,0.772,0.772,0.772,0.772,0.772,0.772,0.772,0.772,0.772,0.772,0.772,0.772,0.772,0.772,0.772,0.772,0.772,0.772,0.772,0.772,0.772,0.772,0.772,0.772,0.772,0.772,0.772,0.772,0.772,0.772,0.772,0.772,0.772,0.772,0.772,0.772,0.772,0.772,0.772,0.772],
	"trial_type":[
		"pumps_demean",
		"pumps_demean",
		"pumps_demean",
		"pumps_demean",
		"pumps_demean",
		"pumps_demean",
		"pumps_demean",
		"cash_demean",
		"pumps_demean",
		"pumps_demean",
		"pumps_demean",
		"pumps_demean",
		"cash_demean",
		"pumps_demean",
		"explode_demean",
		"control_pumps_demean",
		"control_pumps_demean",
		"control_pumps_demean",
		"pumps_demean",
		"pumps_demean",
		"pumps_demean",
		"pumps_demean",
		"explode_demean",
		"control_pumps_demean",
		"control_pumps_demean",
		"control_pumps_demean",
		"control_pumps_demean",
		"pumps_demean",
		"pumps_demean",
		"pumps_demean",
		"cash_demean",
		"pumps_demean",
		"explode_demean",
		"pumps_demean",
		"pumps_demean",
		"pumps_demean",
		"cash_demean",
		"control_pumps_demean",
		"control_pumps_demean",
		"control_pumps_demean",
		"control_pumps_demean",
		"control_pumps_demean",
		"control_pumps_demean",
		"pumps_demean",
		"pumps_demean",
		"pumps_demean",
		"pumps_demean",
		"explode_demean",
		"pumps_demean",
		"pumps_demean",
		"cash_demean",
		"pumps_demean",
		"pumps_demean",
		"pumps_demean",
		"cash_demean",
		"pumps_demean",
		"pumps_demean",
		"pumps_demean",
		"cash_demean",
		"pumps_demean",
		"pumps_demean",
		"pumps_demean",
		"pumps_demean",
		"pumps_demean",
		"cash_demean",
		"pumps_demean",
		"pumps_demean",
		"pumps_demean",
		"explode_demean",
		"pumps_demean",
		"pumps_demean",
		"pumps_demean",
		"pumps_demean",
		"pumps_demean",
		"pumps_demean",
		"cash_demean",
		"pumps_demean",
		"pumps_demean",
		"explode_demean",
		"pumps_demean",
		"pumps_demean",
		"pumps_demean",
		"pumps_demean",
		"pumps_demean",
		"cash_demean",
		"control_pumps_demean",
		"control_pumps_demean",
		"control_pumps_demean",
		"control_pumps_demean",
		"control_pumps_demean",
		"control_pumps_demean",
		"control_pumps_demean",
		"control_pumps_demean",
		"control_pumps_demean",
		"control_pumps_demean",
		"control_pumps_demean",
		"control_pumps_demean",
		"control_pumps_demean",
		"control_pumps_demean",
		"control_pumps_demean",
		"control_pumps_demean",
		"control_pumps_demean",
		"control_pumps_demean",
		"control_pumps_demean",
		"control_pumps_demean",
		"control_pumps_demean",
		"pumps_demean",
		"pumps_demean",
		"pumps_demean",
		"pumps_demean",
		"pumps_demean",
		"explode_demean",
		"control_pumps_demean",
		"control_pumps_demean",
		"pumps_demean",
		"pumps_demean",
		"cash_demean",
		"pumps_demean",
		"pumps_demean",
		"cash_demean",
		"pumps_demean",
		"pumps_demean",
		"pumps_demean",
		"explode_demean",
		"pumps_demean",
		"pumps_demean",
		"pumps_demean",
		"explode_demean",
		"pumps_demean",
		"pumps_demean",
		"pumps_demean",
		"cash_demean",
		"pumps_demean",
		"pumps_demean",
		"cash_demean",
		"pumps_demean",
		"pumps_demean",
		"pumps_demean",
		"cash_demean",
		"control_pumps_demean",
		"control_pumps_demean",
		"control_pumps_demean",
		"control_pumps_demean",
		"control_pumps_demean",
		"control_pumps_demean",
		"control_pumps_demean",
		"pumps_demean",
		"explode_demean",
		"pumps_demean",
		"explode_demean",
		"control_pumps_demean",
		"pumps_demean",
		"explode_demean"
	],
	"cash_demean":[
		"n/a",
		"n/a",
		"n/a",
		"n/a",
		"n/a",
		"n/a",
		"n/a",
		3.467,
		"n/a",
		"n/a",
		"n/a",
		"n/a",
		0.467,
		"n/a",
		"n/a",
		"n/a",
		"n/a",
		"n/a",
		"n/a",
		"n/a",
		"n/a",
		"n/a",
		"n/a",
		"n/a",
		"n/a",
		"n/a",
		"n/a",
		"n/a",
		"n/a",
		"n/a",
		-0.533,
		"n/a",
		"n/a",
		"n/a",
		"n/a",
		"n/a",
		-0.533,
		"n/a",
		"n/a",
		"n/a",
		"n/a",
		"n/a",
		"n/a",
		"n/a",
		"n/a",
		"n/a",
		"n/a",
		"n/a",
		"n/a",
		"n/a",
		-1.533,
		"n/a",
		"n/a",
		"n/a",
		-0.533,
		"n/a",
		"n/a",
		"n/a",
		-0.533,
		"n/a",
		"n/a",
		"n/a",
		"n/a",
		"n/a",
		1.467,
		"n/a",
		"n/a",
		"n/a",
		"n/a",
		"n/a",
		"n/a",
		"n/a",
		"n/a",
		"n/a",
		"n/a",
		2.467,
		"n/a",
		"n/a",
		"n/a",
		"n/a",
		"n/a",
		"n/a",
		"n/a",
		"n/a",
		1.467,
		"n/a",
		"n/a",
		"n/a",
		"n/a",
		"n/a",
		"n/a",
		"n/a",
		"n/a",
		"n/a",
		"n/a",
		"n/a",
		"n/a",
		"n/a",
		"n/a",
		"n/a",
		"n/a",
		"n/a",
		"n/a",
		"n/a",
		"n/a",
		"n/a",
		"n/a",
		"n/a",
		"n/a",
		"n/a",
		"n/a",
		"n/a",
		"n/a",
		"n/a",
		"n/a",
		"n/a",
		-1.533,
		"n/a",
		"n/a",
		-1.533,
		"n/a",
		"n/a",
		"n/a",
		"n/a",
		"n/a",
		"n/a",
		"n/a",
		"n/a",
		"n/a",
		"n/a",
		"n/a",
		-0.533,
		"n/a",
		"n/a",
		-1.533,
		"n/a",
		"n/a",
		"n/a",
		-0.533,
		"n/a",
		"n/a",
		"n/a",
		"n/a",
		"n/a",
		"n/a",
		"n/a",
		"n/a",
		"n/a",
		"n/a",
		"n/a",
		"n/a",
		"n/a",
		"n/a"
	],