{
	"onset":[24.1918,27.5164,30.6909,33.8309,37.0055,40.3291,43.6036,46.7773,49.8682,53.1255,56.2164,59.49,62.4973,65.5373,68.62820000000001,71.76819999999999,74.82550000000001,78.0827,81.3736,84.54819999999999,87.68819999999999,90.9464,94.0364,97.2109,100.418,103.575,106.834,110.107,113.181,116.338,119.362,122.653,125.76,128.867,132.007,135.248,138.355,141.513,144.636,147.844,150.968,154.259,157.616,160.674,163.815,166.972,170.045,173.369,176.61,179.935,183.142,186.433,189.59,192.714,196.022,199.263,202.554,205.811,209.052,212.309,215.5,218.775,221.781,224.888,227.962,231.069,234.31,237.384,240.575,243.648,246.789,250.046,253.371,256.595,259.802,262.893,265.966,269.157,272.365,275.538,278.829,282.054,285.395,288.719,291.876,295.066,298.275,301.515,304.689,307.779,310.87,314.061,317.235,320.408,323.565,326.856,330.064,333.105,336.162,339.252,342.509,345.734,348.941,352.082,355.389,358.546,361.755,364.911,368.018,371.159,374.366,377.406,380.564,383.788,387.029,390.219,393.51,396.768,400.008,403.333,406.507,409.514,412.638,415.678,418.869,422.076,425.234,428.475,431.515,434.688,437.746,440.92,444.06,447.251,450.359,453.465,456.555,459.696,462.955,466.128,469.435,472.743,475.867,479.107,482.365,485.323,488.379,491.686,494.961],
	"duration":[0,0,0,0,0,0,0,0,0,0,0,0,0,0,0,0,0,0,0,0,0,0,0,0,0,0,0,0,0,0,0,0,0,0,0,0,0,0,0,0,0,0,0,0,0,0,0,0,0,0,0,0,0,0,0,0,0,0,0,0,0,0,0,0,0,0,0,0,0,0,0,0,0,0,0,0,0,0,0,0,0,0,0,0,0,0,0,0,0,0,0,0,0,0,0,0,0,0,0,0,0,0,0,0,0,0,0,0,0,0,0,0,0,0,0,0,0,0,0,0,0,0,0,0,0,0,0,0,0,0,0,0,0,0,0,0,0,0,0,0,0,0,0,0,0,0,0,0,0],
	"event_sample":[26611,30268,33760,37214,40706,44362,47964,51455,54855,58438,61838,65439,68747,72091,75491,78945,82308,85891,89511,93003,96457,100041,103440,106932,110460,113933,117517,121118,124499,127972,131298,134918,138336,141754,145208,148773,152191,155664,159100,162628,166065,169685,173378,176741,180196,183669,187050,190706,194271,197929,201456,205076,208549,211985,215624,219189,222809,226392,229957,233540,237050,240652,243959,247377,250758,254176,257741,261122,264632,268013,271468,275051,278708,282254,285782,289182,292563,296073,299601,303092,306712,310259,313934,317591,321064,324573,328102,331666,335158,338557,341957,345467,348958,352449,355922,359542,363070,366415,369778,373177,376760,380307,383835,387290,390928,394401,397930,401402,404820,408275,411803,415147,418620,422167,425732,429241,432861,436445,440009,443666,447158,450465,453902,457246,460756,464284,467757,471322,474666,478157,481521,485012,488466,491976,495395,498812,502211,505666,509250,512741,516379,520017,523454,527018,530602,533855,537217,540855,544457],
	"trial_type":[
		"Scrambled",
		"Scrambled",
		"Unfamiliar",
		"Scrambled",
		"Unfamiliar",
		"Famous",
		"Famous",
		"Unfamiliar",
		"Unfamiliar",
		"Scrambled",
		"Unfamiliar",
		"Famous",
		"Famous",
		"Scrambled",
		"Unfamiliar",
		"Unfamiliar",
		"Scrambled",
		"Scrambled",
		"Famous",
		"Unfamiliar",
		"Unfamiliar",
		"Scrambled",
		"Unfamiliar",
		"Unfamiliar",
		"Unfamiliar",
		"Unfamiliar",
		"Famous",
		"Famous",
		"Famous",
		"Scrambled",
		"Famous",
		"Famous",
		"Unfamiliar",
		"Scrambled",
		"Unfamiliar",
		"Unfamiliar",
		"Famous",
		"Unfamiliar",
		"Famous",
		"Unfamiliar",
		"Unfamiliar",
		"Scrambled",
		"Scrambled",
		"Scrambled",
		"Famous",
		"Famous",
		"Scrambled",
		"Scrambled",
		"Unfamiliar",
		"Unfamiliar",
		"Unfamiliar",
		"Unfamiliar",
		"Unfamiliar",
		"Famous",
		"Famous",
		"Scrambled",
		"Famous",
		"Famous",
		"Unfamiliar",
		"Scrambled",
		"Unfamiliar",
		"Famous",
		"Scrambled",
		"Scrambled",
		"Famous",
		"Famous",
		"Famous",
		"Famous",
		"Famous",
		"Famous",
		"Scrambled",
		"Scrambled",
		"Scrambled",
		"Famous",
		"Scrambled",
		"Scrambled",
		"Unfamiliar",
		"Unfamiliar",
		"Unfamiliar",
		"Unfamiliar",
		"Famous",
		"Unfamiliar",
		"Unfamiliar",
		"Famous",
		"Unfamiliar",
		"Unfamiliar",
		"Scrambled",
		"Scrambled",
		"Scrambled",
		"Scrambled",
		"Scrambled",
		"Famous",
		"Famous",
		"Unfamiliar",
		"Famous",
		"Unfamiliar",
		"Unfamiliar",
		"Scrambled",
		"Scrambled",
		"Scrambled",
		"Scrambled",
		"Scrambled",
		"Unfamiliar",
		"Famous",
		"Famous",
		"Famous",
		"Scrambled",
		"Scrambled",
		"Unfamiliar",
		"Scrambled",
		"Famous",
		"Scrambled",
		"Unfamiliar",
		"Famous",
		"Famous",
		"Famous",
		"Unfamiliar",
		"Scrambled",
		"Scrambled",
		"Famous",
		"Unfamiliar",
		"Scrambled",
		"Unfamiliar",
		"Unfamiliar",
		"Famous",
		"Famous",
		"Famous",
		"Unfamiliar",
		"Scrambled",
		"Scrambled",
		"Scrambled",
		"Scrambled",
		"Unfamiliar",
		"Famous",
		"Famous",
		"Unfamiliar",
		"Famous",
		"Scrambled",
		"Famous",
		"Famous",
		"Famous",
		"Scrambled",
		"Famous",
		"Famous",
		"Scrambled",
		"Scrambled",
		"Unfamiliar",
		"Unfamiliar",
		"Unfamiliar"
	],
	"event_value":[17,18,13,17,13,5,6,13,14,17,15,5,6,19,13,15,17,18,5,13,14,19,13,13,14,15,5,5,7,17,5,6,15,17,13,14,7,13,7,13,14,19,17,18,5,6,19,17,13,15,13,13,14,5,5,19,5,6,15,17,15,5,17,18,7,5,6,7,5,5,19,17,18,7,17,18,13,14,13,14,7,13,14,7,13,13,17,18,17,18,17,5,6,15,5,15,13,17,18,17,18,19,13,5,6,7,17,18,15,17,5,17,15,5,6,5,13,19,17,7,13,19,13,14,5,7,5,15,17,19,17,18,15,5,6,13,7,17,7,5,6,19,5,6,17,18,13,14,15],
	"stim_file":[
		"s138.bmp",
		"s138.bmp",
		"u105.bmp",
		"s064.bmp",
		"u005.bmp",
		"f015.bmp",
		"f015.bmp",
		"u013.bmp",
		"u013.bmp",
		"s131.bmp",
		"u105.bmp",
		"f088.bmp",
		"f088.bmp",
		"s064.bmp",
		"u026.bmp",
		"u005.bmp",
		"s037.bmp",
		"s037.bmp",
		"f013.bmp",
		"u109.bmp",
		"u109.bmp",
		"s131.bmp",
		"u027.bmp",
		"u138.bmp",
		"u138.bmp",
		"u026.bmp",
		"f079.bmp",
		"f081.bmp",
		"f013.bmp",
		"s079.bmp",
		"f046.bmp",
		"f046.bmp",
		"u027.bmp",
		"s099.bmp",
		"u107.bmp",
		"u107.bmp",
		"f079.bmp",
		"u028.bmp",
		"f081.bmp",
		"u064.bmp",
		"u064.bmp",
		"s079.bmp",
		"s101.bmp",
		"s101.bmp",
		"f111.bmp",
		"f111.bmp",
		"s099.bmp",
		"s095.bmp",
		"u115.bmp",
		"u028.bmp",
		"u091.bmp",
		"u018.bmp",
		"u018.bmp",
		"f129.bmp",
		"f031.bmp",
		"s095.bmp",
		"f019.bmp",
		"f019.bmp",
		"u115.bmp",
		"s113.bmp",
		"u091.bmp",
		"f056.bmp",
		"s013.bmp",
		"s013.bmp",
		"f129.bmp",
		"f026.bmp",
		"f026.bmp",
		"f031.bmp",
		"f072.bmp",
		"f057.bmp",
		"s113.bmp",
		"s114.bmp",
		"s114.bmp",
		"f056.bmp",
		"s005.bmp",
		"s005.bmp",
		"u080.bmp",
		"u080.bmp",
		"u117.bmp",
		"u117.bmp",
		"f072.bmp",
		"u128.bmp",
		"u128.bmp",
		"f057.bmp",
		"u016.bmp",
		"u086.bmp",
		"s017.bmp",
		"s017.bmp",
		"s051.bmp",
		"s051.bmp",
		"s042.bmp",
		"f049.bmp",
		"f049.bmp",
		"u016.bmp",
		"f140.bmp",
		"u086.bmp",
		"u015.bmp",
		"s088.bmp",
		"s088.bmp",
		"s122.bmp",
		"s122.bmp",
		"s042.bmp",
		"u146.bmp",
		"f091.bmp",
		"f091.bmp",
		"f140.bmp",
		"s084.bmp",
		"s084.bmp",
		"u015.bmp",
		"s133.bmp",
		"f045.bmp",
		"s146.bmp",
		"u146.bmp",
		"f063.bmp",
		"f063.bmp",
		"f118.bmp",
		"u111.bmp",
		"s133.bmp",
		"s055.bmp",
		"f045.bmp",
		"u010.bmp",
		"s146.bmp",
		"u100.bmp",
		"u100.bmp",
		"f054.bmp",
		"f118.bmp",
		"f083.bmp",
		"u111.bmp",
		"s011.bmp",
		"s055.bmp",
		"s123.bmp",
		"s123.bmp",
		"u010.bmp",
		"f011.bmp",
		"f011.bmp",
		"u019.bmp",
		"f054.bmp",
		"s089.bmp",
		"f083.bmp",
		"f048.bmp",
		"f048.bmp",
		"s011.bmp",
		"f146.bmp",
		"f146.bmp",
		"s134.bmp",
		"s134.bmp",
		"u116.bmp",
		"u116.bmp",
		"u019.bmp"
	]
}
