{
	"onset":[16.013,21.257,26.501,37.007,42.251,47.512,52.756,58.017,63.261,68.505,73.76600000000001,79.011,84.255,89.51600000000001,94.76000000000001,100.004,110.509,115.754,121.014,126.259,131.503,136.764,142.008,147.252,152.513,158.604,163.135,168.263,173.507,184.012,189.256,194.517,199.762,205.006,210.267,215.511,220.755,226.016,231.26,236.505,241.766,247.01,257.515,262.759,268.003,273.264,278.509,283.753,289.014,294.258,299.502,304.763,310.008,315.252,320.513,331.001,336.262,341.506,346.767,352.011,357.256,362.517,367.761,373.005,378.266,383.51,388.755,394.015,404.504,409.765,415.009,420.253,425.514,430.759,436.003,441.264,446.508,451.752,457.013,462.257,467.502,478.007,483.251,488.512,493.756,499.017,504.261,509.505,514.766,520.011,525.255,530.516,535.76,541.004,551.51,556.754],
	"duration":[4.5,4.5,4.5,4.5,4.5,4.5,4.5,4.5,4.5,4.5,4.5,4.5,4.5,4.5,4.5,4.5,4.5,4.5,4.5,4.5,4.5,4.5,4.5,4.5,4.5,4.5,4.5,4.5,4.5,4.5,4.5,4.5,4.5,4.5,4.5,4.5,4.5,4.5,4.5,4.5,4.5,4.5,4.5,4.5,4.5,4.5,4.5,4.5,4.5,4.5,4.5,4.5,4.5,4.5,4.5,4.5,4.5,4.5,4.5,4.5,4.5,4.5,4.5,4.5,4.5,4.5,4.5,4.5,4.5,4.5,4.5,4.5,4.5,4.5,4.5,4.5,4.5,4.5,4.5,4.5,4.5,4.5,4.5,4.5,4.5,4.5,4.5,4.5,4.5,4.5,4.5,4.5,4.5,4.5,4.5,4.5],
	"trial_type":[
		"hard_par",
		"easy_par",
		"hard_par",
		"easy_par",
		"easy_par",
		"hard_par",
		"easy_par",
		"easy_par",
		"hard_par",
		"easy_par",
		"easy_par",
		"easy_par",
		"hard_par",
		"easy_par",
		"hard_par",
		"easy_par",
		"hard_par",
		"hard_par",
		"easy_par",
		"easy_par",
		"hard_par",
		"hard_par",
		"easy_par",
		"easy_par",
		"easy_par",
		"hard_par",
		"easy_par",
		"easy_par",
		"hard_par",
		"hard_par",
		"easy_par",
		"easy_par",
		"easy_par",
		"hard_par",
		"hard_par",
		"easy_par",
		"hard_par",
		"hard_par",
		"easy_par",
		"hard_par",
		"easy_par",
		"easy_par",
		"hard_par",
		"easy_par",
		"easy_par",
		"easy_par",
		"hard_par",
		"easy_par",
		"hard_par",
		"hard_par",
		"hard_par",
		"easy_par",
		"hard_par",
		"easy_par",
		"easy_par",
		"hard_par",
		"hard_par",
		"hard_par",
		"hard_par",
		"hard_par",
		"easy_par",
		"easy_par",
		"hard_par",
		"hard_par",
		"easy_par",
		"hard_par",
		"easy_par",
		"hard_par",
		"hard_par",
		"hard_par",
		"easy_par",
		"easy_par",
		"hard_par",
		"hard_par",
		"easy_par",
		"hard_par",
		"easy_par",
		"easy_par",
		"easy_par",
		"hard_par",
		"hard_par",
		"hard_par",
		"easy_par",
		"hard_par",
		"easy_par",
		"easy_par",
		"hard_par",
		"hard_par",
		"easy_par",
		"easy_par",
		"easy_par",
		"hard_par",
		"hard_par",
		"easy_par",
		"hard_par",
		"hard_par"
	],
	"easy_par":[
		"n/a",
		0.646,
		"n/a",
		-0.354,
		-0.354,
		"n/a",
		0.646,
		0.646,
		"n/a",
		-0.354,
		-0.354,
		0.646,
		"n/a",
		0.646,
		"n/a",
		0.646,
		"n/a",
		"n/a",
		-0.354,
		-0.354,
		"n/a",
		"n/a",
		0.646,
		-0.354,
		-0.354,
		"n/a",
		-0.354,
		-0.354,
		"n/a",
		"n/a",
		-0.354,
		-0.354,
		-0.354,
		"n/a",
		"n/a",
		0.646,
		"n/a",
		"n/a",
		-0.354,
		"n/a",
		0.646,
		-0.354,
		"n/a",
		-0.354,
		-0.354,
		0.646,
		"n/a",
		-0.354,
		"n/a",
		"n/a",
		"n/a",
		-0.354,
		"n/a",
		0.646,
		-0.354,
		"n/a",
		"n/a",
		"n/a",
		"n/a",
		"n/a",
		-0.354,
		0.646,
		"n/a",
		"n/a",
		0.646,
		"n/a",
		-0.354,
		"n/a",
		"n/a",
		"n/a",
		-0.354,
		-0.354,
		"n/a",
		"n/a",
		0.646,
		"n/a",
		-0.354,
		-0.354,
		-0.354,
		"n/a",
		"n/a",
		"n/a",
		-0.354,
		"n/a",
		-0.354,
		-0.354,
		"n/a",
		"n/a",
		0.646,
		0.646,
		0.646,
		"n/a",
		"n/a",
		-0.354,
		"n/a",
		"n/a"
	],
	"hard_par":[
		0.417,
		"n/a",
		0.417,
		"n/a",
		"n/a",
		0.417,
		"n/a",
		"n/a",
		0.417,
		"n/a",
		"n/a",
		"n/a",
		-0.583,
		"n/a",
		0.417,
		"n/a",
		-0.583,
		-0.583,
		"n/a",
		"n/a",
		0.417,
		0.417,
		"n/a",
		"n/a",
		"n/a",
		0.417,
		"n/a",
		"n/a",
		-0.583,
		-0.583,
		"n/a",
		"n/a",
		"n/a",
		0.417,
		-0.583,
		"n/a",
		-0.583,
		0.417,
		"n/a",
		0.417,
		"n/a",
		"n/a",
		0.417,
		"n/a",
		"n/a",
		"n/a",
		0.417,
		"n/a",
		0.417,
		0.417,
		0.417,
		"n/a",
		0.417,
		"n/a",
		"n/a",
		-0.583,
		0.417,
		0.417,
		0.417,
		-0.583,
		"n/a",
		"n/a",
		-0.583,
		-0.583,
		"n/a",
		-0.583,
		"n/a",
		0.417,
		-0.583,
		0.417,
		"n/a",
		"n/a",
		0.417,
		-0.583,
		"n/a",
		-0.583,
		"n/a",
		"n/a",
		"n/a",
		-0.583,
		0.417,
		0.417,
		"n/a",
		-0.583,
		"n/a",
		"n/a",
		-0.583,
		0.417,
		"n/a",
		"n/a",
		"n/a",
		0.417,
		0.417,
		"n/a",
		-0.583,
		-0.583
	]
}
