{
	"onset":[1.005,8.009,13.004,19.012,29.002,37.002,43.009,49.017,53.016,60.003,65.015,71.006,77.014,84.001,89.01300000000001,95.004,99.004,105.011,111.002,119.001,127.017,134.004,141.007,147.015,151.015,159.014,170.017,177.004,183.011,190.015,194.014,201.001,205.017,212.004,217.016,223.007,233.014,241.014,248.017,254.008,259.004,266.007,272.015,280.014,285.009,292.013,297.008,305.007,309.007,316.01,320.01,326.017,339.012,347.011,353.002,362.014,367.009,375.008,380.003,386.011],
	"duration":[5,3,5,3,5,3,5,3,5,3,5,3,5,3,5,3,5,3,5,3,5,3,5,3,5,3,5,3,5,3,5,3,5,3,5,3,5,3,5,3,5,3,5,3,5,3,5,3,5,3,5,3,5,3,5,3,5,3,5,3],
	"trial_type":[
		"att_neg",
		"rating_par",
		"att_neut",
		"rating_par",
		"att_neg",
		"rating_par",
		"suppr_neg",
		"rating_par",
		"suppr_neg",
		"rating_par",
		"suppr_neg",
		"rating_par",
		"suppr_neg",
		"rating_par",
		"att_neut",
		"rating_par",
		"att_neg",
		"rating_par",
		"att_neg",
		"rating_par",
		"suppr_neg",
		"rating_par",
		"att_neut",
		"rating_par",
		"att_neg",
		"rating_par",
		"att_neut",
		"rating_par",
		"att_neg",
		"rating_par",
		"att_neut",
		"rating_par",
		"att_neut",
		"rating_par",
		"suppr_neg",
		"rating_par",
		"att_neut",
		"rating_par",
		"att_neg",
		"rating_par",
		"suppr_neg",
		"rating_par",
		"att_neut",
		"rating_par",
		"att_neut",
		"rating_par",
		"suppr_neg",
		"rating_par",
		"att_neg",
		"rating_par",
		"suppr_neg",
		"rating_par",
		"suppr_neg",
		"rating_par",
		"att_neg",
		"rating_par",
		"att_neg",
		"junk_rating",
		"att_neut",
		"rating_par"
	],
	"rating_par":[
		"n/a",
		-0.06900000000000001,
		"n/a",
		-0.06900000000000001,
		"n/a",
		-0.06900000000000001,
		"n/a",
		-0.06900000000000001,
		"n/a",
		-0.06900000000000001,
		"n/a",
		-0.06900000000000001,
		"n/a",
		-0.06900000000000001,
		"n/a",
		-0.06900000000000001,
		"n/a",
		-0.06900000000000001,
		"n/a",
		-0.06900000000000001,
		"n/a",
		-0.06900000000000001,
		"n/a",
		-0.06900000000000001,
		"n/a",
		-0.06900000000000001,
		"n/a",
		-0.06900000000000001,
		"n/a",
		-0.06900000000000001,
		"n/a",
		-0.06900000000000001,
		"n/a",
		-0.06900000000000001,
		"n/a",
		-0.06900000000000001,
		"n/a",
		-0.06900000000000001,
		"n/a",
		0.931,
		"n/a",
		-0.06900000000000001,
		"n/a",
		-0.06900000000000001,
		"n/a",
		-0.06900000000000001,
		"n/a",
		-0.06900000000000001,
		"n/a",
		0.931,
		"n/a",
		-0.06900000000000001,
		"n/a",
		-0.06900000000000001,
		"n/a",
		-0.06900000000000001,
		"n/a",
		"n/a",
		"n/a",
		-0.06900000000000001
	]
}
