{
	"onset":[0.031,4.395,8.013,10.768,13.008,15.133,17.257,19.514,23.513,28.392,31.645,34.018,37.271,39.395,41.885,44.142,47.013,49.386,51.51,53.884,56.639,59.642,62.646,65.13500000000001,67.758,69.76600000000001,72.255,74.512,76.52,79.142,83.50700000000001,88.27,93.38200000000001,97.265,99.887,101.895,103.887,107.007,109.015,111.521,115.139,117.512,121.893,125.395,128.515,130.506,132.631,135.02,138.506,141.891,144.762,147.135,150.388,153.143,157.757,160.761,162.885,165.009,167.133,170.768,173.39,175.514,179.016,182.269,184.26,186.385,188.393,191.015,193.388,197.885,202.764,206.382,208.639,212.506,214.896,217.136,221.136,223.642,225.766,228.139,230.762,232.77,235.641,239.01,241.267,243.258,245.515,247.756,250.013,252.519,255.887,258.261,261.016,266.011,269.015,271.139,273.131,275.886,278.508,281.263,283.271,285.76,288.515,290.755,294.772,297.012,299.136,301.51,303.518,306.77,308.894,311.766,314.77,317.508,319.765,322.52,324.511,327.133,330.137,332.511,337.141,339.63,341.638,344.011,346.136,348.144,351.761,354.765],
	"duration":[1.5,1.5,1.5,1.5,1.5,1.5,1.5,1.5,1.5,1.5,1.5,1.5,1.5,1.5,1.5,1.5,1.5,1.5,1.5,1.5,1.5,1.5,1.5,1.5,1.5,1.5,1.5,1.5,1.5,1.5,1.5,1.5,1.5,1.5,1.5,1.5,1.5,1.5,1.5,1.5,1.5,1.5,1.5,1.5,1.5,1.5,1.5,1.5,1.5,1.5,1.5,1.5,1.5,1.5,1.5,1.5,1.5,1.5,1.5,1.5,1.5,1.5,1.5,1.5,1.5,1.5,1.5,1.5,1.5,1.5,1.5,1.5,1.5,1.5,1.5,1.5,1.5,1.5,1.5,1.5,1.5,1.5,1.5,1.5,1.5,1.5,1.5,1.5,1.5,1.5,1.5,1.5,1.5,1.5,1.5,1.5,1.5,1.5,1.5,1.5,1.5,1.5,1.5,1.5,1.5,1.5,1.5,1.5,1.5,1.5,1.5,1.5,1.5,1.5,1.5,1.5,1.5,1.5,1.5,1.5,1.5,1.5,1.5,1.5,1.5,1.5,1.5,1.5],
	"trial_type":[
		"unsucc_stop",
		"go",
		"unsucc_stop",
		"go",
		"go",
		"go",
		"go",
		"junk",
		"go",
		"go",
		"unsucc_stop",
		"go",
		"unsucc_stop",
		"go",
		"go",
		"go",
		"go",
		"go",
		"go",
		"go",
		"succ_stop",
		"succ_stop",
		"go",
		"go",
		"go",
		"go",
		"go",
		"go",
		"go",
		"go",
		"unsucc_stop",
		"unsucc_stop",
		"unsucc_stop",
		"go",
		"go",
		"go",
		"go",
		"go",
		"go",
		"unsucc_stop",
		"go",
		"go",
		"unsucc_stop",
		"go",
		"go",
		"go",
		"unsucc_stop",
		"go",
		"succ_stop",
		"go",
		"go",
		"go",
		"succ_stop",
		"go",
		"go",
		"go",
		"go",
		"go",
		"go",
		"go",
		"succ_stop",
		"unsucc_stop",
		"go",
		"go",
		"go",
		"go",
		"go",
		"go",
		"unsucc_stop",
		"go",
		"unsucc_stop",
		"junk",
		"go",
		"go",
		"unsucc_stop",
		"go",
		"go",
		"go",
		"go",
		"unsucc_stop",
		"unsucc_stop",
		"unsucc_stop",
		"go",
		"go",
		"go",
		"go",
		"go",
		"go",
		"go",
		"go",
		"succ_stop",
		"go",
		"succ_stop",
		"go",
		"go",
		"go",
		"go",
		"go",
		"go",
		"unsucc_stop",
		"go",
		"go",
		"go",
		"unsucc_stop",
		"go",
		"go",
		"go",
		"go",
		"go",
		"go",
		"succ_stop",
		"succ_stop",
		"go",
		"go",
		"unsucc_stop",
		"go",
		"go",
		"go",
		"go",
		"unsucc_stop",
		"unsucc_stop",
		"go",
		"go",
		"go",
		"go",
		"unsucc_stop",
		"go",
		"go"
	]
}
