{
	"onset":[1.01,7.017,15.017,21.008,29.007,36.01,41.005,48.009,53.004,61.003,69.003,76.006,83.009,89.017,100.004,106.011,111.007,117.014,121.014,127.005,139.004,146.007,150.007,157.01,163.018,171.017,176.012,183.016,188.011,196.01,201.006,208.009,212.009,219.012,225.003,233.002,240.006,247.009,252.005,259.008,263.007,270.011,276.002,285.013,292.017,301.012,307.003,314.006,319.002,325.009,332.013,339.016,344.012,351.015,355.015,361.006,365.005,373.004,381.003,387.011],
	"duration":[5,3,5,3,5,3,5,3,5,3,5,3,5,3,5,3,5,3,5,3,5,3,5,3,5,3,5,3,5,3,5,3,5,3,5,3,5,3,5,3,5,3,5,3,5,3,5,3,5,3,5,3,5,3,5,3,5,3,5,3],
	"trial_type":[
		"att_neut",
		"rating_par",
		"att_neg",
		"rating_par",
		"att_neg",
		"rating_par",
		"suppr_neg",
		"rating_par",
		"suppr_neg",
		"rating_par",
		"att_neg",
		"rating_par",
		"suppr_neg",
		"rating_par",
		"att_neut",
		"rating_par",
		"att_neut",
		"rating_par",
		"suppr_neg",
		"rating_par",
		"att_neg",
		"rating_par",
		"att_neut",
		"rating_par",
		"suppr_neg",
		"rating_par",
		"att_neut",
		"rating_par",
		"att_neut",
		"rating_par",
		"att_neg",
		"rating_par",
		"att_neut",
		"rating_par",
		"att_neg",
		"rating_par",
		"att_neut",
		"rating_par",
		"suppr_neg",
		"rating_par",
		"att_neg",
		"rating_par",
		"att_neg",
		"rating_par",
		"att_neut",
		"rating_par",
		"suppr_neg",
		"rating_par",
		"suppr_neg",
		"rating_par",
		"suppr_neg",
		"rating_par",
		"suppr_neg",
		"rating_par",
		"att_neg",
		"rating_par",
		"att_neut",
		"rating_par",
		"att_neg",
		"rating_par"
	],
	"rating_par":[
		"n/a",
		-0.9330000000000001,
		"n/a",
		1.067,
		"n/a",
		0.067,
		"n/a",
		0.067,
		"n/a",
		1.067,
		"n/a",
		0.067,
		"n/a",
		0.067,
		"n/a",
		-0.9330000000000001,
		"n/a",
		-0.9330000000000001,
		"n/a",
		0.067,
		"n/a",
		1.067,
		"n/a",
		-0.9330000000000001,
		"n/a",
		-0.9330000000000001,
		"n/a",
		-0.9330000000000001,
		"n/a",
		-0.9330000000000001,
		"n/a",
		0.067,
		"n/a",
		-0.9330000000000001,
		"n/a",
		2.067,
		"n/a",
		-0.9330000000000001,
		"n/a",
		0.067,
		"n/a",
		2.067,
		"n/a",
		2.067,
		"n/a",
		-0.9330000000000001,
		"n/a",
		0.067,
		"n/a",
		0.067,
		"n/a",
		-0.9330000000000001,
		"n/a",
		0.067,
		"n/a",
		1.067,
		"n/a",
		-0.9330000000000001,
		"n/a",
		0.067
	]
}
