{
	"onset":[10.201,16.241,22.321,28.321,34.321,40.321,46.401,52.481,58.481,64.48099999999999,70.48099999999999,76.56100000000001,82.56100000000001,88.64100000000001,94.681,100.681,106.721,112.761,118.801,124.801,130.801,136.881,142.921,148.961,155.001,161.001,167.041,173.041,179.041,185.081,205.161,211.241,217.281,223.361,229.401,235.481,241.521,247.601,253.681,259.761,265.841,271.881,277.961,283.961,289.961,296.041,302.041,308.041,314.081,320.161,326.161,332.201,338.241,344.321,350.361,356.401,362.481,368.561,374.601,380.681],
	"duration":[2.999,2.999,2.999,2.999,2.999,2.999,2.999,2.999,2.999,2.999,2.999,2.999,2.999,2.999,2.999,2.999,2.999,2.999,2.999,2.999,2.999,2.999,2.999,2.999,2.999,2.999,2.999,2.999,2.999,2.999,2.999,2.999,2.999,2.999,2.999,2.999,2.999,2.999,2.999,2.999,2.999,2.999,2.999,2.999,2.999,2.999,2.999,2.999,2.999,2.999,2.999,2.999,2.999,2.999,2.999,2.999,2.999,2.999,2.999,2.999],
	"trial_type":[
		"tong_cue",
		"tong_cue",
		"hand_cue",
		"hand_cue",
		"tong_cue",
		"hand_cue",
		"tong_cue",
		"hand_cue",
		"hand_cue",
		"hand_cue",
		"hand_cue",
		"hand_cue",
		"tong_cue",
		"hand_cue",
		"hand_cue",
		"hand_cue",
		"hand_cue",
		"tong_cue",
		"hand_cue",
		"hand_cue",
		"tong_cue",
		"tong_cue",
		"tong_cue",
		"hand_cue",
		"tong_cue",
		"tong_cue",
		"tong_cue",
		"tong_cue",
		"tong_cue",
		"tong_cue",
		"hand_cue",
		"hand_cue",
		"hand_cue",
		"hand_cue",
		"tong_cue",
		"tong_cue",
		"hand_cue",
		"hand_cue",
		"hand_cue",
		"hand_cue",
		"tong_cue",
		"tong_cue",
		"tong_cue",
		"tong_cue",
		"hand_cue",
		"hand_cue",
		"tong_cue",
		"hand_cue",
		"tong_cue",
		"hand_cue",
		"tong_cue",
		"hand_cue",
		"tong_cue",
		"tong_cue",
		"hand_cue",
		"tong_cue",
		"tong_cue",
		"tong_cue",
		"tong_cue",
		"hand_cue"
	]
}
