{
	"onset":[23.5536,26.6773,29.8845,33.1255,36.1491,39.49,42.6473,45.8209,48.8445,52.1027,55.26,58.35,61.4073,64.59820000000001,67.87179999999999,71.0964,74.1036,77.4109,80.5518,83.8755,87.05,90.14,93.3145,96.62179999999999,99.8627,103.104,106.294,109.368,112.592,115.783,119.056,122.147,125.288,128.378,131.519,134.76,138.034,141.141,144.233,147.539,150.613,153.837,157.145,160.268,163.409,166.633,169.707,172.881,175.955,179.195,182.369,185.41,188.634,191.775,195.115,198.39,201.647,204.821,207.828,211.019,214.243,217.366,220.524,223.782,226.872,230.063,233.204,236.477,239.568,242.792,245.915,249.106,252.281,255.505,258.695,261.953,265.127,268.285,271.458,274.665,277.873,281.197,284.187,287.428,290.635,293.759,297.051,300.291,303.633,306.906,310.097,313.238,316.378,319.485,322.493,325.583,328.874,332.015,335.205,338.496,341.536,344.744,347.985,351.309,354.433,357.606,360.781,363.905,366.945,370.235,373.476,376.534,379.709,382.848,386.105,389.163,392.336,395.627,398.668,401.842,404.999,408.19,411.28,414.355,417.445,420.619,423.926,427.184,430.275,433.348,436.522,439.645,442.936,446.127,449.318,452.659,455.916,459.024,462.215,465.489,468.563,471.72,474.911,478.151,481.242,484.549],
	"duration":[0,0,0,0,0,0,0,0,0,0,0,0,0,0,0,0,0,0,0,0,0,0,0,0,0,0,0,0,0,0,0,0,0,0,0,0,0,0,0,0,0,0,0,0,0,0,0,0,0,0,0,0,0,0,0,0,0,0,0,0,0,0,0,0,0,0,0,0,0,0,0,0,0,0,0,0,0,0,0,0,0,0,0,0,0,0,0,0,0,0,0,0,0,0,0,0,0,0,0,0,0,0,0,0,0,0,0,0,0,0,0,0,0,0,0,0,0,0,0,0,0,0,0,0,0,0,0,0,0,0,0,0,0,0,0,0,0,0,0,0,0,0,0,0,0,0],
	"onset_sample":[25909,29345,32873,36438,39764,43439,46912,50403,53729,57313,60786,64185,67548,71058,74659,78206,81514,85152,88607,92263,95755,99154,102646,106284,109849,113414,116923,120305,123851,127361,130962,134362,137817,141216,144671,148236,151837,155255,158656,162293,165674,169221,172859,176295,179750,183296,186678,190169,193550,197115,200606,203951,207497,210952,214627,218229,221812,225303,228611,232121,235667,239103,242576,246160,249559,253069,256524,260125,263525,267071,270507,274017,277509,281055,284565,288148,291640,295113,298604,302132,305660,309317,312606,316171,319699,323135,326756,330320,333996,337597,341107,344562,348016,351434,354742,358141,361761,365216,368726,372346,375690,379218,382783,386440,389876,393367,396859,400295,403640,407259,410824,414187,417680,421133,424716,428079,431570,435190,438535,442026,445499,449009,452408,455790,459189,462681,466319,469902,473302,476683,480174,483610,487230,490740,494250,497925,501508,504926,508436,512038,515419,518892,522402,525966,529366,533004],
	"stim_type":[
		"Famous",
		"Famous",
		"Scrambled",
		"Scrambled",
		"Scrambled",
		"Unfamiliar",
		"Scrambled",
		"Scrambled",
		"Unfamiliar",
		"Famous",
		"Famous",
		"Scrambled",
		"Famous",
		"Scrambled",
		"Scrambled",
		"Unfamiliar",
		"Famous",
		"Famous",
		"Unfamiliar",
		"Unfamiliar",
		"Unfamiliar",
		"Scrambled",
		"Scrambled",
		"Famous",
		"Scrambled",
		"Scrambled",
		"Unfamiliar",
		"Unfamiliar",
		"Unfamiliar",
		"Unfamiliar",
		"Unfamiliar",
		"Unfamiliar",
		"Unfamiliar",
		"Unfamiliar",
		"Unfamiliar",
		"Unfamiliar",
		"Famous",
		"Famous",
		"Unfamiliar",
		"Scrambled",
		"Unfamiliar",
		"Unfamiliar",
		"Unfamiliar",
		"Scrambled",
		"Unfamiliar",
		"Famous",
		"Unfamiliar",
		"Scrambled",
		"Famous",
		"Scrambled",
		"Unfamiliar",
		"Scrambled",
		"Scrambled",
		"Scrambled",
		"Unfamiliar",
		"Famous",
		"Unfamiliar",
		"Unfamiliar",
		"Scrambled",
		"Unfamiliar",
		"Unfamiliar",
		"Famous",
		"Famous",
		"Unfamiliar",
		"Unfamiliar",
		"Famous",
		"Unfamiliar",
		"Famous",
		"Famous",
		"Unfamiliar",
		"Unfamiliar",
		"Famous",
		"Famous",
		"Scrambled",
		"Unfamiliar",
		"Scrambled",
		"Scrambled",
		"Famous",
		"Scrambled",
		"Scrambled",
		"Scrambled",
		"Scrambled",
		"Scrambled",
		"Scrambled",
		"Famous",
		"Scrambled",
		"Scrambled",
		"Scrambled",
		"Famous",
		"Famous",
		"Scrambled",
		"Scrambled",
		"Scrambled",
		"Scrambled",
		"Scrambled",
		"Famous",
		"Unfamiliar",
		"Unfamiliar",
		"Scrambled",
		"Famous",
		"Famous",
		"Scrambled",
		"Unfamiliar",
		"Unfamiliar",
		"Scrambled",
		"Unfamiliar",
		"Famous",
		"Famous",
		"Unfamiliar",
		"Unfamiliar",
		"Scrambled",
		"Scrambled",
		"Scrambled",
		"Famous",
		"Famous",
		"Unfamiliar",
		"Scrambled",
		"Famous",
		"Unfamiliar",
		"Famous",
		"Famous",
		"Scrambled",
		"Famous",
		"Unfamiliar",
		"Unfamiliar",
		"Scrambled",
		"Famous",
		"Famous",
		"Unfamiliar",
		"Famous",
		"Famous",
		"Famous",
		"Famous",
		"Famous",
		"Famous",
		"Scrambled",
		"Famous",
		"Scrambled",
		"Scrambled",
		"Unfamiliar",
		"Famous",
		"Unfamiliar",
		"Famous",
		"Scrambled",
		"Famous",
		"Famous"
	],
	"trigger":[5,6,17,17,18,13,17,18,13,5,6,19,5,17,18,15,5,6,13,15,13,17,18,7,17,18,13,14,13,15,13,14,15,13,13,13,5,6,15,17,13,14,15,17,15,5,15,17,5,19,13,17,18,19,13,7,13,14,19,13,14,7,5,15,13,5,15,5,6,13,14,5,7,17,15,17,18,7,17,18,17,18,17,18,7,17,18,19,5,6,17,17,17,17,18,5,13,14,19,5,6,19,13,14,19,13,5,7,13,14,17,18,17,5,6,15,17,7,13,5,5,19,5,13,14,19,5,6,15,5,6,7,5,6,7,17,7,17,18,13,5,13,5,19,5,6],
	"stim_file":[
		"meg/f097.bmp",
		"meg/f097.bmp",
		"meg/s067.bmp",
		"meg/s106.bmp",
		"meg/s106.bmp",
		"meg/u015.bmp",
		"meg/s045.bmp",
		"meg/s045.bmp",
		"meg/u004.bmp",
		"meg/f061.bmp",
		"meg/f061.bmp",
		"meg/s067.bmp",
		"meg/f036.bmp",
		"meg/s066.bmp",
		"meg/s066.bmp",
		"meg/u015.bmp",
		"meg/f083.bmp",
		"meg/f083.bmp",
		"meg/u066.bmp",
		"meg/u004.bmp",
		"meg/u139.bmp",
		"meg/s140.bmp",
		"meg/s140.bmp",
		"meg/f036.bmp",
		"meg/s075.bmp",
		"meg/s075.bmp",
		"meg/u137.bmp",
		"meg/u137.bmp",
		"meg/u136.bmp",
		"meg/u066.bmp",
		"meg/u087.bmp",
		"meg/u087.bmp",
		"meg/u139.bmp",
		"meg/u094.bmp",
		"meg/u014.bmp",
		"meg/u032.bmp",
		"meg/f115.bmp",
		"meg/f115.bmp",
		"meg/u136.bmp",
		"meg/s086.bmp",
		"meg/u112.bmp",
		"meg/u112.bmp",
		"meg/u094.bmp",
		"meg/s060.bmp",
		"meg/u014.bmp",
		"meg/f132.bmp",
		"meg/u032.bmp",
		"meg/s072.bmp",
		"meg/f137.bmp",
		"meg/s086.bmp",
		"meg/u101.bmp",
		"meg/s145.bmp",
		"meg/s145.bmp",
		"meg/s060.bmp",
		"meg/u044.bmp",
		"meg/f132.bmp",
		"meg/u029.bmp",
		"meg/u029.bmp",
		"meg/s072.bmp",
		"meg/u109.bmp",
		"meg/u109.bmp",
		"meg/f137.bmp",
		"meg/f144.bmp",
		"meg/u101.bmp",
		"meg/u080.bmp",
		"meg/f015.bmp",
		"meg/u044.bmp",
		"meg/f024.bmp",
		"meg/f024.bmp",
		"meg/u138.bmp",
		"meg/u138.bmp",
		"meg/f090.bmp",
		"meg/f144.bmp",
		"meg/s012.bmp",
		"meg/u080.bmp",
		"meg/s129.bmp",
		"meg/s129.bmp",
		"meg/f015.bmp",
		"meg/s032.bmp",
		"meg/s032.bmp",
		"meg/s021.bmp",
		"meg/s021.bmp",
		"meg/s017.bmp",
		"meg/s017.bmp",
		"meg/f090.bmp",
		"meg/s131.bmp",
		"meg/s131.bmp",
		"meg/s012.bmp",
		"meg/f025.bmp",
		"meg/f025.bmp",
		"meg/s043.bmp",
		"meg/s083.bmp",
		"meg/s004.bmp",
		"meg/s107.bmp",
		"meg/s107.bmp",
		"meg/f091.bmp",
		"meg/u088.bmp",
		"meg/u088.bmp",
		"meg/s043.bmp",
		"meg/f128.bmp",
		"meg/f128.bmp",
		"meg/s083.bmp",
		"meg/u042.bmp",
		"meg/u042.bmp",
		"meg/s004.bmp",
		"meg/u083.bmp",
		"meg/f103.bmp",
		"meg/f091.bmp",
		"meg/u100.bmp",
		"meg/u100.bmp",
		"meg/s029.bmp",
		"meg/s029.bmp",
		"meg/s057.bmp",
		"meg/f120.bmp",
		"meg/f120.bmp",
		"meg/u083.bmp",
		"meg/s113.bmp",
		"meg/f103.bmp",
		"meg/u107.bmp",
		"meg/f116.bmp",
		"meg/f107.bmp",
		"meg/s057.bmp",
		"meg/f016.bmp",
		"meg/u133.bmp",
		"meg/u133.bmp",
		"meg/s113.bmp",
		"meg/f063.bmp",
		"meg/f063.bmp",
		"meg/u107.bmp",
		"meg/f135.bmp",
		"meg/f135.bmp",
		"meg/f116.bmp",
		"meg/f046.bmp",
		"meg/f046.bmp",
		"meg/f107.bmp",
		"meg/s006.bmp",
		"meg/f016.bmp",
		"meg/s122.bmp",
		"meg/s122.bmp",
		"meg/u081.bmp",
		"meg/f139.bmp",
		"meg/u061.bmp",
		"meg/f029.bmp",
		"meg/s006.bmp",
		"meg/f034.bmp",
		"meg/f034.bmp"
	]
}
