{
	"onset":[0.278,4.617,9.106999999999999,13.61,18.105,22.698,27.178,31.668,36.108,40.61,45.12,49.695,54.108,58.673,63.168,67.67400000000001,72.107,76.691,81.11499999999999,85.584,90.11799999999999,94.67400000000001,99.173,103.667,108.093,112.616,117.117,121.61,126.087,130.672,135.174,139.674,144.093,148.615,153.11,157.585,162.087,166.674,171.173,175.674,180.084,184.69,189.107,193.615,198.191,202.672,207.173,211.674,216.087,220.611,225.116,229.611,234.104,238.683,243.167,247.673,252.082,256.688,261.109,265.609,270.087,274.67,279.171,283.672,288.108,292.582,297.108,301.702,306.092,310.667,315.172,319.673,324.116,328.69,333.106,337.587,342.085,346.671,351.179,355.674],
	"duration":[
		2,
		2,
		2,
		2,
		2,
		"n/a",
		"n/a",
		"n/a",
		2,
		2,
		2,
		2,
		2,
		"n/a",
		"n/a",
		"n/a",
		2,
		2,
		2,
		2,
		2,
		"n/a",
		"n/a",
		"n/a",
		2,
		2,
		2,
		2,
		2,
		"n/a",
		"n/a",
		"n/a",
		2,
		2,
		2,
		2,
		2,
		"n/a",
		"n/a",
		"n/a",
		2,
		2,
		2,
		2,
		2,
		"n/a",
		"n/a",
		"n/a",
		2,
		2,
		2,
		2,
		2,
		"n/a",
		"n/a",
		"n/a",
		2,
		2,
		2,
		2,
		2,
		"n/a",
		"n/a",
		"n/a",
		2,
		2,
		2,
		2,
		2,
		"n/a",
		"n/a",
		"n/a",
		2,
		2,
		2,
		2,
		2,
		"n/a",
		"n/a",
		"n/a"
	],
	"trial_type":[
		"feedback",
		"feedback",
		"feedback",
		"feedback",
		"feedback",
		"n/a",
		"n/a",
		"n/a",
		"feedback",
		"feedback",
		"feedback",
		"feedback",
		"feedback",
		"n/a",
		"n/a",
		"n/a",
		"feedback",
		"feedback",
		"feedback",
		"feedback",
		"feedback",
		"n/a",
		"n/a",
		"n/a",
		"feedback",
		"feedback",
		"feedback",
		"feedback",
		"feedback",
		"n/a",
		"n/a",
		"n/a",
		"feedback",
		"feedback",
		"feedback",
		"feedback",
		"feedback",
		"n/a",
		"n/a",
		"n/a",
		"feedback",
		"feedback",
		"feedback",
		"feedback",
		"feedback",
		"n/a",
		"n/a",
		"n/a",
		"feedback",
		"feedback",
		"feedback",
		"feedback",
		"feedback",
		"n/a",
		"n/a",
		"n/a",
		"feedback",
		"feedback",
		"feedback",
		"feedback",
		"feedback",
		"n/a",
		"n/a",
		"n/a",
		"feedback",
		"feedback",
		"feedback",
		"feedback",
		"feedback",
		"n/a",
		"n/a",
		"n/a",
		"feedback",
		"feedback",
		"feedback",
		"feedback",
		"feedback",
		"n/a",
		"n/a",
		"n/a"
	],
	"feedback":[
		-1.28,
		-1.28,
		-1.28,
		-1.28,
		0.72,
		"n/a",
		"n/a",
		"n/a",
		-1.28,
		-1.28,
		-1.28,
		0.72,
		-1.28,
		"n/a",
		"n/a",
		"n/a",
		0.72,
		0.72,
		0.72,
		-1.28,
		0.72,
		"n/a",
		"n/a",
		"n/a",
		-1.28,
		0.72,
		-1.28,
		0.72,
		-1.28,
		"n/a",
		"n/a",
		"n/a",
		0.72,
		0.72,
		0.72,
		0.72,
		-1.28,
		"n/a",
		"n/a",
		"n/a",
		0.72,
		0.72,
		-1.28,
		0.72,
		-1.28,
		"n/a",
		"n/a",
		"n/a",
		0.72,
		0.72,
		0.72,
		0.72,
		0.72,
		"n/a",
		"n/a",
		"n/a",
		0.72,
		0.72,
		0.72,
		0.72,
		-1.28,
		"n/a",
		"n/a",
		"n/a",
		0.72,
		-1.28,
		0.72,
		0.72,
		0.72,
		"n/a",
		"n/a",
		"n/a",
		0.72,
		0.72,
		0.72,
		0.72,
		-1.28,
		"n/a",
		"n/a",
		"n/a"
	],
	"TrialNum":[1,2,3,4,5,6,7,8,9,10,11,12,13,14,15,16,17,18,19,20,21,22,23,24,25,26,27,28,29,30,31,32,33,34,35,36,37,38,39,40,41,42,43,44,45,46,47,48,49,50,51,52,53,54,55,56,57,58,59,60,61,62,63,64,65,66,67,68,69,70,71,72,73,74,75,76,77,78,79,80],
	"StimCond":[1,1,1,1,1,1,1,1,1,1,1,1,1,1,1,1,1,1,1,1,1,1,1,1,1,1,1,1,1,1,1,1,1,1,1,1,1,1,1,1,1,1,1,1,1,1,1,1,1,1,1,1,1,1,1,1,1,1,1,1,1,1,1,1,1,1,1,1,1,1,1,1,1,1,1,1,1,1,1,1],
	"StimulusNum":[11,8,6,6,10,0,0,0,6,6,5,13,10,0,0,0,10,11,8,4,5,0,0,0,2,5,8,6,1,0,0,0,2,8,6,3,1,0,0,0,4,11,10,8,11,0,0,0,1,6,8,6,10,0,0,0,3,11,10,10,1,0,0,0,10,4,6,11,2,0,0,0,8,14,10,4,3,0,0,0],
	"Response":[
		"L",
		"-",
		"R",
		"-",
		"L",
		"R",
		"R",
		"R",
		"R",
		"-",
		"L",
		"R",
		"R",
		"R",
		"R",
		"R",
		"L",
		"R",
		"R",
		"L",
		"R",
		"R",
		"R",
		"R",
		"R",
		"R",
		"R",
		"L",
		"L",
		"R",
		"R",
		"R",
		"R",
		"R",
		"L",
		"L",
		"L",
		"R",
		"R",
		"R",
		"L",
		"R",
		"R",
		"R",
		"R",
		"R",
		"R",
		"R",
		"L",
		"L",
		"R",
		"L",
		"L",
		"R",
		"R",
		"R",
		"L",
		"R",
		"L",
		"L",
		"L",
		"R",
		"R",
		"R",
		"L",
		"L",
		"L",
		"R",
		"R",
		"R",
		"R",
		"R",
		"R",
		"R",
		"L",
		"L",
		"L",
		"R",
		"R",
		"R"
	],
	"response_time":[2.737,0,2.279,0,2.746,2.175,0.711,1.102,1.728,0,1.103,2.305,1.757,1.051,0.66,0.5620000000000001,1.297,0.93,1.522,1.468,1.622,0.835,0.656,0.43,1.408,1.254,1.129,1.348,1.989,0.911,0.5679999999999999,0.573,1.425,0.904,0.799,1.341,1.325,0.862,0.483,0.575,1.756,0.962,1.663,0.6919999999999999,1.316,0.473,0.6929999999999999,0.649,2.124,1.23,0.694,0.903,1.159,0.601,0.389,0.411,1.044,0.803,1.038,1.244,1.267,0.736,0.37,0.729,2.371,1.514,1.34,0.855,1.058,0.956,0.483,0.454,0.883,0.823,1.361,1.029,1.012,0.842,0.406,0.399],
	"Correct":[
		0,
		-1,
		0,
		-1,
		1,
		"-",
		"-",
		"-",
		0,
		-1,
		0,
		0,
		0,
		"-",
		"-",
		"-",
		1,
		1,
		1,
		1,
		1,
		"-",
		"-",
		"-",
		1,
		1,
		1,
		1,
		0,
		"-",
		"-",
		"-",
		1,
		1,
		1,
		1,
		0,
		"-",
		"-",
		"-",
		1,
		1,
		0,
		1,
		1,
		"-",
		"-",
		"-",
		0,
		1,
		1,
		1,
		1,
		"-",
		"-",
		"-",
		1,
		1,
		1,
		1,
		0,
		"-",
		"-",
		"-",
		1,
		1,
		1,
		1,
		1,
		"-",
		"-",
		"-",
		1,
		1,
		1,
		1,
		1,
		"-",
		"-",
		"-"
	],
	"Feedback":[
		"R",
		"R",
		"L",
		"L",
		"L",
		"-",
		"-",
		"-",
		"L",
		"R",
		"R",
		"R",
		"L",
		"-",
		"-",
		"-",
		"L",
		"R",
		"R",
		"R",
		"R",
		"-",
		"-",
		"-",
		"L",
		"R",
		"L",
		"L",
		"R",
		"-",
		"-",
		"-",
		"R",
		"R",
		"L",
		"L",
		"R",
		"-",
		"-",
		"-",
		"L",
		"R",
		"L",
		"R",
		"L",
		"-",
		"-",
		"-",
		"L",
		"L",
		"R",
		"L",
		"L",
		"-",
		"-",
		"-",
		"L",
		"R",
		"L",
		"L",
		"R",
		"-",
		"-",
		"-",
		"L",
		"R",
		"L",
		"R",
		"R",
		"-",
		"-",
		"-",
		"R",
		"R",
		"L",
		"L",
		"R",
		"-",
		"-",
		"-"
	]
}
