{
	"onset":[0.12,5.4,9.085000000000001,14.125,17.686,22.386,26.302,29.498,33.819,38.977,42.975,47.224,51.513,55.189,59.719,63.722,69.81999999999999,74.001,81.479,84.586,87.798,91.38800000000001,97.20699999999999,102.21,109.589,112.911,118.088,122.585,130.091,136.483,142.089,149.207,152.422,155.498,159.085,162.802,169.625,177.123,180.61,185.001,190.822,194.11,197.387,201.321,204.308,210.476,215.686,221.413,224.501,227.976,232.9,236.686,241.721,248.786,251.921,255.501,260.609,263.722,269.977,275.089,279.312,283.422,286.623,291.318,295.5,298.908,305.591,311.988,315.11,319.308,322.519,329.897,337.29,342.79,349.823,354.892,359.004,363.886,369.29,372.611,379.9,385.81,389.421,393.39,396.385,400.476,407.005,413.509,417.222,421.722,426.198,431.001,434.413,438.5,441.613,445.511,450.617,454.59,458.389,461.498],
	"duration":[2,2,2,2,2,2,2,2,2,2,2,2,2,2,2,2,2,2,2,2,2,2,2,2,2,2,2,2,2,2,2,2,2,2,2,2,2,2,2,2,2,2,2,2,2,2,2,2,2,2,2,2,2,2,2,2,2,2,2,2,2,2,2,2,2,2,2,2,2,2,2,2,2,2,2,2,2,2,2,2,2,2,2,2,2,2,2,2,2,2,2,2,2,2,2,2,2,2,2,2],
	"trial_type":[
		"classification-probabilistic",
		"classification-probabilistic",
		"classification-probabilistic",
		"classification-probabilistic",
		"classification-probabilistic",
		"classification-deterministic",
		"classification-deterministic",
		"classification-deterministic",
		"classification-deterministic",
		"classification-deterministic",
		"classification-probabilistic",
		"classification-probabilistic",
		"classification-probabilistic",
		"classification-deterministic",
		"classification-probabilistic",
		"classification-probabilistic",
		"classification-deterministic",
		"classification-deterministic",
		"classification-deterministic",
		"classification-deterministic",
		"classification-probabilistic",
		"classification-probabilistic",
		"classification-deterministic",
		"classification-probabilistic",
		"classification-probabilistic",
		"classification-probabilistic",
		"classification-probabilistic",
		"classification-deterministic",
		"classification-deterministic",
		"classification-deterministic",
		"classification-probabilistic",
		"classification-probabilistic",
		"classification-probabilistic",
		"classification-probabilistic",
		"classification-deterministic",
		"classification-probabilistic",
		"classification-probabilistic",
		"classification-probabilistic",
		"classification-probabilistic",
		"classification-deterministic",
		"classification-probabilistic",
		"classification-deterministic",
		"classification-deterministic",
		"classification-deterministic",
		"classification-deterministic",
		"classification-probabilistic",
		"classification-deterministic",
		"classification-deterministic",
		"classification-deterministic",
		"classification-probabilistic",
		"classification-probabilistic",
		"classification-deterministic",
		"classification-deterministic",
		"classification-deterministic",
		"classification-probabilistic",
		"classification-deterministic",
		"classification-deterministic",
		"classification-deterministic",
		"classification-deterministic",
		"classification-probabilistic",
		"classification-deterministic",
		"classification-deterministic",
		"classification-probabilistic",
		"classification-probabilistic",
		"classification-probabilistic",
		"classification-deterministic",
		"classification-deterministic",
		"classification-probabilistic",
		"classification-probabilistic",
		"classification-probabilistic",
		"classification-probabilistic",
		"classification-deterministic",
		"classification-deterministic",
		"classification-deterministic",
		"classification-probabilistic",
		"classification-probabilistic",
		"classification-probabilistic",
		"classification-deterministic",
		"classification-deterministic",
		"classification-deterministic",
		"classification-deterministic",
		"classification-probabilistic",
		"classification-probabilistic",
		"classification-probabilistic",
		"classification-deterministic",
		"classification-deterministic",
		"classification-probabilistic",
		"classification-probabilistic",
		"classification-probabilistic",
		"classification-deterministic",
		"classification-deterministic",
		"classification-deterministic",
		"classification-probabilistic",
		"classification-probabilistic",
		"classification-deterministic",
		"classification-deterministic",
		"classification-probabilistic",
		"classification-probabilistic",
		"classification-deterministic",
		"classification-deterministic"
	],
	"TrialNum":[1,3,5,7,9,11,13,15,17,19,21,23,25,27,29,31,33,35,37,39,41,43,45,47,49,51,53,55,57,59,61,63,65,67,69,71,73,75,77,79,81,83,85,87,89,91,93,95,97,99,101,103,105,107,109,111,113,115,117,119,121,123,125,127,129,131,133,135,137,139,141,143,145,147,149,151,153,155,157,159,161,163,165,167,169,171,173,175,177,179,181,183,185,187,189,191,193,195,197,199],
	"StimCond":[1,1,1,1,1,2,2,2,2,2,1,1,1,2,1,1,2,2,2,2,1,1,2,1,1,1,1,2,2,2,1,1,1,1,2,1,1,1,1,2,1,2,2,2,2,1,2,2,2,1,1,2,2,2,1,2,2,2,2,1,2,2,1,1,1,2,2,1,1,1,1,2,2,2,1,1,1,2,2,2,2,1,1,1,2,2,1,1,1,2,2,2,1,1,2,2,1,1,2,2],
	"StimulusNum":[10,6,1,8,14,5,13,10,3,12,1,8,5,12,10,10,2,5,4,4,14,6,12,2,4,13,1,4,1,11,4,11,1,10,4,11,5,6,6,7,11,7,9,4,3,2,13,12,5,13,6,11,8,8,3,5,5,7,12,4,1,1,6,2,6,14,4,14,10,4,12,10,8,5,2,10,5,7,5,8,6,1,3,8,10,2,10,6,10,9,4,7,11,8,10,10,10,2,10,7],
	"Response":[
		"L",
		"L",
		"R",
		"R",
		"L",
		"R",
		"R",
		"L",
		"R",
		"R",
		"R",
		"L",
		"R",
		"L",
		"L",
		"R",
		"R",
		"R",
		"L",
		"L",
		"R",
		"R",
		"R",
		"R",
		"R",
		"R",
		"L",
		"R",
		"R",
		"R",
		"R",
		"R",
		"R",
		"L",
		"L",
		"R",
		"R",
		"L",
		"L",
		"L",
		"R",
		"R",
		"R",
		"L",
		"R",
		"R",
		"L",
		"L",
		"R",
		"R",
		"L",
		"R",
		"R",
		"R",
		"L",
		"L",
		"R",
		"L",
		"R",
		"R",
		"L",
		"L",
		"L",
		"R",
		"L",
		"R",
		"L",
		"R",
		"L",
		"L",
		"R",
		"R",
		"R",
		"L",
		"R",
		"L",
		"R",
		"L",
		"L",
		"R",
		"L",
		"R",
		"L",
		"R",
		"R",
		"R",
		"L",
		"R",
		"L",
		"R",
		"L",
		"L",
		"R",
		"L",
		"L",
		"R",
		"L",
		"R",
		"L",
		"L"
	],
	"response_time":[1.788,1.074,1.244,1.168,1.242,1.199,1.716,2.035,0.877,1.595,1.373,1.292,1.71,1.56,1.866,0.805,0.885,1.075,0.963,0.788,1.322,1.174,0.84,1.146,0.924,1.206,0.636,0.788,1.758,1.541,1.153,2.057,0.8129999999999999,1.418,1.314,1.502,1.344,1.248,1.354,1.448,2.28,2.485,1.614,0.9330000000000001,1.191,0.864,1.003,1.457,2.038,1.283,0.976,1.875,1.143,0.92,1.167,2.223,1.412,1.19,1.468,1.441,1.17,1.435,1.177,0.704,1.272,1.02,0.88,0.881,1.464,1.164,1.728,1.364,1.777,1.55,1.356,1.59,1.539,0.842,0.883,0.861,1.926,1.274,1.066,1.057,1.785,0.988,1.627,2.334,1.273,1.509,1.113,1.172,1.596,1.572,1.717,1.532,1.477,1.068,1.793,1.311],
	"Correct":[1,1,1,1,0,1,0,1,1,1,1,0,1,0,1,0,1,1,1,1,1,0,1,1,0,0,0,0,0,1,0,1,1,1,1,1,1,1,1,1,1,0,1,1,1,1,1,0,1,0,1,1,1,1,1,0,1,1,1,0,1,1,1,1,1,1,1,1,1,1,-1,0,1,0,1,1,1,1,0,1,1,1,1,1,0,1,1,0,1,1,1,1,1,0,1,0,1,1,1,1]
}
