{
	"onset":[0.194,4.685,9.188000000000001,13.611,18.084,22.67,27.177,31.67,36.087,40.584,45.088,49.584,54.111,58.67,63.176,67.67,72.08199999999999,76.611,81.11199999999999,85.58799999999999,90.111,94.67,99.17,103.67,108.186,112.609,117.107,121.587,126.185,130.662,135.165,139.663,144.111,148.609,153.085,157.685,162.111,166.664,171.162,175.671,180.111,184.609,189.111,193.685,198.185,202.67,207.162,211.67,216.087,220.681,225.111,229.587,234.112,238.664,243.164,247.669,252.108,256.69,261.185,265.611,270.111,274.671,279.169,283.67,288.089,292.61,297.184,301.688,306.087,310.67,315.17,319.668,324.11,328.687,333.111,337.615,342.183,346.676,351.17,355.673],
	"duration":[
		2,
		2,
		2,
		2,
		2,
		"n/a",
		"n/a",
		"n/a",
		2,
		2,
		2,
		2,
		2,
		"n/a",
		"n/a",
		"n/a",
		2,
		2,
		2,
		2,
		2,
		"n/a",
		"n/a",
		"n/a",
		2,
		2,
		2,
		2,
		2,
		"n/a",
		"n/a",
		"n/a",
		2,
		2,
		2,
		2,
		2,
		"n/a",
		"n/a",
		"n/a",
		2,
		2,
		2,
		2,
		2,
		"n/a",
		"n/a",
		"n/a",
		2,
		2,
		2,
		2,
		2,
		"n/a",
		"n/a",
		"n/a",
		2,
		2,
		2,
		2,
		2,
		"n/a",
		"n/a",
		"n/a",
		2,
		2,
		2,
		2,
		2,
		"n/a",
		"n/a",
		"n/a",
		2,
		2,
		2,
		2,
		2,
		"n/a",
		"n/a",
		"n/a"
	],
	"trial_type":[
		"feedback",
		"feedback",
		"feedback",
		"feedback",
		"feedback",
		"n/a",
		"n/a",
		"n/a",
		"feedback",
		"feedback",
		"feedback",
		"feedback",
		"feedback",
		"n/a",
		"n/a",
		"n/a",
		"feedback",
		"feedback",
		"feedback",
		"feedback",
		"feedback",
		"n/a",
		"n/a",
		"n/a",
		"feedback",
		"feedback",
		"feedback",
		"feedback",
		"feedback",
		"n/a",
		"n/a",
		"n/a",
		"feedback",
		"feedback",
		"feedback",
		"feedback",
		"feedback",
		"n/a",
		"n/a",
		"n/a",
		"feedback",
		"feedback",
		"feedback",
		"feedback",
		"feedback",
		"n/a",
		"n/a",
		"n/a",
		"feedback",
		"feedback",
		"feedback",
		"feedback",
		"feedback",
		"n/a",
		"n/a",
		"n/a",
		"feedback",
		"feedback",
		"feedback",
		"feedback",
		"feedback",
		"n/a",
		"n/a",
		"n/a",
		"feedback",
		"feedback",
		"feedback",
		"feedback",
		"feedback",
		"n/a",
		"n/a",
		"n/a",
		"feedback",
		"feedback",
		"feedback",
		"feedback",
		"feedback",
		"n/a",
		"n/a",
		"n/a"
	],
	"feedback":[
		0.48,
		0.48,
		0.48,
		0.48,
		0.48,
		"n/a",
		"n/a",
		"n/a",
		0.48,
		0.48,
		0.48,
		0.48,
		-1.52,
		"n/a",
		"n/a",
		"n/a",
		0.48,
		0.48,
		-1.52,
		0.48,
		-1.52,
		"n/a",
		"n/a",
		"n/a",
		0.48,
		0.48,
		0.48,
		0.48,
		-1.52,
		"n/a",
		"n/a",
		"n/a",
		0.48,
		0.48,
		0.48,
		0.48,
		0.48,
		"n/a",
		"n/a",
		"n/a",
		0.48,
		0.48,
		0.48,
		0.48,
		0.48,
		"n/a",
		"n/a",
		"n/a",
		0.48,
		0.48,
		-1.52,
		0.48,
		-1.52,
		"n/a",
		"n/a",
		"n/a",
		0.48,
		-1.52,
		0.48,
		0.48,
		0.48,
		"n/a",
		"n/a",
		"n/a",
		0.48,
		-1.52,
		-1.52,
		0.48,
		0.48,
		"n/a",
		"n/a",
		"n/a",
		0.48,
		-1.52,
		0.48,
		-1.52,
		-1.52,
		"n/a",
		"n/a",
		"n/a"
	],
	"TrialNum":[1,2,3,4,5,6,7,8,9,10,11,12,13,14,15,16,17,18,19,20,21,22,23,24,25,26,27,28,29,30,31,32,33,34,35,36,37,38,39,40,41,42,43,44,45,46,47,48,49,50,51,52,53,54,55,56,57,58,59,60,61,62,63,64,65,66,67,68,69,70,71,72,73,74,75,76,77,78,79,80],
	"StimCond":[2,2,2,2,2,2,2,2,2,2,2,2,2,2,2,2,2,2,2,2,2,2,2,2,2,2,2,2,2,2,2,2,2,2,2,2,2,2,2,2,2,2,2,2,2,2,2,2,2,2,2,2,2,2,2,2,2,2,2,2,2,2,2,2,2,2,2,2,2,2,2,2,2,2,2,2,2,2,2,2],
	"StimulusNum":[8,13,11,5,4,0,0,0,1,3,4,3,5,0,0,0,1,5,6,4,5,0,0,0,13,5,7,2,12,0,0,0,8,7,2,11,7,0,0,0,7,5,7,13,13,0,0,0,3,13,10,2,10,0,0,0,10,13,11,8,7,0,0,0,2,10,11,12,4,0,0,0,9,12,7,10,12,0,0,0],
	"Response":[
		"R",
		"L",
		"R",
		"R",
		"L",
		"R",
		"R",
		"R",
		"L",
		"R",
		"L",
		"R",
		"L",
		"R",
		"R",
		"R",
		"L",
		"R",
		"R",
		"L",
		"L",
		"R",
		"R",
		"R",
		"L",
		"R",
		"L",
		"R",
		"L",
		"R",
		"R",
		"R",
		"R",
		"L",
		"R",
		"R",
		"L",
		"R",
		"R",
		"R",
		"L",
		"R",
		"L",
		"L",
		"L",
		"R",
		"R",
		"R",
		"R",
		"L",
		"R",
		"R",
		"R",
		"R",
		"R",
		"R",
		"L",
		"R",
		"R",
		"R",
		"L",
		"R",
		"R",
		"R",
		"R",
		"R",
		"L",
		"R",
		"L",
		"R",
		"R",
		"R",
		"R",
		"L",
		"L",
		"R",
		"L",
		"R",
		"R",
		"R"
	],
	"response_time":[1.004,0.89,1.033,0.899,0.744,0.844,0.539,0.428,0.9360000000000001,0.706,0.927,0.705,1.785,0.621,0.796,0.918,1.86,1.366,1.641,0.829,1.779,0.791,0.5629999999999999,0.647,1.683,1.819,1.372,0.754,0.732,0.8100000000000001,0.593,0.48,1.164,0.773,0.593,0.642,0.902,0.624,0.404,0.6899999999999999,0.8070000000000001,1.711,1.088,1.483,1.022,0.972,0.584,0.445,1.032,1.435,1.352,0.861,1.848,1.076,0.488,0.839,2.207,0.772,1.426,0.775,0.747,0.727,0.413,0.968,0.897,1.555,1.591,1.764,0.845,0.961,0.401,0.34,1.36,1.663,0.9340000000000001,0.6830000000000001,2.075,0.613,0.671,0.617],
	"Correct":[
		1,
		1,
		1,
		1,
		1,
		"-",
		"-",
		"-",
		1,
		1,
		1,
		1,
		0,
		"-",
		"-",
		"-",
		1,
		1,
		0,
		1,
		0,
		"-",
		"-",
		"-",
		1,
		1,
		1,
		1,
		0,
		"-",
		"-",
		"-",
		1,
		1,
		1,
		1,
		1,
		"-",
		"-",
		"-",
		1,
		1,
		1,
		1,
		1,
		"-",
		"-",
		"-",
		1,
		1,
		0,
		1,
		0,
		"-",
		"-",
		"-",
		1,
		0,
		1,
		1,
		1,
		"-",
		"-",
		"-",
		1,
		0,
		0,
		1,
		1,
		"-",
		"-",
		"-",
		1,
		0,
		1,
		0,
		0,
		"-",
		"-",
		"-"
	],
	"Feedback":[
		"R",
		"L",
		"R",
		"R",
		"L",
		"-",
		"-",
		"-",
		"L",
		"R",
		"L",
		"R",
		"R",
		"-",
		"-",
		"-",
		"L",
		"R",
		"L",
		"L",
		"R",
		"-",
		"-",
		"-",
		"L",
		"R",
		"L",
		"R",
		"R",
		"-",
		"-",
		"-",
		"R",
		"L",
		"R",
		"R",
		"L",
		"-",
		"-",
		"-",
		"L",
		"R",
		"L",
		"L",
		"L",
		"-",
		"-",
		"-",
		"R",
		"L",
		"L",
		"R",
		"L",
		"-",
		"-",
		"-",
		"L",
		"L",
		"R",
		"R",
		"L",
		"-",
		"-",
		"-",
		"R",
		"L",
		"R",
		"R",
		"L",
		"-",
		"-",
		"-",
		"R",
		"R",
		"L",
		"L",
		"R",
		"-",
		"-",
		"-"
	]
}
