{
	"onset":[50.55078125,54.28125,59.6484375,218.15625,221.265625,224.01953125,375.43359375,378.91796875,381.0703125,480.26171875,484.30078125,486.484375,570.75,573.4765625,577.515625,745.94921875,749.59765625,752.37890625,874.76171875,877.37890625,879.5234375,927.8125,930.4609375,933.05859375,1050.6015625,1053.234375,1055.6640625,1225.75,1228.69140625,1230.84765625,1380.1875,1383.2734375,1385.49609375,1424.75,1434.25390625,1586.56640625,1591.25,1595.27734375,1713.51953125,1716.2734375,1718.8515625,2123.91796875,2127.75390625,2130.4296875,2490.36328125,2495.34765625,2497.70703125,2571.9140625,2574.9765625,2577.234375,2622.5078125,2627.5390625,2630.03515625],
	"duration":[
		"n/a",
		"n/a",
		"n/a",
		"n/a",
		"n/a",
		"n/a",
		"n/a",
		"n/a",
		"n/a",
		"n/a",
		"n/a",
		"n/a",
		"n/a",
		"n/a",
		"n/a",
		"n/a",
		"n/a",
		"n/a",
		"n/a",
		"n/a",
		"n/a",
		"n/a",
		"n/a",
		"n/a",
		"n/a",
		"n/a",
		"n/a",
		"n/a",
		"n/a",
		"n/a",
		"n/a",
		"n/a",
		"n/a",
		"n/a",
		"n/a",
		"n/a",
		"n/a",
		"n/a",
		"n/a",
		"n/a",
		"n/a",
		"n/a",
		"n/a",
		"n/a",
		"n/a",
		"n/a",
		"n/a",
		"n/a",
		"n/a",
		"n/a",
		"n/a",
		"n/a",
		"n/a"
	],
	"trial_type":[
		"stimulus",
		"response",
		"response",
		"stimulus",
		"response",
		"response",
		"stimulus",
		"response",
		"response",
		"stimulus",
		"response",
		"response",
		"stimulus",
		"response",
		"response",
		"stimulus",
		"response",
		"response",
		"stimulus",
		"response",
		"response",
		"stimulus",
		"response",
		"response",
		"stimulus",
		"response",
		"response",
		"stimulus",
		"response",
		"response",
		"stimulus",
		"response",
		"response",
		"stimulus",
		"response",
		"stimulus",
		"response",
		"response",
		"stimulus",
		"response",
		"response",
		"stimulus",
		"response",
		"response",
		"stimulus",
		"response",
		"response",
		"stimulus",
		"response",
		"response",
		"stimulus",
		"response",
		"response"
	],
	"response_time":[
		"n/a",
		"n/a",
		"n/a",
		"n/a",
		"n/a",
		"n/a",
		"n/a",
		"n/a",
		"n/a",
		"n/a",
		"n/a",
		"n/a",
		"n/a",
		"n/a",
		"n/a",
		"n/a",
		"n/a",
		"n/a",
		"n/a",
		"n/a",
		"n/a",
		"n/a",
		"n/a",
		"n/a",
		"n/a",
		"n/a",
		"n/a",
		"n/a",
		"n/a",
		"n/a",
		"n/a",
		"n/a",
		"n/a",
		"n/a",
		"n/a",
		"n/a",
		"n/a",
		"n/a",
		"n/a",
		"n/a",
		"n/a",
		"n/a",
		"n/a",
		"n/a",
		"n/a",
		"n/a",
		"n/a",
		"n/a",
		"n/a",
		"n/a",
		"n/a",
		"n/a",
		"n/a"
	],
	"sample":[12941,13896,15270,55848,56644,57349,96111,97003,97554,122947,123981,124540,146112,146810,147844,190963,191897,192609,223939,224609,225158,237520,238198,238863,268954,269628,270250,313792,314545,315097,353328,354118,354687,364736,367169,406161,407360,408391,438661,439366,440026,543723,544705,545390,637533,638809,639413,658410,659194,659772,671362,672650,673289],
	"value":[128,2,8,128,2,4,128,2,4,128,2,4,128,2,4,128,4,4,128,4,2,128,4,4,128,4,2,128,4,4,128,2,4,128,4,128,2,4,128,2,2,128,4,2,128,4,2,128,4,2,128,4,2]
}
