{
	"name":[
		"EEG001",
		"EEG002",
		"EEG003",
		"EEG004",
		"EEG005",
		"EEG006",
		"EEG007",
		"EEG008",
		"EEG009",
		"EEG010",
		"EEG011",
		"EEG012",
		"EEG013",
		"EEG014",
		"EEG015",
		"EEG016",
		"EEG017",
		"EEG018",
		"EEG019",
		"EEG020",
		"EEG021",
		"EEG022",
		"EEG023",
		"EEG024",
		"EEG025",
		"EEG026",
		"EEG027",
		"EEG028",
		"EEG029",
		"EEG030",
		"EEG031",
		"EEG032",
		"EEG033",
		"EEG034",
		"EEG035",
		"EEG036",
		"EEG037",
		"EEG038",
		"EEG039",
		"EEG040",
		"EEG041",
		"EEG042",
		"EEG043",
		"EEG044",
		"EEG045",
		"EEG046",
		"EEG047",
		"EEG048",
		"EEG049",
		"EEG050",
		"EEG051",
		"EEG052",
		"EEG053",
		"EEG054",
		"EEG055",
		"EEG056",
		"EEG057",
		"EEG058",
		"EEG059",
		"EEG060",
		"EEG065",
		"EEG066",
		"EEG067",
		"EEG068",
		"EEG069",
		"EEG070",
		"EEG071",
		"EEG072",
		"EEG073",
		"EEG074"
	],
	"x":[-0.041879,-0.00080334,0.0484245,-0.047948,-0.0275575,0.00236895,0.0353758,0.0531435,-0.0618014,-0.0516319,-0.0374765,-0.0167259,0.00639998,0.0280224,0.0485824,0.0616797,0.0694163,-0.0718863,-0.0713096,-0.0613402,-0.0451167,-0.0217688,0.00493677,0.0341442,0.0574491,0.0731735,0.07964540000000001,0.07932409999999999,-0.076156,-0.0747206,-0.0669622,-0.0504316,-0.0246429,0.00194137,0.0336579,0.0607539,0.07724549999999999,0.08254549999999999,0.0794054,-0.0690018,-0.07110030000000001,-0.06424729999999999,-0.0482663,-0.0230323,0.00568057,0.0345367,0.0587984,0.07416059999999999,0.0774441,0.07508629999999999,-0.0565637,-0.0600858,-0.0521847,-0.0396098,-0.0188316,0.00636551,0.031017,0.0501851,0.063583,0.0667821,0.0641099,-0.0423895,-0.025281,0.00592048,0.0335326,0.0491444,-0.0223766,0.00303579,0.0301636,0.00238807],
	"y":[-0.0760431,0.09643210000000001,-0.0751931,0.06844459999999999,0.0785344,0.083082,0.0804787,0.07505050000000001,0.0428919,0.0492583,0.0517324,0.055117,0.0580878,0.0569684,0.0577066,0.0558281,0.0500598,0.0156004,0.0177928,0.0209541,0.0218905,0.026146,0.0263251,0.026274,0.0259778,0.0256349,0.0220716,0.0291592,-0.000552624,-0.00762723,-0.00584163,-0.00363804,0.00184075,-0.00292651,-0.00188571,-0.0026622,-0.00269166,-0.00206861,0.00920413,-0.0390462,-0.0367991,-0.034512,-0.0319579,-0.0304519,-0.0315703,-0.0298556,-0.0314992,-0.030282,-0.032948,-0.0343644,-0.0594042,-0.0617892,-0.0618196,-0.0612639,-0.0574878,-0.0620816,-0.0576069,-0.0584819,-0.0562946,-0.056711,-0.0555894,-0.07889889999999999,-0.08130610000000001,-0.0840955,-0.0801558,-0.0769885,-0.0932086,-0.09533750000000001,-0.0901072,-0.09109689999999999],
	"z":[0.0302882,0.0504749,0.0253129,0.0475271,0.07067320000000001,0.0823551,0.070674,0.0451056,0.0503442,0.0700614,0.0884165,0.101632,0.106757,0.102699,0.085636,0.06676,0.0436106,0.0261221,0.0544055,0.0805265,0.102647,0.118067,0.123068,0.115155,0.096886,0.0708025,0.0457045,0.0157683,0.022219,0.05234,0.08463560000000001,0.109318,0.123063,0.131386,0.124911,0.107446,0.0792846,0.0482785,0.0180003,0.0244161,0.0551702,0.0872689,0.110726,0.126824,0.128772,0.123366,0.107692,0.08158899999999999,0.0502949,0.0177652,0.027878,0.0598894,0.0830663,0.10174,0.114571,0.114634,0.112122,0.0997662,0.0776341,0.0532187,0.0211716,0.0608409,0.0860433,0.0907097,0.0827411,0.0560192,0.0626294,0.0599022,0.0594521,0.0270146]
}
