{
	"onset":[0.114,4.612,9.113,13.694,18.111,22.666,27.172,31.673,36.112,40.593,45.197,49.611,54.084,58.698,63.172,67.673,72.203,76.61199999999999,81.18600000000001,85.584,90.188,94.70399999999999,99.18300000000001,103.672,108.304,112.584,117.088,121.619,126.084,130.665,135.171,139.671,144.204,148.612,153.186,157.686,162.113,166.703,171.178,175.664,180.112,184.585,189.112,193.686,198.084,202.665,207.172,211.671,216.113,220.703,225.113,229.613,234.108,238.672,243.172,247.672,252.188,256.588,261.085,265.587,270.2,274.674,279.205,283.672,288.175,292.587,297.187,301.595,306.115,310.684,315.172,319.703,324.113,328.612,333.112,337.613,342.113,346.678,351.171,355.671],
	"duration":[
		2,
		2,
		2,
		2,
		2,
		"n/a",
		"n/a",
		"n/a",
		2,
		2,
		2,
		2,
		2,
		"n/a",
		"n/a",
		"n/a",
		2,
		2,
		2,
		2,
		2,
		"n/a",
		"n/a",
		"n/a",
		2,
		2,
		2,
		2,
		2,
		"n/a",
		"n/a",
		"n/a",
		2,
		2,
		2,
		2,
		2,
		"n/a",
		"n/a",
		"n/a",
		2,
		2,
		2,
		2,
		2,
		"n/a",
		"n/a",
		"n/a",
		2,
		2,
		2,
		2,
		2,
		"n/a",
		"n/a",
		"n/a",
		2,
		2,
		2,
		2,
		2,
		"n/a",
		"n/a",
		"n/a",
		2,
		2,
		2,
		2,
		2,
		"n/a",
		"n/a",
		"n/a",
		2,
		2,
		2,
		2,
		2,
		"n/a",
		"n/a",
		"n/a"
	],
	"trial_type":[
		"feedback",
		"feedback",
		"feedback",
		"feedback",
		"feedback",
		"n/a",
		"n/a",
		"n/a",
		"feedback",
		"feedback",
		"feedback",
		"feedback",
		"feedback",
		"n/a",
		"n/a",
		"n/a",
		"feedback",
		"feedback",
		"feedback",
		"feedback",
		"feedback",
		"n/a",
		"n/a",
		"n/a",
		"feedback",
		"feedback",
		"feedback",
		"feedback",
		"feedback",
		"n/a",
		"n/a",
		"n/a",
		"feedback",
		"feedback",
		"feedback",
		"feedback",
		"feedback",
		"n/a",
		"n/a",
		"n/a",
		"feedback",
		"feedback",
		"feedback",
		"feedback",
		"feedback",
		"n/a",
		"n/a",
		"n/a",
		"feedback",
		"feedback",
		"feedback",
		"feedback",
		"feedback",
		"n/a",
		"n/a",
		"n/a",
		"feedback",
		"feedback",
		"feedback",
		"feedback",
		"feedback",
		"n/a",
		"n/a",
		"n/a",
		"feedback",
		"feedback",
		"feedback",
		"feedback",
		"feedback",
		"n/a",
		"n/a",
		"n/a",
		"feedback",
		"feedback",
		"feedback",
		"feedback",
		"feedback",
		"n/a",
		"n/a",
		"n/a"
	],
	"feedback":[
		-0.76,
		1.24,
		1.24,
		1.24,
		-0.76,
		"n/a",
		"n/a",
		"n/a",
		-0.76,
		-0.76,
		-0.76,
		1.24,
		1.24,
		"n/a",
		"n/a",
		"n/a",
		-0.76,
		-0.76,
		-0.76,
		-0.76,
		-0.76,
		"n/a",
		"n/a",
		"n/a",
		-0.76,
		1.24,
		1.24,
		-0.76,
		1.24,
		"n/a",
		"n/a",
		"n/a",
		-0.76,
		-0.76,
		-0.76,
		1.24,
		-0.76,
		"n/a",
		"n/a",
		"n/a",
		-0.76,
		1.24,
		1.24,
		-0.76,
		1.24,
		"n/a",
		"n/a",
		"n/a",
		-0.76,
		1.24,
		-0.76,
		-0.76,
		-0.76,
		"n/a",
		"n/a",
		"n/a",
		1.24,
		-0.76,
		1.24,
		-0.76,
		-0.76,
		"n/a",
		"n/a",
		"n/a",
		-0.76,
		-0.76,
		1.24,
		-0.76,
		-0.76,
		"n/a",
		"n/a",
		"n/a",
		1.24,
		1.24,
		1.24,
		-0.76,
		-0.76,
		"n/a",
		"n/a",
		"n/a"
	],
	"TrialNum":[1,2,3,4,5,6,7,8,9,10,11,12,13,14,15,16,17,18,19,20,21,22,23,24,25,26,27,28,29,30,31,32,33,34,35,36,37,38,39,40,41,42,43,44,45,46,47,48,49,50,51,52,53,54,55,56,57,58,59,60,61,62,63,64,65,66,67,68,69,70,71,72,73,74,75,76,77,78,79,80],
	"StimCond":[2,2,2,2,2,2,2,2,2,2,2,2,2,2,2,2,2,2,2,2,2,2,2,2,2,2,2,2,2,2,2,2,2,2,2,2,2,2,2,2,2,2,2,2,2,2,2,2,2,2,2,2,2,2,2,2,2,2,2,2,2,2,2,2,2,2,2,2,2,2,2,2,2,2,2,2,2,2,2,2],
	"StimulusNum":[4,8,5,12,6,0,0,0,10,3,14,6,1,0,0,0,13,5,11,2,13,0,0,0,13,3,2,9,3,0,0,0,13,10,11,11,10,0,0,0,6,4,10,12,3,0,0,0,9,13,7,5,7,0,0,0,13,1,2,3,13,0,0,0,5,3,12,4,10,0,0,0,8,8,7,9,6,0,0,0],
	"Response":[
		"R",
		"R",
		"R",
		"R",
		"R",
		"R",
		"-",
		"R",
		"R",
		"-",
		"L",
		"L",
		"L",
		"R",
		"R",
		"-",
		"R",
		"L",
		"-",
		"L",
		"R",
		"R",
		"R",
		"R",
		"R",
		"R",
		"R",
		"L",
		"R",
		"R",
		"R",
		"-",
		"R",
		"R",
		"L",
		"R",
		"R",
		"R",
		"-",
		"R",
		"-",
		"L",
		"L",
		"L",
		"R",
		"R",
		"R",
		"R",
		"L",
		"L",
		"R",
		"L",
		"R",
		"-",
		"R",
		"R",
		"L",
		"R",
		"R",
		"-",
		"-",
		"R",
		"R",
		"R",
		"-",
		"-",
		"R",
		"-",
		"R",
		"R",
		"R",
		"R",
		"R",
		"R",
		"L",
		"-",
		"R",
		"R",
		"-",
		"R"
	],
	"response_time":[1.209,1.823,2.788,2.002,2.696,0.991,0,1.201,2.462,0,2.121,1.988,1.953,1.016,0.519,0,2.228,2.426,0,2.122,2.173,0.964,0.437,0.405,1.328,2.085,1.249,1.534,1.017,0.8129999999999999,0.723,0,2.438,1.99,1.01,1.214,1.978,0.8159999999999999,0,0.647,0,1.966,1.34,1.312,1.029,0.5590000000000001,0.445,0.713,1.915,1.278,1.548,1.504,1.484,0,0.534,0.386,1.279,1.619,2.919,0,0,0.882,0.375,0.532,0,0,1.782,0,1.53,0.721,0.79,0.591,1.705,1.478,1.89,0,2.378,0.921,0,0.44],
	"Correct":[
		0,
		1,
		1,
		1,
		0,
		"-",
		"-",
		"-",
		0,
		-1,
		0,
		1,
		1,
		"-",
		"-",
		"-",
		0,
		0,
		-1,
		0,
		0,
		"-",
		"-",
		"-",
		0,
		1,
		1,
		0,
		1,
		"-",
		"-",
		"-",
		0,
		0,
		0,
		1,
		0,
		"-",
		"-",
		"-",
		-1,
		1,
		1,
		0,
		1,
		"-",
		"-",
		"-",
		0,
		1,
		0,
		0,
		0,
		"-",
		"-",
		"-",
		1,
		0,
		1,
		-1,
		-1,
		"-",
		"-",
		"-",
		-1,
		-1,
		1,
		-1,
		0,
		"-",
		"-",
		"-",
		1,
		1,
		1,
		-1,
		0,
		"-",
		"-",
		"-"
	],
	"Feedback":[
		"L",
		"R",
		"R",
		"R",
		"L",
		"-",
		"-",
		"-",
		"L",
		"R",
		"R",
		"L",
		"L",
		"-",
		"-",
		"-",
		"L",
		"R",
		"R",
		"R",
		"L",
		"-",
		"-",
		"-",
		"L",
		"R",
		"R",
		"R",
		"R",
		"-",
		"-",
		"-",
		"L",
		"L",
		"R",
		"R",
		"L",
		"-",
		"-",
		"-",
		"L",
		"L",
		"L",
		"R",
		"R",
		"-",
		"-",
		"-",
		"R",
		"L",
		"L",
		"R",
		"L",
		"-",
		"-",
		"-",
		"L",
		"L",
		"R",
		"R",
		"L",
		"-",
		"-",
		"-",
		"R",
		"R",
		"R",
		"L",
		"L",
		"-",
		"-",
		"-",
		"R",
		"R",
		"L",
		"R",
		"L",
		"-",
		"-",
		"-"
	]
}
