{
	"onset":[1.5,3.497,7.49,22.489,28.596,30.593,34.619,40.726,42.723,46.733,58.729,66.83199999999999,68.82899999999999,72.839,87.83799999999999,96.94799999999999,98.94499999999999,102.955,109.062,111.058,115.068,129.061,136.174,138.171,150.167,159.277,161.274,174.276,183.387,185.383,197.379,204.493,206.49,210.499,216.606,218.603,230.599,237.713,239.709,243.719,250.833,252.829,256.823,269.825,278.936,280.932,284.942,291.049,293.046,297.072,306.182,308.179,322.172,329.285,331.282,335.275,348.278,356.381,358.378,370.391],
	"duration":[2,4,8,2.1,2,4,2.1,2,4,8,2.1,2,4,8,2.1,2,4,2.1,2,4,8,2.1,2,8,2.1,2,8,2.1,2,8,2.1,2,4,2.1,2,8,2.1,2,4,2.1,2,4,8,2.1,2,4,2.1,2,4,2.1,2,8,2.1,2,4,8,2.1,2,8,2.1],
	"trial_type":[
		"Look_Neutral_Cue",
		"Look_Neutral_Ant",
		"Look_Neutral_Stim",
		"Look_Neutral_Rating",
		"Reapp_Neg_Cue",
		"Reapp_Neg_Ant",
		"Reapp_Neg_Rating",
		"Look_Neg_Cue",
		"Look_Neg_Ant",
		"Look_Neg_Stim",
		"Look_Neg_Rating",
		"Look_Neutral_Cue",
		"Look_Neutral_Ant",
		"Look_Neutral_Stim",
		"Look_Neutral_Rating",
		"Look_Neg_Cue",
		"Look_Neg_Ant",
		"Look_Neg_Rating",
		"Reapp_Neg_Cue",
		"Reapp_Neg_Ant",
		"Reapp_Neg_Stim",
		"Reapp_Neg_Rating",
		"Reapp_Neg_Cue",
		"Reapp_Neg_Stim",
		"Reapp_Neg_Rating",
		"Look_Neutral_Cue",
		"Look_Neutral_Stim",
		"Look_Neutral_Rating",
		"Look_Neg_Cue",
		"Look_Neg_Stim",
		"Look_Neg_Rating",
		"Look_Neg_Cue",
		"Look_Neg_Ant",
		"Look_Neg_Rating",
		"Reapp_Neg_Cue",
		"Reapp_Neg_Stim",
		"Reapp_Neg_Rating",
		"Look_Neutral_Cue",
		"Look_Neutral_Ant",
		"Look_Neutral_Rating",
		"Look_Neg_Cue",
		"Look_Neg_Ant",
		"Look_Neg_Stim",
		"Look_Neg_Rating",
		"Look_Neutral_Cue",
		"Look_Neutral_Ant",
		"Look_Neutral_Rating",
		"Reapp_Neg_Cue",
		"Reapp_Neg_Ant",
		"Reapp_Neg_Rating",
		"Look_Neutral_Cue",
		"Look_Neutral_Stim",
		"Look_Neutral_Rating",
		"Reapp_Neg_Cue",
		"Reapp_Neg_Ant",
		"Reapp_Neg_Stim",
		"Reapp_Neg_Rating",
		"Look_Neg_Cue",
		"Look_Neg_Stim",
		"Look_Neg_Rating"
	]
}
