{
	"onset":[1.494,3.491,7.517,14.631,16.628,20.648,22.746,24.742,28.752,34.859,36.856,48.862,54.97,56.966,60.993,70.10299999999999,72.099,76.10899999999999,85.22,87.21599999999999,101.223,107.33,109.326,113.336,128.335,134.442,136.439,149.442,156.555,158.552,162.545,174.541,183.651,185.648,189.641,203.65,211.754,213.75,226.753,232.86,234.857,238.866,250.862,259.968,261.964,265.974,279.967,286.074,288.07,292.08,307.079,316.19,318.186,330.181,336.288,338.285,342.312,351.388,353.385,365.381],
	"duration":[2,4,2.1,2,4,2.1,2,4,2.1,2,8,2.1,2,4,2.1,2,4,2.1,2,8,2.1,2,4,8,2.1,2,8,2.1,2,4,8,2.1,2,4,8,2.1,2,8,2.1,2,4,8,2.1,2,4,8,2.1,2,4,8,2.1,2,8,2.1,2,4,2.1,2,8,2.1],
	"trial_type":[
		"Reapp_Neg_Cue",
		"Reapp_Neg_Ant",
		"Reapp_Neg_Rating",
		"Look_Neutral_Cue",
		"Look_Neutral_Ant",
		"Look_Neutral_Rating",
		"Look_Neg_Cue",
		"Look_Neg_Ant",
		"Look_Neg_Rating",
		"Reapp_Neg_Cue",
		"Reapp_Neg_Stim",
		"Reapp_Neg_Rating",
		"Look_Neg_Cue",
		"Look_Neg_Ant",
		"Look_Neg_Rating",
		"Look_Neutral_Cue",
		"Look_Neutral_Ant",
		"Look_Neutral_Rating",
		"Reapp_Neg_Cue",
		"Reapp_Neg_Stim",
		"Reapp_Neg_Rating",
		"Look_Neutral_Cue",
		"Look_Neutral_Ant",
		"Look_Neutral_Stim",
		"Look_Neutral_Rating",
		"Look_Neg_Cue",
		"Look_Neg_Stim",
		"Look_Neg_Rating",
		"Reapp_Neg_Cue",
		"Reapp_Neg_Ant",
		"Reapp_Neg_Stim",
		"Reapp_Neg_Rating",
		"Look_Neg_Cue",
		"Look_Neg_Ant",
		"Look_Neg_Stim",
		"Look_Neg_Rating",
		"Look_Neutral_Cue",
		"Look_Neutral_Stim",
		"Look_Neutral_Rating",
		"Reapp_Neg_Cue",
		"Reapp_Neg_Ant",
		"Reapp_Neg_Stim",
		"Reapp_Neg_Rating",
		"Look_Neutral_Cue",
		"Look_Neutral_Ant",
		"Look_Neutral_Stim",
		"Look_Neutral_Rating",
		"Look_Neg_Cue",
		"Look_Neg_Ant",
		"Look_Neg_Stim",
		"Look_Neg_Rating",
		"Look_Neutral_Cue",
		"Look_Neutral_Stim",
		"Look_Neutral_Rating",
		"Reapp_Neg_Cue",
		"Reapp_Neg_Ant",
		"Reapp_Neg_Rating",
		"Look_Neg_Cue",
		"Look_Neg_Stim",
		"Look_Neg_Rating"
	]
}
