{
	"onset":[0.01,12,22.01,36,46,56,68,78.01000000000001,92.01000000000001,106,118,130,142,154,166,178,188,200,212,224,236,248.01,262,274.01,288],
	"duration":[6,6,6,6,6,6,6,6,6,6,6,6,6,6,6,6,6,6,6,6,6,6,6,6,6],
	"trial_type":[
		"rocknroll",
		"symphonic",
		"symphonic",
		"rocknroll",
		"metal",
		"symphonic",
		"country",
		"rocknroll",
		"country",
		"ambient",
		"rocknroll",
		"ambient",
		"symphonic",
		"metal",
		"metal",
		"ambient",
		"country",
		"metal",
		"country",
		"country",
		"symphonic",
		"ambient",
		"ambient",
		"metal",
		"rocknroll"
	],
	"run":[6,6,6,6,6,6,6,6,6,6,6,6,6,6,6,6,6,6,6,6,6,6,6,6,6],
	"run_id":[3,3,3,3,3,3,3,3,3,3,3,3,3,3,3,3,3,3,3,3,3,3,3,3,3],
	"volume":[765,771,776,783,788,793,799,804,811,818,824,830,836,842,848,854,859,865,871,877,883,889,896,902,909],
	"run_volume":[0,6,11,18,23,28,34,39,46,53,59,65,71,77,83,89,94,100,106,112,118,124,131,137,144],
	"stim":[
		"rocknroll_004.wav",
		"symphonic_001.wav",
		"symphonic_000.wav",
		"rocknroll_001.wav",
		"metal_003.wav",
		"symphonic_003.wav",
		"country_002.wav",
		"rocknroll_003.wav",
		"country_000.wav",
		"ambient_002.wav",
		"rocknroll_000.wav",
		"ambient_000.wav",
		"symphonic_002.wav",
		"metal_002.wav",
		"metal_001.wav",
		"ambient_003.wav",
		"country_001.wav",
		"metal_000.wav",
		"country_003.wav",
		"country_004.wav",
		"symphonic_004.wav",
		"ambient_001.wav",
		"ambient_004.wav",
		"metal_004.wav",
		"rocknroll_002.wav"
	],
	"genre":[
		"rocknroll",
		"symphonic",
		"symphonic",
		"rocknroll",
		"metal",
		"symphonic",
		"country",
		"rocknroll",
		"country",
		"ambient",
		"rocknroll",
		"ambient",
		"symphonic",
		"metal",
		"metal",
		"ambient",
		"country",
		"metal",
		"country",
		"country",
		"symphonic",
		"ambient",
		"ambient",
		"metal",
		"rocknroll"
	],
	"delay":[6,4,8,4,4,6,4,8,8,6,6,6,6,6,6,4,6,6,6,6,6,8,6,8,6],
	"catch":[0,0,1,0,0,0,0,1,1,0,0,0,0,0,0,0,0,0,0,0,0,1,0,1,0],
	"sound_soa":[0.007899999999608553,0.002899999999954161,0.01000000000021828,0.003799999999955617,0.00279999999975189,0.003500000000258296,0.00250000000005457,0.00779999999986103,0.007399999999961437,0.002700000000004366,0.003500000000258296,0.002599999999802094,0.002300000000104774,0.002300000000104774,0.003500000000258296,0.003600000000005821,0.003799999999955617,0.003499999999803549,0.00279999999975189,0.00250000000005457,0.003499999999803549,0.01170000000001892,0.002700000000004366,0.01299999999991996,0.002599999999802094],
	"trigger_ts":[2072.1732,2084.1738,2094.1731,2108.1729,2118.1732,2128.173,2140.1738,2150.1738,2164.1738,2178.1738,2190.1733,2202.1734,2214.1731,2226.173,2238.173,2250.1732,2260.1729,2272.1729,2284.1738,2296.1729,2308.1729,2320.1738,2334.1733,2346.1731,2360.1734]
}
