{
	"onset":[0.02,14,26,38,50,62,72,82.01000000000001,96,108.01,122,134,146,158,168,180,192,204,216,226,238.01,252.01,266,276,288],
	"duration":[6,6,6,6,6,6,6,6,6,6,6,6,6,6,6,6,6,6,6,6,6,6,6,6,6],
	"trial_type":[
		"country",
		"metal",
		"ambient",
		"symphonic",
		"country",
		"rocknroll",
		"symphonic",
		"symphonic",
		"rocknroll",
		"metal",
		"rocknroll",
		"rocknroll",
		"ambient",
		"ambient",
		"metal",
		"country",
		"symphonic",
		"metal",
		"metal",
		"symphonic",
		"ambient",
		"rocknroll",
		"country",
		"ambient",
		"country"
	],
	"run":[1,1,1,1,1,1,1,1,1,1,1,1,1,1,1,1,1,1,1,1,1,1,1,1,1],
	"run_id":[5,5,5,5,5,5,5,5,5,5,5,5,5,5,5,5,5,5,5,5,5,5,5,5,5],
	"volume":[0,7,13,19,25,31,36,41,48,54,61,67,73,79,84,90,96,102,108,113,119,126,133,138,144],
	"run_volume":[0,7,13,19,25,31,36,41,48,54,61,67,73,79,84,90,96,102,108,113,119,126,133,138,144],
	"stim":[
		"country_003.wav",
		"metal_004.wav",
		"ambient_004.wav",
		"symphonic_002.wav",
		"country_002.wav",
		"rocknroll_001.wav",
		"symphonic_004.wav",
		"symphonic_001.wav",
		"rocknroll_003.wav",
		"metal_000.wav",
		"rocknroll_000.wav",
		"rocknroll_004.wav",
		"ambient_003.wav",
		"ambient_000.wav",
		"metal_003.wav",
		"country_001.wav",
		"symphonic_003.wav",
		"metal_001.wav",
		"metal_002.wav",
		"symphonic_000.wav",
		"ambient_002.wav",
		"rocknroll_002.wav",
		"country_000.wav",
		"ambient_001.wav",
		"country_004.wav"
	],
	"genre":[
		"country",
		"metal",
		"ambient",
		"symphonic",
		"country",
		"rocknroll",
		"symphonic",
		"symphonic",
		"rocknroll",
		"metal",
		"rocknroll",
		"rocknroll",
		"ambient",
		"ambient",
		"metal",
		"country",
		"symphonic",
		"metal",
		"metal",
		"symphonic",
		"ambient",
		"rocknroll",
		"country",
		"ambient",
		"country"
	],
	"delay":[8,6,6,6,6,4,4,8,6,8,6,6,6,4,6,6,6,6,4,6,8,8,4,6,6],
	"catch":[1,0,0,0,0,0,0,1,0,1,0,0,0,0,0,0,0,0,0,0,1,1,0,0,0],
	"sound_soa":[0.01930000000004384,0.002899999999954161,0.00380000000001246,0.002600000000029468,0.002599999999972624,0.002399999999965985,0.004000000000019099,0.01010000000002264,0.002799999999979264,0.008500000000026375,0.003599999999948977,0.002499999999997727,0.002200000000016189,0.00349999999997408,0.002399999999965985,0.00349999999997408,0.002499999999997727,0.002799999999979264,0.002499999999940883,0.00250000000005457,0.008499999999912689,0.01099999999996726,0.004199999999968895,0.002399999999965985,0.00250000000005457],
	"trigger_ts":[312.9772,326.9775,338.9771,350.9776,362.9771,374.9773,384.9767,394.9772,408.9769,420.977,434.9768,446.9772,458.9771,470.9768,480.9768,492.9771,504.9767,516.9772,528.9777,538.9774,550.9767000000001,564.9776000000001,578.9767000000001,588.9769,600.9771]
}
