{
	"onset":[0.702,4.587,9.087,13.611,18.113,23.087,27.171,31.671,36.187,40.686,45.112,49.612,54.087,58.671,63.178,67.672,72.087,76.587,81.11199999999999,85.61199999999999,90.111,94.67100000000001,99.17100000000001,103.671,108.188,112.612,117.111,121.612,126.186,130.671,135.171,139.671,144.111,148.588,153.112,157.614,162.186,166.672,171.171,175.671,180.186,184.687,189.113,193.612,198.112,202.672,207.171,211.671,216.089,220.687,225.112,229.587,234.112,238.671,243.178,247.673,252.113,256.588,261.113,265.614,270.087,274.671,279.172,283.671,288.113,292.688,297.087,301.613,306.111,310.671,315.171,319.671,324.09,328.613,333.112,337.687,342.112,346.671,351.171,355.671],
	"duration":[
		2,
		2,
		2,
		2,
		2,
		"n/a",
		"n/a",
		"n/a",
		2,
		2,
		2,
		2,
		2,
		"n/a",
		"n/a",
		"n/a",
		2,
		2,
		2,
		2,
		2,
		"n/a",
		"n/a",
		"n/a",
		2,
		2,
		2,
		2,
		2,
		"n/a",
		"n/a",
		"n/a",
		2,
		2,
		2,
		2,
		2,
		"n/a",
		"n/a",
		"n/a",
		2,
		2,
		2,
		2,
		2,
		"n/a",
		"n/a",
		"n/a",
		2,
		2,
		2,
		2,
		2,
		"n/a",
		"n/a",
		"n/a",
		2,
		2,
		2,
		2,
		2,
		"n/a",
		"n/a",
		"n/a",
		2,
		2,
		2,
		2,
		2,
		"n/a",
		"n/a",
		"n/a",
		2,
		2,
		2,
		2,
		2,
		"n/a",
		"n/a",
		"n/a"
	],
	"trial_type":[
		"feedback",
		"feedback",
		"feedback",
		"feedback",
		"feedback",
		"n/a",
		"n/a",
		"n/a",
		"feedback",
		"feedback",
		"feedback",
		"feedback",
		"feedback",
		"n/a",
		"n/a",
		"n/a",
		"feedback",
		"feedback",
		"feedback",
		"feedback",
		"feedback",
		"n/a",
		"n/a",
		"n/a",
		"feedback",
		"feedback",
		"feedback",
		"feedback",
		"feedback",
		"n/a",
		"n/a",
		"n/a",
		"feedback",
		"feedback",
		"feedback",
		"feedback",
		"feedback",
		"n/a",
		"n/a",
		"n/a",
		"feedback",
		"feedback",
		"feedback",
		"feedback",
		"feedback",
		"n/a",
		"n/a",
		"n/a",
		"feedback",
		"feedback",
		"feedback",
		"feedback",
		"feedback",
		"n/a",
		"n/a",
		"n/a",
		"feedback",
		"feedback",
		"feedback",
		"feedback",
		"feedback",
		"n/a",
		"n/a",
		"n/a",
		"feedback",
		"feedback",
		"feedback",
		"feedback",
		"feedback",
		"n/a",
		"n/a",
		"n/a",
		"feedback",
		"feedback",
		"feedback",
		"feedback",
		"feedback",
		"n/a",
		"n/a",
		"n/a"
	],
	"feedback":[
		-1.36,
		0.64,
		0.64,
		-1.36,
		-1.36,
		"n/a",
		"n/a",
		"n/a",
		0.64,
		0.64,
		-1.36,
		0.64,
		0.64,
		"n/a",
		"n/a",
		"n/a",
		0.64,
		-1.36,
		0.64,
		0.64,
		-1.36,
		"n/a",
		"n/a",
		"n/a",
		-1.36,
		0.64,
		0.64,
		0.64,
		0.64,
		"n/a",
		"n/a",
		"n/a",
		0.64,
		-1.36,
		0.64,
		-1.36,
		-1.36,
		"n/a",
		"n/a",
		"n/a",
		0.64,
		0.64,
		0.64,
		0.64,
		0.64,
		"n/a",
		"n/a",
		"n/a",
		-1.36,
		-1.36,
		0.64,
		0.64,
		0.64,
		"n/a",
		"n/a",
		"n/a",
		0.64,
		0.64,
		0.64,
		-1.36,
		0.64,
		"n/a",
		"n/a",
		"n/a",
		0.64,
		-1.36,
		0.64,
		0.64,
		0.64,
		"n/a",
		"n/a",
		"n/a",
		-1.36,
		0.64,
		0.64,
		-1.36,
		0.64,
		"n/a",
		"n/a",
		"n/a"
	],
	"TrialNum":[1,2,3,4,5,6,7,8,9,10,11,12,13,14,15,16,17,18,19,20,21,22,23,24,25,26,27,28,29,30,31,32,33,34,35,36,37,38,39,40,41,42,43,44,45,46,47,48,49,50,51,52,53,54,55,56,57,58,59,60,61,62,63,64,65,66,67,68,69,70,71,72,73,74,75,76,77,78,79,80],
	"StimCond":[2,2,2,2,2,2,2,2,2,2,2,2,2,2,2,2,2,2,2,2,2,2,2,2,2,2,2,2,2,2,2,2,2,2,2,2,2,2,2,2,2,2,2,2,2,2,2,2,2,2,2,2,2,2,2,2,2,2,2,2,2,2,2,2,2,2,2,2,2,2,2,2,2,2,2,2,2,2,2,2],
	"StimulusNum":[11,2,1,5,10,0,0,0,13,13,6,8,2,0,0,0,1,4,7,10,5,0,0,0,12,7,5,8,13,0,0,0,5,3,7,10,13,0,0,0,13,11,10,7,9,0,0,0,3,12,7,2,9,0,0,0,7,4,8,10,4,0,0,0,8,14,2,10,7,0,0,0,3,10,7,13,7,0,0,0],
	"Response":[
		"L",
		"R",
		"L",
		"L",
		"R",
		"R",
		"-",
		"R",
		"L",
		"L",
		"R",
		"R",
		"R",
		"R",
		"R",
		"R",
		"L",
		"R",
		"L",
		"L",
		"L",
		"R",
		"R",
		"R",
		"L",
		"L",
		"R",
		"R",
		"L",
		"R",
		"R",
		"R",
		"R",
		"L",
		"L",
		"-",
		"-",
		"R",
		"R",
		"R",
		"L",
		"R",
		"L",
		"L",
		"R",
		"-",
		"R",
		"R",
		"L",
		"L",
		"L",
		"R",
		"R",
		"R",
		"R",
		"R",
		"L",
		"L",
		"R",
		"-",
		"L",
		"R",
		"R",
		"R",
		"R",
		"-",
		"R",
		"L",
		"L",
		"R",
		"-",
		"R",
		"-",
		"L",
		"L",
		"R",
		"L",
		"R",
		"R",
		"-"
	],
	"response_time":[0.959,0.866,0.726,0.84,2.859,0.633,0,0.705,0.884,0.752,0.86,0.946,0.895,0.771,0.464,0.623,0.592,0.894,1.103,1.01,1.168,0.8120000000000001,0.512,0.524,0.757,0.924,0.922,0.659,0.6879999999999999,0.773,0.474,0.533,0.795,0.741,1.994,0,0,0.718,0.436,0.623,0.73,1.077,0.784,1.079,0.771,0,0.477,0.584,0.794,1.39,1.084,0.643,0.973,0.706,0.415,0.392,1.149,0.73,0.645,0,0.712,0.649,0.406,0.444,0.822,0,0.77,0.978,1.105,0.661,0,0.461,0,0.922,1.041,0.868,0.858,0.782,0.451,0],
	"Correct":[
		0,
		1,
		1,
		0,
		0,
		"-",
		"-",
		"-",
		1,
		1,
		0,
		1,
		1,
		"-",
		"-",
		"-",
		1,
		0,
		1,
		1,
		0,
		"-",
		"-",
		"-",
		0,
		1,
		1,
		1,
		1,
		"-",
		"-",
		"-",
		1,
		0,
		1,
		-1,
		-1,
		"-",
		"-",
		"-",
		1,
		1,
		1,
		1,
		1,
		"-",
		"-",
		"-",
		0,
		0,
		1,
		1,
		1,
		"-",
		"-",
		"-",
		1,
		1,
		1,
		-1,
		1,
		"-",
		"-",
		"-",
		1,
		-1,
		1,
		1,
		1,
		"-",
		"-",
		"-",
		-1,
		1,
		1,
		0,
		1,
		"-",
		"-",
		"-"
	],
	"Feedback":[
		"R",
		"R",
		"L",
		"R",
		"L",
		"-",
		"-",
		"-",
		"L",
		"L",
		"L",
		"R",
		"R",
		"-",
		"-",
		"-",
		"L",
		"L",
		"L",
		"L",
		"R",
		"-",
		"-",
		"-",
		"R",
		"L",
		"R",
		"R",
		"L",
		"-",
		"-",
		"-",
		"R",
		"R",
		"L",
		"L",
		"L",
		"-",
		"-",
		"-",
		"L",
		"R",
		"L",
		"L",
		"R",
		"-",
		"-",
		"-",
		"R",
		"R",
		"L",
		"R",
		"R",
		"-",
		"-",
		"-",
		"L",
		"L",
		"R",
		"L",
		"L",
		"-",
		"-",
		"-",
		"R",
		"R",
		"R",
		"L",
		"L",
		"-",
		"-",
		"-",
		"R",
		"L",
		"L",
		"L",
		"L",
		"-",
		"-",
		"-"
	]
}
