{
	"onset":[24.3064,25.9464,27.5864,29.2264,30.8664,32.5063,34.1463,35.7863,37.4263,39.0663,56.9728,58.6128,60.2528,61.8928,63.5328,65.1728,66.8128,68.45269999999999,70.09269999999999,71.73269999999999,89.6392,91.2792,92.9192,94.5592,96.1992,97.83920000000001,99.47920000000001,101.1192,102.7591,104.3991,122.3057,123.9456,125.5856,127.2256,128.8656,130.5056,132.1456,133.7856,135.4256,137.0655,154.9721,156.6121,158.252,159.892,161.532,163.172,164.812,166.452,168.092,169.732,187.6385,189.2785,190.9185,192.5584,194.1984,195.8384,197.4784,199.1184,200.7584,202.3984,220.3049,221.9449,223.5849,225.2249,226.8648,228.5048,230.1448,231.7848,233.4248,235.0648,252.9713,254.6113,256.2513,257.8913,259.5313,261.1712,262.8112,264.4512,266.0912,267.7312,285.6377,287.2777,288.9177,290.5577,292.1977,293.8377,295.4776,297.1176,298.7576,300.3976,318.3041,319.9441,321.5841,323.2241,324.8641,326.5041,328.1441,329.784,331.424,333.064,350.9705,352.6105,354.2505,355.8905,357.5305,359.1705,360.8105,362.4505,364.0904,365.7304,383.637,385.2769,386.9169,388.5569,390.1969,391.8369,393.4769,395.1169,396.7569,398.3968,416.3034,417.9434,419.5833,421.2233,422.8633,424.5033,426.1433,427.7833,429.4233,431.0633,448.9698,450.6098,452.2498,453.8897,455.5297,457.1697,458.8097,460.4497,462.0897,463.7297,481.6362,483.2762,484.9162,486.5561,488.1961,489.8361,491.4761,493.1161,494.7561,496.3961,514.3026,515.9426,517.5826,519.2226000000001,520.8625,522.5025000000001,524.1425,525.7825,527.4225,529.0625],
	"duration":[1,1,1,1,1,1,1,1,1,1,1,1,1,1,1,1,1,1,1,1,1,1,1,1,1,1,1,1,1,1,1,1,1,1,1,1,1,1,1,1,1,1,1,1,1,1,1,1,1,1,1,1,1,1,1,1,1,1,1,1,1,1,1,1,1,1,1,1,1,1,1,1,1,1,1,1,1,1,1,1,1,1,1,1,1,1,1,1,1,1,1,1,1,1,1,1,1,1,1,1,1,1,1,1,1,1,1,1,1,1,1,1,1,1,1,1,1,1,1,1,1,1,1,1,1,1,1,1,1,1,1,1,1,1,1,1,1,1,1,1,1,1,1,1,1,1,1,1,1,1,1,1,1,1,1,1,1,1,1,1],
	"weight":[1,1,1,1,1,1,1,1,1,1,1,1,1,1,1,1,1,1,1,1,1,1,1,1,1,1,1,1,1,1,1,1,1,1,1,1,1,1,1,1,1,1,1,1,1,1,1,1,1,1,1,1,1,1,1,1,1,1,1,1,1,1,1,1,1,1,1,1,1,1,1,1,1,1,1,1,1,1,1,1,1,1,1,1,1,1,1,1,1,1,1,1,1,1,1,1,1,1,1,1,1,1,1,1,1,1,1,1,1,1,1,1,1,1,1,1,1,1,1,1,1,1,1,1,1,1,1,1,1,1,1,1,1,1,1,1,1,1,1,1,1,1,1,1,1,1,1,1,1,1,1,1,1,1,1,1,1,1,1,1],
	"trial_type":[
		"Correct_Task",
		"No_Response_Task",
		"Correct_Task",
		"No_Response_Task",
		"Correct_Task",
		"Correct_Task",
		"Correct_Task",
		"Incorrect_Task",
		"No_Response_Task",
		"Incorrect_Task",
		"Response_Control",
		"Response_Control",
		"Response_Control",
		"No_Response_Control",
		"Response_Control",
		"Response_Control",
		"Response_Control",
		"Response_Control",
		"Response_Control",
		"No_Response_Control",
		"Incorrect_Task",
		"No_Response_Task",
		"Correct_Task",
		"No_Response_Task",
		"Incorrect_Task",
		"Correct_Task",
		"No_Response_Task",
		"Incorrect_Task",
		"Incorrect_Task",
		"No_Response_Task",
		"Response_Control",
		"Response_Control",
		"Response_Control",
		"No_Response_Control",
		"Response_Control",
		"Response_Control",
		"Response_Control",
		"No_Response_Control",
		"Response_Control",
		"No_Response_Control",
		"Correct_Task",
		"Incorrect_Task",
		"No_Response_Task",
		"Correct_Task",
		"Correct_Task",
		"Correct_Task",
		"Correct_Task",
		"Incorrect_Task",
		"No_Response_Task",
		"Incorrect_Task",
		"Response_Control",
		"Response_Control",
		"No_Response_Control",
		"Response_Control",
		"No_Response_Control",
		"Response_Control",
		"Response_Control",
		"No_Response_Control",
		"Response_Control",
		"No_Response_Control",
		"Correct_Task",
		"Incorrect_Task",
		"No_Response_Task",
		"Correct_Task",
		"Correct_Task",
		"Incorrect_Task",
		"Correct_Task",
		"Correct_Task",
		"Incorrect_Task",
		"Correct_Task",
		"Response_Control",
		"Response_Control",
		"Response_Control",
		"Response_Control",
		"No_Response_Control",
		"Response_Control",
		"Response_Control",
		"Response_Control",
		"No_Response_Control",
		"Response_Control",
		"No_Response_Task",
		"Incorrect_Task",
		"No_Response_Task",
		"Correct_Task",
		"Correct_Task",
		"No_Response_Task",
		"Correct_Task",
		"Correct_Task",
		"Correct_Task",
		"No_Response_Task",
		"Response_Control",
		"Response_Control",
		"Response_Control",
		"Response_Control",
		"Response_Control",
		"Response_Control",
		"Response_Control",
		"Response_Control",
		"Response_Control",
		"No_Response_Control",
		"Incorrect_Task",
		"Incorrect_Task",
		"No_Response_Task",
		"Incorrect_Task",
		"Correct_Task",
		"Incorrect_Task",
		"Correct_Task",
		"Correct_Task",
		"Correct_Task",
		"Correct_Task",
		"Response_Control",
		"Response_Control",
		"Response_Control",
		"Response_Control",
		"Response_Control",
		"Response_Control",
		"No_Response_Control",
		"Response_Control",
		"Response_Control",
		"No_Response_Control",
		"Incorrect_Task",
		"No_Response_Task",
		"Correct_Task",
		"Correct_Task",
		"Correct_Task",
		"Correct_Task",
		"Correct_Task",
		"Correct_Task",
		"Incorrect_Task",
		"Correct_Task",
		"Response_Control",
		"Response_Control",
		"Response_Control",
		"Response_Control",
		"No_Response_Control",
		"Response_Control",
		"Response_Control",
		"Response_Control",
		"No_Response_Control",
		"Response_Control",
		"Correct_Task",
		"No_Response_Task",
		"Correct_Task",
		"Correct_Task",
		"Incorrect_Task",
		"No_Response_Task",
		"Correct_Task",
		"Incorrect_Task",
		"No_Response_Task",
		"Incorrect_Task",
		"Response_Control",
		"Response_Control",
		"Response_Control",
		"Response_Control",
		"No_Response_Control",
		"Response_Control",
		"Response_Control",
		"Response_Control",
		"Response_Control",
		"No_Response_Control"
	]
}
