{
	"onset":[0.033,2.638,6.14,9.393000000000001,13.01,15.384,17.508,19.632,23.399,26.27,29.888,32.261,34.27,37.639,40.012,43.513,45.522,48.509,50.766,53.388,56.259,58.267,60.64,62.632,65.387,67.893,72.25700000000001,74.63,77.38500000000001,80.25700000000001,83.89100000000001,87.011,89.01900000000001,92.521,95.01000000000001,97.134,99.39100000000001,102.014,104.005,106.395,109.017,111.506,114.51,116.883,119.389,121.646,125.015,128.019,130.143,132.882,135.886,138.392,141.263,143.885,147.022,150.009,153.012,155.386,159.883,162.389,165.011,167.268,169.26,171.882,174.52,177.641,181.142,184.395,187.017,189.009,191.017,194.137,196.51,199.63,203.895,207.646,210.766,213.255,215.894,218.632,221.387,223.511,225.636,228.507,230.897,233.519,237.269,241.136,243.393,245.385,248.14,250.513,252.886,255.757,257.765,260.005,262.644,264.769,267.756,270.644,275.257,278.643,282.51,284.634,287.256,289.646,292.019,294.508,297.263,299.52,302.64,306.009,308.266,310.888,313.51,316.016,318.141,323.02,327.633,329.642,331.766,334.255,336.645,339.881,342.387,344.644,347.017,351.897],
	"duration":[1.5,1.5,1.5,1.5,1.5,1.5,1.5,1.5,1.5,1.5,1.5,1.5,1.5,1.5,1.5,1.5,1.5,1.5,1.5,1.5,1.5,1.5,1.5,1.5,1.5,1.5,1.5,1.5,1.5,1.5,1.5,1.5,1.5,1.5,1.5,1.5,1.5,1.5,1.5,1.5,1.5,1.5,1.5,1.5,1.5,1.5,1.5,1.5,1.5,1.5,1.5,1.5,1.5,1.5,1.5,1.5,1.5,1.5,1.5,1.5,1.5,1.5,1.5,1.5,1.5,1.5,1.5,1.5,1.5,1.5,1.5,1.5,1.5,1.5,1.5,1.5,1.5,1.5,1.5,1.5,1.5,1.5,1.5,1.5,1.5,1.5,1.5,1.5,1.5,1.5,1.5,1.5,1.5,1.5,1.5,1.5,1.5,1.5,1.5,1.5,1.5,1.5,1.5,1.5,1.5,1.5,1.5,1.5,1.5,1.5,1.5,1.5,1.5,1.5,1.5,1.5,1.5,1.5,1.5,1.5,1.5,1.5,1.5,1.5,1.5,1.5,1.5,1.5],
	"trial_type":[
		"go",
		"unsucc_stop",
		"go",
		"go",
		"go",
		"go",
		"go",
		"unsucc_stop",
		"go",
		"unsucc_stop",
		"unsucc_stop",
		"go",
		"go",
		"go",
		"junk",
		"go",
		"go",
		"go",
		"go",
		"go",
		"go",
		"unsucc_stop",
		"go",
		"unsucc_stop",
		"unsucc_stop",
		"succ_stop",
		"go",
		"go",
		"go",
		"go",
		"go",
		"go",
		"go",
		"go",
		"go",
		"go",
		"go",
		"go",
		"unsucc_stop",
		"unsucc_stop",
		"succ_stop",
		"go",
		"go",
		"succ_stop",
		"go",
		"go",
		"go",
		"go",
		"unsucc_stop",
		"go",
		"go",
		"go",
		"go",
		"go",
		"go",
		"unsucc_stop",
		"unsucc_stop",
		"succ_stop",
		"go",
		"go",
		"go",
		"go",
		"go",
		"go",
		"unsucc_stop",
		"go",
		"go",
		"go",
		"go",
		"go",
		"succ_stop",
		"go",
		"go",
		"go",
		"go",
		"go",
		"succ_stop",
		"succ_stop",
		"go",
		"go",
		"go",
		"go",
		"go",
		"go",
		"go",
		"go",
		"unsucc_stop",
		"unsucc_stop",
		"go",
		"go",
		"go",
		"succ_stop",
		"go",
		"unsucc_stop",
		"go",
		"go",
		"unsucc_stop",
		"succ_stop",
		"go",
		"go",
		"go",
		"go",
		"go",
		"go",
		"go",
		"go",
		"go",
		"unsucc_stop",
		"succ_stop",
		"go",
		"go",
		"go",
		"go",
		"go",
		"junk",
		"unsucc_stop",
		"succ_stop",
		"go",
		"go",
		"go",
		"go",
		"go",
		"go",
		"unsucc_stop",
		"go",
		"go",
		"succ_stop",
		"go"
	]
}
