{
	"onset":[0.019,4.764,7.138,9.146000000000001,11.27,14.506,16.896,19.385,21.891,24.016,26.505,29.758,32.762,36.894,38.886,41.392,44.014,46.636,50.519,54.021,58.02,60.261,62.634,66.518,68.642,70.76600000000001,73.00700000000001,75.396,78.63200000000001,80.64100000000001,83.014,86.63200000000001,89.768,93.51900000000001,96.88800000000001,98.896,101.02,105.767,108.638,110.646,113.019,115.01,118.014,120.139,122.263,125.267,128.885,130.893,136.137,138.394,140.634,144.634,146.891,149.015,151.521,154.392,157.014,159.636,162.259,164.516,167.271,169.395,171.519,174.008,176.514,179.269,182.141,184.647,186.638,189.011,192.015,195.766,198.52,202.636,206.387,211.266,213.258,215.515,217.888,219.896,222.883,226.136,229.256,231.264,233.388,236.392,240.392,243.263,246.764,248.889,251.644,254.017,256.008,258.514,260.887,263.145,265.269,268.007,270.513,272.77,275.011,277.268,279.392,281.765,284.271,286.263,290.013,293.764,298.145,300.767,303.638,305.646,307.771,311.389,313.513,315.77,319.272,322.64,324.765,327.52,329.76,332.133,334.257,336.764,341.643,343.883,346.007,349.393],
	"duration":[1.5,1.5,1.5,1.5,1.5,1.5,1.5,1.5,1.5,1.5,1.5,1.5,1.5,1.5,1.5,1.5,1.5,1.5,1.5,1.5,1.5,1.5,1.5,1.5,1.5,1.5,1.5,1.5,1.5,1.5,1.5,1.5,1.5,1.5,1.5,1.5,1.5,1.5,1.5,1.5,1.5,1.5,1.5,1.5,1.5,1.5,1.5,1.5,1.5,1.5,1.5,1.5,1.5,1.5,1.5,1.5,1.5,1.5,1.5,1.5,1.5,1.5,1.5,1.5,1.5,1.5,1.5,1.5,1.5,1.5,1.5,1.5,1.5,1.5,1.5,1.5,1.5,1.5,1.5,1.5,1.5,1.5,1.5,1.5,1.5,1.5,1.5,1.5,1.5,1.5,1.5,1.5,1.5,1.5,1.5,1.5,1.5,1.5,1.5,1.5,1.5,1.5,1.5,1.5,1.5,1.5,1.5,1.5,1.5,1.5,1.5,1.5,1.5,1.5,1.5,1.5,1.5,1.5,1.5,1.5,1.5,1.5,1.5,1.5,1.5,1.5,1.5,1.5],
	"trial_type":[
		"junk",
		"go",
		"go",
		"go",
		"go",
		"go",
		"unsucc_stop",
		"go",
		"go",
		"go",
		"go",
		"go",
		"go",
		"go",
		"unsucc_stop",
		"unsucc_stop",
		"go",
		"go",
		"unsucc_stop",
		"unsucc_stop",
		"go",
		"go",
		"go",
		"go",
		"go",
		"go",
		"go",
		"go",
		"go",
		"unsucc_stop",
		"unsucc_stop",
		"go",
		"go",
		"go",
		"go",
		"go",
		"go",
		"succ_stop",
		"succ_stop",
		"go",
		"go",
		"go",
		"go",
		"unsucc_stop",
		"go",
		"go",
		"go",
		"unsucc_stop",
		"go",
		"unsucc_stop",
		"go",
		"go",
		"unsucc_stop",
		"go",
		"go",
		"go",
		"succ_stop",
		"go",
		"go",
		"go",
		"go",
		"go",
		"unsucc_stop",
		"go",
		"go",
		"go",
		"go",
		"go",
		"go",
		"go",
		"succ_stop",
		"unsucc_stop",
		"succ_stop",
		"succ_stop",
		"go",
		"go",
		"go",
		"go",
		"go",
		"go",
		"go",
		"go",
		"go",
		"go",
		"go",
		"unsucc_stop",
		"go",
		"unsucc_stop",
		"unsucc_stop",
		"succ_stop",
		"go",
		"go",
		"go",
		"go",
		"go",
		"go",
		"go",
		"go",
		"unsucc_stop",
		"succ_stop",
		"go",
		"go",
		"go",
		"go",
		"go",
		"unsucc_stop",
		"go",
		"go",
		"go",
		"succ_stop",
		"go",
		"go",
		"unsucc_stop",
		"succ_stop",
		"go",
		"go",
		"go",
		"go",
		"go",
		"go",
		"go",
		"go",
		"succ_stop",
		"go",
		"unsucc_stop",
		"go",
		"go",
		"go"
	]
}
