{
	"onset":[23.4782,26.6355,29.86,33,36.0909,39.1809,42.4391,45.5291,48.6364,51.8436,54.9009,58.0082,61.2318,64.35639999999999,67.43000000000001,70.6536,73.6773,76.8518,79.9755,83.1991,86.39,89.4636,92.57089999999999,95.7782,99.0355,102.26,105.451,108.708,111.983,115.056,118.146,121.321,124.578,127.653,130.877,134,137.157,140.331,143.505,146.546,149.653,152.81,155.967,159.141,162.315,165.639,168.78,171.904,175.061,178.285,181.459,184.684,187.724,190.814,194.105,197.279,200.503,203.627,206.817,210.042,213.182,216.323,219.396,222.604,225.728,228.935,232.126,235.334,238.507,241.547,244.655,247.895,251.019,254.176,257.317,260.508,263.615,266.705,269.796,272.853,276.077,279.352,282.609,285.766,288.906,291.914,295.155,298.413,301.435,304.576,307.834,311.025,314.165,317.389,320.58,323.737,326.795,329.767,332.808,335.965,339.156,342.264,345.404,348.595,351.835,355.043,358.183,361.34,364.565,367.839,371.063,374.236,377.511,380.602,383.792,387.1,390.324,393.465,396.622,399.695,402.819,405.926,409.05,412.275,415.415,418.655,421.813,424.92,427.995,431.017,434.175,437.315,440.506,443.63,446.721,449.878,453.068,456.259,459.566,462.724,465.898,469.105,472.396,475.487,478.761,481.902,485.009,488.199],
	"duration":[0,0,0,0,0,0,0,0,0,0,0,0,0,0,0,0,0,0,0,0,0,0,0,0,0,0,0,0,0,0,0,0,0,0,0,0,0,0,0,0,0,0,0,0,0,0,0,0,0,0,0,0,0,0,0,0,0,0,0,0,0,0,0,0,0,0,0,0,0,0,0,0,0,0,0,0,0,0,0,0,0,0,0,0,0,0,0,0,0,0,0,0,0,0,0,0,0,0,0,0,0,0,0,0,0,0,0,0,0,0,0,0,0,0,0,0,0,0,0,0,0,0,0,0,0,0,0,0,0,0,0,0,0,0,0,0,0,0,0,0,0,0,0,0,0,0,0,0],
	"onset_sample":[25826,29299,32846,36300,39700,43099,46683,50082,53500,57028,60391,63809,67355,70792,74173,77719,81045,84537,87973,91519,95029,98410,101828,105356,108939,112486,115996,119579,123181,126562,129961,133453,137036,140418,143965,147400,150873,154364,157856,161201,164618,168091,171564,175055,178547,182203,185658,189094,192567,196114,199605,203152,206496,209895,213515,217007,220553,223990,227499,231046,234500,237955,241336,244864,248301,251829,255339,258867,262358,265702,269120,272685,276121,279594,283049,286559,289977,293376,296776,300138,303685,307287,310870,314343,317797,321105,324670,328254,331579,335034,338617,342127,345582,349128,352638,356111,359474,362744,366089,369562,373072,376490,379944,383454,387019,390547,394001,397474,401021,404623,408169,411660,415262,418662,422171,425810,429356,432811,436284,439665,443101,446519,449955,453502,456957,460521,463994,467412,470794,474119,477592,481047,484557,487993,491393,494866,498375,501885,505523,508996,512488,516016,519636,523036,526637,530092,533510,537019],
	"stim_type":[
		"Scrambled",
		"Scrambled",
		"Famous",
		"Famous",
		"Unfamiliar",
		"Unfamiliar",
		"Scrambled",
		"Unfamiliar",
		"Unfamiliar",
		"Famous",
		"Unfamiliar",
		"Famous",
		"Famous",
		"Scrambled",
		"Unfamiliar",
		"Unfamiliar",
		"Unfamiliar",
		"Unfamiliar",
		"Unfamiliar",
		"Famous",
		"Famous",
		"Famous",
		"Scrambled",
		"Unfamiliar",
		"Famous",
		"Famous",
		"Famous",
		"Unfamiliar",
		"Unfamiliar",
		"Unfamiliar",
		"Famous",
		"Unfamiliar",
		"Scrambled",
		"Famous",
		"Famous",
		"Famous",
		"Unfamiliar",
		"Scrambled",
		"Scrambled",
		"Scrambled",
		"Famous",
		"Unfamiliar",
		"Unfamiliar",
		"Unfamiliar",
		"Scrambled",
		"Scrambled",
		"Scrambled",
		"Unfamiliar",
		"Famous",
		"Unfamiliar",
		"Scrambled",
		"Famous",
		"Scrambled",
		"Scrambled",
		"Unfamiliar",
		"Scrambled",
		"Scrambled",
		"Famous",
		"Unfamiliar",
		"Unfamiliar",
		"Scrambled",
		"Famous",
		"Unfamiliar",
		"Unfamiliar",
		"Scrambled",
		"Scrambled",
		"Unfamiliar",
		"Famous",
		"Famous",
		"Scrambled",
		"Scrambled",
		"Unfamiliar",
		"Unfamiliar",
		"Unfamiliar",
		"Scrambled",
		"Famous",
		"Famous",
		"Famous",
		"Famous",
		"Scrambled",
		"Scrambled",
		"Scrambled",
		"Scrambled",
		"Scrambled",
		"Famous",
		"Famous",
		"Scrambled",
		"Scrambled",
		"Scrambled",
		"Unfamiliar",
		"Unfamiliar",
		"Scrambled",
		"Unfamiliar",
		"Unfamiliar",
		"Scrambled",
		"Famous",
		"Famous",
		"Famous",
		"Famous",
		"Famous",
		"Famous",
		"Unfamiliar",
		"Unfamiliar",
		"Famous",
		"Famous",
		"Scrambled",
		"Famous",
		"Famous",
		"Unfamiliar",
		"Unfamiliar",
		"Famous",
		"Famous",
		"Famous",
		"Scrambled",
		"Unfamiliar",
		"Scrambled",
		"Famous",
		"Famous",
		"Famous",
		"Unfamiliar",
		"Unfamiliar",
		"Scrambled",
		"Scrambled",
		"Scrambled",
		"Unfamiliar",
		"Scrambled",
		"Scrambled",
		"Scrambled",
		"Unfamiliar",
		"Unfamiliar",
		"Famous",
		"Scrambled",
		"Famous",
		"Famous",
		"Famous",
		"Famous",
		"Unfamiliar",
		"Unfamiliar",
		"Scrambled",
		"Scrambled",
		"Scrambled",
		"Scrambled",
		"Unfamiliar",
		"Unfamiliar",
		"Famous",
		"Scrambled",
		"Scrambled",
		"Unfamiliar"
	],
	"trigger":[17,18,5,6,13,14,17,13,13,5,13,5,6,19,13,15,13,14,15,5,6,7,17,15,5,5,6,15,13,14,5,13,19,5,6,7,13,17,18,17,7,13,14,15,17,17,18,15,5,13,19,5,17,19,13,17,18,7,13,15,17,7,13,14,19,17,15,5,6,17,18,15,13,14,19,5,6,5,6,19,17,17,17,18,5,5,17,18,19,13,14,19,13,14,17,7,5,6,7,5,5,13,14,5,6,19,5,6,13,14,7,5,7,17,13,17,5,5,7,13,14,19,17,18,15,17,18,19,13,14,7,17,7,5,6,5,13,13,17,18,19,17,13,14,7,17,18,15],
	"stim_file":[
		"meg/s107.bmp",
		"meg/s107.bmp",
		"meg/f076.bmp",
		"meg/f076.bmp",
		"meg/u036.bmp",
		"meg/u036.bmp",
		"meg/s143.bmp",
		"meg/u125.bmp",
		"meg/u049.bmp",
		"meg/f059.bmp",
		"meg/u057.bmp",
		"meg/f073.bmp",
		"meg/f073.bmp",
		"meg/s143.bmp",
		"meg/u142.bmp",
		"meg/u125.bmp",
		"meg/u136.bmp",
		"meg/u136.bmp",
		"meg/u049.bmp",
		"meg/f077.bmp",
		"meg/f077.bmp",
		"meg/f059.bmp",
		"meg/s052.bmp",
		"meg/u057.bmp",
		"meg/f103.bmp",
		"meg/f029.bmp",
		"meg/f029.bmp",
		"meg/u142.bmp",
		"meg/u120.bmp",
		"meg/u120.bmp",
		"meg/f047.bmp",
		"meg/u038.bmp",
		"meg/s052.bmp",
		"meg/f042.bmp",
		"meg/f042.bmp",
		"meg/f103.bmp",
		"meg/u050.bmp",
		"meg/s133.bmp",
		"meg/s133.bmp",
		"meg/s011.bmp",
		"meg/f047.bmp",
		"meg/u033.bmp",
		"meg/u033.bmp",
		"meg/u038.bmp",
		"meg/s098.bmp",
		"meg/s044.bmp",
		"meg/s044.bmp",
		"meg/u050.bmp",
		"meg/f048.bmp",
		"meg/u135.bmp",
		"meg/s011.bmp",
		"meg/f146.bmp",
		"meg/s119.bmp",
		"meg/s098.bmp",
		"meg/u119.bmp",
		"meg/s009.bmp",
		"meg/s009.bmp",
		"meg/f048.bmp",
		"meg/u019.bmp",
		"meg/u135.bmp",
		"meg/s002.bmp",
		"meg/f146.bmp",
		"meg/u042.bmp",
		"meg/u042.bmp",
		"meg/s119.bmp",
		"meg/s128.bmp",
		"meg/u119.bmp",
		"meg/f037.bmp",
		"meg/f037.bmp",
		"meg/s059.bmp",
		"meg/s059.bmp",
		"meg/u019.bmp",
		"meg/u076.bmp",
		"meg/u076.bmp",
		"meg/s002.bmp",
		"meg/f108.bmp",
		"meg/f108.bmp",
		"meg/f093.bmp",
		"meg/f093.bmp",
		"meg/s128.bmp",
		"meg/s087.bmp",
		"meg/s080.bmp",
		"meg/s007.bmp",
		"meg/s007.bmp",
		"meg/f061.bmp",
		"meg/f060.bmp",
		"meg/s068.bmp",
		"meg/s068.bmp",
		"meg/s087.bmp",
		"meg/u010.bmp",
		"meg/u010.bmp",
		"meg/s080.bmp",
		"meg/u015.bmp",
		"meg/u015.bmp",
		"meg/s008.bmp",
		"meg/f061.bmp",
		"meg/f140.bmp",
		"meg/f140.bmp",
		"meg/f060.bmp",
		"meg/f141.bmp",
		"meg/f072.bmp",
		"meg/u085.bmp",
		"meg/u085.bmp",
		"meg/f043.bmp",
		"meg/f043.bmp",
		"meg/s008.bmp",
		"meg/f083.bmp",
		"meg/f083.bmp",
		"meg/u005.bmp",
		"meg/u005.bmp",
		"meg/f141.bmp",
		"meg/f143.bmp",
		"meg/f072.bmp",
		"meg/s085.bmp",
		"meg/u138.bmp",
		"meg/s084.bmp",
		"meg/f132.bmp",
		"meg/f008.bmp",
		"meg/f143.bmp",
		"meg/u059.bmp",
		"meg/u059.bmp",
		"meg/s085.bmp",
		"meg/s139.bmp",
		"meg/s139.bmp",
		"meg/u138.bmp",
		"meg/s100.bmp",
		"meg/s100.bmp",
		"meg/s084.bmp",
		"meg/u100.bmp",
		"meg/u100.bmp",
		"meg/f132.bmp",
		"meg/s147.bmp",
		"meg/f008.bmp",
		"meg/f086.bmp",
		"meg/f086.bmp",
		"meg/f134.bmp",
		"meg/u035.bmp",
		"meg/u058.bmp",
		"meg/s006.bmp",
		"meg/s006.bmp",
		"meg/s147.bmp",
		"meg/s021.bmp",
		"meg/u095.bmp",
		"meg/u095.bmp",
		"meg/f134.bmp",
		"meg/s142.bmp",
		"meg/s142.bmp",
		"meg/u035.bmp"
	]
}
