{
	"onset":[1.5,3.496,7.489,20.492,28.596,30.592,34.602,46.598,54.702,56.698,60.708,75.70699999999999,84.818,86.81399999999999,99.809,105.916,107.913,111.939,119.053,121.05,125.06,134.17,136.167,151.166,158.28,160.276,164.269,176.265,185.376,187.372,191.365,203.378,209.485,211.482,215.508,222.622,224.619,228.612,243.611,249.718,251.715,255.741,263.845,265.842,279.851,285.958,287.955,299.951,306.058,308.054,312.081,321.191,323.188,338.187,347.298,349.294,353.304,360.418,362.616,376.416],
	"duration":[2,4,8,2.1,2,4,8,2.1,2,4,8,2.1,2,8,2.1,2,4,2.1,2,4,2.1,2,8,2.1,2,4,8,2.1,2,4,8,2.1,2,4,2.1,2,4,8,2.1,2,4,2.1,2,8,2.1,2,8,2.1,2,4,2.1,2,8,2.1,2,4,2.1,2,8,2.1],
	"trial_type":[
		"Reapp_Neg_Cue",
		"Reapp_Neg_Ant",
		"Reapp_Neg_Stim",
		"Reapp_Neg_Rating",
		"Look_Neutral_Cue",
		"Look_Neutral_Ant",
		"Look_Neutral_Stim",
		"Look_Neutral_Rating",
		"Look_Neg_Cue",
		"Look_Neg_Ant",
		"Look_Neg_Stim",
		"Look_Neg_Rating",
		"Look_Neutral_Cue",
		"Look_Neutral_Stim",
		"Look_Neutral_Rating",
		"Reapp_Neg_Cue",
		"Reapp_Neg_Ant",
		"Reapp_Neg_Rating",
		"Look_Neg_Cue",
		"Look_Neg_Ant",
		"Look_Neg_Rating",
		"Reapp_Neg_Cue",
		"Reapp_Neg_Stim",
		"Reapp_Neg_Rating",
		"Look_Neutral_Cue",
		"Look_Neutral_Ant",
		"Look_Neutral_Stim",
		"Look_Neutral_Rating",
		"Look_Neg_Cue",
		"Look_Neg_Ant",
		"Look_Neg_Stim",
		"Look_Neg_Rating",
		"Look_Neg_Cue",
		"Look_Neg_Ant",
		"Look_Neg_Rating",
		"Reapp_Neg_Cue",
		"Reapp_Neg_Ant",
		"Reapp_Neg_Stim",
		"Reapp_Neg_Rating",
		"Look_Neutral_Cue",
		"Look_Neutral_Ant",
		"Look_Neutral_Rating",
		"Reapp_Neg_Cue",
		"Reapp_Neg_Stim",
		"Reapp_Neg_Rating",
		"Look_Neg_Cue",
		"Look_Neg_Stim",
		"Look_Neg_Rating",
		"Look_Neutral_Cue",
		"Look_Neutral_Ant",
		"Look_Neutral_Rating",
		"Look_Neg_Cue",
		"Look_Neg_Stim",
		"Look_Neg_Rating",
		"Reapp_Neg_Cue",
		"Reapp_Neg_Ant",
		"Reapp_Neg_Rating",
		"Look_Neutral_Cue",
		"Look_Neutral_Stim",
		"Look_Neutral_Rating"
	]
}
