{
	"onset":[16.005,21.266,31.755,37.015,42.26,47.504,52.765,58.009,63.253,68.514,73.758,79.006,84.26300000000001,89.508,94.752,105.257,110.501,115.763,121.007,126.251,131.512,136.756,142.017,147.261,152.506,157.767,163.011,168.255,178.76,184.004,189.265,194.51,199.754,205.015,210.259,215.503,220.764,226.008,231.256,236.513,241.758,252.263,257.507,262.751,268.012,273.257,278.501,283.762,289.006,294.267,299.511,304.755,310.016,315.261,325.766,331.01,336.254,341.515,346.759,352.004,357.264,362.509,367.753,373.014,378.258,383.502,388.763,399.252,404.513,409.757,415.001,420.262,425.507,430.767,436.012,441.256,446.517,451.761,457.005,462.266,472.755,478.015,483.26,488.504,493.765,499.009,504.253,509.514,514.759,520.003,525.264,530.508,535.752,546.2569999999999,551.502,556.763],
	"duration":[4.5,4.5,4.5,4.5,4.5,4.5,4.5,4.5,4.5,4.5,4.5,4.5,4.5,4.5,4.5,4.5,4.5,4.5,4.5,4.5,4.5,4.5,4.5,4.5,4.5,4.5,4.5,4.5,4.5,4.5,4.5,4.5,4.5,4.5,4.5,4.5,4.5,4.5,4.5,4.5,4.5,4.5,4.5,4.5,4.5,4.5,4.5,4.5,4.5,4.5,4.5,4.5,4.5,4.5,4.5,4.5,4.5,4.5,4.5,4.5,4.5,4.5,4.5,4.5,4.5,4.5,4.5,4.5,4.5,4.5,4.5,4.5,4.5,4.5,4.5,4.5,4.5,4.5,4.5,4.5,4.5,4.5,4.5,4.5,4.5,4.5,4.5,4.5,4.5,4.5,4.5,4.5,4.5,4.5,4.5,4.5],
	"trial_type":[
		"easy_par",
		"easy_par",
		"easy_par",
		"easy_par",
		"hard_par",
		"hard_par",
		"easy_par",
		"easy_par",
		"hard_par",
		"hard_par",
		"easy_par",
		"hard_par",
		"easy_par",
		"hard_par",
		"easy_par",
		"hard_par",
		"hard_par",
		"hard_par",
		"easy_par",
		"hard_par",
		"hard_par",
		"hard_par",
		"hard_par",
		"hard_par",
		"hard_par",
		"hard_par",
		"easy_par",
		"easy_par",
		"easy_par",
		"easy_par",
		"hard_par",
		"easy_par",
		"hard_par",
		"hard_par",
		"hard_par",
		"hard_par",
		"hard_par",
		"easy_par",
		"hard_par",
		"easy_par",
		"hard_par",
		"easy_par",
		"hard_par",
		"hard_par",
		"hard_par",
		"hard_par",
		"hard_par",
		"hard_par",
		"easy_par",
		"easy_par",
		"hard_par",
		"hard_par",
		"hard_par",
		"easy_par",
		"easy_par",
		"easy_par",
		"hard_par",
		"hard_par",
		"hard_par",
		"easy_par",
		"easy_par",
		"easy_par",
		"hard_par",
		"easy_par",
		"easy_par",
		"hard_par",
		"easy_par",
		"easy_par",
		"hard_par",
		"hard_par",
		"easy_par",
		"easy_par",
		"easy_par",
		"easy_par",
		"easy_par",
		"easy_par",
		"easy_par",
		"hard_par",
		"easy_par",
		"easy_par",
		"hard_par",
		"easy_par",
		"easy_par",
		"easy_par",
		"hard_par",
		"hard_par",
		"easy_par",
		"hard_par",
		"hard_par",
		"easy_par",
		"easy_par",
		"hard_par",
		"easy_par",
		"easy_par",
		"easy_par",
		"hard_par"
	],
	"easy_par":[
		-0.333,
		-0.333,
		-0.333,
		-0.333,
		"n/a",
		"n/a",
		-0.333,
		-0.333,
		"n/a",
		"n/a",
		0.667,
		"n/a",
		0.667,
		"n/a",
		-0.333,
		"n/a",
		"n/a",
		"n/a",
		-0.333,
		"n/a",
		"n/a",
		"n/a",
		"n/a",
		"n/a",
		"n/a",
		"n/a",
		-0.333,
		-0.333,
		-0.333,
		0.667,
		"n/a",
		-0.333,
		"n/a",
		"n/a",
		"n/a",
		"n/a",
		"n/a",
		-0.333,
		"n/a",
		0.667,
		"n/a",
		0.667,
		"n/a",
		"n/a",
		"n/a",
		"n/a",
		"n/a",
		"n/a",
		-0.333,
		-0.333,
		"n/a",
		"n/a",
		"n/a",
		-0.333,
		0.667,
		-0.333,
		"n/a",
		"n/a",
		"n/a",
		-0.333,
		-0.333,
		0.667,
		"n/a",
		0.667,
		-0.333,
		"n/a",
		0.667,
		-0.333,
		"n/a",
		"n/a",
		0.667,
		0.667,
		0.667,
		0.667,
		-0.333,
		-0.333,
		-0.333,
		"n/a",
		-0.333,
		-0.333,
		"n/a",
		0.667,
		-0.333,
		-0.333,
		"n/a",
		"n/a",
		-0.333,
		"n/a",
		"n/a",
		0.667,
		-0.333,
		"n/a",
		0.667,
		-0.333,
		-0.333,
		"n/a"
	],
	"hard_par":[
		"n/a",
		"n/a",
		"n/a",
		"n/a",
		-0.479,
		-0.479,
		"n/a",
		"n/a",
		-0.479,
		-0.479,
		"n/a",
		-0.479,
		"n/a",
		-0.479,
		"n/a",
		0.521,
		-0.479,
		-0.479,
		"n/a",
		-0.479,
		-0.479,
		-0.479,
		-0.479,
		-0.479,
		0.521,
		0.521,
		"n/a",
		"n/a",
		"n/a",
		"n/a",
		0.521,
		"n/a",
		0.521,
		-0.479,
		0.521,
		-0.479,
		-0.479,
		"n/a",
		0.521,
		"n/a",
		0.521,
		"n/a",
		-0.479,
		-0.479,
		-0.479,
		-0.479,
		-0.479,
		0.521,
		"n/a",
		"n/a",
		-0.479,
		0.521,
		0.521,
		"n/a",
		"n/a",
		"n/a",
		0.521,
		0.521,
		0.521,
		"n/a",
		"n/a",
		"n/a",
		0.521,
		"n/a",
		"n/a",
		0.521,
		"n/a",
		"n/a",
		0.521,
		0.521,
		"n/a",
		"n/a",
		"n/a",
		"n/a",
		"n/a",
		"n/a",
		"n/a",
		0.521,
		"n/a",
		"n/a",
		-0.479,
		"n/a",
		"n/a",
		"n/a",
		0.521,
		-0.479,
		"n/a",
		0.521,
		0.521,
		"n/a",
		"n/a",
		-0.479,
		"n/a",
		"n/a",
		"n/a",
		0.521
	]
}
