{
	"onset":[0.028,4.392,6.516,11.76,16.39,19.759,22.63,24.771,26.896,29.385,31.891,34.895,37.135,40.886,43.259,45.267,47.259,49.383,51.391,53.383,56.386,59.141,64.518,67.389,70.26000000000001,72.518,74.509,78.011,81.015,83.139,86.508,89.014,91.52,93.511,95.51900000000001,97.511,99.884,102.141,104.132,106.506,108.514,110.522,114.007,116.131,119.517,124.014,126.138,128.395,131.764,134.387,136.76,139.764,144.261,147.016,150.518,153.638,156.393,158.517,161.272,164.01,166.632,168.889,171.395,174.382,176.391,178.631,182.896,185.386,188.14,190.381,192.522,195.891,198.894,201.268,205.134,208.271,212.022,214.262,216.635,218.643,221.514,223.639,227.389,229.381,232.767,237.015,240.766,243.637,246.641,249.263,251.271,253.262,256.637,258.639,262.506,266.506,268.647,270.771,272.762,276.397,280.015,282.272,284.396,287.881,290.387,292.76,295.017,297.391,299.382,302.386,304.394,307.132,309.771,311.895,314.136,316.393,320.392,323.645,326.135,330.018,332.391,335.76,338.631,340.639,343.892,346.016,349.136,353.269],
	"duration":[1.5,1.5,1.5,1.5,1.5,1.5,1.5,1.5,1.5,1.5,1.5,1.5,1.5,1.5,1.5,1.5,1.5,1.5,1.5,1.5,1.5,1.5,1.5,1.5,1.5,1.5,1.5,1.5,1.5,1.5,1.5,1.5,1.5,1.5,1.5,1.5,1.5,1.5,1.5,1.5,1.5,1.5,1.5,1.5,1.5,1.5,1.5,1.5,1.5,1.5,1.5,1.5,1.5,1.5,1.5,1.5,1.5,1.5,1.5,1.5,1.5,1.5,1.5,1.5,1.5,1.5,1.5,1.5,1.5,1.5,1.5,1.5,1.5,1.5,1.5,1.5,1.5,1.5,1.5,1.5,1.5,1.5,1.5,1.5,1.5,1.5,1.5,1.5,1.5,1.5,1.5,1.5,1.5,1.5,1.5,1.5,1.5,1.5,1.5,1.5,1.5,1.5,1.5,1.5,1.5,1.5,1.5,1.5,1.5,1.5,1.5,1.5,1.5,1.5,1.5,1.5,1.5,1.5,1.5,1.5,1.5,1.5,1.5,1.5,1.5,1.5,1.5,1.5],
	"trial_type":[
		"go",
		"go",
		"go",
		"go",
		"go",
		"go",
		"unsucc_stop",
		"unsucc_stop",
		"succ_stop",
		"unsucc_stop",
		"go",
		"go",
		"junk",
		"go",
		"go",
		"go",
		"go",
		"junk",
		"go",
		"unsucc_stop",
		"go",
		"go",
		"go",
		"succ_stop",
		"go",
		"go",
		"go",
		"go",
		"succ_stop",
		"unsucc_stop",
		"go",
		"go",
		"go",
		"go",
		"go",
		"go",
		"go",
		"unsucc_stop",
		"go",
		"unsucc_stop",
		"unsucc_stop",
		"go",
		"go",
		"junk",
		"unsucc_stop",
		"go",
		"go",
		"go",
		"go",
		"go",
		"succ_stop",
		"succ_stop",
		"go",
		"go",
		"go",
		"go",
		"go",
		"go",
		"unsucc_stop",
		"succ_stop",
		"go",
		"go",
		"go",
		"go",
		"go",
		"go",
		"unsucc_stop",
		"go",
		"go",
		"go",
		"go",
		"succ_stop",
		"go",
		"go",
		"go",
		"go",
		"unsucc_stop",
		"go",
		"go",
		"succ_stop",
		"succ_stop",
		"go",
		"go",
		"go",
		"go",
		"go",
		"unsucc_stop",
		"go",
		"go",
		"go",
		"go",
		"go",
		"go",
		"unsucc_stop",
		"succ_stop",
		"go",
		"succ_stop",
		"go",
		"succ_stop",
		"go",
		"go",
		"go",
		"go",
		"go",
		"succ_stop",
		"go",
		"go",
		"go",
		"go",
		"go",
		"go",
		"succ_stop",
		"go",
		"go",
		"go",
		"go",
		"go",
		"go",
		"succ_stop",
		"unsucc_stop",
		"succ_stop",
		"go",
		"go",
		"go",
		"go",
		"go",
		"go",
		"succ_stop"
	]
}
