{
	"onset":[0,3.14,6.548,9.587999999999999,12.812,16.119,19.393,22.4,25.507,28.162,48.691,51.898,55.022,58.329,61.419,64.66,67.95,71.241,74.515,77.872,81.01300000000001,84.387,87.727,90.83499999999999,94.008,97.16500000000001,100.339,103.512,106.72,109.342,129.938,133.078,136.352,139.592,142.85,146.04,149.03,152.32,155.428,158.601,161.708,165.049,168.289,171.263,174.386,177.576,180.817,184.074,187.198,190.355,193.027,213.556,216.763,219.987,223.194,226.401,229.541,232.615,235.905,238.929,242.169,245.159,248.466,251.707,254.847,258.055,261.195,264.318,267.592,270.833,273.422,294.034,297.341,300.481,303.572,306.795,309.952,313.093,316.283,319.273,322.547,325.788,329.061,332.252,335.542,338.699,341.956,345.264,348.454,351.077,371.522,374.662,377.736,380.826,383.949,387.24,390.48,393.622,396.811,399.584],
	"duration":[0.911,0.955,0.864,0.873,0.952,0.995,0.8169999999999999,0.803,0.904,20,0.946,0.868,0.987,0.876,0.915,0.964,0.981,0.975,0.957,0.905,1,0.973,0.931,0.849,0.865,0.927,0.994,0.856,0.872,20,0.831,0.963,0.92,0.9379999999999999,0.903,0.804,0.975,0.857,0.831,0.903,0.981,0.9330000000000001,0.8139999999999999,0.923,0.945,0.945,0.894,0.852,0.948,0.924,20,0.843,0.885,0.993,0.867,0.892,0.804,0.962,0.835,0.87,0.8090000000000001,0.968,0.918,0.93,0.9389999999999999,0.898,0.916,0.96,0.923,0.848,20,0.984,0.874,0.893,0.946,0.904,0.834,0.885,0.8080000000000001,0.964,0.878,0.973,0.891,0.98,0.912,0.897,0.974,0.865,0.881,20,0.901,0.821,0.8179999999999999,0.882,0.969,0.992,0.979,0.924,0.995,0.012],
	"circle_duration":[0.406,0.411,0.552,0.415,0.553,0.577,0.499,0.431,0.545,20,0.465,0.496,0.499,0.546,0.45,0.5610000000000001,0.556,0.545,0.526,0.595,0.462,0.58,0.6,0.416,0.5610000000000001,0.527,0.47,0.416,0.5570000000000001,20,0.535,0.535,0.54,0.5659999999999999,0.551,0.526,0.412,0.542,0.484,0.577,0.423,0.592,0.53,0.401,0.411,0.482,0.528,0.5620000000000001,0.509,0.451,20,0.474,0.6,0.572,0.438,0.584,0.471,0.449,0.537,0.42,0.587,0.411,0.58,0.554,0.437,0.501,0.469,0.446,0.55,0.547,20,0.581,0.5659999999999999,0.496,0.43,0.509,0.482,0.548,0.536,0.409,0.536,0.577,0.525,0.534,0.542,0.472,0.586,0.5639999999999999,0.5610000000000001,20,0.412,0.473,0.471,0.51,0.482,0.5639999999999999,0.468,0.401,0.486,0],
	"stim_type":[
		"FAMOUS",
		"UNFAMILIAR",
		"UNFAMILIAR",
		"UNFAMILIAR",
		"SCRAMBLED",
		"FAMOUS",
		"SCRAMBLED",
		"SCRAMBLED",
		"FAMOUS",
		"n/a",
		"FAMOUS",
		"UNFAMILIAR",
		"SCRAMBLED",
		"FAMOUS",
		"FAMOUS",
		"SCRAMBLED",
		"UNFAMILIAR",
		"UNFAMILIAR",
		"FAMOUS",
		"FAMOUS",
		"FAMOUS",
		"FAMOUS",
		"FAMOUS",
		"SCRAMBLED",
		"SCRAMBLED",
		"SCRAMBLED",
		"FAMOUS",
		"FAMOUS",
		"FAMOUS",
		"n/a",
		"UNFAMILIAR",
		"UNFAMILIAR",
		"UNFAMILIAR",
		"UNFAMILIAR",
		"FAMOUS",
		"UNFAMILIAR",
		"UNFAMILIAR",
		"UNFAMILIAR",
		"UNFAMILIAR",
		"FAMOUS",
		"UNFAMILIAR",
		"UNFAMILIAR",
		"SCRAMBLED",
		"SCRAMBLED",
		"SCRAMBLED",
		"SCRAMBLED",
		"UNFAMILIAR",
		"UNFAMILIAR",
		"SCRAMBLED",
		"UNFAMILIAR",
		"n/a",
		"SCRAMBLED",
		"FAMOUS",
		"FAMOUS",
		"SCRAMBLED",
		"SCRAMBLED",
		"UNFAMILIAR",
		"UNFAMILIAR",
		"SCRAMBLED",
		"SCRAMBLED",
		"FAMOUS",
		"SCRAMBLED",
		"FAMOUS",
		"FAMOUS",
		"UNFAMILIAR",
		"SCRAMBLED",
		"UNFAMILIAR",
		"FAMOUS",
		"FAMOUS",
		"SCRAMBLED",
		"n/a",
		"SCRAMBLED",
		"SCRAMBLED",
		"FAMOUS",
		"FAMOUS",
		"FAMOUS",
		"SCRAMBLED",
		"SCRAMBLED",
		"UNFAMILIAR",
		"UNFAMILIAR",
		"SCRAMBLED",
		"FAMOUS",
		"SCRAMBLED",
		"SCRAMBLED",
		"FAMOUS",
		"UNFAMILIAR",
		"SCRAMBLED",
		"SCRAMBLED",
		"UNFAMILIAR",
		"n/a",
		"UNFAMILIAR",
		"FAMOUS",
		"FAMOUS",
		"UNFAMILIAR",
		"UNFAMILIAR",
		"FAMOUS",
		"SCRAMBLED",
		"SCRAMBLED",
		"UNFAMILIAR",
		"n/a"
	],
	"trigger":[5,13,13,14,17,5,17,18,7,999,5,15,17,5,6,19,13,14,7,5,6,5,7,17,18,19,5,6,5,999,13,14,13,14,7,13,13,14,13,7,13,14,17,18,17,18,15,13,17,15,999,17,5,6,17,18,13,15,17,19,5,19,5,6,13,17,15,5,6,19,999,17,18,7,5,6,17,18,15,13,19,5,17,18,5,13,17,18,15,999,13,7,5,13,14,7,17,18,15,999],
	"button_pushed":[7,4,4,4,7,7,7,7,4,20000,4,4,7,7,7,7,4,4,7,4,4,4,4,7,7,7,7,7,4,20000,4,4,4,4,7,4,7,7,4,7,7,7,7,7,7,7,7,4,7,4,20000,7,7,7,7,7,4,7,7,7,4,7,4,4,7,7,4,4,7,7,20000,7,7,4,7,7,7,7,4,4,7,4,7,7,7,4,7,7,7,20000,4,7,7,4,4,7,7,7,4,0],
	"response_time":[0.836,0.668,0.679,0.781,0.552,0.677,0.881,0.657,0.822,20,0.732,0.75,0.635,0.957,0.658,0.548,0.617,0.677,0.586,0.656,0.644,0.753,0.664,0.678,0.456,0.6909999999999999,0.958,0.496,0.704,20,0.795,0.515,0.665,0.542,0.841,0.645,0.633,0.642,0.7,0.598,0.907,0.424,0.711,0.606,0.5620000000000001,0.657,0.791,0.775,0.6929999999999999,0.914,20,0.531,0.628,0.636,0.574,0.43,0.666,0.584,0.607,0.626,0.604,0.473,0.646,0.712,1.028,0.495,0.655,0.819,0.491,0.74,20,0.729,0.342,0.786,0.582,0.544,0.729,0.402,0.681,0.6820000000000001,0.477,0.68,0.46,0.569,0.495,0.58,0.618,0.551,0.833,20,0.738,0.6909999999999999,0.783,0.679,0.5659999999999999,0.581,0.754,0.631,0.702,0],
	"stim_file":[
		"func/f018.bmp",
		"func/u027.bmp",
		"func/u019.bmp",
		"func/u019.bmp",
		"func/s032.bmp",
		"func/f017.bmp",
		"func/s025.bmp",
		"func/s025.bmp",
		"func/f018.bmp",
		"func/i999.bmp",
		"func/f022.bmp",
		"func/u027.bmp",
		"func/s030.bmp",
		"func/f019.bmp",
		"func/f019.bmp",
		"func/s032.bmp",
		"func/u032.bmp",
		"func/u032.bmp",
		"func/f017.bmp",
		"func/f029.bmp",
		"func/f029.bmp",
		"func/f028.bmp",
		"func/f022.bmp",
		"func/s028.bmp",
		"func/s028.bmp",
		"func/s030.bmp",
		"func/f032.bmp",
		"func/f032.bmp",
		"func/f023.bmp",
		"func/i999.bmp",
		"func/u023.bmp",
		"func/u023.bmp",
		"func/u020.bmp",
		"func/u020.bmp",
		"func/f028.bmp",
		"func/u031.bmp",
		"func/u028.bmp",
		"func/u028.bmp",
		"func/u030.bmp",
		"func/f023.bmp",
		"func/u025.bmp",
		"func/u025.bmp",
		"func/s031.bmp",
		"func/s031.bmp",
		"func/s018.bmp",
		"func/s018.bmp",
		"func/u031.bmp",
		"func/u017.bmp",
		"func/s019.bmp",
		"func/u030.bmp",
		"func/i999.bmp",
		"func/s021.bmp",
		"func/f031.bmp",
		"func/f031.bmp",
		"func/s024.bmp",
		"func/s024.bmp",
		"func/u024.bmp",
		"func/u017.bmp",
		"func/s017.bmp",
		"func/s019.bmp",
		"func/f026.bmp",
		"func/s021.bmp",
		"func/f024.bmp",
		"func/f024.bmp",
		"func/u029.bmp",
		"func/s029.bmp",
		"func/u024.bmp",
		"func/f021.bmp",
		"func/f021.bmp",
		"func/s017.bmp",
		"func/i999.bmp",
		"func/s026.bmp",
		"func/s026.bmp",
		"func/f026.bmp",
		"func/f025.bmp",
		"func/f025.bmp",
		"func/s023.bmp",
		"func/s023.bmp",
		"func/u029.bmp",
		"func/u026.bmp",
		"func/s029.bmp",
		"func/f027.bmp",
		"func/s027.bmp",
		"func/s027.bmp",
		"func/f030.bmp",
		"func/u021.bmp",
		"func/s022.bmp",
		"func/s022.bmp",
		"func/u026.bmp",
		"func/i999.bmp",
		"func/u022.bmp",
		"func/f027.bmp",
		"func/f020.bmp",
		"func/u018.bmp",
		"func/u018.bmp",
		"func/f030.bmp",
		"func/s020.bmp",
		"func/s020.bmp",
		"func/u021.bmp",
		"func/Circle.bmp"
	]
}
