{
	"onset":[0,3.207,6.598,9.771000000000001,12.845,15.985,19.142,22.332,25.656,28.312,48.808,52.098,55.272,58.529,61.836,64.943,68.117,71.324,74.514,77.621,80.895,84.05200000000001,87.24299999999999,90.517,93.73999999999999,96.831,99.854,102.994,106.051,108.64,129.169,132.342,135.483,138.807,142.014,145.238,148.461,151.451,154.592,157.916,160.972,164.163,167.337,170.41,173.551,176.624,179.831,183.088,186.278,189.519,192.258,212.82,216.028,219.118,222.258,225.248,228.455,231.462,234.518,237.675,240.832,244.19,247.347,250.571,253.661,256.685,259.875,263.048,266.222,269.346,272.035,292.564,295.804,299.111,302.352,305.592,308.666,311.956,315.215,318.337,321.494,324.685,327.992,331.199,334.373,337.547,340.754,343.927,347.101,349.64,370.135,373.175,376.282,379.506,382.68,385.72,388.86,392.034,395.174,397.796],
	"duration":[0.994,0.898,0.918,0.802,0.83,0.892,0.958,0.978,0.919,20,0.963,0.965,0.892,0.9429999999999999,0.92,0.846,0.868,0.982,0.8149999999999999,0.904,0.835,0.893,0.929,0.979,0.835,0.8159999999999999,0.964,0.87,0.847,20,0.839,0.803,0.994,0.994,0.865,0.971,0.802,0.872,0.955,0.826,0.93,0.886,0.8129999999999999,0.854,0.866,0.978,0.889,0.827,0.95,0.998,20,0.9389999999999999,0.837,0.889,0.8110000000000001,0.891,0.826,0.864,0.839,0.956,0.987,0.845,0.955,0.8,0.82,0.965,0.838,0.884,0.9340000000000001,0.9370000000000001,20,0.903,0.995,0.98,0.968,0.89,0.962,0.926,0.909,0.833,0.991,0.954,0.845,1,0.986,0.9320000000000001,0.901,0.828,0.8,20,0.822,0.844,0.92,0.904,0.827,0.946,0.994,0.899,0.842,0.012],
	"circle_duration":[0.485,0.448,0.593,0.487,0.511,0.545,0.462,0.417,0.544,20,0.467,0.555,0.449,0.598,0.598,0.406,0.5629999999999999,0.583,0.445,0.527,0.549,0.5669999999999999,0.484,0.576,0.482,0.501,0.434,0.413,0.413,20,0.49,0.551,0.581,0.554,0.436,0.599,0.471,0.423,0.498,0.598,0.437,0.486,0.53,0.469,0.517,0.435,0.454,0.6,0.587,0.531,20,0.519,0.499,0.471,0.468,0.407,0.452,0.402,0.425,0.546,0.422,0.589,0.542,0.486,0.532,0.433,0.456,0.5659999999999999,0.533,0.419,20,0.496,0.571,0.538,0.489,0.514,0.402,0.5639999999999999,0.5669999999999999,0.45,0.552,0.422,0.578,0.584,0.407,0.433,0.509,0.502,0.58,20,0.453,0.442,0.486,0.527,0.486,0.447,0.424,0.413,0.471,0],
	"stim_type":[
		"FAMOUS",
		"FAMOUS",
		"SCRAMBLED",
		"SCRAMBLED",
		"FAMOUS",
		"FAMOUS",
		"FAMOUS",
		"FAMOUS",
		"UNFAMILIAR",
		"n/a",
		"UNFAMILIAR",
		"UNFAMILIAR",
		"FAMOUS",
		"FAMOUS",
		"FAMOUS",
		"UNFAMILIAR",
		"UNFAMILIAR",
		"FAMOUS",
		"UNFAMILIAR",
		"FAMOUS",
		"SCRAMBLED",
		"UNFAMILIAR",
		"SCRAMBLED",
		"SCRAMBLED",
		"UNFAMILIAR",
		"UNFAMILIAR",
		"FAMOUS",
		"UNFAMILIAR",
		"UNFAMILIAR",
		"n/a",
		"UNFAMILIAR",
		"UNFAMILIAR",
		"UNFAMILIAR",
		"UNFAMILIAR",
		"UNFAMILIAR",
		"SCRAMBLED",
		"UNFAMILIAR",
		"UNFAMILIAR",
		"SCRAMBLED",
		"SCRAMBLED",
		"SCRAMBLED",
		"SCRAMBLED",
		"FAMOUS",
		"UNFAMILIAR",
		"UNFAMILIAR",
		"SCRAMBLED",
		"SCRAMBLED",
		"SCRAMBLED",
		"FAMOUS",
		"SCRAMBLED",
		"n/a",
		"UNFAMILIAR",
		"UNFAMILIAR",
		"FAMOUS",
		"FAMOUS",
		"FAMOUS",
		"UNFAMILIAR",
		"FAMOUS",
		"FAMOUS",
		"UNFAMILIAR",
		"UNFAMILIAR",
		"UNFAMILIAR",
		"FAMOUS",
		"FAMOUS",
		"SCRAMBLED",
		"FAMOUS",
		"SCRAMBLED",
		"SCRAMBLED",
		"FAMOUS",
		"FAMOUS",
		"n/a",
		"SCRAMBLED",
		"SCRAMBLED",
		"FAMOUS",
		"FAMOUS",
		"SCRAMBLED",
		"FAMOUS",
		"FAMOUS",
		"SCRAMBLED",
		"SCRAMBLED",
		"UNFAMILIAR",
		"UNFAMILIAR",
		"SCRAMBLED",
		"SCRAMBLED",
		"FAMOUS",
		"SCRAMBLED",
		"FAMOUS",
		"UNFAMILIAR",
		"UNFAMILIAR",
		"n/a",
		"FAMOUS",
		"FAMOUS",
		"SCRAMBLED",
		"SCRAMBLED",
		"UNFAMILIAR",
		"UNFAMILIAR",
		"SCRAMBLED",
		"SCRAMBLED",
		"SCRAMBLED",
		"n/a"
	],
	"trigger":[5,6,17,18,5,5,5,5,13,999,13,14,7,5,7,13,14,7,13,7,17,15,17,18,13,14,7,13,14,999,13,14,15,13,14,19,13,14,17,18,17,17,5,13,13,17,18,19,5,19,999,13,14,7,5,6,15,5,6,15,13,14,5,7,17,5,17,18,5,6,999,17,18,7,5,19,5,7,17,18,13,14,17,17,7,17,7,13,14,999,5,6,17,19,13,14,19,17,19,999],
	"button_pushed":[7,7,4,4,7,4,4,7,4,20000,7,4,4,4,7,4,4,7,4,4,4,7,4,4,4,4,4,4,4,20000,7,4,4,4,4,4,4,4,7,7,7,7,7,4,7,4,4,7,7,7,20000,4,4,7,4,4,4,7,4,7,7,7,7,7,7,4,7,4,4,4,20000,7,7,7,4,7,7,7,7,7,4,4,7,7,4,7,7,4,4,20000,4,4,7,7,4,4,7,4,4,0],
	"response_time":[1.179,0.834,1.102,1.083,0.953,0.777,0.835,0.898,0.997,20,0.868,0.969,0.954,0.865,0.848,0.673,0.736,0.892,0.852,0.791,0.831,0.9399999999999999,0.9360000000000001,1.057,1.136,0.851,0.838,0.835,1.037,20,0.979,0.781,0.954,0.752,0.861,0.741,0.836,1.084,0.886,1.052,1.016,1.137,0.9350000000000001,1.076,0.758,1.022,0.862,0.915,0.846,1.101,20,0.789,0.664,0.581,0.771,0.919,0.899,0.786,0.919,0.746,0.67,0.802,0.819,1.075,0.753,1.02,0.95,0.879,0.917,0.774,20,0.759,0.724,0.893,0.703,0.763,0.5679999999999999,0.52,0.985,0.643,0.697,0.649,0.718,0.624,0.705,0.968,0.6899999999999999,0.645,0.753,20,0.734,0.599,0.594,0.579,0.671,0.627,0.6870000000000001,0.756,1.062,0],
	"stim_file":[
		"func/f005.bmp",
		"func/f005.bmp",
		"func/s013.bmp",
		"func/s013.bmp",
		"func/f012.bmp",
		"func/f016.bmp",
		"func/f007.bmp",
		"func/f001.bmp",
		"func/u006.bmp",
		"func/i999.bmp",
		"func/u010.bmp",
		"func/u010.bmp",
		"func/f012.bmp",
		"func/f013.bmp",
		"func/f016.bmp",
		"func/u001.bmp",
		"func/u001.bmp",
		"func/f007.bmp",
		"func/u007.bmp",
		"func/f001.bmp",
		"func/s012.bmp",
		"func/u006.bmp",
		"func/s002.bmp",
		"func/s002.bmp",
		"func/u002.bmp",
		"func/u002.bmp",
		"func/f013.bmp",
		"func/u004.bmp",
		"func/u004.bmp",
		"func/i999.bmp",
		"func/u015.bmp",
		"func/u015.bmp",
		"func/u007.bmp",
		"func/u008.bmp",
		"func/u008.bmp",
		"func/s012.bmp",
		"func/u003.bmp",
		"func/u003.bmp",
		"func/s015.bmp",
		"func/s015.bmp",
		"func/s001.bmp",
		"func/s011.bmp",
		"func/f008.bmp",
		"func/u013.bmp",
		"func/u016.bmp",
		"func/s009.bmp",
		"func/s009.bmp",
		"func/s001.bmp",
		"func/f002.bmp",
		"func/s011.bmp",
		"func/i999.bmp",
		"func/u014.bmp",
		"func/u014.bmp",
		"func/f008.bmp",
		"func/f006.bmp",
		"func/f006.bmp",
		"func/u013.bmp",
		"func/f010.bmp",
		"func/f010.bmp",
		"func/u016.bmp",
		"func/u012.bmp",
		"func/u012.bmp",
		"func/f009.bmp",
		"func/f002.bmp",
		"func/s008.bmp",
		"func/f004.bmp",
		"func/s006.bmp",
		"func/s006.bmp",
		"func/f003.bmp",
		"func/f003.bmp",
		"func/i999.bmp",
		"func/s003.bmp",
		"func/s003.bmp",
		"func/f009.bmp",
		"func/f011.bmp",
		"func/s008.bmp",
		"func/f014.bmp",
		"func/f004.bmp",
		"func/s016.bmp",
		"func/s016.bmp",
		"func/u009.bmp",
		"func/u009.bmp",
		"func/s007.bmp",
		"func/s005.bmp",
		"func/f011.bmp",
		"func/s014.bmp",
		"func/f014.bmp",
		"func/u011.bmp",
		"func/u011.bmp",
		"func/i999.bmp",
		"func/f015.bmp",
		"func/f015.bmp",
		"func/s004.bmp",
		"func/s007.bmp",
		"func/u005.bmp",
		"func/u005.bmp",
		"func/s005.bmp",
		"func/s010.bmp",
		"func/s014.bmp",
		"func/Circle.bmp"
	]
}
