{
	"onset":[0,3.241,6.398,9.688000000000001,12.929,16.119,19.36,22.467,25.49,28.53,31.236,51.848,55.206,58.346,61.47,64.627,67.867,71.00700000000001,74.047,77.255,80.361,83.502,86.69199999999999,89.715,92.973,96.146,99.22,102.46,105.784,108.858,111.547,132.093,135.4,138.49,141.563,144.821,147.911,151.018,154.158,157.282,160.338,163.596,166.585,169.709,172.866,175.973,179.197,182.387,185.461,188.768,191.424,212.036,215.276,218.484,221.674,224.998,228.222,231.379,234.502,237.726,240.95,244.09,247.297,250.404,253.611,256.802,259.992,263.216,266.423,269.513,272.236,292.831,296.022,299.262,302.403,305.56,308.75,312.107,315.214,318.238,321.395,324.602,327.742,330.832,333.922,336.979,340.153,343.477,346.65,349.273,369.735,372.992,376.283,379.557,382.714,386.004,389.311,392.485,395.726,398.432],
	"duration":[0.968,0.8179999999999999,0.956,0.924,0.849,0.912,0.836,0.819,0.828,0.959,20,0.991,0.955,0.929,0.9340000000000001,0.944,0.927,0.831,0.98,0.85,0.805,0.838,0.82,0.973,0.974,0.822,0.875,0.988,0.881,0.949,20,0.952,0.824,0.898,0.952,0.8120000000000001,0.8139999999999999,0.856,0.924,0.826,0.894,0.801,0.819,0.926,0.88,0.954,0.971,0.875,0.949,0.915,20,0.922,0.96,0.964,0.957,0.896,0.85,0.924,0.983,0.9419999999999999,0.902,0.884,0.835,0.84,0.915,0.871,0.956,0.948,0.848,0.986,20,0.921,0.878,0.8159999999999999,0.982,0.925,0.997,0.836,0.828,0.837,0.987,0.9429999999999999,0.907,0.909,0.833,0.83,0.968,0.872,0.87,20,0.973,0.978,0.9379999999999999,0.9,0.921,0.9379999999999999,0.996,0.9429999999999999,0.93,0.012],
	"circle_duration":[0.52,0.506,0.45,0.5570000000000001,0.525,0.553,0.5570000000000001,0.493,0.438,0.441,20,0.552,0.589,0.413,0.428,0.458,0.531,0.442,0.414,0.452,0.493,0.556,0.58,0.423,0.503,0.426,0.452,0.6,0.5629999999999999,0.431,20,0.503,0.588,0.489,0.407,0.546,0.508,0.494,0.511,0.426,0.459,0.588,0.426,0.536,0.446,0.458,0.49,0.45,0.425,0.585,20,0.569,0.544,0.469,0.462,0.595,0.5620000000000001,0.498,0.426,0.469,0.505,0.474,0.5580000000000001,0.489,0.591,0.505,0.541,0.497,0.489,0.48,20,0.5580000000000001,0.498,0.58,0.5669999999999999,0.414,0.489,0.591,0.503,0.418,0.538,0.456,0.433,0.416,0.401,0.457,0.581,0.588,0.521,20,0.41,0.507,0.544,0.5570000000000001,0.501,0.592,0.597,0.413,0.518,0],
	"stim_type":[
		"SCRAMBLED",
		"SCRAMBLED",
		"FAMOUS",
		"FAMOUS",
		"UNFAMILIAR",
		"FAMOUS",
		"FAMOUS",
		"FAMOUS",
		"FAMOUS",
		"SCRAMBLED",
		"n/a",
		"SCRAMBLED",
		"SCRAMBLED",
		"SCRAMBLED",
		"SCRAMBLED",
		"SCRAMBLED",
		"SCRAMBLED",
		"UNFAMILIAR",
		"UNFAMILIAR",
		"SCRAMBLED",
		"SCRAMBLED",
		"SCRAMBLED",
		"SCRAMBLED",
		"UNFAMILIAR",
		"UNFAMILIAR",
		"UNFAMILIAR",
		"UNFAMILIAR",
		"UNFAMILIAR",
		"UNFAMILIAR",
		"SCRAMBLED",
		"n/a",
		"UNFAMILIAR",
		"UNFAMILIAR",
		"SCRAMBLED",
		"SCRAMBLED",
		"UNFAMILIAR",
		"UNFAMILIAR",
		"UNFAMILIAR",
		"UNFAMILIAR",
		"SCRAMBLED",
		"SCRAMBLED",
		"SCRAMBLED",
		"SCRAMBLED",
		"SCRAMBLED",
		"FAMOUS",
		"SCRAMBLED",
		"FAMOUS",
		"FAMOUS",
		"UNFAMILIAR",
		"FAMOUS",
		"n/a",
		"SCRAMBLED",
		"SCRAMBLED",
		"SCRAMBLED",
		"SCRAMBLED",
		"SCRAMBLED",
		"FAMOUS",
		"FAMOUS",
		"FAMOUS",
		"FAMOUS",
		"FAMOUS",
		"UNFAMILIAR",
		"SCRAMBLED",
		"UNFAMILIAR",
		"FAMOUS",
		"UNFAMILIAR",
		"UNFAMILIAR",
		"FAMOUS",
		"UNFAMILIAR",
		"UNFAMILIAR",
		"n/a",
		"FAMOUS",
		"UNFAMILIAR",
		"FAMOUS",
		"UNFAMILIAR",
		"UNFAMILIAR",
		"UNFAMILIAR",
		"FAMOUS",
		"SCRAMBLED",
		"SCRAMBLED",
		"UNFAMILIAR",
		"SCRAMBLED",
		"FAMOUS",
		"UNFAMILIAR",
		"FAMOUS",
		"FAMOUS",
		"FAMOUS",
		"FAMOUS",
		"FAMOUS",
		"n/a",
		"FAMOUS",
		"UNFAMILIAR",
		"UNFAMILIAR",
		"UNFAMILIAR",
		"SCRAMBLED",
		"FAMOUS",
		"UNFAMILIAR",
		"FAMOUS",
		"FAMOUS",
		"n/a"
	],
	"trigger":[17,17,5,6,13,5,6,5,6,19,999,17,19,17,18,17,18,15,13,17,18,17,19,13,13,14,13,14,15,17,999,13,14,19,17,15,13,13,14,17,18,19,17,18,5,19,5,6,15,5,999,17,17,18,17,18,7,5,5,6,7,13,19,13,5,13,14,7,13,14,999,5,15,5,15,13,14,7,17,18,13,17,7,13,7,5,6,5,6,999,5,15,13,14,19,5,15,5,6,999],
	"button_pushed":[7,7,4,4,7,7,7,7,7,7,20000,7,7,7,7,7,7,4,4,7,7,7,7,4,4,4,4,4,7,7,20000,7,7,7,7,4,4,7,7,7,7,7,7,7,4,7,4,4,4,7,20000,7,7,4,7,7,4,7,4,4,7,4,7,4,7,4,4,7,7,7,20000,7,4,7,4,7,7,7,7,4,4,7,7,4,7,4,4,7,7,20000,4,7,4,4,7,7,4,4,4,0],
	"response_time":[0.481,0.5570000000000001,0.588,0.572,0.536,0.604,0.581,0.67,0.569,0.652,20,0.712,0.549,0.513,0.543,0.522,0.384,0.6820000000000001,0.645,0.675,0.556,0.467,0.542,0.7,0.621,0.596,0.728,0.724,0.774,0.657,20,0.8090000000000001,0.546,0.473,0.535,0.646,0.633,0.616,0.717,0.63,0.537,0.52,0.526,0.405,0.727,0.576,0.887,0.76,0.823,0.78,20,0.872,0.569,0.698,1.013,0.775,0.885,0.923,0.831,0.737,0.954,0.763,0.518,0.716,0.881,0.7,0.667,0.8110000000000001,1.059,0.582,20,0.7,0.676,0.5629999999999999,0.5649999999999999,0.712,0.8080000000000001,0.679,0.884,0.786,0.717,0.522,0.552,0.698,0.47,0.671,0.654,0.5570000000000001,0.624,20,0.782,0.475,0.741,0.547,0.509,0.54,0.62,0.747,0.575,0],
	"stim_file":[
		"func/s037.bmp",
		"func/s036.bmp",
		"func/f047.bmp",
		"func/f047.bmp",
		"func/u041.bmp",
		"func/f040.bmp",
		"func/f040.bmp",
		"func/f042.bmp",
		"func/f042.bmp",
		"func/s037.bmp",
		"func/i999.bmp",
		"func/s044.bmp",
		"func/s036.bmp",
		"func/s042.bmp",
		"func/s042.bmp",
		"func/s045.bmp",
		"func/s045.bmp",
		"func/u041.bmp",
		"func/u047.bmp",
		"func/s046.bmp",
		"func/s046.bmp",
		"func/s040.bmp",
		"func/s044.bmp",
		"func/u043.bmp",
		"func/u042.bmp",
		"func/u042.bmp",
		"func/u037.bmp",
		"func/u037.bmp",
		"func/u047.bmp",
		"func/s035.bmp",
		"func/i999.bmp",
		"func/u034.bmp",
		"func/u034.bmp",
		"func/s040.bmp",
		"func/s039.bmp",
		"func/u043.bmp",
		"func/u046.bmp",
		"func/u039.bmp",
		"func/u039.bmp",
		"func/s043.bmp",
		"func/s043.bmp",
		"func/s035.bmp",
		"func/s048.bmp",
		"func/s048.bmp",
		"func/f036.bmp",
		"func/s039.bmp",
		"func/f034.bmp",
		"func/f034.bmp",
		"func/u046.bmp",
		"func/f037.bmp",
		"func/i999.bmp",
		"func/s034.bmp",
		"func/s038.bmp",
		"func/s038.bmp",
		"func/s047.bmp",
		"func/s047.bmp",
		"func/f036.bmp",
		"func/f033.bmp",
		"func/f035.bmp",
		"func/f035.bmp",
		"func/f037.bmp",
		"func/u045.bmp",
		"func/s034.bmp",
		"func/u040.bmp",
		"func/f041.bmp",
		"func/u035.bmp",
		"func/u035.bmp",
		"func/f033.bmp",
		"func/u033.bmp",
		"func/u033.bmp",
		"func/i999.bmp",
		"func/f048.bmp",
		"func/u045.bmp",
		"func/f045.bmp",
		"func/u040.bmp",
		"func/u044.bmp",
		"func/u044.bmp",
		"func/f041.bmp",
		"func/s041.bmp",
		"func/s041.bmp",
		"func/u036.bmp",
		"func/s033.bmp",
		"func/f048.bmp",
		"func/u048.bmp",
		"func/f045.bmp",
		"func/f043.bmp",
		"func/f043.bmp",
		"func/f038.bmp",
		"func/f038.bmp",
		"func/i999.bmp",
		"func/f046.bmp",
		"func/u036.bmp",
		"func/u038.bmp",
		"func/u038.bmp",
		"func/s033.bmp",
		"func/f039.bmp",
		"func/u048.bmp",
		"func/f044.bmp",
		"func/f044.bmp",
		"func/Circle.bmp"
	]
}
