{
	"onset":[0,3.207,6.632,9.722,12.996,16.119,19.226,22.333,25.407,28.113,48.641,51.815,54.989,58.179,61.336,64.49299999999999,67.70099999999999,70.807,74.03100000000001,77.154,80.328,83.36799999999999,86.492,89.732,92.93899999999999,96.096,99.27,102.393,105.567,108.256,128.752,131.775,134.932,138.189,141.246,144.453,147.727,150.801,154.041,157.231,160.372,163.712,167.053,170.21,173.451,176.524,179.598,182.871,185.928,188.952,192.008,194.614,215.176,218.45,221.741,224.848,227.921,231.228,234.352,237.542,240.766,243.823,246.98,250.087,253.11,256.368,259.491,262.665,265.822,268.394,288.873,291.946,295.103,298.227,301.334,304.474,307.531,310.621,313.811,316.818,320.025,323.082,326.322,329.613,332.786,335.826,339,342.157,345.314,348.454,351.01,371.589,374.779,378.003,381.043,384.083,387.073,390.13,392.786],
	"duration":[0.967,0.97,0.883,0.962,0.847,0.923,0.898,0.878,0.955,20,0.972,0.829,0.854,0.963,0.915,0.843,0.86,0.945,0.926,0.855,0.847,0.911,0.992,0.887,0.91,0.8159999999999999,0.92,0.879,0.9399999999999999,20,0.841,0.868,0.996,0.829,0.841,0.883,0.86,0.905,0.853,0.892,0.989,0.984,0.905,0.981,0.901,0.87,0.915,0.803,0.845,0.878,0.866,20,0.99,0.972,0.871,0.877,0.919,0.881,0.924,0.906,0.85,0.912,0.806,0.8080000000000001,0.924,0.903,0.834,0.9379999999999999,0.834,20,0.855,0.918,0.862,0.8090000000000001,0.825,0.885,0.82,0.837,0.834,0.885,0.822,0.88,0.9409999999999999,0.89,0.8149999999999999,0.862,0.8129999999999999,0.8139999999999999,0.893,0.8110000000000001,20,0.965,0.975,0.831,0.831,0.8149999999999999,0.844,0.857,0.012],
	"circle_duration":[0.551,0.45,0.589,0.433,0.548,0.479,0.404,0.445,0.429,20,0.494,0.424,0.582,0.533,0.403,0.473,0.59,0.472,0.511,0.425,0.536,0.425,0.443,0.469,0.538,0.477,0.588,0.407,0.519,20,0.462,0.406,0.522,0.494,0.454,0.593,0.599,0.439,0.553,0.5629999999999999,0.483,0.583,0.586,0.481,0.489,0.41,0.422,0.593,0.481,0.408,0.408,20,0.53,0.504,0.546,0.46,0.419,0.574,0.472,0.494,0.54,0.437,0.468,0.534,0.416,0.5679999999999999,0.461,0.58,0.437,20,0.444,0.443,0.48,0.485,0.531,0.547,0.41,0.456,0.583,0.403,0.5580000000000001,0.466,0.581,0.582,0.51,0.452,0.549,0.569,0.584,0.473,20,0.549,0.464,0.472,0.429,0.449,0.409,0.447,0],
	"stim_type":[
		"UNFAMILIAR",
		"FAMOUS",
		"FAMOUS",
		"FAMOUS",
		"FAMOUS",
		"UNFAMILIAR",
		"UNFAMILIAR",
		"UNFAMILIAR",
		"UNFAMILIAR",
		"n/a",
		"FAMOUS",
		"FAMOUS",
		"UNFAMILIAR",
		"UNFAMILIAR",
		"SCRAMBLED",
		"SCRAMBLED",
		"SCRAMBLED",
		"FAMOUS",
		"FAMOUS",
		"SCRAMBLED",
		"FAMOUS",
		"UNFAMILIAR",
		"FAMOUS",
		"FAMOUS",
		"SCRAMBLED",
		"SCRAMBLED",
		"FAMOUS",
		"FAMOUS",
		"SCRAMBLED",
		"n/a",
		"FAMOUS",
		"FAMOUS",
		"FAMOUS",
		"SCRAMBLED",
		"SCRAMBLED",
		"SCRAMBLED",
		"UNFAMILIAR",
		"FAMOUS",
		"SCRAMBLED",
		"SCRAMBLED",
		"FAMOUS",
		"UNFAMILIAR",
		"UNFAMILIAR",
		"FAMOUS",
		"SCRAMBLED",
		"FAMOUS",
		"FAMOUS",
		"FAMOUS",
		"SCRAMBLED",
		"SCRAMBLED",
		"UNFAMILIAR",
		"n/a",
		"SCRAMBLED",
		"SCRAMBLED",
		"SCRAMBLED",
		"UNFAMILIAR",
		"SCRAMBLED",
		"UNFAMILIAR",
		"FAMOUS",
		"SCRAMBLED",
		"SCRAMBLED",
		"FAMOUS",
		"FAMOUS",
		"SCRAMBLED",
		"SCRAMBLED",
		"SCRAMBLED",
		"UNFAMILIAR",
		"SCRAMBLED",
		"UNFAMILIAR",
		"n/a",
		"FAMOUS",
		"FAMOUS",
		"FAMOUS",
		"SCRAMBLED",
		"SCRAMBLED",
		"SCRAMBLED",
		"SCRAMBLED",
		"UNFAMILIAR",
		"UNFAMILIAR",
		"SCRAMBLED",
		"UNFAMILIAR",
		"UNFAMILIAR",
		"FAMOUS",
		"SCRAMBLED",
		"UNFAMILIAR",
		"UNFAMILIAR",
		"UNFAMILIAR",
		"SCRAMBLED",
		"UNFAMILIAR",
		"FAMOUS",
		"n/a",
		"UNFAMILIAR",
		"UNFAMILIAR",
		"FAMOUS",
		"UNFAMILIAR",
		"UNFAMILIAR",
		"UNFAMILIAR",
		"UNFAMILIAR",
		"n/a"
	],
	"trigger":[13,5,6,5,6,13,14,13,14,999,5,6,15,13,17,18,17,5,6,17,5,15,5,6,17,19,5,5,19,999,5,7,5,17,18,19,13,7,17,18,7,13,14,7,17,7,5,6,17,18,15,999,17,18,17,13,19,13,5,17,18,5,6,19,17,18,15,17,15,999,5,6,7,17,17,18,17,13,14,19,13,14,5,19,13,14,13,19,13,5,999,13,14,7,13,13,14,15,999],
	"button_pushed":[4,7,7,4,4,7,7,4,4,20000,4,4,4,7,7,7,7,4,4,7,4,7,7,7,7,4,7,7,7,20000,7,4,7,7,7,4,4,7,4,4,7,4,4,7,7,7,4,4,7,7,4,20000,7,7,4,4,7,4,4,4,4,4,4,7,7,7,4,7,7,20000,4,4,7,7,7,7,7,4,4,7,4,7,7,7,4,4,7,7,4,7,20000,7,7,7,4,4,4,7,0],
	"response_time":[0.618,0.455,0.554,0.633,0.556,0.429,0.58,0.651,0.602,20,0.795,0.594,0.762,0.639,0.703,0.521,0.446,0.593,0.574,0.537,0.694,0.5659999999999999,0.71,0.396,0.599,0.6820000000000001,0.629,0.764,0.779,20,0.586,0.669,0.611,0.976,0.796,0.706,0.902,0.704,0.904,0.724,0.804,0.785,0.66,0.539,0.751,0.804,0.6820000000000001,0.77,0.5580000000000001,0.599,0.669,20,0.805,0.612,0.928,0.733,0.62,0.647,0.907,0.957,0.886,0.869,0.744,0.679,0.795,0.606,0.707,0.665,0.702,20,0.784,0.619,0.638,0.733,0.424,0.704,0.54,0.761,0.695,0.775,0.792,0.918,0.673,0.581,0.775,0.819,0.66,0.734,0.835,0.669,20,0.841,0.629,0.616,0.835,0.769,0.676,0.837,0],
	"stim_file":[
		"func/u063.bmp",
		"func/f060.bmp",
		"func/f060.bmp",
		"func/f056.bmp",
		"func/f056.bmp",
		"func/u057.bmp",
		"func/u057.bmp",
		"func/u062.bmp",
		"func/u062.bmp",
		"func/i999.bmp",
		"func/f050.bmp",
		"func/f050.bmp",
		"func/u063.bmp",
		"func/u053.bmp",
		"func/s059.bmp",
		"func/s059.bmp",
		"func/s057.bmp",
		"func/f049.bmp",
		"func/f049.bmp",
		"func/s061.bmp",
		"func/f055.bmp",
		"func/u053.bmp",
		"func/f062.bmp",
		"func/f062.bmp",
		"func/s064.bmp",
		"func/s057.bmp",
		"func/f063.bmp",
		"func/f054.bmp",
		"func/s061.bmp",
		"func/i999.bmp",
		"func/f057.bmp",
		"func/f055.bmp",
		"func/f053.bmp",
		"func/s063.bmp",
		"func/s063.bmp",
		"func/s064.bmp",
		"func/u052.bmp",
		"func/f063.bmp",
		"func/s060.bmp",
		"func/s060.bmp",
		"func/f054.bmp",
		"func/u058.bmp",
		"func/u058.bmp",
		"func/f057.bmp",
		"func/s053.bmp",
		"func/f053.bmp",
		"func/f051.bmp",
		"func/f051.bmp",
		"func/s051.bmp",
		"func/s051.bmp",
		"func/u052.bmp",
		"func/i999.bmp",
		"func/s062.bmp",
		"func/s062.bmp",
		"func/s054.bmp",
		"func/u049.bmp",
		"func/s053.bmp",
		"func/u064.bmp",
		"func/f061.bmp",
		"func/s050.bmp",
		"func/s050.bmp",
		"func/f064.bmp",
		"func/f064.bmp",
		"func/s054.bmp",
		"func/s056.bmp",
		"func/s056.bmp",
		"func/u049.bmp",
		"func/s058.bmp",
		"func/u064.bmp",
		"func/i999.bmp",
		"func/f058.bmp",
		"func/f058.bmp",
		"func/f061.bmp",
		"func/s049.bmp",
		"func/s052.bmp",
		"func/s052.bmp",
		"func/s055.bmp",
		"func/u051.bmp",
		"func/u051.bmp",
		"func/s058.bmp",
		"func/u060.bmp",
		"func/u060.bmp",
		"func/f059.bmp",
		"func/s049.bmp",
		"func/u056.bmp",
		"func/u056.bmp",
		"func/u054.bmp",
		"func/s055.bmp",
		"func/u061.bmp",
		"func/f052.bmp",
		"func/i999.bmp",
		"func/u055.bmp",
		"func/u055.bmp",
		"func/f059.bmp",
		"func/u050.bmp",
		"func/u059.bmp",
		"func/u059.bmp",
		"func/u054.bmp",
		"func/Circle.bmp"
	]
}
