{
	"onset":[4.001,10.001,12.061,14.061,16.054,20.054,22.053,24.053,30.053,34.053,36.001,42.001,46.053,48.053,50.052,56.052,58.053,64.053,66.053,72.053,76.05500000000001,80.05500000000001,82.048,88.048,90.04600000000001,92.04600000000001,94.048,100.048,102.047,108.047,110.001,114.001,116.048,122.048,124.046,128.046,130.047,136.047,140.001,142.001,144.048,146.048,148.047,154.047,156.049,160.049,164.048,166.048,168.048,170.048,172.047,178.047,180.049,186.049,188.048,190.048,192.052,194.052,198.048,202.048,204.048,208.048,212.048,216.048,218.048,222.048,224.004,228.004,230.048,234.048,240.048,244.048,246.003,250.003,252.052,256.052,258.05,264.05,266.047,268.047,270.002,272.002,276.049,278.049,280.001,282.001,284.048,290.048,292.057,294.057,296.063,300.063,302.054,306.054,310.048,316.048,318.001,320.001,324.048,326.048,328.05,334.05,338.002,340.002,342.05,348.05,350.047,354.047,356.05,360.05,362.001,364.001],
	"duration":[1,0.5,1,0.5,1,0.5,1,0.5,1,0.5,1,0.5,1,0.5,1,0.5,1,0.5,1,0.5,1,0.5,1,0.5,1,0.5,1,0.5,1,0.5,1,0.5,1,0.5,1,0.5,1,0.5,1,0.5,1,0.5,1,0.5,1,0.5,1,0.5,1,0.5,1,0.5,1,0.5,1,0.5,1,0.5,1,0.5,1,0.5,1,0.5,1,0.5,1,0.5,1,0.5,1,0.5,1,0.5,1,0.5,1,0.5,1,0.5,1,0.5,1,0.5,1,0.5,1,0.5,1,0.5,1,0.5,1,0.5,1,0.5,1,0.5,1,0.5,1,0.5,1,0.5,1,0.5,1,0.5,1,0.5,1,0.5],
	"trial_type":[
		"Valid Other Obj Cue: valid cue where following stimulus was an untested or no response object",
		"Valid Other Obj: stimulus that was an untested or no response object and that followed a valid cue",
		"Valid Miss Cue: valid cue where following object was a subsequent miss",
		"Valid Miss Obj: object that was a subsequent miss and that followed a valid cue",
		"Valid Other Obj Cue: valid cue where following stimulus was an untested or no response object",
		"Valid Other Obj: stimulus that was an untested or no response object and that followed a valid cue",
		"Invalid Miss Cue: invalid cue where following object was a subsequent miss",
		"Invalid Miss Obj: object that was a subsequent miss and that followed an invalid cue",
		"Valid Miss Cue: valid cue where following object was a subsequent miss",
		"Valid Miss Obj: object that was a subsequent miss and that followed a valid cue",
		"Valid LC-Hit Cue: valid cue where following object was a subsequent low confidence hit",
		"Valid LC-Hit Obj: object that was a subsequent low confidence hit and that followed a valid cue",
		"Valid Other Greeble Cue: valid cue where following stimulus was an untested or no response greeble",
		"Valid Other Greeble: stimulus that was an untested or no response greeble and that followed a valid cue",
		"Valid Miss Cue: valid cue where following object was a subsequent miss",
		"Valid Miss Obj: object that was a subsequent miss and that followed a valid cue",
		"Valid Other Greeble Cue: valid cue where following stimulus was an untested or no response greeble",
		"Valid Other Greeble: stimulus that was an untested or no response greeble and that followed a valid cue",
		"Valid Other Greeble Cue: valid cue where following stimulus was an untested or no response greeble",
		"Valid Other Greeble: stimulus that was an untested or no response greeble and that followed a valid cue",
		"Invalid Miss Cue: invalid cue where following object was a subsequent miss",
		"Invalid Miss Obj: object that was a subsequent miss and that followed an invalid cue",
		"Valid Miss Cue: valid cue where following object was a subsequent miss",
		"Valid Miss Obj: object that was a subsequent miss and that followed a valid cue",
		"Valid Miss Cue: valid cue where following object was a subsequent miss",
		"Valid Miss Obj: object that was a subsequent miss and that followed a valid cue",
		"Valid Miss Cue: valid cue where following object was a subsequent miss",
		"Valid Miss Obj: object that was a subsequent miss and that followed a valid cue",
		"Valid Other Obj Cue: valid cue where following stimulus was an untested or no response object",
		"Valid Other Obj: stimulus that was an untested or no response object and that followed a valid cue",
		"Valid LC-Hit Cue: valid cue where following object was a subsequent low confidence hit",
		"Valid LC-Hit Obj: object that was a subsequent low confidence hit and that followed a valid cue",
		"Valid Other Greeble Cue: valid cue where following stimulus was an untested or no response greeble",
		"Valid Other Greeble: stimulus that was an untested or no response greeble and that followed a valid cue",
		"Valid LC-Hit Cue: valid cue where following object was a subsequent low confidence hit",
		"Valid LC-Hit Obj: object that was a subsequent low confidence hit and that followed a valid cue",
		"Invalid Miss Cue: invalid cue where following object was a subsequent miss",
		"Invalid Miss Obj: object that was a subsequent miss and that followed an invalid cue",
		"Valid Miss Cue: valid cue where following object was a subsequent miss",
		"Valid Miss Obj: object that was a subsequent miss and that followed a valid cue",
		"Valid Miss Cue: valid cue where following object was a subsequent miss",
		"Valid Miss Obj: object that was a subsequent miss and that followed a valid cue",
		"Valid Other Greeble Cue: valid cue where following stimulus was an untested or no response greeble",
		"Valid Other Greeble: stimulus that was an untested or no response greeble and that followed a valid cue",
		"Valid Miss Cue: valid cue where following object was a subsequent miss",
		"Valid Miss Obj: object that was a subsequent miss and that followed a valid cue",
		"Valid Other Obj Cue: valid cue where following stimulus was an untested or no response object",
		"Valid Other Obj: stimulus that was an untested or no response object and that followed a valid cue",
		"Valid Other Greeble Cue: valid cue where following stimulus was an untested or no response greeble",
		"Valid Other Greeble: stimulus that was an untested or no response greeble and that followed a valid cue",
		"Valid Other Greeble Cue: valid cue where following stimulus was an untested or no response greeble",
		"Valid Other Greeble: stimulus that was an untested or no response greeble and that followed a valid cue",
		"Invalid Miss Cue: invalid cue where following object was a subsequent miss",
		"Invalid Miss Obj: object that was a subsequent miss and that followed an invalid cue",
		"Valid Miss Cue: valid cue where following object was a subsequent miss",
		"Valid Miss Obj: object that was a subsequent miss and that followed a valid cue",
		"Valid LC-Hit Cue: valid cue where following object was a subsequent low confidence hit",
		"Valid LC-Hit Obj: object that was a subsequent low confidence hit and that followed a valid cue",
		"Valid Other Greeble Cue: valid cue where following stimulus was an untested or no response greeble",
		"Valid Other Greeble: stimulus that was an untested or no response greeble and that followed a valid cue",
		"Valid Miss Cue: valid cue where following object was a subsequent miss",
		"Valid Miss Obj: object that was a subsequent miss and that followed a valid cue",
		"Valid LC-Hit Cue: valid cue where following object was a subsequent low confidence hit",
		"Valid LC-Hit Obj: object that was a subsequent low confidence hit and that followed a valid cue",
		"Valid Other Greeble Cue: valid cue where following stimulus was an untested or no response greeble",
		"Valid Other Greeble: stimulus that was an untested or no response greeble and that followed a valid cue",
		"Invalid Other Greeble Cue: invalid cue where following stimulus was an untested or no response greeble",
		"Invalid Other Greeble: stimulus that was an untested or no response greeble and that followed a invalid cue",
		"Valid Miss Cue: valid cue where following object was a subsequent miss",
		"Valid Miss Obj: object that was a subsequent miss and that followed a valid cue",
		"Valid LC-Hit Cue: valid cue where following object was a subsequent low confidence hit",
