{
	"onset":[4,6,8.035,14.035,16.055,20.055,22.049,28.049,30.002,32.002,36.059,42.059,44.052,46.052,48.053,54.053,56.034,58.034,60.053,64.053,66.033,70.033,72.002,74.002,76.05,78.05,80.05500000000001,86.05500000000001,88.05,92.05,94.05800000000001,96.05800000000001,98.002,100.002,102.048,106.048,108.002,114.002,116.053,118.053,120.049,122.049,124.035,130.036,132.052,134.052,136.062,138.062,140.054,142.054,144.05,146.05,152.002,156.002,160.002,166.002,168.056,174.056,176.05,180.05,182.055,188.055,190.055,192.055,194.058,198.058,200.053,204.053,206.001,208.001,210.018,216.018,218.056,222.056,224.032,228.032,230.054,234.054,240.066,246.066,250.056,252.056,256.055,262.055,264.054,268.054,270.033,274.033,276.055,280.055,284.054,290.054,292.055,298.055,300.001,304.001,308.059,310.059,314.054,318.054,320.055,326.055,330.054,334.054,336.032,338.032,340.058,346.058,350.054,356.054,360.06,364.06],
	"duration":[1,0.5,1,0.5,1,0.5,1,0.5,1,0.5,1,0.5,1,0.5,1,0.5,1,0.5,1,0.5,1,0.5,1,0.5,1,0.5,1,0.5,1,0.5,1,0.5,1,0.5,1,0.5,1,0.5,1,0.5,1,0.5,1,0.5,1,0.5,1,0.5,1,0.5,1,0.5,1,0.5,1,0.5,1,0.5,1,0.5,1,0.5,1,0.5,1,0.5,1,0.5,1,0.5,1,0.5,1,0.5,1,0.5,1,0.5,1,0.5,1,0.5,1,0.5,1,0.5,1,0.5,1,0.5,1,0.5,1,0.5,1,0.5,1,0.5,1,0.5,1,0.5,1,0.5,1,0.5,1,0.5,1,0.5,1,0.5],
	"trial_type":[
		"Valid Other Obj Cue: valid cue where following stimulus was an untested or no response object",
		"Valid Other Obj: stimulus that was an untested or no response object and that followed a valid cue",
		"Valid Other Obj Cue: valid cue where following stimulus was an untested or no response object",
		"Valid Other Obj: stimulus that was an untested or no response object and that followed a valid cue",
		"Valid Other Greeble Cue: valid cue where following stimulus was an untested or no response greeble",
		"Valid Other Greeble: stimulus that was an untested or no response greeble and that followed a valid cue",
		"Valid LC-Hit Cue: valid cue where following object was a subsequent low confidence hit",
		"Valid LC-Hit Obj: object that was a subsequent low confidence hit and that followed a valid cue",
		"Invalid Miss Cue: invalid cue where following object was a subsequent miss",
		"Invalid Miss Obj: object that was a subsequent miss and that followed an invalid cue",
		"Valid Other Greeble Cue: valid cue where following stimulus was an untested or no response greeble",
		"Valid Other Greeble: stimulus that was an untested or no response greeble and that followed a valid cue",
		"Valid Miss Cue: valid cue where following object was a subsequent miss",
		"Valid Miss Obj: object that was a subsequent miss and that followed a valid cue",
		"Invalid Miss Cue: invalid cue where following object was a subsequent miss",
		"Invalid Miss Obj: object that was a subsequent miss and that followed an invalid cue",
		"Valid Other Greeble Cue: valid cue where following stimulus was an untested or no response greeble",
		"Valid Other Greeble: stimulus that was an untested or no response greeble and that followed a valid cue",
		"Valid Miss Cue: valid cue where following object was a subsequent miss",
		"Valid Miss Obj: object that was a subsequent miss and that followed a valid cue",
		"Invalid Other Greeble Cue: invalid cue where following stimulus was an untested or no response greeble",
		"Invalid Other Greeble: stimulus that was an untested or no response greeble and that followed a invalid cue",
		"Valid Other Greeble Cue: valid cue where following stimulus was an untested or no response greeble",
		"Valid Other Greeble: stimulus that was an untested or no response greeble and that followed a valid cue",
		"Valid Miss Cue: valid cue where following object was a subsequent miss",
		"Valid Miss Obj: object that was a subsequent miss and that followed a valid cue",
		"Valid Other Greeble Cue: valid cue where following stimulus was an untested or no response greeble",
		"Valid Other Greeble: stimulus that was an untested or no response greeble and that followed a valid cue",
		"Valid Miss Cue: valid cue where following object was a subsequent miss",
		"Valid Miss Obj: object that was a subsequent miss and that followed a valid cue",
		"Valid Other Greeble Cue: valid cue where following stimulus was an untested or no response greeble",
		"Valid Other Greeble: stimulus that was an untested or no response greeble and that followed a valid cue",
		"Valid Miss Cue: valid cue where following object was a subsequent miss",
		"Valid Miss Obj: object that was a subsequent miss and that followed a valid cue",
		"Valid Miss Cue: valid cue where following object was a subsequent miss",
		"Valid Miss Obj: object that was a subsequent miss and that followed a valid cue",
		"Valid HC-Hit Cue: valid cue where following object was a subsequent high confidence hit",
		"Valid HC-Hit Obj: object that was a subsequent high confidence hit and that followed a valid cue",
		"Invalid Miss Cue: invalid cue where following object was a subsequent miss",
		"Invalid Miss Obj: object that was a subsequent miss and that followed an invalid cue",
		"Valid Miss Cue: valid cue where following object was a subsequent miss",
		"Valid Miss Obj: object that was a subsequent miss and that followed a valid cue",
		"Valid Other Greeble Cue: valid cue where following stimulus was an untested or no response greeble",
		"Valid Other Greeble: stimulus that was an untested or no response greeble and that followed a valid cue",
		"Valid LC-Hit Cue: valid cue where following object was a subsequent low confidence hit",
		"Valid LC-Hit Obj: object that was a subsequent low confidence hit and that followed a valid cue",
		"Valid Miss Cue: valid cue where following object was a subsequent miss",
		"Valid Miss Obj: object that was a subsequent miss and that followed a valid cue",
		"Valid Other Greeble Cue: valid cue where following stimulus was an untested or no response greeble",
		"Valid Other Greeble: stimulus that was an untested or no response greeble and that followed a valid cue",
		"Invalid HC-Hit Cue: invalid cue where following object was a subsequent high confidence hit",
		"Invalid HC-Hit Obj: object that was a subsequent high confidence hit and that followed an invalid cue",
		"Valid Miss Cue: valid cue where following object was a subsequent miss",
		"Valid Miss Obj: object that was a subsequent miss and that followed a valid cue",
		"Valid Other Greeble Cue: valid cue where following stimulus was an untested or no response greeble",
		"Valid Other Greeble: stimulus that was an untested or no response greeble and that followed a valid cue",
		"Valid Miss Cue: valid cue where following object was a subsequent miss",
		"Valid Miss Obj: object that was a subsequent miss and that followed a valid cue",
		"Valid Miss Cue: valid cue where following object was a subsequent miss",
		"Valid Miss Obj: object that was a subsequent miss and that followed a valid cue",
		"Valid Other Obj Cue: valid cue where following stimulus was an untested or no response object",
		"Valid Other Obj: stimulus that was an untested or no response object and that followed a valid cue",
		"Valid Other Greeble Cue: valid cue where following stimulus was an untested or no response greeble",
		"Valid Other Greeble: stimulus that was an untested or no response greeble and that followed a valid cue",
		"Invalid LC-Hit Cue: invalid cue where following object was a subsequent low confidence hit",
		"Invalid LC-Hit Obj: object that was a subsequent low confidence hit and that followed an invalid cue",
		"Valid Other Obj Cue: valid cue where following stimulus was an untested or no response object",
		"Valid Other Obj: stimulus that was an untested or no response object and that followed a valid cue",
		"Valid Other Greeble Cue: valid cue where following stimulus was an untested or no response greeble",
		"Valid Other Greeble: stimulus that was an untested or no response greeble and that followed a valid cue",
