{
	"onset":[23.9691,27.1773,30.3845,33.5418,36.7155,39.8727,43.03,46.1873,49.4282,52.7027,55.8764,58.9,62.1573,65.46550000000001,68.7564,71.98,75.2709,78.56180000000001,81.76909999999999,85.06,88.1173,91.3082,94.5155,97.6391,100.83,104.004,107.128,110.369,113.493,116.716,119.79,122.948,126.038,129.179,132.336,135.51,138.734,141.992,145.115,148.239,151.514,154.604,157.778,160.918,164.26,167.601,170.675,173.832,177.039,180.28,183.37,186.645,189.768,192.993,196.083,199.257,202.447,205.705,208.946,212.104,215.094,218.1,221.225,224.515,227.756,230.78,233.87,237.127,240.302,243.292,246.633,249.824,252.981,256.021,259.045,262.035,265.159,268.215,271.44,274.647,277.838,280.895,284.153,287.294,290.384,293.541,296.632,299.839,302.913,306.07,309.244,312.535,315.792,319.05,322.09,325.281,328.405,331.612,334.753,337.944,340.95,344.125,347.398,350.64,353.864,357.021,360.211,363.368,366.543,369.716,372.724,375.815,379.105,382.178,385.319,388.595,391.867,394.858,398.065,401.239,404.614,407.755,410.912,413.935,417.243,420.484,423.641,426.715,429.939,433.179,436.32,439.444,442.685,445.842,448.999,452.04,455.23,458.321,461.578,464.735,467.876,471.117,474.307,477.465,480.488,483.645,486.87],
	"duration":[0,0,0,0,0,0,0,0,0,0,0,0,0,0,0,0,0,0,0,0,0,0,0,0,0,0,0,0,0,0,0,0,0,0,0,0,0,0,0,0,0,0,0,0,0,0,0,0,0,0,0,0,0,0,0,0,0,0,0,0,0,0,0,0,0,0,0,0,0,0,0,0,0,0,0,0,0,0,0,0,0,0,0,0,0,0,0,0,0,0,0,0,0,0,0,0,0,0,0,0,0,0,0,0,0,0,0,0,0,0,0,0,0,0,0,0,0,0,0,0,0,0,0,0,0,0,0,0,0,0,0,0,0,0,0,0,0,0,0,0,0,0,0,0,0,0,0],
	"onset_sample":[26366,29895,33423,36896,40387,43860,47333,50806,54371,57973,61464,64790,68373,72012,75632,79178,82798,86418,89946,93566,96929,100439,103967,107403,110913,114404,117841,121406,124842,128388,131769,135243,138642,142097,145570,149061,152607,156191,159627,163063,166665,170064,173556,177010,180686,184361,187742,191215,194743,198308,201707,205309,208745,212292,215691,219183,222692,226276,229841,233314,236603,239910,243347,246967,250532,253858,257257,260840,264332,267621,271296,274806,278279,281623,284949,288239,291675,295037,298584,302112,305622,308985,312568,316023,319422,322895,326295,329823,333204,336677,340168,343788,347371,350955,354299,357809,361245,364773,368228,371738,375045,378537,382138,385704,389250,392723,396232,399705,403197,406688,409996,413396,417015,420396,423851,427454,431054,434344,437872,441363,445075,448530,452003,455329,458967,462532,466005,469386,472933,476497,479952,483388,486953,490426,493899,497244,500753,504153,507736,511209,514664,518229,521738,525211,528537,532010,535557],
	"stim_type":[
		"Famous",
		"Famous",
		"Scrambled",
		"Scrambled",
		"Scrambled",
		"Scrambled",
		"Unfamiliar",
		"Unfamiliar",
		"Unfamiliar",
		"Unfamiliar",
		"Famous",
		"Famous",
		"Famous",
		"Unfamiliar",
		"Unfamiliar",
		"Unfamiliar",
		"Unfamiliar",
		"Scrambled",
		"Scrambled",
		"Unfamiliar",
		"Famous",
		"Famous",
		"Unfamiliar",
		"Scrambled",
		"Unfamiliar",
		"Unfamiliar",
		"Famous",
		"Famous",
		"Famous",
		"Famous",
		"Famous",
		"Famous",
		"Unfamiliar",
		"Unfamiliar",
		"Scrambled",
		"Unfamiliar",
		"Unfamiliar",
		"Famous",
		"Famous",
		"Unfamiliar",
		"Scrambled",
		"Famous",
		"Famous",
		"Famous",
		"Unfamiliar",
		"Unfamiliar",
		"Unfamiliar",
		"Unfamiliar",
		"Scrambled",
		"Famous",
		"Unfamiliar",
		"Famous",
		"Famous",
		"Scrambled",
		"Unfamiliar",
		"Scrambled",
		"Scrambled",
		"Scrambled",
		"Scrambled",
		"Famous",
		"Famous",
		"Famous",
		"Unfamiliar",
		"Unfamiliar",
		"Scrambled",
		"Unfamiliar",
		"Scrambled",
		"Famous",
		"Scrambled",
		"Famous",
		"Famous",
		"Scrambled",
		"Scrambled",
		"Scrambled",
		"Scrambled",
		"Famous",
		"Scrambled",
		"Famous",
		"Famous",
		"Famous",
		"Famous",
		"Famous",
		"Famous",
		"Scrambled",
		"Famous",
		"Famous",
		"Unfamiliar",
		"Famous",
		"Unfamiliar",
		"Unfamiliar",
		"Famous",
		"Unfamiliar",
		"Unfamiliar",
		"Scrambled",
		"Scrambled",
		"Scrambled",
		"Scrambled",
		"Unfamiliar",
		"Scrambled",
		"Scrambled",
		"Unfamiliar",
		"Unfamiliar",
		"Unfamiliar",
		"Famous",
		"Scrambled",
		"Scrambled",
		"Scrambled",
		"Famous",
		"Famous",
		"Unfamiliar",
		"Unfamiliar",
		"Unfamiliar",
		"Unfamiliar",
		"Unfamiliar",
		"Famous",
		"Scrambled",
		"Scrambled",
		"Scrambled",
		"Unfamiliar",
		"Unfamiliar",
		"Scrambled",
		"Scrambled",
		"Scrambled",
		"Unfamiliar",
		"Scrambled",
		"Unfamiliar",
		"Famous",
		"Famous",
		"Unfamiliar",
		"Scrambled",
		"Scrambled",
		"Scrambled",
		"Famous",
		"Scrambled",
		"Scrambled",
		"Unfamiliar",
		"Unfamiliar",
		"Famous",
		"Unfamiliar",
		"Famous",
		"Famous",
		"Unfamiliar",
		"Unfamiliar",
		"Famous",
		"Scrambled",
		"Scrambled",
		"Scrambled"
	],
	"trigger":[5,6,17,18,17,18,13,14,13,13,5,5,6,13,14,13,15,17,18,15,5,7,13,17,13,15,5,6,5,6,7,5,15,13,19,13,15,5,6,13,17,7,5,6,15,13,14,15,17,5,15,5,6,19,13,17,18,17,19,5,6,7,13,14,17,15,17,5,19,5,6,17,17,18,19,5,19,5,7,5,6,5,6,19,5,6,13,7,13,14,7,13,14,17,18,17,17,15,17,18,13,14,13,5,19,17,19,5,6,13,14,13,15,13,7,17,18,19,13,14,17,17,18,15,17,15,5,6,13,17,18,19,5,17,19,13,14,5,15,5,6,13,14,7,17,19,17],
	"stim_file":[
		"meg/f140.bmp",
		"meg/f140.bmp",
		"meg/s064.bmp",
		"meg/s064.bmp",
		"meg/s092.bmp",
		"meg/s092.bmp",
		"meg/u041.bmp",
		"meg/u041.bmp",
		"meg/u099.bmp",
		"meg/u031.bmp",
		"meg/f071.bmp",
		"meg/f018.bmp",
		"meg/f018.bmp",
		"meg/u035.bmp",
		"meg/u035.bmp",
		"meg/u039.bmp",
		"meg/u099.bmp",
		"meg/s013.bmp",
		"meg/s013.bmp",
		"meg/u031.bmp",
		"meg/f079.bmp",
		"meg/f071.bmp",
		"meg/u045.bmp",
		"meg/s112.bmp",
		"meg/u087.bmp",
		"meg/u039.bmp",
		"meg/f008.bmp",
		"meg/f008.bmp",
		"meg/f129.bmp",
		"meg/f129.bmp",
		"meg/f079.bmp",
		"meg/f088.bmp",
		"meg/u045.bmp",
		"meg/u085.bmp",
		"meg/s112.bmp",
		"meg/u027.bmp",
		"meg/u087.bmp",
		"meg/f050.bmp",
		"meg/f050.bmp",
		"meg/u129.bmp",
		"meg/s117.bmp",
		"meg/f088.bmp",
		"meg/f021.bmp",
		"meg/f021.bmp",
		"meg/u085.bmp",
		"meg/u088.bmp",
		"meg/u088.bmp",
		"meg/u027.bmp",
		"meg/s037.bmp",
		"meg/f060.bmp",
		"meg/u129.bmp",
		"meg/f019.bmp",
		"meg/f019.bmp",
		"meg/s117.bmp",
		"meg/u060.bmp",
		"meg/s065.bmp",
		"meg/s065.bmp",
		"meg/s136.bmp",
		"meg/s037.bmp",
		"meg/f094.bmp",
		"meg/f094.bmp",
		"meg/f060.bmp",
		"meg/u018.bmp",
		"meg/u018.bmp",
		"meg/s034.bmp",
		"meg/u060.bmp",
		"meg/s110.bmp",
		"meg/f122.bmp",
		"meg/s136.bmp",
		"meg/f007.bmp",
		"meg/f007.bmp",
		"meg/s107.bmp",
		"meg/s133.bmp",
		"meg/s133.bmp",
		"meg/s034.bmp",
		"meg/f069.bmp",
		"meg/s110.bmp",
		"meg/f142.bmp",
		"meg/f122.bmp",
		"meg/f058.bmp",
		"meg/f058.bmp",
		"meg/f144.bmp",
		"meg/f144.bmp",
		"meg/s107.bmp",
		"meg/f056.bmp",
		"meg/f056.bmp",
		"meg/u123.bmp",
		"meg/f069.bmp",
		"meg/u081.bmp",
		"meg/u081.bmp",
		"meg/f142.bmp",
		"meg/u063.bmp",
		"meg/u063.bmp",
		"meg/s149.bmp",
		"meg/s149.bmp",
		"meg/s088.bmp",
		"meg/s084.bmp",
		"meg/u123.bmp",
		"meg/s038.bmp",
		"meg/s038.bmp",
		"meg/u112.bmp",
		"meg/u112.bmp",
		"meg/u021.bmp",
		"meg/f059.bmp",
		"meg/s088.bmp",
		"meg/s081.bmp",
		"meg/s084.bmp",
		"meg/f104.bmp",
		"meg/f104.bmp",
		"meg/u076.bmp",
		"meg/u076.bmp",
		"meg/u118.bmp",
		"meg/u021.bmp",
		"meg/u149.bmp",
		"meg/f059.bmp",
		"meg/s031.bmp",
		"meg/s031.bmp",
		"meg/s081.bmp",
		"meg/u096.bmp",
		"meg/u096.bmp",
		"meg/s120.bmp",
		"meg/s047.bmp",
		"meg/s047.bmp",
		"meg/u118.bmp",
		"meg/s102.bmp",
		"meg/u149.bmp",
		"meg/f077.bmp",
		"meg/f077.bmp",
		"meg/u057.bmp",
		"meg/s074.bmp",
		"meg/s074.bmp",
		"meg/s120.bmp",
		"meg/f113.bmp",
		"meg/s104.bmp",
		"meg/s102.bmp",
		"meg/u047.bmp",
		"meg/u047.bmp",
		"meg/f141.bmp",
		"meg/u057.bmp",
		"meg/f135.bmp",
		"meg/f135.bmp",
		"meg/u126.bmp",
		"meg/u126.bmp",
		"meg/f113.bmp",
		"meg/s070.bmp",
		"meg/s104.bmp",
		"meg/s130.bmp"
	]
}
