{
	"onset":[25.0118,28.2527,31.4427,34.5673,37.7409,40.7809,44.0718,47.2464,50.4364,53.5273,56.6009,59.7764,63.1164,66.35639999999999,69.5645,72.9055,76.06270000000001,79.25360000000001,82.51090000000001,85.78449999999999,89.0427,92.1827,95.3236,98.4136,101.555,104.829,107.986,111.327,114.485,117.608,120.699,123.705,127.014,130.171,133.428,136.719,139.843,143.084,146.308,149.415,152.639,155.813,158.954,162.127,165.335,168.626,171.85,175.125,178.265,181.489,184.563,187.704,190.844,194.051,197.192,200.265,203.573,206.897,210.005,213.045,216.235,219.343,222.701,225.791,228.932,232.123,235.196,238.405,241.577,244.752,247.942,251.166,254.274,257.465,260.705,263.829,266.986,270.043,273.334,276.491,279.565,282.689,285.829,289.02,292.345,295.485,298.659,301.783,304.974,308.265,311.439,314.779,317.904,321.161,324.502,327.676,330.783,333.974,337.148,340.288,343.529,346.67,349.844,353.017,356.325,359.566,362.656,365.664,368.838,372.012,375.235,378.56,381.684,384.791,387.965,391.155,394.346,397.454,400.594,403.617,406.892,409.949,413.19,416.28,419.421,422.645,425.702,428.875,432,435.19,438.297,441.305,444.478,447.719,450.793,453.834,457.091,460.298,463.539,466.764,470.037,473.245,476.453,479.543,482.766,485.941,489.115],
	"duration":[0,0,0,0,0,0,0,0,0,0,0,0,0,0,0,0,0,0,0,0,0,0,0,0,0,0,0,0,0,0,0,0,0,0,0,0,0,0,0,0,0,0,0,0,0,0,0,0,0,0,0,0,0,0,0,0,0,0,0,0,0,0,0,0,0,0,0,0,0,0,0,0,0,0,0,0,0,0,0,0,0,0,0,0,0,0,0,0,0,0,0,0,0,0,0,0,0,0,0,0,0,0,0,0,0,0,0,0,0,0,0,0,0,0,0,0,0,0,0,0,0,0,0,0,0,0,0,0,0,0,0,0,0,0,0,0,0,0,0,0,0,0,0,0,0,0,0],
	"onset_sample":[27513,31078,34587,38024,41515,44859,48479,51971,55480,58880,62261,65754,69428,72992,76521,80196,83669,87179,90762,94363,97947,101401,104856,108255,111710,115312,118785,122460,125933,129369,132769,136076,139715,143188,146771,150391,153827,157392,160939,164356,167903,171394,174849,178340,181869,185489,189035,192637,196091,199638,203019,206474,209928,213456,216911,220292,223930,227587,231005,234349,237859,241277,244971,248370,251825,255335,258716,262245,265735,269227,272736,276283,279701,283211,286775,290212,293685,297047,300667,304140,307521,310958,314412,317922,321579,325034,328525,331961,335471,339092,342583,346257,349694,353277,356952,360444,363861,367371,370863,374317,377882,381337,384828,388319,391958,395523,398922,402230,405722,409213,412759,416416,419852,423270,426761,430271,433781,437199,440653,443979,447581,450944,454509,457908,461363,464909,468272,471763,475200,478709,482127,485435,488926,492491,495872,499217,502800,506328,509893,513440,517041,520569,524098,527497,531043,534535,538026],
	"stim_type":[
		"Famous",
		"Scrambled",
		"Scrambled",
		"Unfamiliar",
		"Unfamiliar",
		"Scrambled",
		"Scrambled",
		"Scrambled",
		"Famous",
		"Famous",
		"Famous",
		"Unfamiliar",
		"Scrambled",
		"Unfamiliar",
		"Famous",
		"Scrambled",
		"Scrambled",
		"Unfamiliar",
		"Unfamiliar",
		"Famous",
		"Scrambled",
		"Scrambled",
		"Scrambled",
		"Unfamiliar",
		"Unfamiliar",
		"Unfamiliar",
		"Famous",
		"Unfamiliar",
		"Scrambled",
		"Famous",
		"Famous",
		"Unfamiliar",
		"Scrambled",
		"Scrambled",
		"Famous",
		"Unfamiliar",
		"Unfamiliar",
		"Scrambled",
		"Scrambled",
		"Famous",
		"Unfamiliar",
		"Scrambled",
		"Scrambled",
		"Unfamiliar",
		"Scrambled",
		"Scrambled",
		"Scrambled",
		"Famous",
		"Famous",
		"Unfamiliar",
		"Unfamiliar",
		"Unfamiliar",
		"Unfamiliar",
		"Scrambled",
		"Scrambled",
		"Unfamiliar",
		"Unfamiliar",
		"Unfamiliar",
		"Famous",
		"Unfamiliar",
		"Unfamiliar",
		"Famous",
		"Unfamiliar",
		"Unfamiliar",
		"Scrambled",
		"Unfamiliar",
		"Unfamiliar",
		"Famous",
		"Famous",
		"Unfamiliar",
		"Unfamiliar",
		"Unfamiliar",
		"Unfamiliar",
		"Famous",
		"Famous",
		"Famous",
		"Unfamiliar",
		"Unfamiliar",
		"Famous",
		"Famous",
		"Famous",
		"Scrambled",
		"Scrambled",
		"Unfamiliar",
		"Famous",
		"Famous",
		"Famous",
		"Famous",
		"Unfamiliar",
		"Famous",
		"Famous",
		"Famous",
		"Scrambled",
		"Scrambled",
		"Scrambled",
		"Scrambled",
		"Scrambled",
		"Unfamiliar",
		"Unfamiliar",
		"Famous",
		"Famous",
		"Famous",
		"Famous",
		"Famous",
		"Famous",
		"Scrambled",
		"Scrambled",
		"Famous",
		"Famous",
		"Famous",
		"Scrambled",
		"Famous",
		"Scrambled",
		"Scrambled",
		"Famous",
		"Unfamiliar",
		"Scrambled",
		"Scrambled",
		"Famous",
		"Famous",
		"Famous",
		"Famous",
		"Famous",
		"Scrambled",
		"Unfamiliar",
		"Scrambled",
		"Unfamiliar",
		"Unfamiliar",
		"Scrambled",
		"Scrambled",
		"Scrambled",
		"Scrambled",
		"Scrambled",
		"Unfamiliar",
		"Unfamiliar",
		"Unfamiliar",
		"Scrambled",
		"Scrambled",
		"Scrambled",
		"Famous",
		"Unfamiliar",
		"Unfamiliar",
		"Unfamiliar",
		"Unfamiliar",
		"Famous",
		"Scrambled",
		"Scrambled"
	],
	"trigger":[5,17,18,13,14,17,18,17,5,6,7,13,17,13,5,19,17,13,15,5,19,17,18,15,13,14,7,13,19,5,6,15,17,18,7,13,14,17,18,5,15,17,18,13,17,17,18,5,7,13,13,14,15,17,19,13,13,14,7,13,15,5,13,14,19,13,15,5,6,13,14,15,13,7,5,6,13,15,5,5,6,17,18,15,5,6,5,6,15,5,7,5,17,18,17,17,18,13,14,7,5,6,7,5,5,19,17,5,6,5,17,7,17,18,7,13,19,17,5,6,7,5,6,19,13,17,15,13,19,17,18,17,18,13,14,15,17,18,19,5,15,13,14,13,5,17,18],
	"stim_file":[
		"meg/f108.bmp",
		"meg/s141.bmp",
		"meg/s141.bmp",
		"meg/u132.bmp",
		"meg/u132.bmp",
		"meg/s033.bmp",
		"meg/s033.bmp",
		"meg/s062.bmp",
		"meg/f102.bmp",
		"meg/f102.bmp",
		"meg/f108.bmp",
		"meg/u106.bmp",
		"meg/s017.bmp",
		"meg/u024.bmp",
		"meg/f051.bmp",
		"meg/s062.bmp",
		"meg/s025.bmp",
		"meg/u097.bmp",
		"meg/u106.bmp",
		"meg/f147.bmp",
		"meg/s017.bmp",
		"meg/s080.bmp",
		"meg/s080.bmp",
		"meg/u024.bmp",
		"meg/u098.bmp",
		"meg/u098.bmp",
		"meg/f051.bmp",
		"meg/u100.bmp",
		"meg/s025.bmp",
		"meg/f099.bmp",
		"meg/f099.bmp",
		"meg/u097.bmp",
		"meg/s071.bmp",
		"meg/s071.bmp",
		"meg/f147.bmp",
		"meg/u091.bmp",
		"meg/u091.bmp",
		"meg/s106.bmp",
		"meg/s106.bmp",
		"meg/f034.bmp",
		"meg/u100.bmp",
		"meg/s006.bmp",
		"meg/s006.bmp",
		"meg/u083.bmp",
		"meg/s015.bmp",
		"meg/s142.bmp",
		"meg/s142.bmp",
		"meg/f075.bmp",
		"meg/f034.bmp",
		"meg/u103.bmp",
		"meg/u071.bmp",
		"meg/u071.bmp",
		"meg/u083.bmp",
		"meg/s043.bmp",
		"meg/s015.bmp",
		"meg/u122.bmp",
		"meg/u028.bmp",
		"meg/u028.bmp",
		"meg/f075.bmp",
		"meg/u105.bmp",
		"meg/u103.bmp",
		"meg/f041.bmp",
		"meg/u022.bmp",
		"meg/u022.bmp",
		"meg/s043.bmp",
		"meg/u023.bmp",
		"meg/u122.bmp",
		"meg/f028.bmp",
		"meg/f028.bmp",
		"meg/u052.bmp",
		"meg/u052.bmp",
		"meg/u105.bmp",
		"meg/u017.bmp",
		"meg/f041.bmp",
		"meg/f089.bmp",
		"meg/f089.bmp",
		"meg/u104.bmp",
		"meg/u023.bmp",
		"meg/f149.bmp",
		"meg/f120.bmp",
		"meg/f120.bmp",
		"meg/s072.bmp",
		"meg/s072.bmp",
		"meg/u017.bmp",
		"meg/f013.bmp",
		"meg/f013.bmp",
		"meg/f004.bmp",
		"meg/f004.bmp",
		"meg/u104.bmp",
		"meg/f109.bmp",
		"meg/f149.bmp",
		"meg/f136.bmp",
		"meg/s048.bmp",
		"meg/s048.bmp",
		"meg/s067.bmp",
		"meg/s126.bmp",
		"meg/s126.bmp",
		"meg/u150.bmp",
		"meg/u150.bmp",
		"meg/f109.bmp",
		"meg/f080.bmp",
		"meg/f080.bmp",
		"meg/f136.bmp",
		"meg/f073.bmp",
		"meg/f065.bmp",
		"meg/s067.bmp",
		"meg/s131.bmp",
		"meg/f046.bmp",
		"meg/f046.bmp",
		"meg/f087.bmp",
		"meg/s144.bmp",
		"meg/f073.bmp",
		"meg/s085.bmp",
		"meg/s085.bmp",
		"meg/f065.bmp",
		"meg/u003.bmp",
		"meg/s131.bmp",
		"meg/s093.bmp",
		"meg/f132.bmp",
		"meg/f132.bmp",
		"meg/f087.bmp",
		"meg/f117.bmp",
		"meg/f117.bmp",
		"meg/s144.bmp",
		"meg/u070.bmp",
		"meg/s002.bmp",
		"meg/u003.bmp",
		"meg/u007.bmp",
		"meg/s093.bmp",
		"meg/s123.bmp",
		"meg/s123.bmp",
		"meg/s011.bmp",
		"meg/s011.bmp",
		"meg/u029.bmp",
		"meg/u029.bmp",
		"meg/u070.bmp",
		"meg/s010.bmp",
		"meg/s010.bmp",
		"meg/s002.bmp",
		"meg/f012.bmp",
		"meg/u007.bmp",
		"meg/u009.bmp",
		"meg/u009.bmp",
		"meg/u068.bmp",
		"meg/f054.bmp",
		"meg/s049.bmp",
		"meg/s049.bmp"
	]
}
