{
	"onset":[0.01,12,24.01,38,50,62,72,84,96,108,120.01,134,146,158,170,180,192.01,206,218.01,232,242,252,264,276,286.01],
	"duration":[6,6,6,6,6,6,6,6,6,6,6,6,6,6,6,6,6,6,6,6,6,6,6,6,6],
	"trial_type":[
		"ambient",
		"country",
		"metal",
		"country",
		"rocknroll",
		"symphonic",
		"symphonic",
		"metal",
		"metal",
		"symphonic",
		"country",
		"country",
		"symphonic",
		"rocknroll",
		"metal",
		"ambient",
		"symphonic",
		"ambient",
		"rocknroll",
		"country",
		"ambient",
		"metal",
		"rocknroll",
		"rocknroll",
		"ambient"
	],
	"run":[6,6,6,6,6,6,6,6,6,6,6,6,6,6,6,6,6,6,6,6,6,6,6,6,6],
	"run_id":[0,0,0,0,0,0,0,0,0,0,0,0,0,0,0,0,0,0,0,0,0,0,0,0,0],
	"volume":[765,771,777,784,790,796,801,807,813,819,825,832,838,844,850,855,861,868,874,881,886,891,897,903,908],
	"run_volume":[0,6,12,19,25,31,36,42,48,54,60,67,73,79,85,90,96,103,109,116,121,126,132,138,143],
	"stim":[
		"ambient_004.wav",
		"country_003.wav",
		"metal_002.wav",
		"country_002.wav",
		"rocknroll_004.wav",
		"symphonic_004.wav",
		"symphonic_000.wav",
		"metal_003.wav",
		"metal_001.wav",
		"symphonic_001.wav",
		"country_001.wav",
		"country_000.wav",
		"symphonic_002.wav",
		"rocknroll_002.wav",
		"metal_004.wav",
		"ambient_000.wav",
		"symphonic_003.wav",
		"ambient_001.wav",
		"rocknroll_003.wav",
		"country_004.wav",
		"ambient_002.wav",
		"metal_000.wav",
		"rocknroll_001.wav",
		"rocknroll_000.wav",
		"ambient_003.wav"
	],
	"genre":[
		"ambient",
		"country",
		"metal",
		"country",
		"rocknroll",
		"symphonic",
		"symphonic",
		"metal",
		"metal",
		"symphonic",
		"country",
		"country",
		"symphonic",
		"rocknroll",
		"metal",
		"ambient",
		"symphonic",
		"ambient",
		"rocknroll",
		"country",
		"ambient",
		"metal",
		"rocknroll",
		"rocknroll",
		"ambient"
	],
	"delay":[6,6,8,6,6,4,6,6,6,6,8,6,6,6,4,6,8,6,8,4,4,6,6,4,8],
	"catch":[0,0,1,0,0,0,0,0,0,0,1,0,0,0,0,0,1,0,1,0,0,0,0,0,1],
	"sound_soa":[0.007599999999911232,0.00250000000005457,0.01279999999997017,0.003799999999955617,0.00250000000005457,0.00250000000005457,0.00250000000005457,0.002600000000256841,0.003099999999903957,0.002600000000256841,0.01230000000032305,0.004100000000107684,0.00250000000005457,0.003600000000005821,0.003800000000410364,0.00250000000005457,0.01080000000001746,0.003700000000208093,0.008200000000215368,0.003700000000208093,0.003600000000005821,0.003800000000410364,0.003499999999803549,0.00250000000005457,0.01199999999971624],
	"trigger_ts":[2403.3766,2415.3771,2427.3763,2441.3763,2453.3772,2465.3772,2475.3763,2487.3767,2499.3763,2511.3772,2523.3774,2537.3763,2549.3768,2561.3765,2573.3767,2583.3767,2595.3772,2609.3767,2621.3768,2635.3765,2645.3767,2655.3767,2667.3764,2679.3773,2689.3764]
}
