{
	"onset":[0,3.224,6.364,9.554,12.928,15.935,19.092,22.349,25.606,28.797,31.403,51.965,55.322,58.58,61.887,65.22799999999999,68.46899999999999,71.625,74.79900000000001,78.006,81.28,84.504,87.694,91.05200000000001,94.292,97.449,100.79,104.03,107.137,110.278,113,133.596,136.82,139.961,143.134,146.258,149.298,152.288,155.628,158.852,161.892,165.166,168.373,171.631,174.687,177.777,181.068,184.325,187.499,190.188,210.801,214.058,217.198,220.322,223.446,226.719,229.893,233,236.307,239.498,242.538,245.862,249.069,252.376,255.45,258.624,261.747,264.938,268.161,271.151,273.774,294.27,297.359,300.45,303.574,306.797,310.055,313.161,316.335,319.342,322.632,325.906,329.097,332.372,335.377,338.367,341.658,344.882,348.055,351.246,353.952,374.397,377.621,380.895,384.236,387.56,390.65,393.322],
	"duration":[0.925,0.803,0.95,0.977,0.804,0.908,0.902,0.954,0.825,0.862,20,0.999,0.902,0.986,0.991,0.894,0.9350000000000001,0.826,0.989,0.9409999999999999,0.993,0.963,0.946,0.978,0.9409999999999999,0.978,0.948,0.8149999999999999,0.844,0.978,20,0.892,0.924,0.844,0.838,0.859,0.805,0.985,0.847,0.8070000000000001,0.91,0.971,0.987,0.871,0.835,1,0.9320000000000001,0.9340000000000001,0.951,20,0.899,0.898,0.8,0.889,0.999,0.897,0.825,0.997,0.967,0.8169999999999999,0.988,0.898,0.974,0.89,0.955,0.828,0.952,0.923,0.82,0.877,20,0.867,0.85,0.884,0.877,0.909,0.872,0.993,0.823,0.9320000000000001,0.995,0.87,0.996,0.823,0.805,0.9429999999999999,0.984,0.997,0.916,0.963,20,0.879,0.984,0.974,0.968,0.895,0.861,0.012],
	"circle_duration":[0.5600000000000001,0.534,0.437,0.474,0.57,0.427,0.432,0.585,0.495,0.587,20,0.48,0.574,0.589,0.5600000000000001,0.5610000000000001,0.584,0.455,0.576,0.443,0.554,0.454,0.452,0.597,0.471,0.445,0.598,0.523,0.52,0.526,20,0.5649999999999999,0.5570000000000001,0.451,0.553,0.515,0.405,0.407,0.593,0.577,0.467,0.575,0.458,0.5,0.416,0.489,0.526,0.5629999999999999,0.476,20,0.576,0.598,0.468,0.555,0.466,0.509,0.426,0.502,0.548,0.454,0.454,0.552,0.543,0.5600000000000001,0.416,0.439,0.528,0.473,0.527,0.4,20,0.448,0.451,0.473,0.484,0.583,0.583,0.459,0.402,0.406,0.598,0.503,0.545,0.517,0.416,0.406,0.575,0.469,0.415,0.507,20,0.408,0.573,0.533,0.586,0.593,0.432,0],
	"stim_type":[
		"FAMOUS",
		"FAMOUS",
		"SCRAMBLED",
		"SCRAMBLED",
		"SCRAMBLED",
		"SCRAMBLED",
		"UNFAMILIAR",
		"UNFAMILIAR",
		"UNFAMILIAR",
		"UNFAMILIAR",
		"n/a",
		"SCRAMBLED",
		"UNFAMILIAR",
		"UNFAMILIAR",
		"SCRAMBLED",
		"UNFAMILIAR",
		"SCRAMBLED",
		"FAMOUS",
		"FAMOUS",
		"UNFAMILIAR",
		"SCRAMBLED",
		"SCRAMBLED",
		"SCRAMBLED",
		"FAMOUS",
		"UNFAMILIAR",
		"UNFAMILIAR",
		"UNFAMILIAR",
		"UNFAMILIAR",
		"FAMOUS",
		"UNFAMILIAR",
		"n/a",
		"SCRAMBLED",
		"SCRAMBLED",
		"FAMOUS",
		"SCRAMBLED",
		"SCRAMBLED",
		"UNFAMILIAR",
		"FAMOUS",
		"FAMOUS",
		"FAMOUS",
		"FAMOUS",
		"FAMOUS",
		"SCRAMBLED",
		"UNFAMILIAR",
		"SCRAMBLED",
		"FAMOUS",
		"FAMOUS",
		"FAMOUS",
		"FAMOUS",
		"n/a",
		"UNFAMILIAR",
		"FAMOUS",
		"FAMOUS",
		"FAMOUS",
		"SCRAMBLED",
		"SCRAMBLED",
		"UNFAMILIAR",
		"UNFAMILIAR",
		"SCRAMBLED",
		"SCRAMBLED",
		"UNFAMILIAR",
		"UNFAMILIAR",
		"UNFAMILIAR",
		"SCRAMBLED",
		"SCRAMBLED",
		"FAMOUS",
		"FAMOUS",
		"FAMOUS",
		"FAMOUS",
		"UNFAMILIAR",
		"n/a",
		"UNFAMILIAR",
		"UNFAMILIAR",
		"SCRAMBLED",
		"SCRAMBLED",
		"FAMOUS",
		"UNFAMILIAR",
		"UNFAMILIAR",
		"FAMOUS",
		"SCRAMBLED",
		"SCRAMBLED",
		"UNFAMILIAR",
		"UNFAMILIAR",
		"SCRAMBLED",
		"SCRAMBLED",
		"FAMOUS",
		"FAMOUS",
		"FAMOUS",
		"FAMOUS",
		"FAMOUS",
		"n/a",
		"SCRAMBLED",
		"UNFAMILIAR",
		"FAMOUS",
		"UNFAMILIAR",
		"SCRAMBLED",
		"UNFAMILIAR",
		"n/a"
	],
	"trigger":[5,6,17,18,17,17,13,14,13,14,999,17,13,14,19,13,19,5,6,13,17,18,19,5,13,15,13,14,5,15,999,17,17,7,17,18,15,5,6,5,7,5,19,13,19,5,6,5,6,999,13,7,5,7,17,18,15,13,17,18,13,14,15,17,18,7,5,5,6,15,999,13,14,17,18,5,13,14,7,17,18,13,13,17,18,7,5,6,5,6,999,17,15,5,15,17,13,999],
	"button_pushed":[4,4,4,4,7,4,4,4,7,7,20000,4,4,4,7,7,4,4,4,7,4,7,4,4,7,4,4,4,7,4,20000,7,4,4,7,4,4,7,7,7,7,4,7,4,4,4,4,7,7,20000,7,7,4,4,7,7,4,4,7,7,7,7,4,4,4,4,7,7,7,4,20000,4,4,7,4,7,4,4,7,4,4,4,7,4,4,7,7,7,7,7,20000,4,4,7,7,7,4,0],
	"response_time":[1.41,1.123,2.235,1.841,1.492,1.476,2.04,2.286,2.076,1.723,20,0.838,1.578,1.394,2.052,1.687,1.177,1.582,1.321,1.418,1.809,1.761,1.454,1.213,1.967,1.722,1.765,1.213,1.584,2.278,20,1.369,0.952,1.658,1.882,1.735,1.461,1.105,0.855,1.299,2.025,1.447,1.489,1.044,0.908,0.896,0.767,1.026,0.743,20,1.104,0.975,0.866,0.97,1.062,1.069,0.763,0.992,1.167,0.863,0.886,0.787,1.059,1.22,0.921,1.13,1.007,1.064,0.926,0.903,20,0.862,0.635,0.857,1.559,1.292,1.142,0.658,0.713,0.753,0.704,0.988,0.658,0.867,0.749,1.485,0.987,0.784,1.002,0.768,20,0.862,0.966,0.746,0.779,1.108,0.828,0],
	"stim_file":[
		"func/f015.bmp",
		"func/f015.bmp",
		"func/s010.bmp",
		"func/s010.bmp",
		"func/s005.bmp",
		"func/s012.bmp",
		"func/u014.bmp",
		"func/u014.bmp",
		"func/u010.bmp",
		"func/u010.bmp",
		"func/i999.bmp",
		"func/s001.bmp",
		"func/u008.bmp",
		"func/u008.bmp",
		"func/s005.bmp",
		"func/u004.bmp",
		"func/s012.bmp",
		"func/f016.bmp",
		"func/f016.bmp",
		"func/u007.bmp",
		"func/s011.bmp",
		"func/s011.bmp",
		"func/s001.bmp",
		"func/f001.bmp",
		"func/u003.bmp",
		"func/u004.bmp",
		"func/u011.bmp",
		"func/u011.bmp",
		"func/f002.bmp",
		"func/u007.bmp",
		"func/i999.bmp",
		"func/s003.bmp",
		"func/s015.bmp",
		"func/f001.bmp",
		"func/s013.bmp",
		"func/s013.bmp",
		"func/u003.bmp",
		"func/f005.bmp",
		"func/f005.bmp",
		"func/f014.bmp",
		"func/f002.bmp",
		"func/f013.bmp",
		"func/s003.bmp",
		"func/u015.bmp",
		"func/s015.bmp",
		"func/f012.bmp",
		"func/f012.bmp",
		"func/f011.bmp",
		"func/f011.bmp",
		"func/i999.bmp",
		"func/u013.bmp",
		"func/f014.bmp",
		"func/f003.bmp",
		"func/f013.bmp",
		"func/s004.bmp",
		"func/s004.bmp",
		"func/u015.bmp",
		"func/u009.bmp",
		"func/s006.bmp",
		"func/s006.bmp",
		"func/u016.bmp",
		"func/u016.bmp",
		"func/u013.bmp",
		"func/s009.bmp",
		"func/s009.bmp",
		"func/f003.bmp",
		"func/f007.bmp",
		"func/f006.bmp",
		"func/f006.bmp",
		"func/u009.bmp",
		"func/i999.bmp",
		"func/u001.bmp",
		"func/u001.bmp",
		"func/s007.bmp",
		"func/s007.bmp",
		"func/f010.bmp",
		"func/u012.bmp",
		"func/u012.bmp",
		"func/f007.bmp",
		"func/s002.bmp",
		"func/s002.bmp",
		"func/u006.bmp",
		"func/u002.bmp",
		"func/s008.bmp",
		"func/s008.bmp",
		"func/f010.bmp",
		"func/f009.bmp",
		"func/f009.bmp",
		"func/f004.bmp",
		"func/f004.bmp",
		"func/i999.bmp",
		"func/s014.bmp",
		"func/u006.bmp",
		"func/f008.bmp",
		"func/u002.bmp",
		"func/s016.bmp",
		"func/u005.bmp",
		"func/Circle.bmp"
	]
}
