{
	"onset":[0,3.258,6.615,9.688000000000001,12.862,16.052,19.243,22.316,25.339,28.446,31.035,51.631,54.905,57.978,61.069,64.19199999999999,67.434,70.43899999999999,73.64700000000001,76.904,80.06100000000001,83.251,86.592,89.699,92.806,95.879,98.90300000000001,102.043,105.033,108.123,110.812,131.425,134.548,137.756,140.879,144.12,147.31,150.5,153.691,156.865,160.072,163.229,166.302,169.643,172.817,175.89,179.047,182.221,185.344,188.469,191.04,211.619,214.827,218,221.324,224.548,227.872,230.895,234.019,237.276,240.433,243.625,246.881,249.938,253.128,256.385,259.542,262.683,265.84,268.496,289.058,292.248,295.455,298.729,301.853,304.926,308.2,311.307,314.564,317.571,320.778,323.919,327.209,330.333,333.54,336.73,339.988,343.228,346.218,348.907,369.403,372.51,375.55,378.54,381.663,384.787,387.86,391.101,394.325,397.064],
	"duration":[0.998,0.9,0.847,0.885,0.821,0.831,0.845,0.827,0.801,0.851,20,0.907,0.801,0.9,0.8120000000000001,0.9370000000000001,0.8090000000000001,0.86,0.896,0.903,0.973,0.998,0.849,0.834,0.892,0.839,0.886,0.8169999999999999,0.835,0.95,20,0.857,0.863,0.862,0.908,0.831,0.832,0.972,0.949,0.9370000000000001,0.976,0.845,0.977,0.93,0.844,0.9389999999999999,0.834,0.86,0.9360000000000001,0.828,20,0.921,0.823,0.989,0.887,0.955,0.826,0.859,0.949,0.97,0.85,0.982,0.8139999999999999,0.982,0.983,0.824,0.826,0.923,0.912,20,0.847,0.984,0.9419999999999999,0.821,0.8110000000000001,0.95,0.803,0.997,0.823,0.865,0.897,0.996,0.9429999999999999,0.9360000000000001,0.961,0.966,0.962,0.8139999999999999,0.949,20,0.883,0.84,0.8070000000000001,0.902,0.915,0.863,0.9389999999999999,0.912,0.963,0.012],
	"circle_duration":[0.545,0.5,0.598,0.43,0.523,0.577,0.586,0.438,0.424,0.535,20,0.5590000000000001,0.592,0.508,0.425,0.548,0.534,0.427,0.556,0.587,0.476,0.44,0.574,0.498,0.512,0.409,0.403,0.498,0.4,0.498,20,0.546,0.498,0.5600000000000001,0.495,0.5590000000000001,0.586,0.598,0.439,0.454,0.499,0.404,0.436,0.596,0.476,0.451,0.449,0.575,0.485,0.434,20,0.548,0.51,0.571,0.5610000000000001,0.552,0.542,0.411,0.499,0.541,0.428,0.584,0.513,0.481,0.446,0.512,0.5580000000000001,0.548,0.463,20,0.528,0.5679999999999999,0.46,0.5600000000000001,0.523,0.49,0.5669999999999999,0.544,0.499,0.411,0.576,0.477,0.521,0.406,0.506,0.46,0.531,0.503,0.415,20,0.453,0.456,0.419,0.401,0.459,0.446,0.438,0.534,0.541,0],
	"stim_type":[
		"FAMOUS",
		"FAMOUS",
		"FAMOUS",
		"SCRAMBLED",
		"SCRAMBLED",
		"UNFAMILIAR",
		"UNFAMILIAR",
		"SCRAMBLED",
		"SCRAMBLED",
		"FAMOUS",
		"n/a",
		"UNFAMILIAR",
		"FAMOUS",
		"FAMOUS",
		"SCRAMBLED",
		"SCRAMBLED",
		"UNFAMILIAR",
		"SCRAMBLED",
		"UNFAMILIAR",
		"UNFAMILIAR",
		"SCRAMBLED",
		"SCRAMBLED",
		"SCRAMBLED",
		"UNFAMILIAR",
		"FAMOUS",
		"UNFAMILIAR",
		"SCRAMBLED",
		"UNFAMILIAR",
		"FAMOUS",
		"FAMOUS",
		"n/a",
		"FAMOUS",
		"FAMOUS",
		"UNFAMILIAR",
		"FAMOUS",
		"UNFAMILIAR",
		"UNFAMILIAR",
		"FAMOUS",
		"FAMOUS",
		"SCRAMBLED",
		"FAMOUS",
		"UNFAMILIAR",
		"SCRAMBLED",
		"SCRAMBLED",
		"UNFAMILIAR",
		"SCRAMBLED",
		"SCRAMBLED",
		"UNFAMILIAR",
		"SCRAMBLED",
		"SCRAMBLED",
		"n/a",
		"SCRAMBLED",
		"SCRAMBLED",
		"FAMOUS",
		"SCRAMBLED",
		"UNFAMILIAR",
		"FAMOUS",
		"FAMOUS",
		"FAMOUS",
		"UNFAMILIAR",
		"FAMOUS",
		"FAMOUS",
		"FAMOUS",
		"SCRAMBLED",
		"FAMOUS",
		"FAMOUS",
		"SCRAMBLED",
		"FAMOUS",
		"UNFAMILIAR",
		"n/a",
		"UNFAMILIAR",
		"UNFAMILIAR",
		"FAMOUS",
		"UNFAMILIAR",
		"UNFAMILIAR",
		"UNFAMILIAR",
		"UNFAMILIAR",
		"FAMOUS",
		"SCRAMBLED",
		"SCRAMBLED",
		"SCRAMBLED",
		"FAMOUS",
		"UNFAMILIAR",
		"UNFAMILIAR",
		"FAMOUS",
		"SCRAMBLED",
		"SCRAMBLED",
		"FAMOUS",
		"SCRAMBLED",
		"n/a",
		"UNFAMILIAR",
		"UNFAMILIAR",
		"SCRAMBLED",
		"UNFAMILIAR",
		"UNFAMILIAR",
		"UNFAMILIAR",
		"FAMOUS",
		"SCRAMBLED",
		"SCRAMBLED",
		"n/a"
	],
	"trigger":[5,5,6,17,18,13,14,17,17,7,999,13,5,6,17,18,13,19,13,14,19,17,18,15,5,13,17,15,5,6,999,5,6,13,7,13,15,5,6,19,5,13,17,18,15,17,18,15,17,18,999,17,18,7,17,15,5,5,6,13,5,5,6,19,5,7,17,5,15,999,13,14,7,13,14,13,14,7,17,19,17,7,13,14,5,17,18,5,19,999,13,14,19,13,14,13,7,17,18,999],
	"button_pushed":[4,7,7,4,4,7,4,4,4,4,20000,4,7,7,7,7,4,7,7,7,4,4,7,4,7,7,7,4,4,4,20000,7,7,4,4,7,7,7,7,7,7,4,4,4,7,7,4,4,7,4,20000,4,4,7,4,4,7,7,7,4,7,4,4,7,4,7,4,4,4,20000,4,4,7,4,4,4,4,7,7,4,4,7,4,4,7,4,4,7,4,20000,4,4,7,7,7,4,7,7,7,0],
	"response_time":[1.304,0.899,0.89,0.9320000000000001,0.711,0.806,1.103,1.07,0.795,1.175,20,1.427,0.862,0.709,1.456,0.598,0.927,1.061,1.105,1.022,0.782,1.346,1.444,1.079,0.992,0.848,1.163,0.955,0.902,1.023,20,1.097,0.5659999999999999,1.03,1.212,1.626,1.273,0.927,0.905,1.365,1.032,0.766,0.978,0.856,1.243,1.269,0.6919999999999999,1.18,1.305,1.26,20,1.29,0.9409999999999999,0.998,1.055,0.787,0.869,1.17,0.944,0.976,1.112,1.001,0.585,1.173,0.931,0.852,0.883,1.052,0.85,20,0.885,0.617,1.222,0.905,0.767,0.95,0.6850000000000001,1.908,1.471,0.77,0.907,0.948,1.047,0.6850000000000001,0.785,0.868,0.6879999999999999,0.785,0.86,20,0.919,0.636,1.07,1.246,0.988,0.863,0.831,0.896,1.002,0],
	"stim_file":[
		"func/f029.bmp",
		"func/f021.bmp",
		"func/f021.bmp",
		"func/s022.bmp",
		"func/s022.bmp",
		"func/u027.bmp",
		"func/u027.bmp",
		"func/s018.bmp",
		"func/s019.bmp",
		"func/f029.bmp",
		"func/i999.bmp",
		"func/u029.bmp",
		"func/f018.bmp",
		"func/f018.bmp",
		"func/s023.bmp",
		"func/s023.bmp",
		"func/u024.bmp",
		"func/s018.bmp",
		"func/u026.bmp",
		"func/u026.bmp",
		"func/s019.bmp",
		"func/s021.bmp",
		"func/s021.bmp",
		"func/u029.bmp",
		"func/f022.bmp",
		"func/u019.bmp",
		"func/s017.bmp",
		"func/u024.bmp",
		"func/f024.bmp",
		"func/f024.bmp",
		"func/i999.bmp",
		"func/f027.bmp",
		"func/f027.bmp",
		"func/u032.bmp",
		"func/f022.bmp",
		"func/u017.bmp",
		"func/u019.bmp",
		"func/f030.bmp",
		"func/f030.bmp",
		"func/s017.bmp",
		"func/f031.bmp",
		"func/u020.bmp",
		"func/s024.bmp",
		"func/s024.bmp",
		"func/u032.bmp",
		"func/s027.bmp",
		"func/s027.bmp",
		"func/u017.bmp",
		"func/s030.bmp",
		"func/s030.bmp",
		"func/i999.bmp",
		"func/s020.bmp",
		"func/s020.bmp",
		"func/f031.bmp",
		"func/s025.bmp",
		"func/u020.bmp",
		"func/f025.bmp",
		"func/f028.bmp",
		"func/f028.bmp",
		"func/u028.bmp",
		"func/f032.bmp",
		"func/f026.bmp",
		"func/f026.bmp",
		"func/s025.bmp",
		"func/f020.bmp",
		"func/f025.bmp",
		"func/s031.bmp",
		"func/f023.bmp",
		"func/u028.bmp",
		"func/i999.bmp",
		"func/u022.bmp",
		"func/u022.bmp",
		"func/f032.bmp",
		"func/u025.bmp",
		"func/u025.bmp",
		"func/u018.bmp",
		"func/u018.bmp",
		"func/f020.bmp",
		"func/s026.bmp",
		"func/s031.bmp",
		"func/s032.bmp",
		"func/f023.bmp",
		"func/u023.bmp",
		"func/u023.bmp",
		"func/f019.bmp",
		"func/s028.bmp",
		"func/s028.bmp",
		"func/f017.bmp",
		"func/s026.bmp",
		"func/i999.bmp",
		"func/u030.bmp",
		"func/u030.bmp",
		"func/s032.bmp",
		"func/u031.bmp",
		"func/u031.bmp",
		"func/u021.bmp",
		"func/f019.bmp",
		"func/s029.bmp",
		"func/s029.bmp",
		"func/Circle.bmp"
	]
}
