{
	"onset":[0,3.19,6.481,9.721,12.878,16.169,19.209,22.35,25.556,28.212,48.725,51.898,55.122,58.346,61.57,64.70999999999999,67.717,70.94,73.964,77.221,80.47799999999999,83.518,86.69199999999999,89.949,93.039,96.28,99.572,102.845,106.085,108.808,129.253,132.344,135.567,138.707,141.881,144.871,148.078,151.135,154.376,157.667,160.908,163.963,167.154,170.394,173.401,176.525,179.749,182.872,185.895,189.169,191.892,212.488,215.745,218.902,222.026,225.133,228.356,231.631,234.771,237.894,241.085,244.275,247.399,250.656,253.763,256.886,260.16,263.267,266.307,269.397,272.087,292.699,295.94,299.163,302.437,305.644,308.801,312.059,315.115,318.456,321.663,324.854,328.111,331.351,334.442,337.632,340.672,343.913,347.187,350.193,352.749,373.278,376.418,379.592,382.766,385.973,389.196,392.521,395.31],
	"duration":[0.851,0.906,0.926,0.819,0.965,0.849,0.867,0.967,0.915,20,0.8090000000000001,0.984,0.9340000000000001,0.92,0.829,0.836,0.951,0.8120000000000001,0.983,0.914,0.854,0.992,0.952,0.915,0.973,0.976,0.9320000000000001,0.965,0.982,20,0.916,0.9409999999999999,0.861,0.982,0.8110000000000001,0.885,0.847,0.9350000000000001,0.951,0.971,0.847,0.927,0.948,0.821,0.903,0.973,0.8080000000000001,0.835,0.985,0.983,20,0.977,0.831,0.8090000000000001,0.825,0.89,0.998,0.849,0.9419999999999999,0.9429999999999999,0.897,0.842,0.946,0.844,0.9350000000000001,0.955,0.836,0.843,0.8080000000000001,0.9389999999999999,20,0.907,0.861,0.993,0.863,0.82,0.967,0.882,0.981,0.989,0.981,0.9340000000000001,0.99,0.842,0.898,0.855,0.874,0.931,0.8100000000000001,0.8070000000000001,20,0.892,0.9320000000000001,0.9409999999999999,0.859,0.968,0.965,0.99,0.012],
	"circle_duration":[0.439,0.571,0.486,0.529,0.5659999999999999,0.555,0.422,0.498,0.481,20,0.428,0.599,0.451,0.52,0.521,0.548,0.406,0.494,0.416,0.505,0.578,0.408,0.403,0.539,0.406,0.493,0.531,0.579,0.512,20,0.403,0.417,0.512,0.515,0.433,0.405,0.553,0.449,0.54,0.584,0.477,0.442,0.499,0.521,0.414,0.463,0.475,0.544,0.424,0.522,20,0.5629999999999999,0.517,0.5610000000000001,0.546,0.511,0.553,0.467,0.532,0.411,0.483,0.528,0.511,0.55,0.485,0.428,0.542,0.511,0.412,0.513,20,0.569,0.5659999999999999,0.577,0.502,0.583,0.555,0.524,0.41,0.586,0.447,0.443,0.556,0.469,0.482,0.524,0.406,0.586,0.576,0.426,20,0.499,0.481,0.483,0.454,0.575,0.493,0.595,0],
	"stim_type":[
		"SCRAMBLED",
		"SCRAMBLED",
		"SCRAMBLED",
		"UNFAMILIAR",
		"UNFAMILIAR",
		"UNFAMILIAR",
		"UNFAMILIAR",
		"UNFAMILIAR",
		"UNFAMILIAR",
		"n/a",
		"UNFAMILIAR",
		"SCRAMBLED",
		"FAMOUS",
		"FAMOUS",
		"UNFAMILIAR",
		"SCRAMBLED",
		"UNFAMILIAR",
		"FAMOUS",
		"UNFAMILIAR",
		"UNFAMILIAR",
		"UNFAMILIAR",
		"UNFAMILIAR",
		"SCRAMBLED",
		"SCRAMBLED",
		"FAMOUS",
		"SCRAMBLED",
		"UNFAMILIAR",
		"UNFAMILIAR",
		"FAMOUS",
		"n/a",
		"SCRAMBLED",
		"SCRAMBLED",
		"UNFAMILIAR",
		"SCRAMBLED",
		"SCRAMBLED",
		"FAMOUS",
		"FAMOUS",
		"FAMOUS",
		"UNFAMILIAR",
		"UNFAMILIAR",
		"UNFAMILIAR",
		"SCRAMBLED",
		"FAMOUS",
		"SCRAMBLED",
		"FAMOUS",
		"FAMOUS",
		"FAMOUS",
		"FAMOUS",
		"FAMOUS",
		"FAMOUS",
		"n/a",
		"FAMOUS",
		"FAMOUS",
		"UNFAMILIAR",
		"FAMOUS",
		"FAMOUS",
		"FAMOUS",
		"UNFAMILIAR",
		"UNFAMILIAR",
		"FAMOUS",
		"SCRAMBLED",
		"SCRAMBLED",
		"SCRAMBLED",
		"SCRAMBLED",
		"FAMOUS",
		"SCRAMBLED",
		"SCRAMBLED",
		"UNFAMILIAR",
		"UNFAMILIAR",
		"UNFAMILIAR",
		"n/a",
		"FAMOUS",
		"FAMOUS",
		"SCRAMBLED",
		"SCRAMBLED",
		"SCRAMBLED",
		"UNFAMILIAR",
		"UNFAMILIAR",
		"UNFAMILIAR",
		"UNFAMILIAR",
		"SCRAMBLED",
		"UNFAMILIAR",
		"SCRAMBLED",
		"SCRAMBLED",
		"SCRAMBLED",
		"SCRAMBLED",
		"SCRAMBLED",
		"SCRAMBLED",
		"SCRAMBLED",
		"FAMOUS",
		"n/a",
		"FAMOUS",
		"SCRAMBLED",
		"FAMOUS",
		"FAMOUS",
		"UNFAMILIAR",
		"FAMOUS",
		"FAMOUS",
		"n/a"
	],
	"trigger":[17,18,17,13,13,13,14,13,14,999,13,19,5,6,15,17,15,5,13,13,14,15,17,18,5,19,13,14,7,999,17,18,15,17,17,5,7,5,13,14,13,19,5,19,5,7,5,6,7,5,999,5,6,15,5,6,7,13,14,7,17,18,17,18,7,17,18,13,13,13,999,5,6,17,18,17,15,13,14,15,17,15,17,18,17,18,17,18,19,5,999,5,19,5,6,13,5,6,999],
	"button_pushed":[7,7,7,7,7,7,7,7,7,20000,7,4,7,7,7,4,7,7,7,7,7,7,7,7,4,4,7,7,7,20000,4,7,7,4,4,7,4,7,7,7,7,7,7,4,7,7,7,7,7,7,20000,7,7,7,7,7,7,7,7,7,7,4,4,4,7,4,4,7,7,7,20000,4,4,7,7,7,7,7,7,7,7,7,7,7,7,7,7,4,7,7,20000,7,7,7,7,7,7,7,0],
	"response_time":[0.929,0.498,0.778,0.794,0.52,0.541,0.395,0.501,0.362,20,0.544,1.043,0.598,0.49,0.767,1.016,0.728,0.721,0.652,0.522,0.574,0.61,0.727,0.77,1.075,0.729,0.653,0.633,1.197,20,1.427,1.227,0.843,0.89,1.042,1.002,1.028,0.629,0.794,0.74,0.482,0.8129999999999999,0.664,0.772,0.525,0.5610000000000001,0.641,0.484,0.455,0.462,20,0.73,0.587,0.499,0.659,0.5610000000000001,0.544,0.326,0.347,0.5,0.648,0.662,0.847,0.82,0.741,0.849,0.786,0.6909999999999999,0.363,0.645,20,0.952,0.654,0.736,0.724,0.749,0.65,0.765,0.65,0.385,0.6820000000000001,0.527,1.036,0.8120000000000001,0.857,0.799,0.61,0.752,0.925,1.076,20,0.801,0.859,0.591,0.431,0.407,0.5679999999999999,0.358,0],
	"stim_file":[
		"func/s142.bmp",
		"func/s142.bmp",
		"func/s135.bmp",
		"func/u141.bmp",
		"func/u140.bmp",
		"func/u143.bmp",
		"func/u143.bmp",
		"func/u139.bmp",
		"func/u139.bmp",
		"func/i999.bmp",
		"func/u138.bmp",
		"func/s135.bmp",
		"func/f140.bmp",
		"func/f140.bmp",
		"func/u141.bmp",
		"func/s146.bmp",
		"func/u140.bmp",
		"func/f132.bmp",
		"func/u136.bmp",
		"func/u144.bmp",
		"func/u144.bmp",
		"func/u138.bmp",
		"func/s132.bmp",
		"func/s132.bmp",
		"func/f135.bmp",
		"func/s146.bmp",
		"func/u135.bmp",
		"func/u135.bmp",
		"func/f132.bmp",
		"func/i999.bmp",
		"func/s131.bmp",
		"func/s131.bmp",
		"func/u136.bmp",
		"func/s133.bmp",
		"func/s136.bmp",
		"func/f133.bmp",
		"func/f135.bmp",
		"func/f144.bmp",
		"func/u146.bmp",
		"func/u146.bmp",
		"func/u131.bmp",
		"func/s133.bmp",
		"func/f142.bmp",
		"func/s136.bmp",
		"func/f131.bmp",
		"func/f133.bmp",
		"func/f138.bmp",
		"func/f138.bmp",
		"func/f144.bmp",
		"func/f143.bmp",
		"func/i999.bmp",
		"func/f134.bmp",
		"func/f134.bmp",
		"func/u131.bmp",
		"func/f146.bmp",
		"func/f146.bmp",
		"func/f142.bmp",
		"func/u142.bmp",
		"func/u142.bmp",
		"func/f131.bmp",
		"func/s145.bmp",
		"func/s145.bmp",
		"func/s137.bmp",
		"func/s137.bmp",
		"func/f143.bmp",
		"func/s144.bmp",
		"func/s144.bmp",
		"func/u145.bmp",
		"func/u137.bmp",
		"func/u134.bmp",
		"func/i999.bmp",
		"func/f137.bmp",
		"func/f137.bmp",
		"func/s141.bmp",
		"func/s141.bmp",
		"func/s134.bmp",
		"func/u145.bmp",
		"func/u133.bmp",
		"func/u133.bmp",
		"func/u137.bmp",
		"func/s138.bmp",
		"func/u134.bmp",
		"func/s143.bmp",
		"func/s143.bmp",
		"func/s140.bmp",
		"func/s140.bmp",
		"func/s139.bmp",
		"func/s139.bmp",
		"func/s134.bmp",
		"func/f139.bmp",
		"func/i999.bmp",
		"func/f136.bmp",
		"func/s138.bmp",
		"func/f145.bmp",
		"func/f145.bmp",
		"func/u132.bmp",
		"func/f141.bmp",
		"func/f141.bmp",
		"func/Circle.bmp"
	]
}
