{
	"onset":[0,3.124,6.381,9.505000000000001,12.645,15.735,18.992,22.116,25.173,27.762,48.224,51.248,54.354,57.612,60.802,64.026,67.2,70.50700000000001,73.631,76.821,79.94499999999999,83.002,86.125,89.265,92.27200000000001,95.446,98.60299999999999,101.626,104.616,107.289,127.869,131.125,134.216,137.307,140.563,143.653,146.86,150.118,153.275,156.532,159.672,162.913,166.103,169.31,172.451,175.491,178.564,181.721,184.811,187.985,190.641,211.27,214.494,217.618,220.892,224.082,227.223,230.396,233.587,236.66,239.785,243.058,246.148,249.305,252.579,255.669,258.976,262.184,265.207,268.498,271.621,274.26,294.773,297.981,301.07,304.344,307.367,310.591,313.765,317.006,320.096,323.32,326.527,329.734,332.824,335.998,339.155,342.228,345.369,347.941,368.42,371.61,374.818,377.958,381.082,384.088,387.345,390.586,393.71,396.432],
	"duration":[0.927,0.806,0.919,0.948,0.8159999999999999,0.989,0.824,0.829,0.848,20,0.849,0.877,0.9429999999999999,0.978,0.853,0.952,0.992,0.881,0.897,0.87,0.854,0.886,0.922,0.8090000000000001,0.83,0.925,0.8090000000000001,0.801,0.9330000000000001,20,0.9419999999999999,0.8169999999999999,0.906,0.913,0.894,0.968,0.953,0.832,0.984,0.953,0.984,0.9370000000000001,0.884,0.865,0.87,0.803,0.847,0.838,0.881,0.904,20,0.926,0.837,0.928,0.948,0.8129999999999999,0.9350000000000001,0.957,0.886,0.906,0.927,0.901,0.894,0.922,0.871,0.955,0.927,0.8120000000000001,0.926,0.909,0.894,20,0.922,0.894,0.944,0.823,0.999,0.921,0.959,0.8149999999999999,0.891,0.984,0.881,0.839,0.957,0.895,0.8139999999999999,0.8129999999999999,0.833,20,0.994,0.887,0.907,0.891,0.834,0.991,0.919,0.8149999999999999,0.9409999999999999,0.012],
	"circle_duration":[0.57,0.421,0.583,0.446,0.425,0.515,0.486,0.527,0.467,20,0.432,0.411,0.453,0.551,0.438,0.586,0.457,0.544,0.479,0.52,0.48,0.422,0.481,0.44,0.422,0.576,0.453,0.449,0.423,20,0.551,0.536,0.503,0.418,0.578,0.425,0.477,0.546,0.554,0.51,0.416,0.488,0.496,0.5639999999999999,0.511,0.406,0.516,0.539,0.478,0.525,20,0.596,0.521,0.513,0.578,0.471,0.5669999999999999,0.427,0.458,0.424,0.451,0.575,0.424,0.486,0.572,0.446,0.571,0.512,0.442,0.597,0.436,20,0.476,0.518,0.432,0.5659999999999999,0.419,0.464,0.483,0.503,0.504,0.5649999999999999,0.453,0.5659999999999999,0.474,0.446,0.497,0.5,0.5570000000000001,20,0.442,0.429,0.55,0.454,0.457,0.415,0.487,0.5570000000000001,0.545,0],
	"stim_type":[
		"SCRAMBLED",
		"FAMOUS",
		"FAMOUS",
		"UNFAMILIAR",
		"FAMOUS",
		"SCRAMBLED",
		"UNFAMILIAR",
		"UNFAMILIAR",
		"SCRAMBLED",
		"n/a",
		"UNFAMILIAR",
		"UNFAMILIAR",
		"FAMOUS",
		"FAMOUS",
		"UNFAMILIAR",
		"UNFAMILIAR",
		"FAMOUS",
		"SCRAMBLED",
		"SCRAMBLED",
		"FAMOUS",
		"UNFAMILIAR",
		"UNFAMILIAR",
		"UNFAMILIAR",
		"UNFAMILIAR",
		"SCRAMBLED",
		"SCRAMBLED",
		"UNFAMILIAR",
		"UNFAMILIAR",
		"SCRAMBLED",
		"n/a",
		"SCRAMBLED",
		"SCRAMBLED",
		"FAMOUS",
		"FAMOUS",
		"SCRAMBLED",
		"SCRAMBLED",
		"FAMOUS",
		"UNFAMILIAR",
		"UNFAMILIAR",
		"UNFAMILIAR",
		"FAMOUS",
		"FAMOUS",
		"SCRAMBLED",
		"FAMOUS",
		"FAMOUS",
		"FAMOUS",
		"FAMOUS",
		"FAMOUS",
		"FAMOUS",
		"SCRAMBLED",
		"n/a",
		"UNFAMILIAR",
		"UNFAMILIAR",
		"UNFAMILIAR",
		"SCRAMBLED",
		"SCRAMBLED",
		"SCRAMBLED",
		"UNFAMILIAR",
		"SCRAMBLED",
		"SCRAMBLED",
		"FAMOUS",
		"FAMOUS",
		"SCRAMBLED",
		"UNFAMILIAR",
		"UNFAMILIAR",
		"SCRAMBLED",
		"SCRAMBLED",
		"UNFAMILIAR",
		"UNFAMILIAR",
		"UNFAMILIAR",
		"SCRAMBLED",
		"n/a",
		"SCRAMBLED",
		"SCRAMBLED",
		"UNFAMILIAR",
		"SCRAMBLED",
		"FAMOUS",
		"UNFAMILIAR",
		"FAMOUS",
		"FAMOUS",
		"FAMOUS",
		"SCRAMBLED",
		"SCRAMBLED",
		"UNFAMILIAR",
		"SCRAMBLED",
		"SCRAMBLED",
		"FAMOUS",
		"FAMOUS",
		"FAMOUS",
		"n/a",
		"UNFAMILIAR",
		"UNFAMILIAR",
		"FAMOUS",
		"FAMOUS",
		"FAMOUS",
		"SCRAMBLED",
		"FAMOUS",
		"SCRAMBLED",
		"UNFAMILIAR",
		"n/a"
	],
	"trigger":[17,5,6,13,5,17,13,14,19,999,13,14,5,6,15,13,7,17,19,5,13,14,13,14,17,18,15,13,19,999,17,18,7,5,17,18,5,13,14,15,5,6,17,7,5,6,5,6,7,17,999,13,14,13,19,17,18,13,17,19,5,6,17,15,13,17,18,15,13,14,19,999,17,18,13,19,5,15,5,6,5,17,17,15,17,18,7,5,6,999,13,14,7,5,6,19,5,19,13,999],
	"button_pushed":[
		4,
		4,
		4,
		4,
		7,
		4,
		4,
		4,
		4,
		20000,
		4,
		4,
		7,
		7,
		4,
		4,
		7,
		"n/a",
		4,
		7,
		4,
		4,
		4,
		4,
		"n/a",
		"n/a",
		4,
		4,
		4,
		20000,
		4,
		4,
		7,
		4,
		4,
		4,
		7,
		4,
		4,
		4,
		4,
		"n/a",
		4,
		4,
		4,
		4,
		4,
		4,
		7,
		4,
		20000,
		4,
		4,
		4,
		4,
		4,
		4,
		4,
		4,
		7,
		4,
		4,
		"n/a",
		"n/a",
		4,
		7,
		7,
		4,
		4,
		4,
		4,
		20000,
		4,
		"n/a",
		"n/a",
		4,
		7,
		4,
		7,
		7,
		7,
		4,
		4,
		4,
		4,
		4,
		7,
		7,
		7,
		20000,
		4,
		4,
		7,
		4,
		4,
		4,
		"n/a",
		4,
		4,
		0
	],
	"response_time":[1.017,0.913,0.742,0.9419999999999999,1.306,0.881,0.83,0.696,0.766,20,0.835,0.98,0.836,0.708,1.118,1.58,1.092,0,1.117,0.995,0.885,1.102,1.109,1.257,0,0,1.75,1.343,1.09,20,1.369,0.879,0.628,0.951,0.844,0.662,1.085,0.842,1.038,0.863,1.195,0,0.981,0.976,1.821,0.946,1.175,0.769,0.893,1.631,20,1.532,0.777,0.843,1.107,1.51,0.839,0.9409999999999999,1.035,0.911,1.093,0.828,0,0,1.109,0.798,0.787,1.198,1.12,0.778,0.8080000000000001,20,1.027,0,0,1.233,1.254,1.06,1.183,0.64,1.135,1.399,0.919,0.754,1.303,0.82,0.71,0.676,0.535,20,1.073,0.773,0.739,1.323,1.674,1.198,0,0.979,0.791,0],
	"stim_file":[
		"func/s039.bmp",
		"func/f036.bmp",
		"func/f036.bmp",
		"func/u039.bmp",
		"func/f040.bmp",
		"func/s038.bmp",
		"func/u048.bmp",
		"func/u048.bmp",
		"func/s039.bmp",
		"func/i999.bmp",
		"func/u034.bmp",
		"func/u034.bmp",
		"func/f034.bmp",
		"func/f034.bmp",
		"func/u039.bmp",
		"func/u047.bmp",
		"func/f040.bmp",
		"func/s041.bmp",
		"func/s038.bmp",
		"func/f041.bmp",
		"func/u045.bmp",
		"func/u045.bmp",
		"func/u038.bmp",
		"func/u038.bmp",
		"func/s047.bmp",
		"func/s047.bmp",
		"func/u047.bmp",
		"func/u041.bmp",
		"func/s041.bmp",
		"func/i999.bmp",
		"func/s046.bmp",
		"func/s046.bmp",
		"func/f041.bmp",
		"func/f046.bmp",
		"func/s044.bmp",
		"func/s044.bmp",
		"func/f037.bmp",
		"func/u037.bmp",
		"func/u037.bmp",
		"func/u041.bmp",
		"func/f038.bmp",
		"func/f038.bmp",
		"func/s048.bmp",
		"func/f046.bmp",
		"func/f033.bmp",
		"func/f033.bmp",
		"func/f047.bmp",
		"func/f047.bmp",
		"func/f037.bmp",
		"func/s043.bmp",
		"func/i999.bmp",
		"func/u035.bmp",
		"func/u035.bmp",
		"func/u044.bmp",
		"func/s048.bmp",
		"func/s042.bmp",
		"func/s042.bmp",
		"func/u040.bmp",
		"func/s034.bmp",
		"func/s043.bmp",
		"func/f035.bmp",
		"func/f035.bmp",
		"func/s036.bmp",
		"func/u044.bmp",
		"func/u033.bmp",
		"func/s035.bmp",
		"func/s035.bmp",
		"func/u040.bmp",
		"func/u036.bmp",
		"func/u036.bmp",
		"func/s034.bmp",
		"func/i999.bmp",
		"func/s040.bmp",
		"func/s040.bmp",
		"func/u042.bmp",
		"func/s036.bmp",
		"func/f048.bmp",
		"func/u033.bmp",
		"func/f043.bmp",
		"func/f043.bmp",
		"func/f042.bmp",
		"func/s037.bmp",
		"func/s045.bmp",
		"func/u042.bmp",
		"func/s033.bmp",
		"func/s033.bmp",
		"func/f048.bmp",
		"func/f045.bmp",
		"func/f045.bmp",
		"func/i999.bmp",
		"func/u046.bmp",
		"func/u046.bmp",
		"func/f042.bmp",
		"func/f044.bmp",
		"func/f044.bmp",
		"func/s037.bmp",
		"func/f039.bmp",
		"func/s045.bmp",
		"func/u043.bmp",
		"func/Circle.bmp"
	]
}
