{
	"onset":[0,3.14,6.464,9.554,12.695,15.852,19.025,22.149,25.339,28.648,31.319,51.882,54.955,58.229,61.269,64.426,67.45,70.54000000000001,73.78,76.989,80.22799999999999,83.55200000000001,86.626,89.816,93.023,96.247,99.321,102.528,105.585,108.725,111.448,132.043,135.117,138.257,141.515,144.672,147.712,150.986,154.126,157.25,160.473,163.614,166.787,170.045,173.285,176.509,179.649,182.723,185.714,188.352,208.965,212.272,215.613,218.77,221.776,224.95,227.941,231.214,234.538,237.645,240.735,243.892,246.983,250.157,253.18,256.37,259.661,262.751,265.875,268.899,272.055,274.611,295.056,298.213,301.454,304.645,307.801,311.008,314.149,317.356,320.496,323.703,326.894,330.201,333.292,336.315,339.539,342.579,345.635,348.76,351.365,371.944,375.068,378.308,381.465,384.656,387.93,391.153,393.843],
	"duration":[0.868,0.968,0.819,0.8149999999999999,0.845,0.864,0.9409999999999999,0.927,0.958,0.931,20,0.805,0.97,0.822,0.8169999999999999,0.8070000000000001,0.8179999999999999,0.93,0.888,0.944,0.992,0.804,0.982,0.871,0.857,0.889,0.996,0.8169999999999999,0.8159999999999999,0.983,20,0.8149999999999999,0.962,0.929,0.864,0.8110000000000001,0.914,0.82,0.823,0.978,0.839,0.848,0.975,0.95,0.965,0.921,0.896,0.8179999999999999,0.901,20,0.988,0.99,0.969,0.819,0.974,0.803,0.924,0.97,0.855,0.9,0.838,0.8120000000000001,0.891,0.8080000000000001,0.845,1,0.801,0.822,0.864,0.981,0.805,20,0.889,0.991,0.892,0.8120000000000001,0.976,0.891,0.986,0.966,0.915,0.9350000000000001,0.9429999999999999,0.8169999999999999,0.827,0.98,0.841,0.852,0.8149999999999999,0.853,20,0.947,0.904,0.906,0.881,0.989,0.944,0.889,0.012],
	"circle_duration":[0.541,0.513,0.497,0.505,0.556,0.547,0.549,0.409,0.489,0.585,20,0.532,0.498,0.55,0.438,0.576,0.441,0.51,0.538,0.552,0.531,0.5629999999999999,0.492,0.45,0.556,0.593,0.409,0.441,0.483,0.552,20,0.5629999999999999,0.49,0.416,0.5669999999999999,0.529,0.453,0.6,0.5580000000000001,0.527,0.482,0.519,0.5649999999999999,0.511,0.533,0.486,0.439,0.415,0.418,20,0.571,0.55,0.573,0.433,0.422,0.431,0.417,0.515,0.576,0.469,0.432,0.548,0.505,0.518,0.445,0.574,0.528,0.525,0.527,0.401,0.402,20,0.412,0.498,0.48,0.534,0.582,0.457,0.479,0.457,0.402,0.529,0.497,0.6,0.518,0.431,0.479,0.427,0.449,0.551,20,0.536,0.412,0.5659999999999999,0.475,0.545,0.511,0.511,0],
	"stim_type":[
		"UNFAMILIAR",
		"UNFAMILIAR",
		"UNFAMILIAR",
		"FAMOUS",
		"SCRAMBLED",
		"SCRAMBLED",
		"UNFAMILIAR",
		"FAMOUS",
		"FAMOUS",
		"UNFAMILIAR",
		"n/a",
		"UNFAMILIAR",
		"UNFAMILIAR",
		"UNFAMILIAR",
		"UNFAMILIAR",
		"FAMOUS",
		"SCRAMBLED",
		"SCRAMBLED",
		"SCRAMBLED",
		"UNFAMILIAR",
		"UNFAMILIAR",
		"UNFAMILIAR",
		"UNFAMILIAR",
		"SCRAMBLED",
		"SCRAMBLED",
		"SCRAMBLED",
		"SCRAMBLED",
		"SCRAMBLED",
		"SCRAMBLED",
		"UNFAMILIAR",
		"n/a",
		"SCRAMBLED",
		"UNFAMILIAR",
		"SCRAMBLED",
		"SCRAMBLED",
		"UNFAMILIAR",
		"FAMOUS",
		"FAMOUS",
		"FAMOUS",
		"FAMOUS",
		"UNFAMILIAR",
		"UNFAMILIAR",
		"SCRAMBLED",
		"SCRAMBLED",
		"SCRAMBLED",
		"SCRAMBLED",
		"FAMOUS",
		"UNFAMILIAR",
		"FAMOUS",
		"n/a",
		"FAMOUS",
		"FAMOUS",
		"FAMOUS",
		"FAMOUS",
		"FAMOUS",
		"FAMOUS",
		"SCRAMBLED",
		"SCRAMBLED",
		"UNFAMILIAR",
		"UNFAMILIAR",
		"FAMOUS",
		"SCRAMBLED",
		"SCRAMBLED",
		"FAMOUS",
		"FAMOUS",
		"FAMOUS",
		"FAMOUS",
		"FAMOUS",
		"FAMOUS",
		"FAMOUS",
		"UNFAMILIAR",
		"n/a",
		"UNFAMILIAR",
		"SCRAMBLED",
		"SCRAMBLED",
		"SCRAMBLED",
		"SCRAMBLED",
		"SCRAMBLED",
		"FAMOUS",
		"UNFAMILIAR",
		"UNFAMILIAR",
		"UNFAMILIAR",
		"UNFAMILIAR",
		"UNFAMILIAR",
		"FAMOUS",
		"SCRAMBLED",
		"UNFAMILIAR",
		"UNFAMILIAR",
		"UNFAMILIAR",
		"FAMOUS",
		"n/a",
		"SCRAMBLED",
		"SCRAMBLED",
		"FAMOUS",
		"FAMOUS",
		"FAMOUS",
		"FAMOUS",
		"UNFAMILIAR",
		"n/a"
	],
	"trigger":[13,13,14,5,17,18,13,5,6,15,999,13,14,13,14,7,17,18,17,15,13,13,13,17,18,17,18,19,17,15,999,17,15,17,18,15,5,6,5,6,13,14,19,17,18,19,5,13,5,999,5,6,5,5,6,7,17,18,15,13,7,17,17,7,5,6,5,6,5,6,15,999,13,19,17,19,17,18,5,13,14,13,14,15,5,19,13,13,14,7,999,17,17,5,7,5,6,15,999],
	"button_pushed":[
		4,
		7,
		7,
		7,
		4,
		4,
		7,
		7,
		7,
		4,
		20000,
		4,
		4,
		4,
		4,
		7,
		4,
		4,
		4,
		7,
		4,
		7,
		4,
		7,
		7,
		4,
		4,
		4,
		4,
		7,
		20000,
		4,
		7,
		4,
		4,
		4,
		"n/a",
		7,
		7,
		7,
		7,
		7,
		4,
		4,
		4,
		4,
		7,
		4,
		7,
		20000,
		4,
		4,
		7,
		7,
		4,
		7,
		4,
		4,
		4,
		4,
		7,
		4,
		4,
		7,
		7,
		7,
		4,
		4,
		7,
		7,
		4,
		20000,
		4,
		4,
		4,
		4,
		7,
		7,
		4,
		7,
		7,
		4,
		4,
		4,
		7,
		4,
		4,
		7,
		7,
		4,
		20000,
		4,
		4,
		7,
		7,
		4,
		4,
		4,
		0
	],
	"response_time":[0.8149999999999999,0.697,0.748,0.853,0.75,0.65,1.001,0.98,0.695,0.777,20,1.112,0.634,0.8120000000000001,0.625,0.8159999999999999,0.707,0.6860000000000001,0.675,0.6860000000000001,1.036,1.226,0.737,1.085,0.8,0.986,0.657,0.745,0.66,0.982,20,0.737,0.84,1.336,0.926,0.89,0,1.43,1.435,1.018,0.9429999999999999,0.8110000000000001,0.712,0.75,0.854,0.668,1.538,1.309,1.817,20,0.945,0.66,0.976,1.165,0.656,0.89,1.324,0.8110000000000001,1.785,1.224,1.216,0.881,1.966,1.706,1.715,1.104,1.393,0.873,2.208,1.096,0.835,20,0.886,1.141,0.681,0.974,0.432,0.879,0.783,0.922,0.601,0.74,0.6899999999999999,0.876,1.67,1.292,1.024,1.583,0.759,1.031,20,0.791,0.677,1.624,0.902,1.181,0.663,1.631,0],
	"stim_file":[
		"func/u095.bmp",
		"func/u085.bmp",
		"func/u085.bmp",
		"func/f089.bmp",
		"func/s090.bmp",
		"func/s090.bmp",
		"func/u094.bmp",
		"func/f092.bmp",
		"func/f092.bmp",
		"func/u095.bmp",
		"func/i999.bmp",
		"func/u086.bmp",
		"func/u086.bmp",
		"func/u090.bmp",
		"func/u090.bmp",
		"func/f089.bmp",
		"func/s095.bmp",
		"func/s095.bmp",
		"func/s091.bmp",
		"func/u094.bmp",
		"func/u092.bmp",
		"func/u087.bmp",
		"func/u084.bmp",
		"func/s082.bmp",
		"func/s082.bmp",
		"func/s092.bmp",
		"func/s092.bmp",
		"func/s091.bmp",
		"func/s086.bmp",
		"func/u092.bmp",
		"func/i999.bmp",
		"func/s088.bmp",
		"func/u087.bmp",
		"func/s087.bmp",
		"func/s087.bmp",
		"func/u084.bmp",
		"func/f097.bmp",
		"func/f097.bmp",
		"func/f090.bmp",
		"func/f090.bmp",
		"func/u097.bmp",
		"func/u097.bmp",
		"func/s086.bmp",
		"func/s089.bmp",
		"func/s089.bmp",
		"func/s088.bmp",
		"func/f083.bmp",
		"func/u096.bmp",
		"func/f095.bmp",
		"func/i999.bmp",
		"func/f094.bmp",
		"func/f094.bmp",
		"func/f093.bmp",
		"func/f085.bmp",
		"func/f085.bmp",
		"func/f083.bmp",
		"func/s083.bmp",
		"func/s083.bmp",
		"func/u096.bmp",
		"func/u091.bmp",
		"func/f095.bmp",
		"func/s096.bmp",
		"func/s084.bmp",
		"func/f093.bmp",
		"func/f091.bmp",
		"func/f091.bmp",
		"func/f086.bmp",
		"func/f086.bmp",
		"func/f082.bmp",
		"func/f082.bmp",
		"func/u091.bmp",
		"func/i999.bmp",
		"func/u089.bmp",
		"func/s096.bmp",
		"func/s094.bmp",
		"func/s084.bmp",
		"func/s097.bmp",
		"func/s097.bmp",
		"func/f087.bmp",
		"func/u088.bmp",
		"func/u088.bmp",
		"func/u082.bmp",
		"func/u082.bmp",
		"func/u089.bmp",
		"func/f084.bmp",
		"func/s094.bmp",
		"func/u093.bmp",
		"func/u083.bmp",
		"func/u083.bmp",
		"func/f087.bmp",
		"func/i999.bmp",
		"func/s085.bmp",
		"func/s093.bmp",
		"func/f096.bmp",
		"func/f084.bmp",
		"func/f088.bmp",
		"func/f088.bmp",
		"func/u093.bmp",
		"func/Circle.bmp"
	]
}
