{
	"onset":[0,3.057,6.18,9.521000000000001,12.711,15.852,19.159,22.199,25.34,28.029,48.575,51.715,54.905,58.096,61.303,64.45999999999999,67.634,70.92400000000001,73.98099999999999,77.27200000000001,80.613,83.703,86.877,89.983,93.17400000000001,96.297,99.505,102.662,105.936,109.16,111.698,132.161,135.384,138.541,141.732,144.906,148.18,151.437,154.611,157.635,160.691,163.998,167.022,170.212,173.402,176.61,179.8,183.007,186.181,189.254,192.528,195.218,215.847,219.071,222.428,225.485,228.826,231.967,235.073,238.214,241.387,244.527,247.718,250.925,254.065,257.289,260.546,263.653,266.877,269.5,290.012,293.203,296.393,299.566,302.84,305.931,309.104,312.228,315.318,318.476,321.632,324.906,328.18,331.221,334.411,337.668,340.959,344.099,347.339,350.43,353.152,373.681,376.872,380.112,383.269,386.527,389.767,392.423],
	"duration":[0.83,0.832,0.98,0.879,0.929,0.97,0.827,0.885,0.9379999999999999,20,0.912,0.896,0.875,0.892,0.861,0.888,0.987,0.84,0.996,0.971,0.819,0.9409999999999999,0.9350000000000001,0.848,0.839,0.9320000000000001,0.8129999999999999,0.925,0.954,0.802,20,0.881,0.906,0.863,0.804,0.989,0.999,0.99,0.8169999999999999,0.8169999999999999,0.973,0.831,0.979,0.923,0.862,0.923,0.905,0.913,0.8100000000000001,0.925,0.951,20,0.899,0.991,0.867,0.98,0.8149999999999999,0.823,0.965,0.957,0.951,0.89,0.904,0.925,0.897,0.899,0.891,0.97,0.873,20,0.89,0.89,0.8139999999999999,0.976,0.8110000000000001,0.965,0.879,0.845,0.931,0.919,0.961,0.921,0.866,0.963,0.996,0.945,0.9350000000000001,0.896,0.8159999999999999,0.979,20,0.868,0.971,0.974,1,0.966,0.847,0.012],
	"circle_duration":[0.529,0.459,0.433,0.586,0.55,0.446,0.5590000000000001,0.439,0.49,20,0.513,0.464,0.522,0.537,0.547,0.523,0.509,0.54,0.441,0.527,0.6,0.516,0.466,0.403,0.57,0.504,0.512,0.584,0.58,0.486,20,0.418,0.576,0.472,0.5639999999999999,0.596,0.503,0.499,0.408,0.451,0.479,0.5580000000000001,0.424,0.448,0.492,0.5679999999999999,0.493,0.53,0.488,0.487,0.583,20,0.59,0.5659999999999999,0.589,0.429,0.594,0.518,0.511,0.417,0.443,0.423,0.534,0.524,0.449,0.5600000000000001,0.591,0.449,0.469,20,0.469,0.534,0.534,0.593,0.53,0.513,0.438,0.483,0.468,0.468,0.473,0.539,0.573,0.417,0.467,0.488,0.572,0.443,0.57,0.505,20,0.5,0.5590000000000001,0.488,0.41,0.496,0.516,0],
	"stim_type":[
		"UNFAMILIAR",
		"FAMOUS",
		"FAMOUS",
		"UNFAMILIAR",
		"UNFAMILIAR",
		"UNFAMILIAR",
		"UNFAMILIAR",
		"FAMOUS",
		"FAMOUS",
		"n/a",
		"FAMOUS",
		"UNFAMILIAR",
		"SCRAMBLED",
		"SCRAMBLED",
		"FAMOUS",
		"SCRAMBLED",
		"SCRAMBLED",
		"FAMOUS",
		"FAMOUS",
		"FAMOUS",
		"FAMOUS",
		"SCRAMBLED",
		"SCRAMBLED",
		"FAMOUS",
		"FAMOUS",
		"SCRAMBLED",
		"SCRAMBLED",
		"SCRAMBLED",
		"UNFAMILIAR",
		"UNFAMILIAR",
		"n/a",
		"FAMOUS",
		"FAMOUS",
		"FAMOUS",
		"SCRAMBLED",
		"FAMOUS",
		"FAMOUS",
		"FAMOUS",
		"FAMOUS",
		"SCRAMBLED",
		"FAMOUS",
		"FAMOUS",
		"SCRAMBLED",
		"SCRAMBLED",
		"SCRAMBLED",
		"SCRAMBLED",
		"FAMOUS",
		"SCRAMBLED",
		"SCRAMBLED",
		"SCRAMBLED",
		"FAMOUS",
		"n/a",
		"SCRAMBLED",
		"SCRAMBLED",
		"FAMOUS",
		"UNFAMILIAR",
		"SCRAMBLED",
		"SCRAMBLED",
		"SCRAMBLED",
		"SCRAMBLED",
		"SCRAMBLED",
		"SCRAMBLED",
		"UNFAMILIAR",
		"FAMOUS",
		"FAMOUS",
		"UNFAMILIAR",
		"UNFAMILIAR",
		"UNFAMILIAR",
		"UNFAMILIAR",
		"n/a",
		"UNFAMILIAR",
		"UNFAMILIAR",
		"UNFAMILIAR",
		"UNFAMILIAR",
		"UNFAMILIAR",
		"FAMOUS",
		"UNFAMILIAR",
		"UNFAMILIAR",
		"UNFAMILIAR",
		"UNFAMILIAR",
		"SCRAMBLED",
		"SCRAMBLED",
		"UNFAMILIAR",
		"UNFAMILIAR",
		"FAMOUS",
		"FAMOUS",
		"FAMOUS",
		"FAMOUS",
		"UNFAMILIAR",
		"UNFAMILIAR",
		"n/a",
		"UNFAMILIAR",
		"SCRAMBLED",
		"UNFAMILIAR",
		"UNFAMILIAR",
		"SCRAMBLED",
		"FAMOUS",
		"n/a"
	],
	"trigger":[13,5,6,13,14,13,14,5,6,999,5,15,17,18,5,17,17,5,6,7,5,17,18,7,5,19,17,19,13,14,999,5,6,7,17,5,7,5,6,19,5,5,17,19,17,18,7,17,17,18,7,999,17,18,7,13,19,17,18,17,18,19,13,5,6,13,15,13,14,999,13,14,13,14,15,5,13,14,15,13,17,18,13,14,5,6,7,5,13,15,999,13,17,13,14,17,7,999],
	"button_pushed":[7,7,7,7,7,7,7,7,7,20000,7,7,4,4,7,4,4,7,7,7,7,7,7,7,7,4,7,7,7,7,20000,7,7,7,4,7,7,7,7,7,7,7,4,7,7,4,7,7,4,4,7,20000,4,4,7,7,4,7,7,4,4,4,7,4,4,7,7,7,7,20000,7,7,7,7,7,7,7,7,7,7,4,4,7,7,7,7,7,7,7,7,20000,7,4,7,7,4,7,0],
	"response_time":[0.678,0.979,0.536,0.636,0.501,0.624,0.493,0.678,0.544,20,0.952,0.78,0.976,0.735,0.644,0.919,0.749,1.066,0.746,0.866,1.176,1.101,0.587,0.783,0.681,0.91,1.405,1.259,0.786,0.76,20,1.073,0.628,0.92,1.205,0.6899999999999999,0.869,1.048,0.965,0.659,1.413,0.743,0.983,1.206,0.518,0.771,0.615,1.155,1.123,0.802,1.089,20,0.846,0.791,1.246,0.781,1.05,0.976,0.712,0.832,0.761,0.756,1.17,1.468,0.828,0.978,0.852,0.922,0.571,20,1.063,1.157,1.11,0.528,0.958,1.006,0.9330000000000001,1.363,0.894,0.968,0.796,0.819,0.777,0.543,1.065,0.993,1.025,0.799,0.536,1.21,20,0.858,1.122,0.663,0.51,0.899,0.612,0],
	"stim_file":[
		"func/u144.bmp",
		"func/f133.bmp",
		"func/f133.bmp",
		"func/u131.bmp",
		"func/u131.bmp",
		"func/u132.bmp",
		"func/u132.bmp",
		"func/f131.bmp",
		"func/f131.bmp",
		"func/i999.bmp",
		"func/f134.bmp",
		"func/u144.bmp",
		"func/s141.bmp",
		"func/s141.bmp",
		"func/f144.bmp",
		"func/s137.bmp",
		"func/s144.bmp",
		"func/f141.bmp",
		"func/f141.bmp",
		"func/f134.bmp",
		"func/f140.bmp",
		"func/s134.bmp",
		"func/s134.bmp",
		"func/f144.bmp",
		"func/f145.bmp",
		"func/s137.bmp",
		"func/s143.bmp",
		"func/s144.bmp",
		"func/u136.bmp",
		"func/u136.bmp",
		"func/i999.bmp",
		"func/f132.bmp",
		"func/f132.bmp",
		"func/f140.bmp",
		"func/s133.bmp",
		"func/f143.bmp",
		"func/f145.bmp",
		"func/f137.bmp",
		"func/f137.bmp",
		"func/s143.bmp",
		"func/f139.bmp",
		"func/f138.bmp",
		"func/s131.bmp",
		"func/s133.bmp",
		"func/s146.bmp",
		"func/s146.bmp",
		"func/f143.bmp",
		"func/s138.bmp",
		"func/s136.bmp",
		"func/s136.bmp",
		"func/f139.bmp",
		"func/i999.bmp",
		"func/s142.bmp",
		"func/s142.bmp",
		"func/f138.bmp",
		"func/u138.bmp",
		"func/s131.bmp",
		"func/s132.bmp",
		"func/s132.bmp",
		"func/s139.bmp",
		"func/s139.bmp",
		"func/s138.bmp",
		"func/u143.bmp",
		"func/f135.bmp",
		"func/f135.bmp",
		"func/u140.bmp",
		"func/u138.bmp",
		"func/u145.bmp",
		"func/u145.bmp",
		"func/i999.bmp",
		"func/u139.bmp",
		"func/u139.bmp",
		"func/u141.bmp",
		"func/u141.bmp",
		"func/u143.bmp",
		"func/f146.bmp",
		"func/u134.bmp",
		"func/u134.bmp",
		"func/u140.bmp",
		"func/u146.bmp",
		"func/s145.bmp",
		"func/s145.bmp",
		"func/u135.bmp",
		"func/u135.bmp",
		"func/f136.bmp",
		"func/f136.bmp",
		"func/f146.bmp",
		"func/f142.bmp",
		"func/u142.bmp",
		"func/u146.bmp",
		"func/i999.bmp",
		"func/u133.bmp",
		"func/s140.bmp",
		"func/u137.bmp",
		"func/u137.bmp",
		"func/s135.bmp",
		"func/f142.bmp",
		"func/Circle.bmp"
	]
}
