{
	"onset":[0,3.092,6.498,9.605,12.812,15.819,18.993,22.066,25.173,27.712,48.308,51.448,54.589,57.712,60.786,63.976,67.09999999999999,70.223,73.34699999999999,76.471,79.527,82.70099999999999,86.042,89.199,92.54000000000001,95.68000000000001,98.98699999999999,102.144,105.402,108.124,128.57,131.86,134.984,138.141,141.198,144.238,147.445,150.535,153.844,157.067,160.24,163.314,166.387,169.478,172.635,175.691,178.915,182.139,185.38,188.069,208.581,211.722,214.929,218.086,221.142,224.166,227.239,230.513,233.738,236.861,240.035,243.175,246.282,249.455,252.696,255.82,258.993,262.167,265.341,268.08,288.659,291.783,294.907,297.897,301.02,304.194,307.518,310.642,313.715,316.839,319.979,323.17,326.343,329.467,332.657,335.731,338.788,342.062,345.168,348.292,350.981,371.46,374.734,377.824,381.048,384.272,387.563,390.62,393.259],
	"duration":[0.895,0.949,0.869,0.981,0.801,0.856,0.851,0.8080000000000001,0.801,20,0.858,0.848,0.822,0.879,0.919,0.852,0.881,0.878,0.874,0.853,0.871,0.986,0.847,0.979,0.9379999999999999,0.995,0.973,0.919,0.985,20,0.92,0.8179999999999999,0.832,0.861,0.822,0.894,0.82,0.971,0.948,0.827,0.8169999999999999,0.896,0.832,0.837,0.845,0.896,0.867,0.967,0.949,20,0.8,0.909,0.92,0.828,0.842,0.804,0.86,0.871,0.889,0.927,0.8159999999999999,0.804,0.804,0.875,0.885,0.877,0.918,0.848,0.998,20,0.931,0.8139999999999999,0.8090000000000001,0.8100000000000001,0.969,0.998,0.882,0.85,0.819,0.9330000000000001,0.946,0.927,0.829,0.9360000000000001,0.897,0.825,0.921,0.826,0.9379999999999999,0.949,20,0.949,0.8149999999999999,0.931,0.954,0.967,0.801,0.851,0.012],
	"circle_duration":[0.451,0.435,0.592,0.48,0.466,0.435,0.538,0.452,0.532,20,0.5669999999999999,0.514,0.53,0.519,0.422,0.514,0.504,0.47,0.476,0.477,0.448,0.524,0.592,0.548,0.59,0.432,0.542,0.414,0.573,20,0.413,0.592,0.548,0.5629999999999999,0.432,0.436,0.549,0.493,0.5679999999999999,0.504,0.583,0.487,0.409,0.499,0.544,0.444,0.553,0.597,0.505,20,0.472,0.584,0.529,0.483,0.466,0.405,0.498,0.574,0.584,0.457,0.476,0.5669999999999999,0.522,0.596,0.587,0.481,0.533,0.487,0.5659999999999999,20,0.538,0.432,0.538,0.417,0.537,0.449,0.5620000000000001,0.471,0.462,0.547,0.447,0.477,0.48,0.526,0.488,0.404,0.46,0.573,0.503,0.408,20,0.437,0.556,0.505,0.527,0.487,0.5580000000000001,0.494,0],
	"stim_type":[
		"UNFAMILIAR",
		"UNFAMILIAR",
		"FAMOUS",
		"FAMOUS",
		"FAMOUS",
		"SCRAMBLED",
		"SCRAMBLED",
		"SCRAMBLED",
		"SCRAMBLED",
		"n/a",
		"SCRAMBLED",
		"SCRAMBLED",
		"FAMOUS",
		"FAMOUS",
		"SCRAMBLED",
		"SCRAMBLED",
		"SCRAMBLED",
		"UNFAMILIAR",
		"SCRAMBLED",
		"UNFAMILIAR",
		"FAMOUS",
		"FAMOUS",
		"SCRAMBLED",
		"SCRAMBLED",
		"FAMOUS",
		"SCRAMBLED",
		"UNFAMILIAR",
		"UNFAMILIAR",
		"UNFAMILIAR",
		"n/a",
		"SCRAMBLED",
		"UNFAMILIAR",
		"SCRAMBLED",
		"SCRAMBLED",
		"SCRAMBLED",
		"SCRAMBLED",
		"UNFAMILIAR",
		"UNFAMILIAR",
		"FAMOUS",
		"FAMOUS",
		"SCRAMBLED",
		"FAMOUS",
		"FAMOUS",
		"SCRAMBLED",
		"FAMOUS",
		"SCRAMBLED",
		"UNFAMILIAR",
		"UNFAMILIAR",
		"SCRAMBLED",
		"n/a",
		"UNFAMILIAR",
		"UNFAMILIAR",
		"FAMOUS",
		"UNFAMILIAR",
		"FAMOUS",
		"FAMOUS",
		"FAMOUS",
		"UNFAMILIAR",
		"UNFAMILIAR",
		"SCRAMBLED",
		"SCRAMBLED",
		"FAMOUS",
		"FAMOUS",
		"SCRAMBLED",
		"UNFAMILIAR",
		"UNFAMILIAR",
		"SCRAMBLED",
		"SCRAMBLED",
		"FAMOUS",
		"n/a",
		"FAMOUS",
		"FAMOUS",
		"FAMOUS",
		"FAMOUS",
		"SCRAMBLED",
		"FAMOUS",
		"FAMOUS",
		"UNFAMILIAR",
		"FAMOUS",
		"UNFAMILIAR",
		"UNFAMILIAR",
		"FAMOUS",
		"FAMOUS",
		"FAMOUS",
		"UNFAMILIAR",
		"FAMOUS",
		"UNFAMILIAR",
		"UNFAMILIAR",
		"UNFAMILIAR",
		"FAMOUS",
		"n/a",
		"UNFAMILIAR",
		"UNFAMILIAR",
		"UNFAMILIAR",
		"SCRAMBLED",
		"SCRAMBLED",
		"UNFAMILIAR",
		"SCRAMBLED",
		"n/a"
	],
	"trigger":[13,14,5,5,6,17,17,17,18,999,17,18,7,5,17,18,19,13,19,13,5,6,17,18,7,17,13,14,15,999,17,15,17,17,17,19,13,14,5,6,19,5,6,19,5,19,13,14,19,999,13,14,5,13,5,6,7,13,14,17,18,5,7,17,15,13,17,18,5,999,5,6,7,5,19,5,6,15,5,13,14,7,5,6,13,7,13,14,13,7,999,13,14,13,17,18,15,17,999],
	"button_pushed":[7,7,7,7,7,7,7,4,4,20000,4,4,7,7,4,4,7,7,7,7,7,7,4,4,7,4,7,7,7,20000,4,7,4,4,4,4,4,4,7,7,4,7,7,4,7,4,7,7,4,20000,7,7,7,4,4,4,7,4,4,4,4,7,7,4,7,7,4,4,7,20000,7,7,4,7,4,7,7,7,7,7,7,7,7,7,7,7,7,7,7,7,20000,7,7,7,4,4,7,7,0],
	"response_time":[0.9409999999999999,0.67,0.962,1.19,0.721,1.514,0.587,1.134,0.701,20,1.246,0.661,0.882,1.021,1.349,0.946,0.9419999999999999,0.92,1.022,0.926,1.234,0.529,1.138,0.738,0.9389999999999999,1.036,1.738,0.979,0.945,20,0.919,1.24,1.046,0.797,1.313,0.8110000000000001,0.869,0.651,0.889,0.516,0.791,0.9350000000000001,0.8110000000000001,0.839,1.128,0.765,1.103,0.66,0.985,20,1.865,0.836,1.095,1.62,0.839,0.659,0.868,0.832,0.657,0.871,0.678,0.852,1.287,0.698,0.881,0.918,1.767,0.824,0.975,20,0.914,0.765,0.75,1.103,0.786,1.289,1.07,1.186,1.08,1.332,0.986,1.295,1.036,0.744,1.247,0.792,0.748,0.609,0.747,1.181,20,0.8169999999999999,0.491,0.5679999999999999,0.915,0.667,0.733,0.991,0],
	"stim_file":[
		"func/u124.bmp",
		"func/u124.bmp",
		"func/f130.bmp",
		"func/f120.bmp",
		"func/f120.bmp",
		"func/s118.bmp",
		"func/s124.bmp",
		"func/s115.bmp",
		"func/s115.bmp",
		"func/i999.bmp",
		"func/s128.bmp",
		"func/s128.bmp",
		"func/f130.bmp",
		"func/f126.bmp",
		"func/s120.bmp",
		"func/s120.bmp",
		"func/s118.bmp",
		"func/u123.bmp",
		"func/s124.bmp",
		"func/u118.bmp",
		"func/f116.bmp",
		"func/f116.bmp",
		"func/s116.bmp",
		"func/s116.bmp",
		"func/f126.bmp",
		"func/s127.bmp",
		"func/u126.bmp",
		"func/u126.bmp",
		"func/u123.bmp",
		"func/i999.bmp",
		"func/s121.bmp",
		"func/u118.bmp",
		"func/s123.bmp",
		"func/s130.bmp",
		"func/s122.bmp",
		"func/s127.bmp",
		"func/u115.bmp",
		"func/u115.bmp",
		"func/f125.bmp",
		"func/f125.bmp",
		"func/s121.bmp",
		"func/f127.bmp",
		"func/f127.bmp",
		"func/s123.bmp",
		"func/f122.bmp",
		"func/s130.bmp",
		"func/u128.bmp",
		"func/u128.bmp",
		"func/s122.bmp",
		"func/i999.bmp",
		"func/u122.bmp",
		"func/u122.bmp",
		"func/f118.bmp",
		"func/u120.bmp",
		"func/f129.bmp",
		"func/f129.bmp",
		"func/f122.bmp",
		"func/u114.bmp",
		"func/u114.bmp",
		"func/s126.bmp",
		"func/s126.bmp",
		"func/f119.bmp",
		"func/f118.bmp",
		"func/s125.bmp",
		"func/u120.bmp",
		"func/u119.bmp",
		"func/s119.bmp",
		"func/s119.bmp",
		"func/f128.bmp",
		"func/i999.bmp",
		"func/f124.bmp",
		"func/f124.bmp",
		"func/f119.bmp",
		"func/f123.bmp",
		"func/s125.bmp",
		"func/f115.bmp",
		"func/f115.bmp",
		"func/u119.bmp",
		"func/f114.bmp",
		"func/u121.bmp",
		"func/u121.bmp",
		"func/f128.bmp",
		"func/f121.bmp",
		"func/f121.bmp",
		"func/u125.bmp",
		"func/f123.bmp",
		"func/u116.bmp",
		"func/u116.bmp",
		"func/u127.bmp",
		"func/f114.bmp",
		"func/i999.bmp",
		"func/u130.bmp",
		"func/u130.bmp",
		"func/u129.bmp",
		"func/s129.bmp",
		"func/s129.bmp",
		"func/u125.bmp",
		"func/s114.bmp",
		"func/Circle.bmp"
	]
}
