{
	"onset":[0,3.14,6.214,9.521000000000001,12.795,15.935,19.026,22.132,25.239,27.929,48.491,51.682,54.805,57.962,61.236,64.24299999999999,67.34999999999999,70.44,73.68000000000001,76.771,79.928,83.185,86.22499999999999,89.315,92.422,95.679,98.786,101.877,105.05,108.057,110.696,131.158,134.265,137.305,140.596,143.903,147.144,150.384,153.542,156.849,160.089,163.213,166.437,169.661,172.718,175.875,179.015,182.306,185.446,188.586,191.192,211.721,214.845,217.985,221.075,224.199,227.473,230.83,233.854,237.027,240.168,243.341,246.565,249.639,252.712,255.819,258.993,262.05,265.24,268.297,271.003,291.632,294.756,297.863,301.12,304.36,307.501,310.675,313.982,317.105,320.095,323.403,326.66,329.667,333.008,336.131,339.405,342.562,345.702,348.926,351.649,372.195,375.419,378.626,381.933,385.107,388.414,391.621,394.728,398.052,400.708],
	"duration":[0.906,0.801,0.963,0.963,0.869,0.89,0.914,0.835,0.951,20,0.922,0.806,0.852,0.995,0.836,0.8179999999999999,0.841,0.997,0.831,0.869,0.957,0.844,0.801,0.918,0.895,0.837,0.918,0.828,0.8,0.899,20,0.891,0.856,0.948,0.9419999999999999,0.87,0.9320000000000001,0.864,0.975,0.998,0.904,0.96,0.887,0.8179999999999999,0.965,0.83,0.961,0.873,0.885,0.858,20,0.922,0.906,0.819,0.855,0.9350000000000001,0.981,0.8100000000000001,0.92,0.8169999999999999,0.863,0.9320000000000001,0.872,0.896,0.837,0.837,0.853,0.85,0.871,0.958,20,0.838,0.834,0.999,0.9370000000000001,0.9330000000000001,0.8179999999999999,0.9399999999999999,0.885,0.819,0.966,0.975,0.822,0.98,0.951,0.921,0.9,0.871,0.982,0.977,20,0.989,0.922,0.993,0.83,0.97,0.873,0.902,0.955,0.902,0.012],
	"circle_duration":[0.404,0.454,0.402,0.58,0.548,0.516,0.424,0.426,0.508,20,0.527,0.494,0.54,0.539,0.517,0.417,0.519,0.482,0.477,0.491,0.519,0.527,0.426,0.518,0.418,0.593,0.495,0.404,0.575,0.446,20,0.432,0.442,0.405,0.571,0.597,0.589,0.55,0.52,0.5570000000000001,0.474,0.447,0.499,0.5659999999999999,0.473,0.423,0.539,0.5570000000000001,0.488,0.494,20,0.495,0.424,0.464,0.515,0.5,0.583,0.5570000000000001,0.448,0.487,0.5649999999999999,0.538,0.523,0.419,0.407,0.5,0.554,0.429,0.582,0.413,20,0.597,0.506,0.506,0.491,0.529,0.436,0.588,0.594,0.48,0.413,0.583,0.515,0.412,0.593,0.413,0.582,0.493,0.496,0.483,20,0.502,0.453,0.507,0.545,0.577,0.5580000000000001,0.5610000000000001,0.436,0.593,0],
	"stim_type":[
		"SCRAMBLED",
		"FAMOUS",
		"FAMOUS",
		"UNFAMILIAR",
		"UNFAMILIAR",
		"FAMOUS",
		"SCRAMBLED",
		"FAMOUS",
		"SCRAMBLED",
		"n/a",
		"SCRAMBLED",
		"SCRAMBLED",
		"SCRAMBLED",
		"FAMOUS",
		"FAMOUS",
		"SCRAMBLED",
		"SCRAMBLED",
		"SCRAMBLED",
		"SCRAMBLED",
		"FAMOUS",
		"UNFAMILIAR",
		"UNFAMILIAR",
		"UNFAMILIAR",
		"UNFAMILIAR",
		"SCRAMBLED",
		"UNFAMILIAR",
		"FAMOUS",
		"SCRAMBLED",
		"SCRAMBLED",
		"SCRAMBLED",
		"n/a",
		"UNFAMILIAR",
		"UNFAMILIAR",
		"FAMOUS",
		"FAMOUS",
		"UNFAMILIAR",
		"UNFAMILIAR",
		"UNFAMILIAR",
		"UNFAMILIAR",
		"FAMOUS",
		"FAMOUS",
		"FAMOUS",
		"FAMOUS",
		"FAMOUS",
		"SCRAMBLED",
		"SCRAMBLED",
		"UNFAMILIAR",
		"FAMOUS",
		"FAMOUS",
		"SCRAMBLED",
		"n/a",
		"SCRAMBLED",
		"UNFAMILIAR",
		"FAMOUS",
		"UNFAMILIAR",
		"UNFAMILIAR",
		"UNFAMILIAR",
		"UNFAMILIAR",
		"SCRAMBLED",
		"FAMOUS",
		"FAMOUS",
		"SCRAMBLED",
		"FAMOUS",
		"UNFAMILIAR",
		"UNFAMILIAR",
		"UNFAMILIAR",
		"UNFAMILIAR",
		"FAMOUS",
		"FAMOUS",
		"UNFAMILIAR",
		"n/a",
		"FAMOUS",
		"FAMOUS",
		"SCRAMBLED",
		"FAMOUS",
		"FAMOUS",
		"UNFAMILIAR",
		"FAMOUS",
		"FAMOUS",
		"FAMOUS",
		"UNFAMILIAR",
		"FAMOUS",
		"SCRAMBLED",
		"SCRAMBLED",
		"UNFAMILIAR",
		"UNFAMILIAR",
		"FAMOUS",
		"UNFAMILIAR",
		"UNFAMILIAR",
		"UNFAMILIAR",
		"n/a",
		"SCRAMBLED",
		"SCRAMBLED",
		"SCRAMBLED",
		"UNFAMILIAR",
		"SCRAMBLED",
		"SCRAMBLED",
		"SCRAMBLED",
		"SCRAMBLED",
		"SCRAMBLED",
		"n/a"
	],
	"trigger":[17,5,6,13,14,5,17,5,19,999,17,18,17,5,7,17,19,17,18,7,13,14,13,14,19,13,7,17,18,19,999,13,14,5,6,13,13,14,15,5,6,5,6,5,17,18,15,5,6,17,999,17,13,7,13,13,13,14,19,5,6,19,5,15,13,14,15,5,6,15,999,5,5,17,7,5,13,5,6,7,13,7,17,19,13,14,7,13,14,15,999,17,17,18,15,17,18,19,17,18,999],
	"button_pushed":[
		"n/a",
		7,
		7,
		7,
		7,
		4,
		4,
		7,
		4,
		20000,
		4,
		4,
		4,
		4,
		4,
		7,
		4,
		4,
		4,
		7,
		4,
		4,
		4,
		4,
		4,
		4,
		4,
		4,
		7,
		4,
		20000,
		4,
		4,
		4,
		4,
		4,
		4,
		4,
		4,
		4,
		4,
		7,
		7,
		7,
		4,
		7,
		4,
		4,
		4,
		4,
		20000,
		4,
		4,
		4,
		7,
		4,
		4,
		4,
		4,
		7,
		7,
		"n/a",
		7,
		4,
		4,
		4,
		7,
		7,
		7,
		4,
		20000,
		7,
		7,
		4,
		7,
		4,
		4,
		7,
		7,
		7,
		4,
		7,
		4,
		4,
		4,
		4,
		7,
		4,
		4,
		7,
		20000,
		7,
		4,
		4,
		4,
		4,
		4,
		4,
		4,
		4,
		0
	],
	"response_time":[0,0.781,0.742,0.636,0.52,1.042,0.734,0.771,0.88,20,1.105,0.9360000000000001,1.634,1.518,0.784,1.235,1.504,1.137,0.72,0.68,1.096,0.786,1.349,0.756,0.844,1.654,1.156,1.574,0.996,0.886,20,0.83,0.6929999999999999,0.8100000000000001,0.8169999999999999,1.374,0.789,0.769,0.876,1.369,0.9360000000000001,0.869,0.432,0.676,1.912,1.697,1.359,1.467,1.247,1.603,20,1.356,1.306,1.603,1.145,1.33,1.838,0.852,0.907,1.123,0.877,0,0.77,0.9350000000000001,1.02,0.988,0.805,1.85,0.9389999999999999,0.852,20,1.674,1.812,1.436,0.792,1.781,1.801,1.094,0.989,0.988,0.957,0.786,1.042,1.104,1.285,1.262,1.608,0.88,0.8120000000000001,1.103,20,1.211,1.053,0.673,0.966,1.056,0.711,0.789,0.851,0.643,0],
	"stim_file":[
		"func/s056.bmp",
		"func/f059.bmp",
		"func/f059.bmp",
		"func/u064.bmp",
		"func/u064.bmp",
		"func/f058.bmp",
		"func/s059.bmp",
		"func/f057.bmp",
		"func/s056.bmp",
		"func/i999.bmp",
		"func/s050.bmp",
		"func/s050.bmp",
		"func/s054.bmp",
		"func/f055.bmp",
		"func/f058.bmp",
		"func/s052.bmp",
		"func/s059.bmp",
		"func/s062.bmp",
		"func/s062.bmp",
		"func/f057.bmp",
		"func/u061.bmp",
		"func/u061.bmp",
		"func/u054.bmp",
		"func/u054.bmp",
		"func/s054.bmp",
		"func/u058.bmp",
		"func/f055.bmp",
		"func/s060.bmp",
		"func/s060.bmp",
		"func/s052.bmp",
		"func/i999.bmp",
		"func/u056.bmp",
		"func/u056.bmp",
		"func/f056.bmp",
		"func/f056.bmp",
		"func/u055.bmp",
		"func/u062.bmp",
		"func/u062.bmp",
		"func/u058.bmp",
		"func/f050.bmp",
		"func/f050.bmp",
		"func/f054.bmp",
		"func/f054.bmp",
		"func/f062.bmp",
		"func/s064.bmp",
		"func/s064.bmp",
		"func/u055.bmp",
		"func/f049.bmp",
		"func/f049.bmp",
		"func/s058.bmp",
		"func/i999.bmp",
		"func/s049.bmp",
		"func/u057.bmp",
		"func/f062.bmp",
		"func/u053.bmp",
		"func/u063.bmp",
		"func/u050.bmp",
		"func/u050.bmp",
		"func/s058.bmp",
		"func/f051.bmp",
		"func/f051.bmp",
		"func/s049.bmp",
		"func/f053.bmp",
		"func/u057.bmp",
		"func/u059.bmp",
		"func/u059.bmp",
		"func/u053.bmp",
		"func/f061.bmp",
		"func/f061.bmp",
		"func/u063.bmp",
		"func/i999.bmp",
		"func/f063.bmp",
		"func/f064.bmp",
		"func/s053.bmp",
		"func/f053.bmp",
		"func/f060.bmp",
		"func/u060.bmp",
		"func/f052.bmp",
		"func/f052.bmp",
		"func/f063.bmp",
		"func/u049.bmp",
		"func/f064.bmp",
		"func/s055.bmp",
		"func/s053.bmp",
		"func/u052.bmp",
		"func/u052.bmp",
		"func/f060.bmp",
		"func/u051.bmp",
		"func/u051.bmp",
		"func/u060.bmp",
		"func/i999.bmp",
		"func/s051.bmp",
		"func/s057.bmp",
		"func/s057.bmp",
		"func/u049.bmp",
		"func/s061.bmp",
		"func/s061.bmp",
		"func/s055.bmp",
		"func/s063.bmp",
		"func/s063.bmp",
		"func/Circle.bmp"
	]
}
