{
	"onset":[0,3.006,6.248,9.521000000000001,12.644,15.835,18.992,22.266,25.607,28.162,48.741,51.815,55.157,58.279,61.47,64.67700000000001,68.001,71.108,74.19799999999999,77.33799999999999,80.54600000000001,83.669,86.81,90.09999999999999,93.34099999999999,96.44799999999999,99.755,102.912,106.069,109.109,111.782,132.378,135.635,138.708,141.9,144.972,148.046,151.253,154.293,157.333,160.54,163.714,166.838,170.128,173.319,176.46,179.767,182.94,186.214,188.82,209.433,212.673,215.763,218.904,221.96,225.218,228.475,231.715,234.839,237.946,241.053,244.277,247.45,250.758,253.881,257.055,260.079,263.186,266.292,268.948,289.477,292.618,295.791,298.848,301.906,304.995,308.12,311.276,314.316,317.39,320.597,323.787,327.011,330.168,333.308,336.616,339.639,342.713,346.02,348.592,369.171,372.362,375.502,378.509,381.716,384.906,388.247,391.388,393.993],
	"duration":[0.806,0.926,0.969,0.828,0.973,0.819,0.975,0.988,0.8080000000000001,20,0.822,0.996,0.9360000000000001,0.927,0.945,0.981,0.849,0.865,0.872,0.9,0.9370000000000001,0.962,0.969,0.947,0.917,0.992,0.836,0.9409999999999999,0.858,0.923,20,0.916,0.838,0.854,0.8129999999999999,0.8100000000000001,0.88,0.853,0.806,0.922,0.904,0.888,0.922,0.857,0.857,0.9379999999999999,0.923,0.998,0.858,20,0.896,0.8149999999999999,0.878,0.878,0.9370000000000001,0.9389999999999999,0.994,0.879,0.821,0.851,0.89,0.841,0.99,0.926,0.849,0.859,0.906,0.925,0.916,20,0.909,0.993,0.87,0.822,0.86,0.926,0.9,0.823,0.8090000000000001,0.926,0.87,0.864,0.95,0.8110000000000001,0.997,0.868,0.821,0.9379999999999999,0.835,20,0.956,0.8169999999999999,0.8080000000000001,0.918,0.927,0.998,0.963,0.8120000000000001,0.012],
	"circle_duration":[0.42,0.419,0.451,0.537,0.521,0.437,0.583,0.529,0.581,20,0.54,0.469,0.585,0.43,0.486,0.499,0.569,0.493,0.463,0.495,0.541,0.401,0.413,0.552,0.532,0.43,0.547,0.5639999999999999,0.437,0.403,20,0.555,0.569,0.457,0.5679999999999999,0.487,0.498,0.554,0.415,0.459,0.506,0.499,0.456,0.591,0.5620000000000001,0.518,0.591,0.473,0.514,20,0.58,0.584,0.503,0.487,0.41,0.548,0.466,0.479,0.481,0.503,0.497,0.5600000000000001,0.556,0.548,0.429,0.5570000000000001,0.4,0.429,0.41,20,0.498,0.456,0.412,0.405,0.468,0.451,0.434,0.489,0.448,0.488,0.509,0.5620000000000001,0.595,0.442,0.554,0.539,0.4,0.484,0.587,20,0.542,0.456,0.5590000000000001,0.419,0.528,0.489,0.576,0.409,0],
	"stim_type":[
		"UNFAMILIAR",
		"FAMOUS",
		"SCRAMBLED",
		"SCRAMBLED",
		"FAMOUS",
		"UNFAMILIAR",
		"UNFAMILIAR",
		"FAMOUS",
		"UNFAMILIAR",
		"n/a",
		"SCRAMBLED",
		"FAMOUS",
		"UNFAMILIAR",
		"UNFAMILIAR",
		"FAMOUS",
		"FAMOUS",
		"FAMOUS",
		"UNFAMILIAR",
		"UNFAMILIAR",
		"UNFAMILIAR",
		"UNFAMILIAR",
		"FAMOUS",
		"UNFAMILIAR",
		"SCRAMBLED",
		"UNFAMILIAR",
		"UNFAMILIAR",
		"UNFAMILIAR",
		"UNFAMILIAR",
		"SCRAMBLED",
		"SCRAMBLED",
		"n/a",
		"FAMOUS",
		"FAMOUS",
		"UNFAMILIAR",
		"SCRAMBLED",
		"UNFAMILIAR",
		"FAMOUS",
		"FAMOUS",
		"UNFAMILIAR",
		"UNFAMILIAR",
		"UNFAMILIAR",
		"FAMOUS",
		"FAMOUS",
		"SCRAMBLED",
		"UNFAMILIAR",
		"UNFAMILIAR",
		"SCRAMBLED",
		"SCRAMBLED",
		"SCRAMBLED",
		"n/a",
		"UNFAMILIAR",
		"UNFAMILIAR",
		"FAMOUS",
		"FAMOUS",
		"SCRAMBLED",
		"FAMOUS",
		"FAMOUS",
		"SCRAMBLED",
		"UNFAMILIAR",
		"SCRAMBLED",
		"FAMOUS",
		"FAMOUS",
		"FAMOUS",
		"SCRAMBLED",
		"SCRAMBLED",
		"SCRAMBLED",
		"SCRAMBLED",
		"SCRAMBLED",
		"UNFAMILIAR",
		"n/a",
		"FAMOUS",
		"SCRAMBLED",
		"FAMOUS",
		"FAMOUS",
		"FAMOUS",
		"SCRAMBLED",
		"SCRAMBLED",
		"SCRAMBLED",
		"FAMOUS",
		"FAMOUS",
		"SCRAMBLED",
		"SCRAMBLED",
		"SCRAMBLED",
		"FAMOUS",
		"UNFAMILIAR",
		"UNFAMILIAR",
		"UNFAMILIAR",
		"UNFAMILIAR",
		"SCRAMBLED",
		"n/a",
		"UNFAMILIAR",
		"SCRAMBLED",
		"SCRAMBLED",
		"SCRAMBLED",
		"FAMOUS",
		"FAMOUS",
		"FAMOUS",
		"SCRAMBLED",
		"n/a"
	],
	"trigger":[13,5,17,18,5,13,14,5,15,999,17,7,13,14,5,6,7,13,14,13,14,7,13,19,13,13,13,14,17,18,999,5,6,15,17,15,5,6,15,13,14,5,6,17,13,14,19,17,18,999,13,14,5,5,19,5,6,17,13,17,7,5,7,17,18,17,19,17,15,999,5,19,5,6,7,17,17,19,5,6,19,17,18,7,13,14,13,14,19,999,13,19,17,18,5,6,5,17,999],
	"button_pushed":[4,7,7,7,7,4,4,7,4,20000,7,4,4,4,7,7,4,4,4,4,4,7,7,7,4,4,4,4,4,4,20000,7,7,7,4,4,4,4,4,4,4,7,7,4,4,4,4,7,7,20000,4,4,4,7,4,4,4,4,4,7,4,4,7,4,4,4,4,4,7,20000,7,7,4,4,7,4,7,4,7,7,4,4,4,7,4,4,4,4,4,20000,4,7,4,4,7,7,7,4,0],
	"response_time":[1.247,1.128,1.244,1.239,1.333,1.633,1.431,1.342,1.044,20,1.719,1.667,1.323,1.351,1.167,1.058,1.237,1.74,1.313,1.363,1.197,1.029,1.391,1.918,1.383,1.035,1.55,1.297,1.391,0.9350000000000001,20,1.544,0.822,1.21,0.98,1.177,1.26,0.765,0.876,1.456,0.8179999999999999,2.441,1.628,1.062,1.354,0.985,1.066,1.013,0.8139999999999999,20,0.838,0.769,0.919,1.336,1.459,1.141,0.784,0.919,0.919,0.844,0.751,0.921,0.743,0.976,0.8149999999999999,0.886,0.773,0.972,1.728,20,1.118,1.897,1.037,0.949,1.154,1.18,1.024,0.831,1.164,0.768,1.064,0.802,0.8070000000000001,0.922,1.107,0.905,1.356,1.239,0.791,20,0.82,0.992,0.922,0.831,1.345,0.767,1.701,2.004,0],
	"stim_file":[
		"func/u004.bmp",
		"func/f015.bmp",
		"func/s004.bmp",
		"func/s004.bmp",
		"func/f013.bmp",
		"func/u010.bmp",
		"func/u010.bmp",
		"func/f009.bmp",
		"func/u004.bmp",
		"func/i999.bmp",
		"func/s005.bmp",
		"func/f015.bmp",
		"func/u001.bmp",
		"func/u001.bmp",
		"func/f004.bmp",
		"func/f004.bmp",
		"func/f013.bmp",
		"func/u013.bmp",
		"func/u013.bmp",
		"func/u009.bmp",
		"func/u009.bmp",
		"func/f009.bmp",
		"func/u016.bmp",
		"func/s005.bmp",
		"func/u003.bmp",
		"func/u005.bmp",
		"func/u008.bmp",
		"func/u008.bmp",
		"func/s002.bmp",
		"func/s002.bmp",
		"func/i999.bmp",
		"func/f011.bmp",
		"func/f011.bmp",
		"func/u016.bmp",
		"func/s001.bmp",
		"func/u003.bmp",
		"func/f016.bmp",
		"func/f016.bmp",
		"func/u005.bmp",
		"func/u006.bmp",
		"func/u006.bmp",
		"func/f002.bmp",
		"func/f002.bmp",
		"func/s003.bmp",
		"func/u002.bmp",
		"func/u002.bmp",
		"func/s001.bmp",
		"func/s009.bmp",
		"func/s009.bmp",
		"func/i999.bmp",
		"func/u015.bmp",
		"func/u015.bmp",
		"func/f003.bmp",
		"func/f007.bmp",
		"func/s003.bmp",
		"func/f001.bmp",
		"func/f001.bmp",
		"func/s006.bmp",
		"func/u014.bmp",
		"func/s007.bmp",
		"func/f003.bmp",
		"func/f010.bmp",
		"func/f007.bmp",
		"func/s008.bmp",
		"func/s008.bmp",
		"func/s012.bmp",
		"func/s006.bmp",
		"func/s014.bmp",
		"func/u014.bmp",
		"func/i999.bmp",
		"func/f008.bmp",
		"func/s007.bmp",
		"func/f012.bmp",
		"func/f012.bmp",
		"func/f010.bmp",
		"func/s015.bmp",
		"func/s016.bmp",
		"func/s012.bmp",
		"func/f014.bmp",
		"func/f014.bmp",
		"func/s014.bmp",
		"func/s010.bmp",
		"func/s010.bmp",
		"func/f008.bmp",
		"func/u007.bmp",
		"func/u007.bmp",
		"func/u012.bmp",
		"func/u012.bmp",
		"func/s015.bmp",
		"func/i999.bmp",
		"func/u011.bmp",
		"func/s016.bmp",
		"func/s013.bmp",
		"func/s013.bmp",
		"func/f005.bmp",
		"func/f005.bmp",
		"func/f006.bmp",
		"func/s011.bmp",
		"func/Circle.bmp"
	]
}
