{
	"ÿonset":[35.84,62.336,84.736,112.384,134.528,167.552,200.064,233.216,252.544,275.072,307.712,331.776,355.584,383.104,404.992,429.568,451.968,472.576,502.016,530.688,556.8,579.072,600.3200000000001,625.92,658.5599999999999,683.904,704.64,736.128,765.824,787.456,809.3440000000001,839.296,869.376,899.456,927.872,956.928,988.288,1010.688,1032.32,1062.4,1082.24,1113.344,1147.264,1171.2,1193.088,1216,1238.4,1265.152,1292.928,1319.936,1345.664,1370.368,1397.504,1421.44,1442.304,1475.072,1495.936,1525.248,1556.48,1582.336,1608.32,1635.2,1654.912,1675.392,1703.168,1732.864,1755.904,1786.88,1818.112,1848.448,1875.84,1896.448,1926.4,1959.168,1991.936,2015.36,2035.84,2066.048,2091.648,2113.024,2133.632,2153.6,2174.208,2195.712,2223.872,2250.24,2272.896,2306.56,2328.448,2357.248],
	"duration":[5,5,5,5,5,5,5,5,5,5,5,5,5,5,5,5,5,5,5,5,5,5,5,5,5,5,5,5,5,5,5,5,5,5,5,5,5,5,5,5,5,5,5,5,5,5,5,5,5,5,5,5,5,5,5,5,5,5,5,5,5,5,5,5,5,5,5,5,5,5,5,5,5,5,5,5,5,5,5,5,5,5,5,5,5,5,5,5,5,5],
	"trial_type":[
		"Tapping/Right",
		"Tapping/Left",
		"Control",
		"Tapping/Left",
		"Control",
		"Tapping/Left",
		"Tapping/Right",
		"Control",
		"Control",
		"Tapping/Left",
		"Tapping/Left",
		"Control",
		"Tapping/Right",
		"Tapping/Left",
		"Tapping/Left",
		"Tapping/Right",
		"Tapping/Right",
		"Tapping/Right",
		"Tapping/Left",
		"Tapping/Left",
		"Tapping/Right",
		"Tapping/Left",
		"Control",
		"Control",
		"Tapping/Right",
		"Control",
		"Tapping/Right",
		"Tapping/Left",
		"Tapping/Right",
		"Tapping/Right",
		"Tapping/Left",
		"Tapping/Right",
		"Control",
		"Tapping/Right",
		"Control",
		"Tapping/Right",
		"Tapping/Left",
		"Control",
		"Tapping/Right",
		"Tapping/Left",
		"Control",
		"Tapping/Left",
		"Control",
		"Tapping/Left",
		"Tapping/Left",
		"Tapping/Left",
		"Tapping/Right",
		"Tapping/Right",
		"Control",
		"Tapping/Left",
		"Control",
		"Control",
		"Control",
		"Control",
		"Tapping/Right",
		"Tapping/Right",
		"Tapping/Right",
		"Control",
		"Tapping/Left",
		"Control",
		"Control",
		"Control",
		"Tapping/Right",
		"Tapping/Left",
		"Tapping/Right",
		"Tapping/Right",
		"Control",
		"Tapping/Right",
		"Tapping/Left",
		"Tapping/Left",
		"Tapping/Right",
		"Tapping/Right",
		"Control",
		"Tapping/Left",
		"Control",
		"Tapping/Left",
		"Tapping/Right",
		"Tapping/Left",
		"Control",
		"Control",
		"Control",
		"Control",
		"Tapping/Left",
		"Tapping/Left",
		"Tapping/Left",
		"Tapping/Right",
		"Control",
		"Tapping/Left",
		"Tapping/Right",
		"Tapping/Right"
	],
	"value":[3,2,1,2,1,2,3,1,1,2,2,1,3,2,2,3,3,3,2,2,3,2,1,1,3,1,3,2,3,3,2,3,1,3,1,3,2,1,3,2,1,2,1,2,2,2,3,3,1,2,1,1,1,1,3,3,3,1,2,1,1,1,3,2,3,3,1,3,2,2,3,3,1,2,1,2,3,2,1,1,1,1,2,2,2,3,1,2,3,3],
	"sample":[280,487,662,878,1051,1309,1563,1822,1973,2149,2404,2592,2778,2993,3164,3356,3531,3692,3922,4146,4350,4524,4690,4890,5145,5343,5505,5751,5983,6152,6323,6557,6792,7027,7249,7476,7721,7896,8065,8300,8455,8698,8963,9150,9321,9500,9675,9884,10101,10312,10513,10706,10918,11105,11268,11524,11687,11916,12160,12362,12565,12775,12929,13089,13306,13538,13718,13960,14204,14441,14655,14816,15050,15306,15562,15745,15905,16141,16341,16508,16669,16825,16986,17154,17374,17580,17757,18020,18191,18416]
}
