{
	"name":[1,2,3,4,5,6,7,8,9,10,11,12,13,14,15,16,17,18,19,20,21,22,23,24,25,26,27,28,29,30,31,32,33,34,35,36,37,38,39,40,41,42,43,44,45,46,47],
	"x":[-26.4535231188647,-22.8879764217722,-32.4281118869873,-35.1364319129465,-33.5846720620456,-32.7547851769352,-35.3607473850193,-35.4774878072561,-30.790940202718,-36.5205684653906,-42.9401716551763,-41.8060884371744,-45.9946853157583,-44.5166300644272,-46.9520411182471,-39.4389297458515,-42.9930260302101,-47.2162173821838,-51.5930125255393,-51.5315696130522,-53.0484480636789,-51.7626928840065,-53.7426168969748,-43.9181954204292,-48.1473223488569,-51.4265723916971,-56.9738524854769,-58.8507024590057,-59.1001599151257,-60.4465986157365,-60.111684497861,-46.0123570533527,-51.3313494585552,-55.428737029405,-59.1492741685182,-59.7087193939189,-62.7573744389246,-63.4454325185966,-64.3846509528753,-49.6418482824533,-54.7375313399022,-56.0810725591764,-57.3617316884622,-59.6843294146836,-64.2243695973138,-65.1505250358147,-63.9519774477974],
	"y":[39.988725291902,31.5964191616833,22.4278111427081,12.4476881460892,2.66930680455263,-7.1583728614259,-17.8936698934691,-29.2739533369607,42.1772187662344,32.5231102842285,12.7364354749633,3.25589817693001,-7.6670552746406,-17.7503232774579,-29.4636638533399,43.7911520068926,34.144086142664,24.3516195655726,13.4145808784472,3.27497193341052,-7.14839581957456,-17.8907354693952,-29.5970334274998,44.4481695570441,34.8292741639253,24.2182499914128,13.4477398704825,3.19794330147002,-8.543567745521671,-18.7933643145342,-30.0071191918306,44.3500130717714,34.231531980067,23.4610218591367,12.8711255399564,1.94817208838583,-8.829380650321861,-20.2237493293684,-30.6048613756889,42.9618837636017,32.1702457893391,21.9134066025492,11.142896481619,0.560042780216133,-9.7108816421286,-20.9528069905347,-31.8546325887731],
	"z":[42.6851350846221,48.0627525042849,52.0125889835364,55.4040283031528,57.9334372202269,61.6799834303877,63.1220115411272,64.0129958704653,38.0787032072372,41.6587260394766,48.2750813007881,51.6885807551062,53.6448857560774,55.4640808920628,56.3403584649333,31.1824599868987,34.5886060629829,37.4657684923675,39.7698270056492,42.9800361908765,44.9584013265494,46.5743061934441,47.2767070101593,23.1988359602256,25.9094750116888,28.4021170375935,30.7135289291091,32.5253706868607,34.0971552843521,35.9089970421036,36.8073347496757,13.2658007246754,15.954379641437,18.2657915329526,20.2368032903917,22.1931082913629,24.6783969390337,25.9171347806824,26.8522393794239,2.23067792632283,5.06372008630415,7.04943860021092,9.360850491726531,11.1579854930103,13.4914575192276,15.0853022514206,16.5199769839261],
	"size":[4,4,4,4,4,4,4,4,4,4,4,4,4,4,4,4,4,4,4,4,4,4,4,4,4,4,4,4,4,4,4,4,4,4,4,4,4,4,4,4,4,4,4,4,4,4,4],
	"type":[
		"surface",
		"surface",
		"surface",
		"surface",
		"surface",
		"surface",
		"surface",
		"surface",
		"surface",
		"surface",
		"surface",
		"surface",
		"surface",
		"surface",
		"surface",
		"surface",
		"surface",
		"surface",
		"surface",
		"surface",
		"surface",
		"surface",
		"surface",
		"surface",
		"surface",
		"surface",
		"surface",
		"surface",
		"surface",
		"surface",
		"surface",
		"surface",
		"surface",
		"surface",
		"surface",
		"surface",
		"surface",
		"surface",
		"surface",
		"surface",
		"surface",
		"surface",
		"surface",
		"surface",
		"surface",
		"surface",
		"surface"
	],
	"manufacturer":[
		"AdTech",
		"AdTech",
		"AdTech",
		"AdTech",
		"AdTech",
		"AdTech",
		"AdTech",
		"AdTech",
		"AdTech",
		"AdTech",
		"AdTech",
		"AdTech",
		"AdTech",
		"AdTech",
		"AdTech",
		"AdTech",
		"AdTech",
		"AdTech",
		"AdTech",
		"AdTech",
		"AdTech",
		"AdTech",
		"AdTech",
		"AdTech",
		"AdTech",
		"AdTech",
		"AdTech",
		"AdTech",
		"AdTech",
		"AdTech",
		"AdTech",
		"AdTech",
		"AdTech",
		"AdTech",
		"AdTech",
		"AdTech",
		"AdTech",
		"AdTech",
		"AdTech",
		"AdTech",
		"AdTech",
		"AdTech",
		"AdTech",
		"AdTech",
		"AdTech",
		"AdTech",
		"AdTech"
	]
}
