{
	"onset":[39.153,44.113,49.521,54.377,59.32100000000001,64.09699999999999,69.60899999999999,74.753,80.345,84.94499999999999,89.57700000000001,94.86499999999999,99.929,105.281,110.817,121.009,125.841,131.185,136.617,141.729,146.921,151.577,156.881,162.177,166.673,171.241,176.401,181.873,186.977,192.369,201.513,206.393,211.305,215.833,221.073,226.457,232.057,236.969,242.249,247.777,252.569,258.273,262.761,267.449,272.057,281.665,286.969,291.713,296.827095806,301.857,306.408899411,311.529,316.481,321.699802364,326.137,331.145,336.569,341.729,346.817,352.289,361.897,366.889,372.593,377.401,381.889,386.689,391.785,396.729,401.641,406.793,411.833,416.841,421.641,426.585,431.729,442.337,447.585,452.897,457.849,462.201,467.6969999999999,472.505,477.721,482.5530000000001,487.937,492.025,497.176808312,501.785,506.43735401,511.449,521.218548348,526.685102409,531.70544986,536.793,541.433,546.0650000000001,551.441,555.913,561.0650000000001,566.321,571.577,576.29600855,581.545,586.313,591.3290000000001,619.041598209,623.5369999999999,628.633,633.497,637.705,642.881,648.337307539,653.121,658.057,662.633,667.073,672.4889999999999,678.1210000000001,682.023622154,687.6489999999999,696.6489999999999,701.6569999999999,707.2089999999999,712.6569999999999,717.049,722.033,726.8489999999999,731.817,736.449,741.289,746.673,751.6569999999999,757.1130000000001,761.553,767.545,777.3530000000001,782.569,787.465,792.033,797.0410000000001,802.273,807.745,812.7610000000001,817.6569999999999,822.7130000000001,827.913,832.7610000000001,837.505,842.377,847.617,870.0410000000001,874.625,879.2569999999999,884.313,889.545,894.792861775,899.4810000000001,904.153,908.929,914.321,919.7610000000001,924.977,929.6089999999999,934.217,939.145,949.5930000000001,954.1849999999999,958.865,963.977,968.545,973.8969999999999,768],
	"duration":[1.968000000000004,1.975999999999999,1.967999999999996,2.152000000000001,2.119999999999997,2.160000000000011,1.912000000000006,2.799999999999997,1.936000000000007,2.336000000000013,2.319999999999993,2.336000000000013,2.152000000000001,2.799999999999997,2.143999999999991,2.472000000000008,2.47999999999999,2.496000000000009,2.670579339999989,2.800000000000011,2.665744264000011,1.944000000000017,2.096000000000004,1.967999999999989,2.847999999999985,2.639999999999986,2.840000000000003,2.376000000000033,2.632000000000005,2.359999999999985,1.551999999999992,2.799999999999983,1.544000000000011,2.336000000000013,2.800000000000011,2.343999999999994,2.512,2.623999999999967,2.495999999999981,2.391999999999996,2.800000000000011,2.392000000000053,2.472000000000037,2.800000000000011,2.512,2.103999999999985,2.096000000000004,2.104000000000042,2.125904193999986,2.159999999999968,2.136100589000023,2.551999999999964,2.519999999999982,2.565197635999994,2.639999999999986,2.800000000000011,2.639999999999986,2.559999999999945,2.552000000000078,2.560000000000002,2.328000000000031,2.791999999999973,2.295999999999992,2.535999999999945,2.800000000000011,2.519999999999982,2.711999999999932,2.751999999999953,2.712000000000046,2.495999999999981,2.66399999999993,2.495999999999981,1.975999999999999,2.800000000000011,2,2.26400000000001,2.800000000000011,2.26400000000001,1.872000000000014,2.800000000000011,1.872000000000071,3.168000000000006,3.183999999999969,3.16799999999995,1.784000000000049,2.791999999999973,1.824191687999985,1.599999999999966,1.69164599000004,1.599999999999966,2.222451652000018,2.435897590999957,2.231550139999968,1.816000000000031,1.79200000000003,1.815999999999917,1.703999999999951,2.800000000000068,1.67999999999995,1.751999999999953,1.768000000000029,1.760991450000006,2.488000000000056,2.79200000000003,2.591999999999871,2.567401791000066,2.792000000000144,2.551999999999907,2.568000000000097,2.799999999999955,2.632000000000062,1.487692461000051,1.712000000000103,1.495999999999981,1.728000000000065,2.800000000000068,1.728000000000065,3.009256889999961,2.78537784599996,3.008000000000038,1.584000000000174,2.800000000000068,1.58400000000006,2.408000000000129,2.799999999999955,3.016068055999995,2.856000000000108,2.839999999999918,2.855999999999995,2.832000000000107,2.79200000000003,2.831999999999994,2.511999999999944,2.800000000000068,2.520000000000095,1.895999999999844,1.936000000000035,1.896000000000072,1.823999999999955,2.79200000000003,1.823999999999955,1.968000000000075,1.991999999999962,1.976000000000113,2.695999999999913,2.695999999999913,2.695999999999913,1.687999999999988,2.800000000000068,1.687999999999988,1.447999999999865,1.672000000000025,1.656000000000063,1.903999999999996,1.879999999999995,1.856138224999881,3.191999999999894,3.15199999999993,3.20799999999997,2.767999999999915,2.727999999999838,2.736000000000104,2.048000000000002,2.799999999999955,2.039999999999964,1.655999999999835,2.79200000000003,2.052683338000065,2.271999999999935,2.800000000000068,2.272000000000048,1],
	"trial_type":[
		"trial",
		"trial",
		"trial",
		"trial",
		"trial",
		"trial",
		"trial",
		"trial",
		"trial",
		"trial",
		"trial",
		"trial",
		"trial",
		"trial",
		"trial",
		"trial",
		"trial",
		"trial",
		"trial",
		"trial",
		"trial",
		"trial",
		"trial",
		"trial",
		"trial",
		"trial",
		"trial",
		"trial",
		"trial",
		"trial",
		"trial",
		"trial",
		"trial",
		"trial",
		"trial",
		"trial",
		"trial",
		"trial",
		"trial",
		"trial",
		"trial",
		"trial",
		"trial",
		"trial",
		"trial",
		"trial",
		"trial",
		"trial",
		"trial",
		"trial",
		"trial",
		"trial",
		"trial",
		"trial",
		"trial",
		"trial",
		"trial",
		"trial",
		"trial",
		"trial",
		"trial",
		"trial",
		"trial",
		"trial",
		"trial",
		"trial",
		"trial",
		"trial",
		"trial",
		"trial",
		"trial",
		"trial",
		"trial",
		"trial",
		"trial",
		"trial",
		"trial",
		"trial",
		"trial",
		"trial",
		"trial",
		"trial",
		"trial",
		"trial",
		"trial",
		"trial",
		"trial",
		"trial",
		"trial",
		"trial",
		"trial",
		"trial",
		"trial",
		"trial",
		"trial",
		"trial",
		"trial",
		"trial",
		"trial",
		"trial",
		"trial",
		"trial",
		"trial",
		"trial",
		"trial",
		"trial",
		"trial",
		"trial",
		"trial",
		"trial",
		"trial",
		"trial",
		"trial",
		"trial",
		"trial",
		"trial",
		"trial",
		"trial",
		"trial",
		"trial",
		"trial",
		"trial",
		"trial",
		"trial",
		"trial",
		"trial",
		"trial",
		"trial",
		"trial",
		"trial",
		"trial",
		"trial",
		"trial",
		"trial",
		"trial",
		"trial",
		"trial",
		"trial",
		"trial",
		"trial",
		"trial",
		"trial",
		"trial",
		"trial",
		"trial",
		"trial",
		"trial",
		"trial",
		"trial",
		"trial",
		"trial",
		"trial",
		"trial",
		"trial",
		"trial",
		"trial",
		"trial",
		"trial",
		"trial",
		"trial",
		"trial",
		"trial",
		"trial",
		"trial",
		"trial",
		"trial",
		"trial",
		"trial",
		"trial",
		"trial",
		"trial",
		"bad"
	],