{
	"onset":[1.5,3.496,7.489,20.492,26.599,28.596,40.592,47.706,49.702,64.702,72.80500000000001,74.80200000000001,78.812,90.80800000000001,99.91800000000001,101.915,105.908,120.907,127.014,129.011,133.021,147.014,154.127,156.124,160.134,166.224,168.221,172.231,181.341,183.338,198.337,205.451,207.447,221.44,227.547,229.544,233.57,239.677,241.674,245.701,254.811,256.808,260.817,266.925,268.921,272.931,287.93,296.034,298.031,311.033,317.141,319.137,323.164,331.268,333.264,337.274,352.273,359.387,361.384,373.38],
	"duration":[2,4,8,2.1,2,8,2.1,2,8,2.1,2,4,8,2.1,2,4,8,2.1,2,4,8,2.1,2,4,2.1,2,4,2.1,2,8,2.1,2,8,2.1,2,4,2.1,2,4,2.1,2,4,2.1,2,4,8,2.1,2,8,2.1,2,4,2.1,2,4,8,2.1,2,8,2.1],
	"trial_type":[
		"Look_Neg_Cue",
		"Look_Neg_Ant",
		"Look_Neg_Stim",
		"Look_Neg_Rating",
		"Reapp_Neg_Cue",
		"Reapp_Neg_Stim",
		"Reapp_Neg_Rating",
		"Look_Neutral_Cue",
		"Look_Neutral_Stim",
		"Look_Neutral_Rating",
		"Reapp_Neg_Cue",
		"Reapp_Neg_Ant",
		"Reapp_Neg_Stim",
		"Reapp_Neg_Rating",
		"Look_Neg_Cue",
		"Look_Neg_Ant",
		"Look_Neg_Stim",
		"Look_Neg_Rating",
		"Look_Neutral_Cue",
		"Look_Neutral_Ant",
		"Look_Neutral_Stim",
		"Look_Neutral_Rating",
		"Look_Neg_Cue",
		"Look_Neg_Ant",
		"Look_Neg_Rating",
		"Reapp_Neg_Cue",
		"Reapp_Neg_Ant",
		"Reapp_Neg_Rating",
		"Look_Neutral_Cue",
		"Look_Neutral_Stim",
		"Look_Neutral_Rating",
		"Reapp_Neg_Cue",
		"Reapp_Neg_Stim",
		"Reapp_Neg_Rating",
		"Look_Neutral_Cue",
		"Look_Neutral_Ant",
		"Look_Neutral_Rating",
		"Look_Neg_Cue",
		"Look_Neg_Ant",
		"Look_Neg_Rating",
		"Look_Neutral_Cue",
		"Look_Neutral_Ant",
		"Look_Neutral_Rating",
		"Reapp_Neg_Cue",
		"Reapp_Neg_Ant",
		"Reapp_Neg_Stim",
		"Reapp_Neg_Rating",
		"Look_Neg_Cue",
		"Look_Neg_Stim",
		"Look_Neg_Rating",
		"Reapp_Neg_Cue",
		"Reapp_Neg_Ant",
		"Reapp_Neg_Rating",
		"Look_Neutral_Cue",
		"Look_Neutral_Ant",
		"Look_Neutral_Stim",
		"Look_Neutral_Rating",
		"Look_Neg_Cue",
		"Look_Neg_Stim",
		"Look_Neg_Rating"
	]
}
