{
	"onset":[24.33,27.4709,30.5282,33.8855,37.1264,40.3,43.4573,46.5655,49.8055,52.8464,56.1536,59.3945,62.5182,65.6918,68.9164,71.94,74.9482,78.1373,81.2282,84.3182,87.45910000000001,90.75,93.97450000000001,97.2655,100.339,103.58,106.787,109.911,113.135,116.309,119.566,122.774,125.881,129.055,132.078,135.235,138.577,141.735,144.741,147.932,151.156,154.23,157.387,160.562,163.718,167.025,170.217,173.391,176.481,179.672,182.963,186.17,189.361,192.418,195.608,198.833,201.89,204.93,208.187,211.328,214.518,217.743,220.901,224.007,227.165,230.322,233.495,236.836,240.045,243.068,246.208,249.465,252.674,255.714,258.837,261.945,265.202,268.359,271.534,274.641,277.747,280.922,284.095,287.386,290.46,293.635,296.792,299.949,303.173,306.531,309.722,312.895,316.003,319.226,322.451,325.575,328.899,332.106,335.264,338.487,341.662,344.919,348.11,351.351,354.475,357.749,360.889,364.064,367.387,370.562,373.753,376.96,380.234,383.425,386.715,389.906,393.115,396.405,399.562,402.703,405.86,409.017,412.257,415.582,418.589,421.746,424.92,428.061,431.201,434.475,437.666,440.69,444.015,447.172,450.379,453.385,456.71,459.985,463.075,466.182,469.224,472.296,475.487,478.627,481.785,484.892],
	"duration":[0,0,0,0,0,0,0,0,0,0,0,0,0,0,0,0,0,0,0,0,0,0,0,0,0,0,0,0,0,0,0,0,0,0,0,0,0,0,0,0,0,0,0,0,0,0,0,0,0,0,0,0,0,0,0,0,0,0,0,0,0,0,0,0,0,0,0,0,0,0,0,0,0,0,0,0,0,0,0,0,0,0,0,0,0,0,0,0,0,0,0,0,0,0,0,0,0,0,0,0,0,0,0,0,0,0,0,0,0,0,0,0,0,0,0,0,0,0,0,0,0,0,0,0,0,0,0,0,0,0,0,0,0,0,0,0,0,0,0,0,0,0,0,0,0,0],
	"event_sample":[26763,30218,33581,37274,40839,44330,47803,51222,54786,58131,61769,65334,68770,72261,75808,79134,82443,85951,89351,92750,96205,99825,103372,106992,110373,113938,117466,120902,124448,127940,131523,135051,138469,141960,145286,148759,152435,155908,159215,162725,166272,169653,173126,176618,180090,183728,187239,190730,194129,197639,201259,204787,208297,211660,215169,218716,222079,225423,229006,232461,235970,239517,242991,246408,249881,253354,256845,260520,264049,267375,270829,274412,277941,281285,284721,288139,291722,295195,298687,302105,305522,309014,312505,316125,319506,322998,326471,329944,333490,337184,340694,344185,347603,351149,354696,358132,361789,365317,368790,372336,375828,379411,382921,386486,389922,393524,396978,400470,404126,407618,411128,414656,418257,421767,425387,428897,432426,436045,439518,442973,446446,449919,453483,457140,460448,463921,467412,470867,474321,477923,481433,484759,488416,491889,495417,498724,502381,505983,509382,512800,516146,519526,523036,526490,529963,533381],
	"trial_type":[
		"Famous",
		"Famous",
		"Scrambled",
		"Famous",
		"Famous",
		"Famous",
		"Famous",
		"Scrambled",
		"Scrambled",
		"Unfamiliar",
		"Unfamiliar",
		"Scrambled",
		"Scrambled",
		"Scrambled",
		"Famous",
		"Famous",
		"Unfamiliar",
		"Scrambled",
		"Scrambled",
		"Famous",
		"Unfamiliar",
		"Unfamiliar",
		"Unfamiliar",
		"Unfamiliar",
		"Unfamiliar",
		"Unfamiliar",
		"Scrambled",
		"Unfamiliar",
		"Scrambled",
		"Scrambled",
		"Famous",
		"Famous",
		"Unfamiliar",
		"Unfamiliar",
		"Famous",
		"Scrambled",
		"Unfamiliar",
		"Famous",
		"Scrambled",
		"Scrambled",
		"Scrambled",
		"Famous",
		"Scrambled",
		"Scrambled",
		"Unfamiliar",
		"Scrambled",
		"Scrambled",
		"Famous",
		"Scrambled",
		"Scrambled",
		"Scrambled",
		"Scrambled",
		"Famous",
		"Unfamiliar",
		"Famous",
		"Famous",
		"Famous",
		"Unfamiliar",
		"Unfamiliar",
		"Scrambled",
		"Scrambled",
		"Unfamiliar",
		"Unfamiliar",
		"Unfamiliar",
		"Unfamiliar",
		"Unfamiliar",
		"Famous",
		"Scrambled",
		"Famous",
		"Famous",
		"Famous",
		"Famous",
		"Scrambled",
		"Famous",
		"Famous",
		"Famous",
		"Famous",
		"Famous",
		"Famous",
		"Scrambled",
		"Unfamiliar",
		"Famous",
		"Unfamiliar",
		"Unfamiliar",
		"Scrambled",
		"Unfamiliar",
		"Unfamiliar",
		"Unfamiliar",
		"Unfamiliar",
		"Unfamiliar",
		"Famous",
		"Unfamiliar",
		"Unfamiliar",
		"Scrambled",
		"Unfamiliar",
		"Scrambled",
		"Scrambled",
		"Scrambled",
		"Scrambled",
		"Unfamiliar",
		"Unfamiliar",
		"Famous",
		"Famous",
		"Unfamiliar",
		"Unfamiliar",
		"Unfamiliar",
		"Scrambled",
		"Famous",
		"Scrambled",
		"Scrambled",
		"Unfamiliar",
		"Famous",
		"Unfamiliar",
		"Scrambled",
		"Scrambled",
		"Famous",
		"Unfamiliar",
		"Unfamiliar",
		"Scrambled",
		"Famous",
		"Unfamiliar",
		"Scrambled",
		"Famous",
		"Famous",
		"Unfamiliar",
		"Unfamiliar",
		"Unfamiliar",
		"Famous",
		"Famous",
		"Unfamiliar",
		"Famous",
		"Scrambled",
		"Scrambled",
		"Scrambled",
		"Famous",
		"Famous",
		"Famous",
		"Unfamiliar",
		"Unfamiliar",
		"Famous",
		"Scrambled",
		"Unfamiliar",
		"Famous",
		"Scrambled",
		"Scrambled",
		"Scrambled"
	],
	"event_value":[5,6,17,5,6,5,6,17,18,13,14,17,18,19,5,6,13,17,17,5,13,13,14,15,13,14,19,13,19,17,7,5,15,13,5,17,15,5,19,17,18,7,17,18,15,17,18,7,17,19,17,18,7,13,5,5,6,13,14,19,17,13,14,15,13,14,7,17,5,6,5,6,19,5,6,5,6,5,6,19,13,5,13,13,17,13,14,15,13,14,7,13,15,17,15,17,19,17,18,13,14,5,6,15,13,14,19,5,19,17,13,5,13,17,18,7,13,14,19,5,15,17,7,5,15,13,14,5,6,13,7,17,18,19,5,6,7,13,14,5,17,15,5,17,17,18],
	"stim_file":[
		"f077.bmp",
		"f077.bmp",
		"s087.bmp",
		"f139.bmp",
		"f139.bmp",
		"f140.bmp",
		"f140.bmp",
		"s083.bmp",
		"s083.bmp",
		"u074.bmp",
		"u074.bmp",
		"s119.bmp",
		"s119.bmp",
		"s087.bmp",
		"f002.bmp",
		"f002.bmp",
		"u104.bmp",
		"s103.bmp",
		"s023.bmp",
		"f042.bmp",
		"u016.bmp",
		"u090.bmp",
		"u090.bmp",
		"u104.bmp",
		"u137.bmp",
		"u137.bmp",
		"s103.bmp",
		"u149.bmp",
		"s023.bmp",
		"s038.bmp",
		"f042.bmp",
		"f057.bmp",
		"u016.bmp",
		"u015.bmp",
		"f090.bmp",
		"s092.bmp",
		"u149.bmp",
		"f119.bmp",
		"s038.bmp",
		"s099.bmp",
		"s099.bmp",
		"f057.bmp",
		"s063.bmp",
		"s063.bmp",
		"u015.bmp",
		"s056.bmp",
		"s056.bmp",
		"f090.bmp",
		"s068.bmp",
		"s092.bmp",
		"s120.bmp",
		"s120.bmp",
		"f119.bmp",
		"u127.bmp",
		"f132.bmp",
		"f059.bmp",
		"f059.bmp",
		"u123.bmp",
		"u123.bmp",
		"s068.bmp",
		"s055.bmp",
		"u038.bmp",
		"u038.bmp",
		"u127.bmp",
		"u124.bmp",
		"u124.bmp",
		"f132.bmp",
		"s033.bmp",
		"f054.bmp",
		"f054.bmp",
		"f074.bmp",
		"f074.bmp",
		"s055.bmp",
		"f086.bmp",
		"f086.bmp",
		"f009.bmp",
		"f009.bmp",
		"f038.bmp",
		"f038.bmp",
		"s033.bmp",
		"u100.bmp",
		"f065.bmp",
		"u103.bmp",
		"u036.bmp",
		"s107.bmp",
		"u034.bmp",
		"u034.bmp",
		"u100.bmp",
		"u125.bmp",
		"u125.bmp",
		"f065.bmp",
		"u145.bmp",
		"u103.bmp",
		"s139.bmp",
		"u036.bmp",
		"s004.bmp",
		"s107.bmp",
		"s095.bmp",
		"s095.bmp",
		"u021.bmp",
		"u021.bmp",
		"f044.bmp",
		"f044.bmp",
		"u145.bmp",
		"u022.bmp",
		"u022.bmp",
		"s139.bmp",
		"f028.bmp",
		"s004.bmp",
		"s014.bmp",
		"u113.bmp",
		"f143.bmp",
		"u033.bmp",
		"s118.bmp",
		"s118.bmp",
		"f028.bmp",
		"u111.bmp",
		"u111.bmp",
		"s014.bmp",
		"f129.bmp",
		"u113.bmp",
		"s114.bmp",
		"f143.bmp",
		"f111.bmp",
		"u033.bmp",
		"u086.bmp",
		"u086.bmp",
		"f004.bmp",
		"f004.bmp",
		"u066.bmp",
		"f129.bmp",
		"s093.bmp",
		"s093.bmp",
		"s114.bmp",
		"f072.bmp",
		"f072.bmp",
		"f111.bmp",
		"u070.bmp",
		"u070.bmp",
		"f022.bmp",
		"s048.bmp",
		"u066.bmp",
		"f051.bmp",
		"s149.bmp",
		"s025.bmp",
		"s025.bmp"
	]
}
