{
	"onset":[24.7845,27.9418,31.1836,34.5409,37.6318,40.7218,43.8291,46.9855,50.0927,53.3009,56.4582,59.7491,63.0064,66.1973,69.4709,72.5945,75.8527,79.0264,82.21729999999999,85.4909,88.66549999999999,91.7064,94.8964,98.0373,101.161,104.285,107.559,110.8,113.94,117.081,120.438,123.563,126.619,129.827,132.884,136.025,139.032,142.138,145.295,148.37,151.677,154.701,157.908,161.083,164.256,167.53,170.605,173.728,176.952,180.21,183.417,186.691,190.015,193.173,196.43,199.721,202.929,206.119,209.427,212.585,215.742,218.815,221.955,225.164,228.254,231.294,234.418,237.542,240.733,243.974,247.131,250.272,253.412,256.753,259.911,262.984,266.241,269.382,272.489,275.479,278.686,281.894,285.102,288.142,291.399,294.624,297.847,300.988,304.128,307.253,310.393,313.651,316.958,320.249,323.59,326.632,329.721,332.962,336.135,339.293,342.567,345.607,348.615,351.688,354.845,358.036,361.16,364.435,367.542,370.749,373.856,377.03,380.187,383.345,386.568,389.725,392.85,395.924,399.231,402.388,405.546,408.72,411.927,415.185,418.358,421.616,424.806,427.981,431.172,434.329,437.519,440.744,443.901,447.092,450.249,453.356,456.413,459.486,462.727,465.835,468.958,472.115,475.206,478.464,481.555,484.728,487.953,491.043,494.2],
	"duration":[0,0,0,0,0,0,0,0,0,0,0,0,0,0,0,0,0,0,0,0,0,0,0,0,0,0,0,0,0,0,0,0,0,0,0,0,0,0,0,0,0,0,0,0,0,0,0,0,0,0,0,0,0,0,0,0,0,0,0,0,0,0,0,0,0,0,0,0,0,0,0,0,0,0,0,0,0,0,0,0,0,0,0,0,0,0,0,0,0,0,0,0,0,0,0,0,0,0,0,0,0,0,0,0,0,0,0,0,0,0,0,0,0,0,0,0,0,0,0,0,0,0,0,0,0,0,0,0,0,0,0,0,0,0,0,0,0,0,0,0,0,0,0,0,0,0,0,0,0],
	"event_sample":[27263,30736,34302,37995,41395,44794,48212,51684,55102,58631,62104,65724,69307,72817,76418,79854,83438,86929,90439,94040,97532,100877,104386,107841,111277,114713,118315,121880,125334,128789,132482,135919,139281,142810,146172,149627,152935,156352,159825,163207,166845,170171,173699,177191,180682,184283,187665,191101,194647,198231,201759,205360,209017,212490,216073,219693,223222,226731,230370,233843,237316,240697,244151,247680,251079,254423,257860,261296,264806,268371,271844,275299,278753,282428,285902,289282,292865,296320,299738,303027,306555,310083,313612,316956,320539,324086,327632,331087,334541,337978,341432,345016,348654,352274,355949,359295,362693,366258,369749,373222,376824,380168,383476,386857,390330,393840,397276,400878,404296,407824,411242,414733,418206,421679,425225,428698,432135,435516,439154,442627,446101,449592,453120,456703,460194,463778,467287,470779,474289,477762,481271,484818,488291,491801,495274,498692,502054,505435,509000,512418,515854,519327,522727,526310,529710,533201,536748,540147,543620],
	"trial_type":[
		"Unfamiliar",
		"Unfamiliar",
		"Unfamiliar",
		"Scrambled",
		"Scrambled",
		"Scrambled",
		"Scrambled",
		"Unfamiliar",
		"Unfamiliar",
		"Unfamiliar",
		"Famous",
		"Famous",
		"Unfamiliar",
		"Famous",
		"Famous",
		"Unfamiliar",
		"Unfamiliar",
		"Unfamiliar",
		"Scrambled",
		"Scrambled",
		"Unfamiliar",
		"Famous",
		"Unfamiliar",
		"Unfamiliar",
		"Scrambled",
		"Unfamiliar",
		"Unfamiliar",
		"Unfamiliar",
		"Unfamiliar",
		"Famous",
		"Famous",
		"Unfamiliar",
		"Famous",
		"Scrambled",
		"Famous",
		"Famous",
		"Unfamiliar",
		"Unfamiliar",
		"Famous",
		"Famous",
		"Scrambled",
		"Unfamiliar",
		"Famous",
		"Famous",
		"Famous",
		"Unfamiliar",
		"Unfamiliar",
		"Famous",
		"Unfamiliar",
		"Unfamiliar",
		"Unfamiliar",
		"Famous",
		"Scrambled",
		"Scrambled",
		"Scrambled",
		"Unfamiliar",
		"Unfamiliar",
		"Famous",
		"Famous",
		"Famous",
		"Famous",
		"Famous",
		"Scrambled",
		"Famous",
		"Famous",
		"Scrambled",
		"Scrambled",
		"Unfamiliar",
		"Famous",
		"Unfamiliar",
		"Scrambled",
		"Scrambled",
		"Scrambled",
		"Scrambled",
		"Unfamiliar",
		"Famous",
		"Famous",
		"Famous",
		"Famous",
		"Unfamiliar",
		"Scrambled",
		"Scrambled",
		"Scrambled",
		"Scrambled",
		"Famous",
		"Famous",
		"Scrambled",
		"Unfamiliar",
		"Unfamiliar",
		"Scrambled",
		"Famous",
		"Scrambled",
		"Scrambled",
		"Scrambled",
		"Scrambled",
		"Scrambled",
		"Scrambled",
		"Unfamiliar",
		"Unfamiliar",
		"Famous",
		"Scrambled",
		"Scrambled",
		"Scrambled",
		"Scrambled",
		"Unfamiliar",
		"Unfamiliar",
		"Unfamiliar",
		"Scrambled",
		"Unfamiliar",
		"Famous",
		"Famous",
		"Famous",
		"Famous",
		"Famous",
		"Scrambled",
		"Scrambled",
		"Scrambled",
		"Scrambled",
		"Scrambled",
		"Famous",
		"Unfamiliar",
		"Famous",
		"Unfamiliar",
		"Unfamiliar",
		"Famous",
		"Scrambled",
		"Scrambled",
		"Unfamiliar",
		"Unfamiliar",
		"Famous",
		"Famous",
		"Famous",
		"Scrambled",
		"Unfamiliar",
		"Scrambled",
		"Scrambled",
		"Famous",
		"Scrambled",
		"Unfamiliar",
		"Unfamiliar",
		"Scrambled",
		"Scrambled",
		"Unfamiliar",
		"Unfamiliar",
		"Scrambled",
		"Famous",
		"Famous",
		"Famous",
		"Famous"
	],
	"event_value":[13,13,13,17,18,17,18,13,14,15,5,6,15,5,6,15,13,14,17,18,13,5,13,14,17,13,13,14,15,5,7,13,5,19,5,6,15,13,5,7,17,15,5,6,7,13,14,5,15,13,14,7,17,18,19,13,14,5,6,5,6,7,17,5,6,17,18,13,5,13,19,17,17,17,15,5,6,7,5,15,17,19,17,19,5,6,19,13,14,17,7,17,18,19,17,18,19,13,13,5,19,17,18,17,13,14,15,17,15,5,6,7,5,5,19,17,17,18,19,5,13,7,13,14,7,17,19,13,14,5,6,7,17,15,17,18,5,19,13,14,17,18,13,14,19,5,6,5,7],
	"stim_file":[
		"u115.bmp",
		"u108.bmp",
		"u132.bmp",
		"s051.bmp",
		"s051.bmp",
		"s058.bmp",
		"s058.bmp",
		"u065.bmp",
		"u065.bmp",
		"u115.bmp",
		"f053.bmp",
		"f053.bmp",
		"u108.bmp",
		"f094.bmp",
		"f094.bmp",
		"u132.bmp",
		"u029.bmp",
		"u029.bmp",
		"s032.bmp",
		"s032.bmp",
		"u071.bmp",
		"f063.bmp",
		"u032.bmp",
		"u032.bmp",
		"s127.bmp",
		"u084.bmp",
		"u087.bmp",
		"u087.bmp",
		"u071.bmp",
		"f024.bmp",
		"f063.bmp",
		"u020.bmp",
		"f102.bmp",
		"s127.bmp",
		"f136.bmp",
		"f136.bmp",
		"u084.bmp",
		"u077.bmp",
		"f061.bmp",
		"f024.bmp",
		"s136.bmp",
		"u020.bmp",
		"f078.bmp",
		"f078.bmp",
		"f102.bmp",
		"u039.bmp",
		"u039.bmp",
		"f120.bmp",
		"u077.bmp",
		"u030.bmp",
		"u030.bmp",
		"f061.bmp",
		"s029.bmp",
		"s029.bmp",
		"s136.bmp",
		"u014.bmp",
		"u014.bmp",
		"f029.bmp",
		"f029.bmp",
		"f096.bmp",
		"f096.bmp",
		"f120.bmp",
		"s146.bmp",
		"f144.bmp",
		"f144.bmp",
		"s049.bmp",
		"s049.bmp",
		"u031.bmp",
		"f093.bmp",
		"u007.bmp",
		"s146.bmp",
		"s002.bmp",
		"s134.bmp",
		"s070.bmp",
		"u031.bmp",
		"f068.bmp",
		"f068.bmp",
		"f093.bmp",
		"f045.bmp",
		"u007.bmp",
		"s018.bmp",
		"s002.bmp",
		"s113.bmp",
		"s134.bmp",
		"f026.bmp",
		"f026.bmp",
		"s070.bmp",
		"u110.bmp",
		"u110.bmp",
		"s090.bmp",
		"f045.bmp",
		"s112.bmp",
		"s112.bmp",
		"s018.bmp",
		"s015.bmp",
		"s015.bmp",
		"s113.bmp",
		"u102.bmp",
		"u112.bmp",
		"f052.bmp",
		"s090.bmp",
		"s132.bmp",
		"s132.bmp",
		"s081.bmp",
		"u109.bmp",
		"u109.bmp",
		"u102.bmp",
		"s129.bmp",
		"u112.bmp",
		"f088.bmp",
		"f088.bmp",
		"f052.bmp",
		"f126.bmp",
		"f114.bmp",
		"s081.bmp",
		"s042.bmp",
		"s035.bmp",
		"s035.bmp",
		"s129.bmp",
		"f099.bmp",
		"u050.bmp",
		"f126.bmp",
		"u028.bmp",
		"u028.bmp",
		"f114.bmp",
		"s102.bmp",
		"s042.bmp",
		"u107.bmp",
		"u107.bmp",
		"f123.bmp",
		"f123.bmp",
		"f099.bmp",
		"s135.bmp",
		"u050.bmp",
		"s044.bmp",
		"s044.bmp",
		"f082.bmp",
		"s102.bmp",
		"u019.bmp",
		"u019.bmp",
		"s131.bmp",
		"s131.bmp",
		"u005.bmp",
		"u005.bmp",
		"s135.bmp",
		"f056.bmp",
		"f056.bmp",
		"f146.bmp",
		"f082.bmp"
	]
}
