{
	"onset":[22.9082,26.1645,29.3555,32.5464,35.5864,38.7936,41.8509,45.1245,48.1655,51.2727,54.43,57.6036,60.8609,64.0864,67.2264,70.45,73.65730000000001,76.7482,79.8218,83.1127,86.22,89.32729999999999,92.5509,95.7582,99.0664,102.224,105.397,108.655,111.812,115.003,118.11,121.351,124.392,127.598,130.722,133.996,137.02,140.194,143.217,146.375,149.599,152.623,155.746,159.021,162.128,165.285,168.275,171.416,174.64,177.747,180.988,184.263,187.47,190.544,193.701,196.942,200.015,203.123,206.23,209.304,212.511,215.668,218.808,221.883,225.106,228.447,231.455,234.595,237.753,240.876,244.167,247.525,250.632,253.756,256.996,260.154,263.161,266.335,269.625,272.616,275.84,279.097,282.205,285.312,288.636,291.927,295.268,298.342,301.633,304.941,308.081,311.355,314.513,317.636,320.844,323.885,327.158,330.165,333.273,336.463,339.57,342.795,345.918,349.125,352.35,355.407,358.681,361.872,365.045,368.404,371.545,374.635,377.858,380.999,384.073,387.28,390.405,393.612,396.785,399.909,403.217,406.341,409.632,412.823,415.913,419.17,422.495,425.652,428.943,432,435.074,438.331,441.539,444.645,447.836,451.027,454.067,457.208,460.382,463.506,466.696,469.887,472.927,476.085,479.393,482.684],
	"duration":[0,0,0,0,0,0,0,0,0,0,0,0,0,0,0,0,0,0,0,0,0,0,0,0,0,0,0,0,0,0,0,0,0,0,0,0,0,0,0,0,0,0,0,0,0,0,0,0,0,0,0,0,0,0,0,0,0,0,0,0,0,0,0,0,0,0,0,0,0,0,0,0,0,0,0,0,0,0,0,0,0,0,0,0,0,0,0,0,0,0,0,0,0,0,0,0,0,0,0,0,0,0,0,0,0,0,0,0,0,0,0,0,0,0,0,0,0,0,0,0,0,0,0,0,0,0,0,0,0,0,0,0,0,0,0,0,0,0,0,0,0,0,0,0,0,0],
	"event_sample":[25199,28781,32291,35801,39145,42673,46036,49637,52982,56400,59873,63364,66947,70495,73949,77495,81023,84423,87804,91424,94842,98260,101806,105334,108973,112446,115937,119520,122993,126503,129921,133486,136831,140358,143794,147396,150722,154213,157539,161013,164559,167885,171321,174923,178341,181814,185103,188558,192104,195522,199087,202689,206217,209598,213071,216636,220017,223435,226853,230234,233762,237235,240689,244071,247617,251292,254600,258055,261528,264964,268584,272277,275695,279132,282696,286169,289477,292968,296588,299878,303424,307007,310425,313843,317500,321120,324795,328176,331796,335435,338889,342491,345964,349400,352928,356273,359874,363182,366600,370109,373527,377074,380510,384038,387585,390948,394549,398059,401550,405244,408699,412098,415644,419099,422480,426008,429445,432973,436464,439900,443539,446975,450595,454105,457504,461087,464744,468217,471837,475200,478581,482164,485693,489110,492620,496130,499474,502929,506420,509857,513366,516876,520220,523693,527332,530952],
	"trial_type":[
		"Unfamiliar",
		"Unfamiliar",
		"Scrambled",
		"Famous",
		"Scrambled",
		"Scrambled",
		"Unfamiliar",
		"Unfamiliar",
		"Famous",
		"Scrambled",
		"Scrambled",
		"Famous",
		"Famous",
		"Famous",
		"Unfamiliar",
		"Famous",
		"Scrambled",
		"Scrambled",
		"Famous",
		"Unfamiliar",
		"Unfamiliar",
		"Scrambled",
		"Unfamiliar",
		"Unfamiliar",
		"Famous",
		"Unfamiliar",
		"Famous",
		"Famous",
		"Famous",
		"Famous",
		"Famous",
		"Scrambled",
		"Scrambled",
		"Unfamiliar",
		"Famous",
		"Famous",
		"Unfamiliar",
		"Unfamiliar",
		"Famous",
		"Scrambled",
		"Famous",
		"Scrambled",
		"Scrambled",
		"Unfamiliar",
		"Unfamiliar",
		"Unfamiliar",
		"Unfamiliar",
		"Famous",
		"Scrambled",
		"Scrambled",
		"Scrambled",
		"Scrambled",
		"Scrambled",
		"Unfamiliar",
		"Unfamiliar",
		"Unfamiliar",
		"Famous",
		"Famous",
		"Unfamiliar",
		"Famous",
		"Famous",
		"Famous",
		"Unfamiliar",
		"Famous",
		"Unfamiliar",
		"Unfamiliar",
		"Unfamiliar",
		"Famous",
		"Unfamiliar",
		"Unfamiliar",
		"Famous",
		"Scrambled",
		"Scrambled",
		"Famous",
		"Unfamiliar",
		"Famous",
		"Famous",
		"Famous",
		"Famous",
		"Famous",
		"Unfamiliar",
		"Famous",
		"Scrambled",
		"Scrambled",
		"Scrambled",
		"Unfamiliar",
		"Unfamiliar",
		"Unfamiliar",
		"Scrambled",
		"Scrambled",
		"Scrambled",
		"Scrambled",
		"Unfamiliar",
		"Famous",
		"Scrambled",
		"Scrambled",
		"Scrambled",
		"Unfamiliar",
		"Unfamiliar",
		"Famous",
		"Famous",
		"Scrambled",
		"Unfamiliar",
		"Unfamiliar",
		"Unfamiliar",
		"Unfamiliar",
		"Unfamiliar",
		"Unfamiliar",
		"Famous",
		"Famous",
		"Scrambled",
		"Famous",
		"Famous",
		"Unfamiliar",
		"Scrambled",
		"Unfamiliar",
		"Unfamiliar",
		"Scrambled",
		"Scrambled",
		"Famous",
		"Famous",
		"Famous",
		"Famous",
		"Unfamiliar",
		"Unfamiliar",
		"Scrambled",
		"Scrambled",
		"Unfamiliar",
		"Scrambled",
		"Scrambled",
		"Famous",
		"Famous",
		"Unfamiliar",
		"Unfamiliar",
		"Scrambled",
		"Famous",
		"Famous",
		"Unfamiliar",
		"Famous",
		"Scrambled",
		"Scrambled",
		"Scrambled",
		"Scrambled",
		"Scrambled",
		"Scrambled",
		"Scrambled"
	],
	"event_value":[13,14,17,5,17,18,13,14,5,17,19,5,6,7,13,5,17,18,7,13,14,19,13,14,5,15,5,6,7,5,5,17,18,13,7,5,13,14,7,17,7,17,18,13,15,13,14,7,17,18,17,18,19,13,13,15,5,6,13,5,5,6,15,5,15,13,14,5,15,13,7,17,17,7,13,5,6,7,5,6,15,5,19,17,19,13,14,15,17,18,17,18,13,7,17,18,19,13,14,5,6,17,13,15,13,14,13,14,5,5,19,5,6,15,17,13,14,17,18,7,5,6,7,13,14,17,19,13,17,17,5,6,13,14,19,5,6,15,5,19,17,18,19,17,17,17],
	"stim_file":[
		"u010.bmp",
		"u010.bmp",
		"s148.bmp",
		"f121.bmp",
		"s019.bmp",
		"s019.bmp",
		"u147.bmp",
		"u147.bmp",
		"f076.bmp",
		"s143.bmp",
		"s148.bmp",
		"f010.bmp",
		"f010.bmp",
		"f121.bmp",
		"u001.bmp",
		"f049.bmp",
		"s053.bmp",
		"s053.bmp",
		"f076.bmp",
		"u025.bmp",
		"u025.bmp",
		"s143.bmp",
		"u079.bmp",
		"u079.bmp",
		"f122.bmp",
		"u001.bmp",
		"f023.bmp",
		"f023.bmp",
		"f049.bmp",
		"f127.bmp",
		"f005.bmp",
		"s111.bmp",
		"s111.bmp",
		"u037.bmp",
		"f122.bmp",
		"f031.bmp",
		"u023.bmp",
		"u023.bmp",
		"f127.bmp",
		"s071.bmp",
		"f005.bmp",
		"s133.bmp",
		"s133.bmp",
		"u133.bmp",
		"u037.bmp",
		"u064.bmp",
		"u064.bmp",
		"f031.bmp",
		"s005.bmp",
		"s005.bmp",
		"s043.bmp",
		"s043.bmp",
		"s071.bmp",
		"u056.bmp",
		"u131.bmp",
		"u133.bmp",
		"f141.bmp",
		"f141.bmp",
		"u128.bmp",
		"f012.bmp",
		"f098.bmp",
		"f098.bmp",
		"u056.bmp",
		"f149.bmp",
		"u131.bmp",
		"u146.bmp",
		"u146.bmp",
		"f030.bmp",
		"u128.bmp",
		"u054.bmp",
		"f012.bmp",
		"s062.bmp",
		"s098.bmp",
		"f149.bmp",
		"u018.bmp",
		"f089.bmp",
		"f089.bmp",
		"f030.bmp",
		"f091.bmp",
		"f091.bmp",
		"u054.bmp",
		"f017.bmp",
		"s062.bmp",
		"s124.bmp",
		"s098.bmp",
		"u082.bmp",
		"u082.bmp",
		"u018.bmp",
		"s094.bmp",
		"s094.bmp",
		"s041.bmp",
		"s041.bmp",
		"u051.bmp",
		"f017.bmp",
		"s108.bmp",
		"s108.bmp",
		"s124.bmp",
		"u062.bmp",
		"u062.bmp",
		"f062.bmp",
		"f062.bmp",
		"s013.bmp",
		"u099.bmp",
		"u051.bmp",
		"u026.bmp",
		"u026.bmp",
		"u095.bmp",
		"u095.bmp",
		"f064.bmp",
		"f001.bmp",
		"s013.bmp",
		"f108.bmp",
		"f108.bmp",
		"u099.bmp",
		"s076.bmp",
		"u096.bmp",
		"u096.bmp",
		"s021.bmp",
		"s021.bmp",
		"f064.bmp",
		"f100.bmp",
		"f100.bmp",
		"f001.bmp",
		"u047.bmp",
		"u047.bmp",
		"s030.bmp",
		"s076.bmp",
		"u013.bmp",
		"s130.bmp",
		"s052.bmp",
		"f013.bmp",
		"f013.bmp",
		"u045.bmp",
		"u045.bmp",
		"s030.bmp",
		"f041.bmp",
		"f041.bmp",
		"u013.bmp",
		"f125.bmp",
		"s130.bmp",
		"s008.bmp",
		"s008.bmp",
		"s052.bmp",
		"s104.bmp",
		"s079.bmp",
		"s096.bmp"
	]
}
