{
	"onset":[24.0982,27.3218,30.5636,33.6536,36.8945,40.1518,43.3591,46.4664,49.5573,52.7809,55.9882,59.0791,62.3864,65.6773,68.8682,72.1591,75.28270000000001,78.59,81.79819999999999,84.8545,87.9627,91.1691,94.31,97.4336,100.559,103.832,106.923,110.13,113.354,116.628,119.852,122.959,125.933,129.14,132.331,135.672,138.695,141.936,145.127,148.335,151.443,154.599,157.79,161.097,164.221,167.495,170.736,173.86,177.051,180.308,183.633,186.773,189.93,193.171,196.378,199.503,202.71,205.867,209.057,212.265,215.355,218.596,221.77,225.011,228.168,231.326,234.416,237.624,240.865,243.955,247.145,250.319,253.376,256.617,259.708,262.832,266.073,269.18,272.487,275.795,278.935,282.16,285.384,288.658,291.748,294.839,297.879,301.036,304.227,307.351,310.508,313.599,316.739,319.863,323.154,326.378,329.485,332.525,335.683,338.824,342.031,345.188,348.479,351.636,354.794,357.884,360.975,364.132,367.389,370.68,373.955,377.128,380.285,383.359,386.5,389.591,392.697,395.938,399.012,402.053,405.244,408.334,411.591,414.865,417.973,421.28,424.571,427.795,431.119,434.277,437.618,440.675,443.883,447.123,450.247,453.355,456.411,459.468,462.542,465.749,468.84,472.181,475.355,478.445,481.569,484.71,487.867],
	"duration":[0,0,0,0,0,0,0,0,0,0,0,0,0,0,0,0,0,0,0,0,0,0,0,0,0,0,0,0,0,0,0,0,0,0,0,0,0,0,0,0,0,0,0,0,0,0,0,0,0,0,0,0,0,0,0,0,0,0,0,0,0,0,0,0,0,0,0,0,0,0,0,0,0,0,0,0,0,0,0,0,0,0,0,0,0,0,0,0,0,0,0,0,0,0,0,0,0,0,0,0,0,0,0,0,0,0,0,0,0,0,0,0,0,0,0,0,0,0,0,0,0,0,0,0,0,0,0,0,0,0,0,0,0,0,0,0,0,0,0,0,0,0,0,0,0,0,0],
	"event_sample":[26508,30054,33620,37019,40584,44167,47695,51113,54513,58059,61587,64987,68625,72245,75755,79375,82811,86449,89978,93340,96759,100286,103741,107177,110615,114215,117615,121143,124689,128291,131837,135255,138526,142054,145564,149239,152565,156130,159640,163168,166587,170059,173569,177207,180643,184245,187810,191246,194756,198339,201996,205450,208923,212488,216016,219453,222981,226454,229963,233492,236891,240456,243947,247512,250985,254459,257858,261386,264951,268350,271860,275351,278714,282279,285679,289115,292680,296098,299736,303374,306829,310376,313922,317524,320923,324323,327667,331140,334650,338086,341559,344959,348413,351849,355469,359016,362434,365778,369251,372706,376234,379707,383327,386800,390273,393672,397072,400545,404128,407748,411350,414841,418314,421695,425150,428550,431967,435532,438913,442258,445768,449167,452750,456352,459770,463408,467028,470575,474231,477705,481380,484742,488271,491835,495272,498690,502052,505415,508796,512324,515724,519399,522890,526290,529726,533181,536654],
	"trial_type":[
		"Unfamiliar",
		"Scrambled",
		"Scrambled",
		"Unfamiliar",
		"Unfamiliar",
		"Unfamiliar",
		"Scrambled",
		"Unfamiliar",
		"Scrambled",
		"Scrambled",
		"Scrambled",
		"Famous",
		"Famous",
		"Scrambled",
		"Scrambled",
		"Famous",
		"Famous",
		"Unfamiliar",
		"Scrambled",
		"Scrambled",
		"Scrambled",
		"Famous",
		"Famous",
		"Unfamiliar",
		"Unfamiliar",
		"Scrambled",
		"Famous",
		"Famous",
		"Famous",
		"Famous",
		"Scrambled",
		"Unfamiliar",
		"Unfamiliar",
		"Famous",
		"Unfamiliar",
		"Scrambled",
		"Scrambled",
		"Scrambled",
		"Famous",
		"Famous",
		"Scrambled",
		"Unfamiliar",
		"Unfamiliar",
		"Unfamiliar",
		"Famous",
		"Famous",
		"Scrambled",
		"Scrambled",
		"Famous",
		"Scrambled",
		"Unfamiliar",
		"Unfamiliar",
		"Famous",
		"Unfamiliar",
		"Famous",
		"Scrambled",
		"Scrambled",
		"Unfamiliar",
		"Unfamiliar",
		"Famous",
		"Unfamiliar",
		"Famous",
		"Famous",
		"Famous",
		"Famous",
		"Famous",
		"Unfamiliar",
		"Famous",
		"Scrambled",
		"Scrambled",
		"Scrambled",
		"Scrambled",
		"Unfamiliar",
		"Famous",
		"Famous",
		"Famous",
		"Unfamiliar",
		"Famous",
		"Unfamiliar",
		"Unfamiliar",
		"Famous",
		"Famous",
		"Famous",
		"Unfamiliar",
		"Unfamiliar",
		"Famous",
		"Unfamiliar",
		"Scrambled",
		"Unfamiliar",
		"Scrambled",
		"Scrambled",
		"Unfamiliar",
		"Scrambled",
		"Scrambled",
		"Famous",
		"Famous",
		"Famous",
		"Unfamiliar",
		"Unfamiliar",
		"Scrambled",
		"Famous",
		"Unfamiliar",
		"Unfamiliar",
		"Scrambled",
		"Famous",
		"Scrambled",
		"Famous",
		"Scrambled",
		"Scrambled",
		"Famous",
		"Famous",
		"Famous",
		"Famous",
		"Scrambled",
		"Scrambled",
		"Scrambled",
		"Scrambled",
		"Scrambled",
		"Scrambled",
		"Unfamiliar",
		"Unfamiliar",
		"Unfamiliar",
		"Famous",
		"Unfamiliar",
		"Scrambled",
		"Unfamiliar",
		"Unfamiliar",
		"Scrambled",
		"Scrambled",
		"Unfamiliar",
		"Unfamiliar",
		"Unfamiliar",
		"Unfamiliar",
		"Famous",
		"Famous",
		"Scrambled",
		"Scrambled",
		"Unfamiliar",
		"Famous",
		"Famous",
		"Unfamiliar",
		"Unfamiliar",
		"Scrambled",
		"Unfamiliar",
		"Unfamiliar",
		"Famous",
		"Scrambled"
	],
	"event_value":[13,17,17,13,14,13,17,15,17,18,19,5,6,19,17,5,6,15,17,18,19,5,6,13,13,19,5,6,5,6,17,13,15,5,15,17,18,17,5,6,19,13,14,15,5,7,17,18,5,19,13,14,5,13,7,17,18,13,14,7,13,5,6,7,5,6,15,5,17,18,17,18,15,5,5,6,13,7,13,13,5,6,7,13,14,5,15,17,15,17,18,15,17,18,5,5,7,13,14,19,5,13,14,17,7,17,7,17,18,5,7,5,6,17,18,19,17,18,19,13,14,13,7,13,17,13,13,17,18,15,13,14,15,5,6,19,17,15,5,6,15,13,17,13,14,5,19],
	"stim_file":[
		"u107.bmp",
		"s038.bmp",
		"s017.bmp",
		"u068.bmp",
		"u068.bmp",
		"u119.bmp",
		"s102.bmp",
		"u107.bmp",
		"s073.bmp",
		"s073.bmp",
		"s038.bmp",
		"f034.bmp",
		"f034.bmp",
		"s017.bmp",
		"s019.bmp",
		"f136.bmp",
		"f136.bmp",
		"u119.bmp",
		"s027.bmp",
		"s027.bmp",
		"s102.bmp",
		"f055.bmp",
		"f055.bmp",
		"u100.bmp",
		"u029.bmp",
		"s019.bmp",
		"f096.bmp",
		"f096.bmp",
		"f075.bmp",
		"f075.bmp",
		"s098.bmp",
		"u117.bmp",
		"u100.bmp",
		"f053.bmp",
		"u029.bmp",
		"s084.bmp",
		"s084.bmp",
		"s032.bmp",
		"f015.bmp",
		"f015.bmp",
		"s098.bmp",
		"u079.bmp",
		"u079.bmp",
		"u117.bmp",
		"f103.bmp",
		"f053.bmp",
		"s067.bmp",
		"s067.bmp",
		"f108.bmp",
		"s032.bmp",
		"u147.bmp",
		"u147.bmp",
		"f127.bmp",
		"u127.bmp",
		"f103.bmp",
		"s077.bmp",
		"s077.bmp",
		"u148.bmp",
		"u148.bmp",
		"f108.bmp",
		"u051.bmp",
		"f107.bmp",
		"f107.bmp",
		"f127.bmp",
		"f077.bmp",
		"f077.bmp",
		"u127.bmp",
		"f047.bmp",
		"s121.bmp",
		"s121.bmp",
		"s016.bmp",
		"s016.bmp",
		"u051.bmp",
		"f049.bmp",
		"f045.bmp",
		"f045.bmp",
		"u049.bmp",
		"f047.bmp",
		"u121.bmp",
		"u129.bmp",
		"f101.bmp",
		"f101.bmp",
		"f049.bmp",
		"u050.bmp",
		"u050.bmp",
		"f133.bmp",
		"u049.bmp",
		"s075.bmp",
		"u121.bmp",
		"s053.bmp",
		"s053.bmp",
		"u129.bmp",
		"s147.bmp",
		"s147.bmp",
		"f032.bmp",
		"f070.bmp",
		"f133.bmp",
		"u019.bmp",
		"u019.bmp",
		"s075.bmp",
		"f138.bmp",
		"u097.bmp",
		"u097.bmp",
		"s138.bmp",
		"f032.bmp",
		"s124.bmp",
		"f070.bmp",
		"s081.bmp",
		"s081.bmp",
		"f131.bmp",
		"f138.bmp",
		"f130.bmp",
		"f130.bmp",
		"s107.bmp",
		"s107.bmp",
		"s138.bmp",
		"s123.bmp",
		"s123.bmp",
		"s124.bmp",
		"u006.bmp",
		"u006.bmp",
		"u136.bmp",
		"f131.bmp",
		"u042.bmp",
		"s029.bmp",
		"u052.bmp",
		"u082.bmp",
		"s146.bmp",
		"s146.bmp",
		"u136.bmp",
		"u124.bmp",
		"u124.bmp",
		"u042.bmp",
		"f051.bmp",
		"f051.bmp",
		"s029.bmp",
		"s004.bmp",
		"u052.bmp",
		"f146.bmp",
		"f146.bmp",
		"u082.bmp",
		"u093.bmp",
		"s028.bmp",
		"u073.bmp",
		"u073.bmp",
		"f014.bmp",
		"s004.bmp"
	]
}
