{
	"onset":[24.32,27.4436,30.5345,33.6582,36.8318,39.9227,42.98,46.1873,49.5282,52.6682,55.8927,58.9164,62.0573,65.23090000000001,68.3218,71.5291,74.7191,77.89360000000001,81.1845,84.3745,87.48180000000001,90.79000000000001,93.93000000000001,97.00449999999999,100.295,103.469,106.726,110.035,113.141,116.349,119.389,122.479,125.754,129.045,132.185,135.493,138.533,141.775,145.032,148.289,151.463,154.704,157.845,160.935,164.175,167.216,170.39,173.614,176.888,180.213,183.436,186.594,189.718,192.892,196.133,199.256,202.33,205.587,208.795,211.885,214.893,217.949,221.124,224.281,227.538,230.595,233.635,236.76,240.051,243.225,246.232,249.489,252.646,255.736,258.861,262.051,265.242,268.466,271.606,274.781,278.021,281.178,284.303,287.594,290.902,294.025,297.215,300.39,303.531,306.637,309.895,313.102,316.293,319.366,322.491,325.715,328.939,332.23,335.354,341.685,344.758,347.915,351.206,354.431,357.705,360.845,363.969,367.194,370.218,373.307,376.632,379.773,383.03,386.271,389.345,392.635,395.876,399.05,402.157,405.315,408.623,411.813,415.137,418.395,421.619,424.843,428.068,431.308,434.448,437.79,440.88,444.071,447.178,450.435,453.493,456.616,459.757,462.981,466.038,469.312,472.453,475.811,479.102,482.275,485.333,488.506],
	"duration":[0,0,0,0,0,0,0,0,0,0,0,0,0,0,0,0,0,0,0,0,0,0,0,0,0,0,0,0,0,0,0,0,0,0,0,0,0,0,0,0,0,0,0,0,0,0,0,0,0,0,0,0,0,0,0,0,0,0,0,0,0,0,0,0,0,0,0,0,0,0,0,0,0,0,0,0,0,0,0,0,0,0,0,0,0,0,0,0,0,0,0,0,0,0,0,0,0,0,0,0,0,0,0,0,0,0,0,0,0,0,0,0,0,0,0,0,0,0,0,0,0,0,0,0,0,0,0,0,0,0,0,0,0,0,0,0,0,0,0,0,0,0,0,0,0,0],
	"event_sample":[26752,30188,33588,37024,40515,43915,47278,50806,54481,57935,61482,64808,68263,71754,75154,78682,82191,85683,89303,92812,96230,99869,103323,106705,110325,113816,117399,121038,124455,127984,131328,134727,138329,141949,145404,149042,152386,155952,159535,163118,166609,170174,173629,177028,180593,183938,187429,190975,194577,198234,201780,205253,208690,212181,215746,219182,222563,226146,229675,233074,236382,239744,243236,246709,250292,253655,256999,260436,264056,267547,270855,274438,277911,281310,284747,288256,291766,295313,298767,302259,305823,309296,312733,316353,319992,323427,326937,330429,333884,337301,340884,344412,347922,351303,354740,358286,361833,365453,368889,375853,379234,382707,386327,389874,393475,396930,400366,403913,407240,410638,414295,417750,421333,424898,428279,431899,435464,438955,442373,445846,449485,452994,456651,460234,463781,467327,470875,474439,477893,481569,484968,488478,491896,495479,498842,502278,505733,509279,512642,516243,519698,523392,527012,530503,533866,537357],
	"trial_type":[
		"Famous",
		"Famous",
		"Famous",
		"Famous",
		"Famous",
		"Famous",
		"Famous",
		"Unfamiliar",
		"Famous",
		"Scrambled",
		"Scrambled",
		"Famous",
		"Unfamiliar",
		"Famous",
		"Scrambled",
		"Unfamiliar",
		"Scrambled",
		"Famous",
		"Unfamiliar",
		"Unfamiliar",
		"Scrambled",
		"Unfamiliar",
		"Unfamiliar",
		"Famous",
		"Scrambled",
		"Scrambled",
		"Scrambled",
		"Famous",
		"Scrambled",
		"Scrambled",
		"Scrambled",
		"Scrambled",
		"Scrambled",
		"Scrambled",
		"Famous",
		"Famous",
		"Unfamiliar",
		"Famous",
		"Unfamiliar",
		"Famous",
		"Scrambled",
		"Scrambled",
		"Famous",
		"Famous",
		"Unfamiliar",
		"Unfamiliar",
		"Unfamiliar",
		"Famous",
		"Unfamiliar",
		"Unfamiliar",
		"Unfamiliar",
		"Famous",
		"Famous",
		"Scrambled",
		"Scrambled",
		"Unfamiliar",
		"Scrambled",
		"Unfamiliar",
		"Famous",
		"Famous",
		"Scrambled",
		"Scrambled",
		"Famous",
		"Famous",
		"Scrambled",
		"Unfamiliar",
		"Famous",
		"Scrambled",
		"Famous",
		"Scrambled",
		"Unfamiliar",
		"Unfamiliar",
		"Scrambled",
		"Unfamiliar",
		"Famous",
		"Unfamiliar",
		"Unfamiliar",
		"Famous",
		"Famous",
		"Famous",
		"Scrambled",
		"Unfamiliar",
		"Unfamiliar",
		"Unfamiliar",
		"Unfamiliar",
		"Unfamiliar",
		"Scrambled",
		"Scrambled",
		"Unfamiliar",
		"Unfamiliar",
		"Unfamiliar",
		"Scrambled",
		"Scrambled",
		"Unfamiliar",
		"Scrambled",
		"Unfamiliar",
		"Unfamiliar",
		"Famous",
		"Famous",
		"Famous",
		"Scrambled",
		"Scrambled",
		"Scrambled",
		"Scrambled",
		"Scrambled",
		"Scrambled",
		"Unfamiliar",
		"Famous",
		"Famous",
		"Famous",
		"Famous",
		"Unfamiliar",
		"Unfamiliar",
		"Scrambled",
		"Scrambled",
		"Scrambled",
		"Famous",
		"Unfamiliar",
		"Scrambled",
		"Scrambled",
		"Unfamiliar",
		"Unfamiliar",
		"Unfamiliar",
		"Unfamiliar",
		"Famous",
		"Famous",
		"Famous",
		"Scrambled",
		"Famous",
		"Scrambled",
		"Scrambled",
		"Unfamiliar",
		"Scrambled",
		"Famous",
		"Famous",
		"Unfamiliar",
		"Famous",
		"Famous",
		"Unfamiliar",
		"Unfamiliar",
		"Famous",
		"Unfamiliar",
		"Scrambled",
		"Scrambled",
		"Scrambled",
		"Unfamiliar"
	],
	"event_value":[5,6,5,5,6,5,6,13,5,17,18,7,13,5,17,15,17,7,13,14,17,15,13,7,17,18,19,5,19,17,18,17,18,19,5,6,15,5,13,7,17,18,5,6,13,14,13,7,13,14,15,5,6,17,18,13,17,15,5,6,17,18,5,6,17,15,5,19,5,17,13,13,19,13,7,13,14,7,5,6,19,13,15,13,14,15,17,18,15,13,14,17,17,15,17,13,14,5,6,5,19,17,18,19,17,19,13,5,6,5,6,13,14,17,18,19,5,15,17,17,13,13,14,13,7,5,6,19,5,19,17,15,17,5,6,15,5,6,13,14,7,13,19,17,19,13],
	"stim_file":[
		"f119.bmp",
		"f119.bmp",
		"f147.bmp",
		"f110.bmp",
		"f110.bmp",
		"f035.bmp",
		"f035.bmp",
		"u013.bmp",
		"f054.bmp",
		"s043.bmp",
		"s043.bmp",
		"f147.bmp",
		"u132.bmp",
		"f128.bmp",
		"s132.bmp",
		"u013.bmp",
		"s024.bmp",
		"f054.bmp",
		"u001.bmp",
		"u001.bmp",
		"s009.bmp",
		"u132.bmp",
		"u005.bmp",
		"f128.bmp",
		"s096.bmp",
		"s096.bmp",
		"s132.bmp",
		"f116.bmp",
		"s024.bmp",
		"s150.bmp",
		"s150.bmp",
		"s141.bmp",
		"s141.bmp",
		"s009.bmp",
		"f003.bmp",
		"f003.bmp",
		"u005.bmp",
		"f137.bmp",
		"u108.bmp",
		"f116.bmp",
		"s129.bmp",
		"s129.bmp",
		"f085.bmp",
		"f085.bmp",
		"u054.bmp",
		"u054.bmp",
		"u004.bmp",
		"f137.bmp",
		"u059.bmp",
		"u059.bmp",
		"u108.bmp",
		"f109.bmp",
		"f109.bmp",
		"s113.bmp",
		"s113.bmp",
		"u024.bmp",
		"s015.bmp",
		"u004.bmp",
		"f091.bmp",
		"f091.bmp",
		"s031.bmp",
		"s031.bmp",
		"f111.bmp",
		"f111.bmp",
		"s116.bmp",
		"u024.bmp",
		"f019.bmp",
		"s015.bmp",
		"f113.bmp",
		"s056.bmp",
		"u032.bmp",
		"u140.bmp",
		"s116.bmp",
		"u101.bmp",
		"f019.bmp",
		"u116.bmp",
		"u116.bmp",
		"f113.bmp",
		"f124.bmp",
		"f124.bmp",
		"s056.bmp",
		"u081.bmp",
		"u032.bmp",
		"u135.bmp",
		"u135.bmp",
		"u140.bmp",
		"s047.bmp",
		"s047.bmp",
		"u101.bmp",
		"u056.bmp",
		"u056.bmp",
		"s139.bmp",
		"s008.bmp",
		"u081.bmp",
		"s099.bmp",
		"u120.bmp",
		"u120.bmp",
		"f079.bmp",
		"f079.bmp",
		"f102.bmp",
		"s139.bmp",
		"s117.bmp",
		"s117.bmp",
		"s008.bmp",
		"s134.bmp",
		"s099.bmp",
		"u085.bmp",
		"f120.bmp",
		"f120.bmp",
		"f089.bmp",
		"f089.bmp",
		"u128.bmp",
		"u128.bmp",
		"s140.bmp",
		"s140.bmp",
		"s134.bmp",
		"f020.bmp",
		"u085.bmp",
		"s050.bmp",
		"s122.bmp",
		"u078.bmp",
		"u074.bmp",
		"u074.bmp",
		"u139.bmp",
		"f020.bmp",
		"f126.bmp",
		"f126.bmp",
		"s050.bmp",
		"f046.bmp",
		"s122.bmp",
		"s052.bmp",
		"u078.bmp",
		"s135.bmp",
		"f002.bmp",
		"f002.bmp",
		"u139.bmp",
		"f009.bmp",
		"f009.bmp",
		"u138.bmp",
		"u138.bmp",
		"f046.bmp",
		"u104.bmp",
		"s052.bmp",
		"s133.bmp",
		"s135.bmp",
		"u137.bmp"
	]
}
