{
	"onset":[16.007,21.251,31.756,37.017,42.261,47.506,52.767,58.011,63.255,68.51600000000001,73.76000000000001,79.004,84.265,89.51000000000001,94.754,105.259,110.503,115.764,121.008,126.253,131.514,136.758,142.002,147.263,152.507,157.751,163.012,168.257,178.762,184.006,189.267,194.511,199.756,205.017,210.261,215.505,220.766,226.01,231.254,236.515,241.759,252.265,257.509,262.753,268.014,273.258,278.503,283.764,289.008,294.252,299.513,304.757,310.001,315.262,325.751,331.012,336.256,341.517,346.761,352.005,357.266,362.51,367.755,373.016,378.26,383.504,388.765,399.254,404.514,409.759,415.003,420.264,425.508,430.752,436.014,441.258,446.502,451.763,457.007,462.251,472.756,478.017,483.262,488.506,493.767,499.011,504.255,509.516,514.76,520.005,525.266,530.51,535.754,546.259,551.503,556.764],
	"duration":[1.558,1.051,1.001,0.974,1.014,1.173,1.254,0.994,1.31,1.027,0.902,1.474,1.228,1.232,0.795,1.153,1.341,0.823,0.771,1.663,1.421,0.862,0.859,1.085,1.69,1.151,1.507,1.019,0.834,0.9340000000000001,0.8,0.852,1,0.739,0.873,0.971,0.802,0.891,1.018,1.392,0.75,0.773,1.002,1.188,1.317,1.105,0.749,1.392,0.6919999999999999,1.6,0.789,0.825,1.181,0.91,0.849,0.802,1.132,1.056,1.069,0.678,0.801,0.726,0.946,0.797,0.92,0.894,1.103,0.706,1.266,1.343,2.276,0.878,1.367,0.823,0.984,0.8100000000000001,1.423,1.018,1.389,0.921,0.727,0.8100000000000001,1.302,0.794,0.993,0.952,0.732,0.9370000000000001,1.195,0.8090000000000001,0.6899999999999999,0.697,1.081,0.857,0.822,1.095],
	"trial_type":[
		"easy_par",
		"easy_par",
		"easy_par",
		"easy_par",
		"hard_par",
		"easy_par",
		"easy_par",
		"easy_par",
		"hard_par",
		"hard_par",
		"hard_par",
		"easy_par",
		"easy_par",
		"easy_par",
		"easy_par",
		"hard_par",
		"hard_par",
		"hard_par",
		"easy_par",
		"hard_par",
		"hard_par",
		"easy_par",
		"easy_par",
		"hard_par",
		"easy_par",
		"hard_par",
		"hard_par",
		"hard_par",
		"easy_par",
		"hard_par",
		"hard_par",
		"easy_par",
		"easy_par",
		"hard_par",
		"hard_par",
		"hard_par",
		"hard_par",
		"easy_par",
		"easy_par",
		"hard_par",
		"easy_par",
		"easy_par",
		"easy_par",
		"hard_par",
		"easy_par",
		"easy_par",
		"hard_par",
		"easy_par",
		"easy_par",
		"hard_par",
		"hard_par",
		"easy_par",
		"easy_par",
		"hard_par",
		"easy_par",
		"easy_par",
		"hard_par",
		"hard_par",
		"hard_par",
		"easy_par",
		"hard_par",
		"easy_par",
		"hard_par",
		"easy_par",
		"easy_par",
		"easy_par",
		"hard_par",
		"hard_par",
		"easy_par",
		"hard_par",
		"hard_par",
		"hard_par",
		"easy_par",
		"hard_par",
		"hard_par",
		"easy_par",
		"hard_par",
		"hard_par",
		"easy_par",
		"easy_par",
		"easy_par",
		"hard_par",
		"hard_par",
		"easy_par",
		"hard_par",
		"easy_par",
		"easy_par",
		"easy_par",
		"hard_par",
		"easy_par",
		"hard_par",
		"hard_par",
		"easy_par",
		"hard_par",
		"hard_par",
		"hard_par"
	],
	"easy_par":[
		-74.833,
		-93.833,
		24.167,
		269.167,
		"n/a",
		-88.833,
		269.167,
		-35.833,
		"n/a",
		"n/a",
		"n/a",
		-93.833,
		-74.833,
		-74.833,
		269.167,
		"n/a",
		"n/a",
		"n/a",
		-93.833,
		"n/a",
		"n/a",
		24.167,
		-93.833,
		"n/a",
		-88.833,
		"n/a",
		"n/a",
		"n/a",
		-35.833,
		"n/a",
		"n/a",
		269.167,
		-88.833,
		"n/a",
		"n/a",
		"n/a",
		"n/a",
		24.167,
		24.167,
		"n/a",
		-88.833,
		-35.833,
		24.167,
		"n/a",
		-88.833,
		24.167,
		"n/a",
		-35.833,
		-93.833,
		"n/a",
		"n/a",
		269.167,
		-35.833,
		"n/a",
		-88.833,
		-74.833,
		"n/a",
		"n/a",
		"n/a",
		-93.833,
		"n/a",
		-88.833,
		"n/a",
		-74.833,
		-35.833,
		-35.833,
		"n/a",
		"n/a",
		-74.833,
		"n/a",
		"n/a",
		"n/a",
		-93.833,
		"n/a",
		"n/a",
		269.167,
		"n/a",
		"n/a",
		-88.833,
		-74.833,
		269.167,
		"n/a",
		"n/a",
		-74.833,
		"n/a",
		24.167,
		-93.833,
		-35.833,
		"n/a",
		269.167,
		"n/a",
		"n/a",
		24.167,
		"n/a",
		"n/a",
		"n/a"
	],
	"hard_par":[
		"n/a",
		"n/a",
		"n/a",
		"n/a",
		269.167,
		"n/a",
		"n/a",
		"n/a",
		-35.833,
		-88.833,
		-88.833,
		"n/a",
		"n/a",
		"n/a",
		"n/a",
		269.167,
		-93.833,
		-93.833,
		"n/a",
		-93.833,
		-88.833,
		"n/a",
		"n/a",
		24.167,
		"n/a",
		-74.833,
		-35.833,
		-93.833,
		"n/a",
		-88.833,
		-88.833,
		"n/a",
		"n/a",
		-93.833,
		269.167,
		269.167,
		-74.833,
		"n/a",
		"n/a",
		269.167,
		"n/a",
		"n/a",
		"n/a",
		24.167,
		"n/a",
		"n/a",
		269.167,
		"n/a",
		"n/a",
		-74.833,
		-74.833,
		"n/a",
		"n/a",
		24.167,
		"n/a",
		"n/a",
		-35.833,
		-88.833,
		-74.833,
		"n/a",
		-35.833,
		"n/a",
		24.167,
		"n/a",
		"n/a",
		"n/a",
		-74.833,
		-93.833,
		"n/a",
		-74.833,
		-35.833,
		-74.833,
		"n/a",
		-88.833,
		24.167,
		"n/a",
		24.167,
		-35.833,
		"n/a",
		"n/a",
		"n/a",
		-35.833,
		24.167,
		"n/a",
		24.167,
		"n/a",
		"n/a",
		"n/a",
		-35.833,
		"n/a",
		-88.833,
		-93.833,
		"n/a",
		-93.833,
		269.167,
		269.167
	]
}
