{
	"onset":[0.019,2.142,4.632,6.888,9.76,12.133,15.634,18.887,21.526,24.131,28.513,30.886,33.757,37.392,42.005,45.142,48.146,50.519,53.506,55.896,57.887,60.145,62.767,65.00700000000001,68.758,73.006,75.396,79.14700000000001,81.13800000000001,83.64400000000001,86.26600000000001,88.39100000000001,91.643,93.884,96.39,100.007,102.016,104.007,107.642,111.143,113.516,116.388,120.005,123.391,126.013,128.021,130.013,133.017,135.888,138.759,141.514,143.771,146.509,148.633,151.77,154.641,158.889,161.761,164.631,167.519,169.644,171.635,175.137,177.261,181.144,183.269,185.393,188.513,190.637,192.761,195.633,198.387,202.138,204.76,206.884,211.017,213.257,215.631,218.136,221.14,223.895,228.393,233.77,236.027,239.512,242.018,244.258,248.507,250.515,252.506,254.763,257.137,259.394,261.767,265.882,267.891,270.894,273.019,275.143,277.881,281.267,284.387,286.395,288.635,291.39,295.008,297.265,299.638,303.771,307.256,310.144,313.264,315.521,318.392,320.881,322.889,325.014,327.387,330.009,333.261,335.386,339.634,344.381,346.389,348.895,351.384,353.508,356.396],
	"duration":[1.5,1.5,1.5,1.5,1.5,1.5,1.5,1.5,1.5,1.5,1.5,1.5,1.5,1.5,1.5,1.5,1.5,1.5,1.5,1.5,1.5,1.5,1.5,1.5,1.5,1.5,1.5,1.5,1.5,1.5,1.5,1.5,1.5,1.5,1.5,1.5,1.5,1.5,1.5,1.5,1.5,1.5,1.5,1.5,1.5,1.5,1.5,1.5,1.5,1.5,1.5,1.5,1.5,1.5,1.5,1.5,1.5,1.5,1.5,1.5,1.5,1.5,1.5,1.5,1.5,1.5,1.5,1.5,1.5,1.5,1.5,1.5,1.5,1.5,1.5,1.5,1.5,1.5,1.5,1.5,1.5,1.5,1.5,1.5,1.5,1.5,1.5,1.5,1.5,1.5,1.5,1.5,1.5,1.5,1.5,1.5,1.5,1.5,1.5,1.5,1.5,1.5,1.5,1.5,1.5,1.5,1.5,1.5,1.5,1.5,1.5,1.5,1.5,1.5,1.5,1.5,1.5,1.5,1.5,1.5,1.5,1.5,1.5,1.5,1.5,1.5,1.5,1.5],
	"trial_type":[
		"succ_stop",
		"go",
		"go",
		"unsucc_stop",
		"go",
		"go",
		"go",
		"go",
		"go",
		"go",
		"go",
		"go",
		"go",
		"junk",
		"succ_stop",
		"unsucc_stop",
		"go",
		"go",
		"junk",
		"unsucc_stop",
		"go",
		"go",
		"go",
		"go",
		"go",
		"unsucc_stop",
		"succ_stop",
		"go",
		"go",
		"go",
		"go",
		"go",
		"go",
		"go",
		"go",
		"go",
		"go",
		"go",
		"unsucc_stop",
		"unsucc_stop",
		"succ_stop",
		"go",
		"go",
		"go",
		"go",
		"go",
		"go",
		"succ_stop",
		"unsucc_stop",
		"go",
		"go",
		"go",
		"go",
		"go",
		"junk",
		"unsucc_stop",
		"go",
		"succ_stop",
		"go",
		"go",
		"go",
		"go",
		"unsucc_stop",
		"go",
		"go",
		"go",
		"unsucc_stop",
		"go",
		"unsucc_stop",
		"go",
		"go",
		"go",
		"unsucc_stop",
		"succ_stop",
		"go",
		"go",
		"go",
		"go",
		"go",
		"go",
		"succ_stop",
		"go",
		"go",
		"go",
		"go",
		"succ_stop",
		"go",
		"go",
		"go",
		"go",
		"go",
		"junk",
		"go",
		"go",
		"unsucc_stop",
		"succ_stop",
		"go",
		"go",
		"go",
		"go",
		"succ_stop",
		"unsucc_stop",
		"go",
		"go",
		"go",
		"succ_stop",
		"go",
		"go",
		"go",
		"go",
		"go",
		"unsucc_stop",
		"unsucc_stop",
		"succ_stop",
		"go",
		"go",
		"go",
		"go",
		"go",
		"go",
		"go",
		"go",
		"go",
		"go",
		"go",
		"go",
		"succ_stop",
		"unsucc_stop"
	]
}
