{
	"onset":[1.003,7.011,15.01,21.001,29.017,36.004,41.016,48.002,53.014,61.014,69.01300000000001,76.01600000000001,83.003,89.011,100.013,106.005,111.017,117.008,121.007,127.015,139.014,146.017,150.017,157.004,163.011,171.01,176.006,183.009,188.005,196.004,201.016,208.002,212.002,219.006,225.013,233.012,240.016,247.003,252.014,259.001,263.018,270.004,276.012,285.007,292.01,301.005,307.013,314.016,319.012,325.003,332.006,339.01,344.005,351.008,355.008,361.016,365.015,373.014,381.014,387.005],
	"duration":[5,3,5,3,5,3,5,3,5,3,5,3,5,3,5,3,5,3,5,3,5,3,5,3,5,3,5,3,5,3,5,3,5,3,5,3,5,3,5,3,5,3,5,3,5,3,5,3,5,3,5,3,5,3,5,3,5,3,5,3],
	"trial_type":[
		"att_neut",
		"rating_par",
		"att_neg",
		"rating_par",
		"att_neg",
		"rating_par",
		"suppr_neg",
		"rating_par",
		"suppr_neg",
		"rating_par",
		"att_neg",
		"rating_par",
		"suppr_neg",
		"rating_par",
		"att_neut",
		"rating_par",
		"att_neut",
		"rating_par",
		"suppr_neg",
		"rating_par",
		"att_neg",
		"rating_par",
		"att_neut",
		"rating_par",
		"suppr_neg",
		"rating_par",
		"att_neut",
		"rating_par",
		"att_neut",
		"rating_par",
		"att_neg",
		"rating_par",
		"att_neut",
		"rating_par",
		"att_neg",
		"rating_par",
		"att_neut",
		"rating_par",
		"suppr_neg",
		"rating_par",
		"att_neg",
		"rating_par",
		"att_neg",
		"rating_par",
		"att_neut",
		"rating_par",
		"suppr_neg",
		"rating_par",
		"suppr_neg",
		"rating_par",
		"suppr_neg",
		"rating_par",
		"suppr_neg",
		"rating_par",
		"att_neg",
		"rating_par",
		"att_neut",
		"rating_par",
		"att_neg",
		"rating_par"
	],
	"rating_par":[
		"n/a",
		-1.2,
		"n/a",
		0.8,
		"n/a",
		0.8,
		"n/a",
		0.8,
		"n/a",
		0.8,
		"n/a",
		1.8,
		"n/a",
		1.8,
		"n/a",
		-1.2,
		"n/a",
		-1.2,
		"n/a",
		-0.2,
		"n/a",
		1.8,
		"n/a",
		-1.2,
		"n/a",
		-0.2,
		"n/a",
		-1.2,
		"n/a",
		-1.2,
		"n/a",
		0.8,
		"n/a",
		-1.2,
		"n/a",
		-0.2,
		"n/a",
		-1.2,
		"n/a",
		1.8,
		"n/a",
		1.8,
		"n/a",
		-0.2,
		"n/a",
		-1.2,
		"n/a",
		-0.2,
		"n/a",
		-0.2,
		"n/a",
		-1.2,
		"n/a",
		-0.2,
		"n/a",
		0.8,
		"n/a",
		-1.2,
		"n/a",
		0.8
	]
}
