{
	"onset":[1.016,8.002000000000001,13.014,19.006,29.013,37.012,43.003,49.011,53.01,60.014,65.009,71.017,77.008,84.011,89.00700000000001,95.014,99.014,105.005,111.013,119.012,127.011,134.014,141.001,147.009,151.009,159.008,170.011,177.014,183.005,190.009,194.008,201.012,205.011,212.015,217.01,223.001,233.008,241.007,248.011,254.002,259.014,266.001,272.009,280.008,285.003,292.007,297.002,305.001,309.017,316.004,320.003,326.011,339.006,347.005,353.013,362.008,367.003,375.002,380.014,386.005],
	"duration":[5,3,5,3,5,3,5,3,5,3,5,3,5,3,5,3,5,3,5,3,5,3,5,3,5,3,5,3,5,3,5,3,5,3,5,3,5,3,5,3,5,3,5,3,5,3,5,3,5,3,5,3,5,3,5,3,5,3,5,3],
	"trial_type":[
		"att_neg",
		"rating_par",
		"att_neut",
		"rating_par",
		"att_neg",
		"rating_par",
		"suppr_neg",
		"rating_par",
		"suppr_neg",
		"rating_par",
		"suppr_neg",
		"rating_par",
		"suppr_neg",
		"rating_par",
		"att_neut",
		"rating_par",
		"att_neg",
		"rating_par",
		"att_neg",
		"rating_par",
		"suppr_neg",
		"rating_par",
		"att_neut",
		"rating_par",
		"att_neg",
		"rating_par",
		"att_neut",
		"rating_par",
		"att_neg",
		"rating_par",
		"att_neut",
		"rating_par",
		"att_neut",
		"rating_par",
		"suppr_neg",
		"rating_par",
		"att_neut",
		"rating_par",
		"att_neg",
		"rating_par",
		"suppr_neg",
		"rating_par",
		"att_neut",
		"rating_par",
		"att_neut",
		"rating_par",
		"suppr_neg",
		"rating_par",
		"att_neg",
		"rating_par",
		"suppr_neg",
		"rating_par",
		"suppr_neg",
		"rating_par",
		"att_neg",
		"rating_par",
		"att_neg",
		"rating_par",
		"att_neut",
		"rating_par"
	],
	"rating_par":[
		"n/a",
		0.8,
		"n/a",
		-1.2,
		"n/a",
		1.8,
		"n/a",
		0.8,
		"n/a",
		1.8,
		"n/a",
		1.8,
		"n/a",
		-0.2,
		"n/a",
		-1.2,
		"n/a",
		-1.2,
		"n/a",
		0.8,
		"n/a",
		-1.2,
		"n/a",
		-1.2,
		"n/a",
		-1.2,
		"n/a",
		-1.2,
		"n/a",
		1.8,
		"n/a",
		-1.2,
		"n/a",
		-1.2,
		"n/a",
		-1.2,
		"n/a",
		-1.2,
		"n/a",
		0.8,
		"n/a",
		0.8,
		"n/a",
		-1.2,
		"n/a",
		-1.2,
		"n/a",
		1.8,
		"n/a",
		-1.2,
		"n/a",
		0.8,
		"n/a",
		1.8,
		"n/a",
		1.8,
		"n/a",
		-0.2,
		"n/a",
		-0.2
	]
}
