{
	"onset":[0.016,3.135,5.393,7.766,11.135,13.143,15.267,19.881,22.271,24.893,27.017,29.39,31.381,35.265,38.385,41.638,45.007,47.513,51.014,53.006,57.52,59.893,61.885,63.893,66.38200000000001,68.88800000000001,71.892,74.896,77.26900000000001,79.509,84.389,87.143,91.75700000000001,94.26300000000001,97.51600000000001,99.50700000000001,101.764,104.884,108.021,110.892,114.394,116.634,119.256,122.509,124.882,127.886,130.01,132.018,136.134,138.507,141.644,145.511,147.519,149.759,151.884,154.771,157.643,159.767,161.758,164.762,168.015,172.263,175.765,177.757,180.76,182.768,187.515,189.755,192.643,195.265,198.634,201.887,204.011,208.143,210.135,212.259,214.765,217.387,219.395,221.885,224.258,227.76,230.763,232.772,236.008,239.758,243.144,245.633,248.886,251.757,254.263,257.383,260.271,263.64,265.631,267.639,270.012,272.386,275.008,278.394,282.393,284.634,287.256,289.397,293.014,296.018,298.01,300.018,302.507,304.631,306.888,308.897,312.382,315.518,318.771,321.509,323.883,326.139,330.006,334.637,336.761,339.018,341.142,343.383,346.021,348.013,350.386,352.394],
	"duration":[1.5,1.5,1.5,1.5,1.5,1.5,1.5,1.5,1.5,1.5,1.5,1.5,1.5,1.5,1.5,1.5,1.5,1.5,1.5,1.5,1.5,1.5,1.5,1.5,1.5,1.5,1.5,1.5,1.5,1.5,1.5,1.5,1.5,1.5,1.5,1.5,1.5,1.5,1.5,1.5,1.5,1.5,1.5,1.5,1.5,1.5,1.5,1.5,1.5,1.5,1.5,1.5,1.5,1.5,1.5,1.5,1.5,1.5,1.5,1.5,1.5,1.5,1.5,1.5,1.5,1.5,1.5,1.5,1.5,1.5,1.5,1.5,1.5,1.5,1.5,1.5,1.5,1.5,1.5,1.5,1.5,1.5,1.5,1.5,1.5,1.5,1.5,1.5,1.5,1.5,1.5,1.5,1.5,1.5,1.5,1.5,1.5,1.5,1.5,1.5,1.5,1.5,1.5,1.5,1.5,1.5,1.5,1.5,1.5,1.5,1.5,1.5,1.5,1.5,1.5,1.5,1.5,1.5,1.5,1.5,1.5,1.5,1.5,1.5,1.5,1.5,1.5,1.5],
	"trial_type":[
		"go",
		"go",
		"go",
		"go",
		"go",
		"go",
		"junk",
		"unsucc_stop",
		"go",
		"go",
		"go",
		"unsucc_stop",
		"go",
		"succ_stop",
		"go",
		"go",
		"go",
		"go",
		"go",
		"go",
		"go",
		"unsucc_stop",
		"go",
		"unsucc_stop",
		"unsucc_stop",
		"succ_stop",
		"go",
		"go",
		"go",
		"go",
		"go",
		"go",
		"succ_stop",
		"succ_stop",
		"go",
		"go",
		"go",
		"go",
		"go",
		"go",
		"go",
		"go",
		"go",
		"succ_stop",
		"go",
		"unsucc_stop",
		"go",
		"go",
		"go",
		"unsucc_stop",
		"succ_stop",
		"go",
		"go",
		"go",
		"go",
		"go",
		"go",
		"go",
		"go",
		"go",
		"go",
		"succ_stop",
		"unsucc_stop",
		"go",
		"succ_stop",
		"unsucc_stop",
		"go",
		"go",
		"go",
		"go",
		"go",
		"go",
		"go",
		"go",
		"go",
		"go",
		"go",
		"unsucc_stop",
		"go",
		"unsucc_stop",
		"succ_stop",
		"go",
		"go",
		"go",
		"go",
		"go",
		"go",
		"unsucc_stop",
		"go",
		"unsucc_stop",
		"go",
		"succ_stop",
		"go",
		"go",
		"go",
		"go",
		"go",
		"go",
		"go",
		"go",
		"succ_stop",
		"go",
		"succ_stop",
		"go",
		"go",
		"go",
		"go",
		"go",
		"go",
		"go",
		"unsucc_stop",
		"unsucc_stop",
		"go",
		"go",
		"go",
		"go",
		"go",
		"go",
		"unsucc_stop",
		"unsucc_stop",
		"go",
		"go",
		"succ_stop",
		"succ_stop",
		"go",
		"go",
		"go",
		"go"
	]
}
