{
	"onset":[0.035,4.382,6.888,8.896000000000001,10.887,13.261,16.514,18.505,22.139,24.645,26.637,30.271,32.263,34.271,37.756,40.395,43.764,46.768,48.759,52.012,55.763,58.02,60.509,63.264,65.38800000000001,67.761,70.018,72.64,74.63200000000001,77.88500000000001,80.009,82.133,84.258,88.88800000000001,91.39400000000001,93.518,95.642,99.89100000000001,102.646,104.886,107.143,111.392,113.516,116.271,119.142,121.382,123.756,125.896,128.137,133.016,135.389,137.646,139.771,143.521,145.762,148.384,152.632,155.006,157.262,160.515,163.137,165.145,168.631,170.639,173.51,176.513,178.887,181.642,183.766,186.886,189.392,192.894,195.516,199.764,202.387,204.511,208.759,210.767,213.257,215.381,218.136,220.26,223.38,225.521,228.01,230.881,234.765,237.005,240.507,242.764,244.756,247.394,249.767,253.518,256.887,259.891,262.264,264.256,267.641,271.392,276.022,278.644,281.134,284.386,287.755,289.763,292.518,294.643,298.758,300.766,303.256,305.513,308.019,311.271,313.263,315.885,318.889,321.146,323.884,326.509,331.137,335.136,337.393,339.767,342.007,344.015,346.77,348.761],
	"duration":[1.5,1.5,1.5,1.5,1.5,1.5,1.5,1.5,1.5,1.5,1.5,1.5,1.5,1.5,1.5,1.5,1.5,1.5,1.5,1.5,1.5,1.5,1.5,1.5,1.5,1.5,1.5,1.5,1.5,1.5,1.5,1.5,1.5,1.5,1.5,1.5,1.5,1.5,1.5,1.5,1.5,1.5,1.5,1.5,1.5,1.5,1.5,1.5,1.5,1.5,1.5,1.5,1.5,1.5,1.5,1.5,1.5,1.5,1.5,1.5,1.5,1.5,1.5,1.5,1.5,1.5,1.5,1.5,1.5,1.5,1.5,1.5,1.5,1.5,1.5,1.5,1.5,1.5,1.5,1.5,1.5,1.5,1.5,1.5,1.5,1.5,1.5,1.5,1.5,1.5,1.5,1.5,1.5,1.5,1.5,1.5,1.5,1.5,1.5,1.5,1.5,1.5,1.5,1.5,1.5,1.5,1.5,1.5,1.5,1.5,1.5,1.5,1.5,1.5,1.5,1.5,1.5,1.5,1.5,1.5,1.5,1.5,1.5,1.5,1.5,1.5,1.5,1.5],
	"trial_type":[
		"go",
		"unsucc_stop",
		"unsucc_stop",
		"go",
		"go",
		"go",
		"go",
		"go",
		"go",
		"go",
		"junk",
		"go",
		"go",
		"go",
		"go",
		"unsucc_stop",
		"go",
		"go",
		"go",
		"go",
		"unsucc_stop",
		"go",
		"go",
		"unsucc_stop",
		"unsucc_stop",
		"go",
		"go",
		"go",
		"unsucc_stop",
		"go",
		"go",
		"go",
		"go",
		"go",
		"go",
		"go",
		"go",
		"unsucc_stop",
		"unsucc_stop",
		"go",
		"unsucc_stop",
		"go",
		"unsucc_stop",
		"go",
		"go",
		"go",
		"go",
		"go",
		"go",
		"go",
		"go",
		"go",
		"go",
		"unsucc_stop",
		"go",
		"unsucc_stop",
		"go",
		"unsucc_stop",
		"go",
		"go",
		"go",
		"go",
		"succ_stop",
		"go",
		"go",
		"go",
		"unsucc_stop",
		"go",
		"go",
		"go",
		"go",
		"unsucc_stop",
		"unsucc_stop",
		"go",
		"go",
		"go",
		"unsucc_stop",
		"go",
		"go",
		"go",
		"go",
		"go",
		"go",
		"go",
		"go",
		"go",
		"succ_stop",
		"succ_stop",
		"succ_stop",
		"succ_stop",
		"go",
		"go",
		"go",
		"go",
		"go",
		"go",
		"succ_stop",
		"go",
		"unsucc_stop",
		"go",
		"go",
		"go",
		"go",
		"go",
		"go",
		"go",
		"go",
		"go",
		"go",
		"go",
		"unsucc_stop",
		"unsucc_stop",
		"succ_stop",
		"go",
		"go",
		"go",
		"go",
		"go",
		"go",
		"unsucc_stop",
		"unsucc_stop",
		"go",
		"succ_stop",
		"go",
		"go",
		"go",
		"go",
		"go"
	]
}
