{
	"onset":[0.021,2.227,3.952,5.745,13.545,15.503,17.212,18.822,22.258,24.199,25.676,27.502,31.518,34.007,35.684,37.509,42.554,44.911,46.935,48.745,54.37,56.229,57.856,59.216,62.652,64.145,66.303,68.128,69.556,74.45099999999999,76.642,78.48399999999999,79.86199999999999,81.654,85.288,87.14700000000001,88.973,90.898,92.93899999999999,95.13,99.345,101.668,103.959,105.436,107.012,108.473,110,113.485,115.692,117.418,119.426,121.218,123.442,125.45,131.192,133.101,134.711,136.038,137.947,139.524,141.316,145.266,147.357,148.751,150.709,152.004,154.277,157.961,160.252,161.546,163.372,167.753,169.728,171.371,173.064,175.337,179.47,180.814,182.639,185.162,186.971,190.605,191.966,193.294,194.688,196.829,198.737,200.779,204.529,206.902,209.027,210.437,216.76,218.503,219.897,221.507,223.299,225.042,229.157,230.684,232.609,234.667,236.675,237.953,240.26,242.401,245.82,247.214,249.272,251.163,253.155,255.179,257.188,261.27,262.615,264.141,266.083,267.759,269.386,273.468,275.344,277.152,278.945,281.052,285.002,286.994,288.902,290.977,292.537,298.428,300.055,301.482,303.639,305.664,307.44,311.423,313.348,315.207,316.733,318.211,319.903,322.293,325.928,327.288,329.097,330.707,332.25,335.603,337.462,339.719,341.743,343.785,345.693,347.27,351.286,352.597,354.854,356.182,357.941,360.413,364.264,366.007,367.682,369.558,371.765,373.358,375.25,379.101,381.241,382.552,384.809,386.353,388.195,391.929,394.103,396.211,398.119,403.015,404.625,406.185,407.795,409.72,413.271,415.213,417.337,418.897,420.822,424.49,426.332,427.759,429.352,431.576,436.771,438.962,440.986,443.094],
	"duration":[2,2,2,2,2,2,2,2,2,2,2,2,2,2,2,2,2,2,2,2,2,2,2,2,2,2,2,2,2,2,2,2,2,2,2,2,2,2,2,2,2,2,2,2,2,2,2,2,2,2,2,2,2,2,2,2,2,2,2,2,2,2,2,2,2,2,2,2,2,2,2,2,2,2,2,2,2,2,2,2,2,2,2,2,2,2,2,2,2,2,2,2,2,2,2,2,2,2,2,2,2,2,2,2,2,2,2,2,2,2,2,2,2,2,2,2,2,2,2,2,2,2,2,2,2,2,2,2,2,2,2,2,2,2,2,2,2,2,2,2,2,2,2,2,2,2,2,2,2,2,2,2,2,2,2,2,2,2,2,2,2,2,2,2,2,2,2,2,2,2,2,2,2,2,2,2,2,2,2,2,2,2,2,2,2,2,2,2,2,2,2,2,2,2,2,2],
	"trial_type":[
		"accept",
		"accept",
		"accept",
		"reject",
		"accept",
		"accept",
		"accept",
		"explode",
		"accept",
		"accept",
		"accept",
		"reject",
		"accept",
		"accept",
		"accept",
		"reject",
		"accept",
		"accept",
		"accept",
		"reject",
		"accept",
		"accept",
		"accept",
		"reject",
		"accept",
		"accept",
		"accept",
		"accept",
		"reject",
		"accept",
		"accept",
		"accept",
		"accept",
		"reject",
		"accept",
		"accept",
		"accept",
		"accept",
		"accept",
		"reject",
		"accept",
		"accept",
		"accept",
		"accept",
		"accept",
		"accept",
		"reject",
		"accept",
		"accept",
		"accept",
		"accept",
		"accept",
		"accept",
		"reject",
		"accept",
		"accept",
		"accept",
		"accept",
		"accept",
		"accept",
		"reject",
		"accept",
		"accept",
		"accept",
		"accept",
		"accept",
		"explode",
		"accept",
		"accept",
		"accept",
		"reject",
		"accept",
		"accept",
		"accept",
		"accept",
		"reject",
		"accept",
		"accept",
		"accept",
		"accept",
		"reject",
		"accept",
		"accept",
		"accept",
		"accept",
		"accept",
		"accept",
		"reject",
		"accept",
		"accept",
		"accept",
		"reject",
		"accept",
		"accept",
		"accept",
		"accept",
		"accept",
		"reject",
		"accept",
		"accept",
		"accept",
		"accept",
		"accept",
		"accept",
		"accept",
		"explode",
		"accept",
		"accept",
		"accept",
		"accept",
		"accept",
		"accept",
		"reject",
		"accept",
		"accept",
		"accept",
		"accept",
		"accept",
		"explode",
		"accept",
		"accept",
		"accept",
		"accept",
		"reject",
		"accept",
		"accept",
		"accept",
		"accept",
		"reject",
		"accept",
		"accept",
		"accept",
		"accept",
		"accept",
		"reject",
		"accept",
		"accept",
		"accept",
		"accept",
		"accept",
		"accept",
		"reject",
		"accept",
		"accept",
		"accept",
		"accept",
		"reject",
		"accept",
		"accept",
		"accept",
		"accept",
		"accept",
		"accept",
		"reject",
		"accept",
		"accept",
		"accept",
		"accept",
		"accept",
		"reject",
		"accept",
		"accept",
		"accept",
		"accept",
		"accept",
		"accept",
		"reject",
		"accept",
		"accept",
		"accept",
		"accept",
		"accept",
		"explode",
		"accept",
		"accept",
		"accept",
		"reject",
		"accept",
		"accept",
		"accept",
		"accept",
		"reject",
		"accept",
		"accept",
		"accept",
		"accept",
		"explode",
		"accept",
		"accept",
		"accept",
		"accept",
		"reject",
		"accept",
		"accept",
		"accept",
		"explode"
	]
}
