{
	"onset":[0.028,2.765,5.52,7.894,10.383,12.391,15.511,20.009,23.012,26.63,28.638,31.393,34.264,37.135,39.144,41.766,43.89,46.645,50.644,52.769,54.893,57.133,59.258,61.515,65.381,69.13200000000001,71.771,73.762,77.646,82.64100000000001,85.13,87.52,89.512,92.764,97.01300000000001,99.884,102.141,104.133,106.141,109.393,111.518,115.517,118.14,120.513,122.77,124.761,127.018,129.391,131.383,134.022,136.76,138.768,141.755,146.02,148.394,150.883,154.385,157.007,159.264,163.131,167.396,171.014,174.383,177.021,179.013,181.386,183.51,187.892,190.514,193.136,195.758,198.015,200.256,203.392,207.641,210.014,212.271,214.76,218.262,221.133,223.639,225.896,228.767,233.132,235.14,237.131,240.019,242.143,245.761,248.267,251.52,254.009,256.764,260.017,262.008,266.888,269.145,272.895,276.015,278.637,281.26,283.268,285.508,288.014,290.138,292.263,295.267,297.507,300.892,303.896,306.021,310.02,312.758,315.513,317.638,319.646,323.015,326.267,328.508,330.765,335.511,339.76,343.394,345.884,347.892,350.132,353.385,355.393],
	"duration":[1.5,1.5,1.5,1.5,1.5,1.5,1.5,1.5,1.5,1.5,1.5,1.5,1.5,1.5,1.5,1.5,1.5,1.5,1.5,1.5,1.5,1.5,1.5,1.5,1.5,1.5,1.5,1.5,1.5,1.5,1.5,1.5,1.5,1.5,1.5,1.5,1.5,1.5,1.5,1.5,1.5,1.5,1.5,1.5,1.5,1.5,1.5,1.5,1.5,1.5,1.5,1.5,1.5,1.5,1.5,1.5,1.5,1.5,1.5,1.5,1.5,1.5,1.5,1.5,1.5,1.5,1.5,1.5,1.5,1.5,1.5,1.5,1.5,1.5,1.5,1.5,1.5,1.5,1.5,1.5,1.5,1.5,1.5,1.5,1.5,1.5,1.5,1.5,1.5,1.5,1.5,1.5,1.5,1.5,1.5,1.5,1.5,1.5,1.5,1.5,1.5,1.5,1.5,1.5,1.5,1.5,1.5,1.5,1.5,1.5,1.5,1.5,1.5,1.5,1.5,1.5,1.5,1.5,1.5,1.5,1.5,1.5,1.5,1.5,1.5,1.5,1.5,1.5],
	"trial_type":[
		"unsucc_stop",
		"go",
		"go",
		"go",
		"go",
		"go",
		"go",
		"unsucc_stop",
		"go",
		"go",
		"go",
		"go",
		"go",
		"unsucc_stop",
		"go",
		"succ_stop",
		"junk",
		"go",
		"go",
		"go",
		"go",
		"go",
		"succ_stop",
		"unsucc_stop",
		"go",
		"unsucc_stop",
		"go",
		"go",
		"unsucc_stop",
		"go",
		"go",
		"go",
		"junk",
		"go",
		"succ_stop",
		"go",
		"go",
		"go",
		"junk",
		"unsucc_stop",
		"succ_stop",
		"succ_stop",
		"go",
		"go",
		"go",
		"go",
		"go",
		"go",
		"succ_stop",
		"go",
		"go",
		"go",
		"go",
		"go",
		"unsucc_stop",
		"go",
		"go",
		"go",
		"succ_stop",
		"unsucc_stop",
		"go",
		"go",
		"junk",
		"go",
		"go",
		"go",
		"go",
		"go",
		"go",
		"go",
		"junk",
		"succ_stop",
		"succ_stop",
		"go",
		"go",
		"unsucc_stop",
		"go",
		"go",
		"go",
		"junk",
		"unsucc_stop",
		"succ_stop",
		"go",
		"go",
		"go",
		"go",
		"go",
		"go",
		"go",
		"go",
		"go",
		"go",
		"unsucc_stop",
		"unsucc_stop",
		"go",
		"go",
		"unsucc_stop",
		"succ_stop",
		"go",
		"go",
		"go",
		"go",
		"go",
		"go",
		"go",
		"go",
		"go",
		"go",
		"go",
		"go",
		"succ_stop",
		"succ_stop",
		"go",
		"go",
		"go",
		"go",
		"unsucc_stop",
		"go",
		"succ_stop",
		"go",
		"go",
		"unsucc_stop",
		"go",
		"go",
		"go",
		"go",
		"succ_stop",
		"go"
	]
}
