{
	"name":[
		"Rx2",
		"Rx1",
		"Rx4",
		"Rx3",
		"Rx6",
		"Rx5",
		"Rx8",
		"Rx7",
		"Rx9",
		"Rx11",
		"Rx10",
		"Rx12",
		"Tx1a",
		"Tx4",
		"Tx1b",
		"Tx3",
		"Tx1c",
		"Tx2",
		"Tx5",
		"Tx1d",
		"Tx6a",
		"Tx9",
		"Tx6b",
		"Tx8",
		"Tx6c",
		"Tx7",
		"Tx10",
		"Tx6d",
		"Tx12",
		"Tx13",
		"Tx14",
		"Tx15",
		"Tx11a",
		"Tx11b",
		"Tx11c",
		"Tx11d"
	],
	"type":[
		"detector",
		"detector",
		"detector",
		"detector",
		"detector",
		"detector",
		"detector",
		"detector",
		"detector",
		"detector",
		"detector",
		"detector",
		"source",
		"source",
		"source",
		"source",
		"source",
		"source",
		"source",
		"source",
		"source",
		"source",
		"source",
		"source",
		"source",
		"source",
		"source",
		"source",
		"source",
		"source",
		"source",
		"source",
		"source",
		"source",
		"source",
		"source"
	],
	"x":[36.21019215,27.24768061,20.738639,-15.67266904,-55.24506278,62.29111824,-70.35411503,31.08605834,68.18595664,33.71510756,-54.26411875,-69.25822454999999,45.24392975,44.93099362,36.44677375,12.59050713,20.31266238,3.156831374,-11.24454551,-23.84300216,-49.01687481,-81.13198118,70.75839626,36.143726,-73.05565667,56.874355,-47.49902088,23.17119861,38.3123571,60.76085034,-80.6351023,-44.08419715,75.86851507,-48.88044854,25.91609938,-72.65332605],
	"y":[46.66378771,66.31588177,21.70832942,52.79121549,73.35080807999999,65.49664884000001,50.26925056,75.39319368,-63.46887907,-74.72045356,-73.62677239999999,-52.60332386,45.03087015,20.08328074,64.71270507,52.00286107,11.56794514,71.41624365,15.48239192,52.01277993,74.69127598999999,58.04898507,60.89844737,77.76682982,42.46942128,61.39282366,66.54061350000001,76.14113218,-78.20994292,-59.02869313,-58.04109553,-65.68504110000001,-59.09368727,-76.56932346000001,-75.8421961,-43.45792573],
	"z":[117.6081416,96.89754377,140.8557136,134.0525869,77.89668014,52.16714725,109.7160913,73.08108387,54.42546168,74.23757663000001,86.46437448,113.2400414,113.12167,132.3618516,92.9919577,126.2559409,142.3741916,109.5554438,149.2347005,132.4433367,71.20906995999999,81.41340456,51.64665599,43.62806421,114.9065783,83.08472766,106.4916867,75.23422385000001,44.28676116,86.76795147,85.62856366,108.9236305,51.58386559,77.7147106,78.21142485,117.0144684],
	"template_x":[
		"n/a",
		"n/a",
		"n/a",
		"n/a",
		"n/a",
		"n/a",
		"n/a",
		"n/a",
		"n/a",
		"n/a",
		"n/a",
		"n/a",
		"n/a",
		"n/a",
		"n/a",
		"n/a",
		"n/a",
		"n/a",
		"n/a",
		"n/a",
		"n/a",
		"n/a",
		"n/a",
		"n/a",
		"n/a",
		"n/a",
		"n/a",
		"n/a",
		"n/a",
		"n/a",
		"n/a",
		"n/a",
		"n/a",
		"n/a",
		"n/a",
		"n/a"
	],
	"template_y":[
		"n/a",
		"n/a",
		"n/a",
		"n/a",
		"n/a",
		"n/a",
		"n/a",
		"n/a",
		"n/a",
		"n/a",
		"n/a",
		"n/a",
		"n/a",
		"n/a",
		"n/a",
		"n/a",
		"n/a",
		"n/a",
		"n/a",
		"n/a",
		"n/a",
		"n/a",
		"n/a",
		"n/a",
		"n/a",
		"n/a",
		"n/a",
		"n/a",
		"n/a",
		"n/a",
		"n/a",
		"n/a",
		"n/a",
		"n/a",
		"n/a",
		"n/a"
	],
	"template_z":[
		"n/a",
		"n/a",
		"n/a",
		"n/a",
		"n/a",
		"n/a",
		"n/a",
		"n/a",
		"n/a",
		"n/a",
		"n/a",
		"n/a",
		"n/a",
		"n/a",
		"n/a",
		"n/a",
		"n/a",
		"n/a",
		"n/a",
		"n/a",
		"n/a",
		"n/a",
		"n/a",
		"n/a",
		"n/a",
		"n/a",
		"n/a",
		"n/a",
		"n/a",
		"n/a",
		"n/a",
		"n/a",
		"n/a",
		"n/a",
		"n/a",
		"n/a"
	]
}
