{
	"name":[1,2,3,4,5,6,7,8,9,10,11,12,13,14,15,16,17,18,19,20,21,22,23,24,25,26,27,28,29,30,31,32,33,34,35,36,37,38,39,40,41,42,43,44,45,46,47,48,49,50,51,52,53,54,55,56,57,58,59,60,61,62,63,64],
	"x":[-16.6188285515149,-15.7090385237722,-12.7723648538854,-11.1897168054154,-14.378919972574,-13.4082929216997,-10,-5,-24.5705040067549,-27.7943724257305,-23.1145634304433,-23.1145634304433,-21.1733093286946,-21.1733093286946,-16.4588350815905,-12.2510068225802,-29.3501069087878,-31.642215377411,-31.5824477018645,-30.5459267887002,-30.2594569993797,-29.4539713564666,-28.0796941137622,-25.276414589209,-31.8502068883127,-33.2775996101867,-34.0502948702946,-33.6662187899486,-34.4284349921977,-33.3408127164411,-31.8502068883127,-26.9970716339408,-32.2031621795397,-34.7620880409357,-37.0790687430229,-36.0562574421016,-35.5774147636702,-33.3346953190617,-32.820833939187,-27.2583943014839,-32.5924511036872,-34.7620880409357,-36.9837455129371,-37.4386656660741,-35.8405625419073,-34.5032541607026,-31.8502068883127,-28.9383257356896,-32.3355204137498,-33.3434792742732,-38.5059352371655,-38.6,-38.2132064440446,-34,-31.85,-27.8706359797277,-32.0928636510312,-36.2963049923178,-38.5699326251352,-37.2388605155807,-36,-32,-28.56,-24.0851904813177],
	"y":[30.9537345594993,21.4284512925457,12.1985256462729,2.96860000000001,-6.55668326695357,-14.6790178356737,-23.687425266436,-31.2190445937946,27.9263189475218,18.4010356805682,9.392628249805909,-0.428012637828402,-9.06722304273978,-17.7802728528214,-27.0101984990942,-35.427890688495,25.4157791717356,15.890495904782,6.29137323265823,-2.93855241361462,-12.1684780598875,-21.1030460854796,-30.1114535162419,-39.046021541834,22.8313999907792,13.084598508315,3.78083345687202,-5.74444981008156,-14.1621419994824,-24.2043011026273,-32.6219932920281,-41.5565613176202,20.6162178356737,11.0909345687201,1.2702936810858,-7.95963196518704,-17.4849152321406,-26.7148408784135,-35.427890688495,-43.2548676365344,18.4010356805682,8.5803947929339,-0.944888474019677,-10.1748141202925,-20.2908126286076,-29.2253806541997,-38.233788084962,-46.6514802743628,15.890495904782,6.06985501714767,-3.23391003429535,-12.4638356805682,-21.9891189475218,-32.0312780506666,-41.3350431021097,-49.4573776708298,13.3061167238256,4.37154869823348,-5.44909218940083,-14.9743754563544,-23.9089434819465,-33.2127085333896,-43.2548676365344,-51.6725598259353],
	"z":[32.5830358195938,35.09357559538,35.9796484574222,38.4901882332084,38.7855458538891,39.8931369314419,40.7053703883139,39.3024216900804,24.7560588715544,26.6758834059792,28.6695473455741,29.7771384231268,30.8847295006796,31.7708023627218,32.2876781989131,31.475444742041,16.6337243028343,18.0366730010678,19.4396216993013,21.1379280182155,22.2455190957682,22.7623949319595,23.3531101733209,23.3531101733209,7.10844103588073,8.80674735479494,10.431214268539,11.8341629667724,13.2371116650059,14.3447027425586,14.3447027425586,14.9354179839201,-2.71219985175358,-0.718535912158643,0.905931001585373,2.60423732049958,4.00718601873305,5.11477709628579,5.41013471696652,5.70549233764726,-12.5328407393879,-10.2438191791122,-8.32399464468747,-6.921045946454,-6.10881248958198,-4.11514854998705,-3.30291509311503,-2.71219985175358,-21.7627663856607,-19.842941851236,-18.1446355323218,-16.7416868340883,-15.0433805151741,-13.3450741962599,-11.9421254980264,-11.6467678773457,-31.583407273295,-29.3682251181896,-26.7838459372332,-25.9716124803612,-24.273306161447,-22.3534816270222,-21.46740876498,-20.655175308108],
	"size":[4,4,4,4,4,4,4,4,4,4,4,4,4,4,4,4,4,4,4,4,4,4,4,4,4,4,4,4,4,4,4,4,4,4,4,4,4,4,4,4,4,4,4,4,4,4,4,4,4,4,4,4,4,4,4,4,4,4,4,4,4,4,4,4],
	"type":[
		"surface",
		"surface",
		"surface",
		"surface",
		"surface",
		"surface",
		"surface",
		"surface",
		"surface",
		"surface",
		"surface",
		"surface",
		"surface",
		"surface",
		"surface",
		"surface",
		"surface",
		"surface",
		"surface",
		"surface",
		"surface",
		"surface",
		"surface",
		"surface",
		"surface",
		"surface",
		"surface",
		"surface",
		"surface",
		"surface",
		"surface",
		"surface",
		"surface",
		"surface",
		"surface",
		"surface",
		"surface",
		"surface",
		"surface",
		"surface",
		"surface",
		"surface",
		"surface",
		"surface",
		"surface",
		"surface",
		"surface",
		"surface",
		"surface",
		"surface",
		"surface",
		"surface",
		"surface",
		"surface",
		"surface",
		"surface",
		"surface",
		"surface",
		"surface",
		"surface",
		"surface",
		"surface",
		"surface",
		"surface"
	],
	"manufacturer":[
		"AdTech",
		"AdTech",
		"AdTech",
		"AdTech",
		"AdTech",
		"AdTech",
		"AdTech",
		"AdTech",
		"AdTech",
		"AdTech",
		"AdTech",
		"AdTech",
		"AdTech",
		"AdTech",
		"AdTech",
		"AdTech",
		"AdTech",
		"AdTech",
		"AdTech",
		"AdTech",
		"AdTech",
		"AdTech",
		"AdTech",
		"AdTech",
		"AdTech",
		"AdTech",
		"AdTech",
		"AdTech",
		"AdTech",
		"AdTech",
		"AdTech",
		"AdTech",
		"AdTech",
		"AdTech",
		"AdTech",
		"AdTech",
		"AdTech",
		"AdTech",
		"AdTech",
		"AdTech",
		"AdTech",
		"AdTech",
		"AdTech",
		"AdTech",
		"AdTech",
		"AdTech",
		"AdTech",
		"AdTech",
		"AdTech",
		"AdTech",
		"AdTech",
		"AdTech",
		"AdTech",
		"AdTech",
		"AdTech",
		"AdTech",
		"AdTech",
		"AdTech",
		"AdTech",
		"AdTech",
		"AdTech",
		"AdTech",
		"AdTech",
		"AdTech"
	]
}
