{
	"name":[1,2,3,4,5,6,7,8,9,10,11,12,13,14,15,16,17,18,19,20,21,22,23,24,25,26,27,28,29,30,31,32,33,34,35,36,37,38,39,40,41,42,43,44,45,46,47,48,49,50,51,52,53,54,55,56,57,58,59,60,61,62,63,64],
	"x":[-40.7972701858021,-42.3718076921468,-41.3657352802961,-41.6839888488642,-42.3443888446669,-43.0389550279021,-40.7119336160989,-42.4213833809772,-48.4405539348829,-51.1279073054348,-50.8949260237589,-52.1381361132388,-48.5812399066274,-51.5901781899751,-49.0238812123616,-47.4627103826584,-56.5569482752338,-55.5580500840508,-58.4800019577014,-56.3902210220424,-56.440118139956,-56.3275124329821,-54.304686052627,-51.2412602799409,-60.7491391916211,-61.6607259377471,-61.1088063994038,-60.9712359959683,-63.0598898895542,-60.168856714494,-58.3107448772303,-54.8235456803503,-59.794957481725,-59.9832208965996,-63.5565163891558,-64.50270923646291,-64.84022374539531,-62.9749529823409,-60.9016425934965,-56.5814153013709,-59.893889890679,-63.0211937240314,-64.79837366929701,-64.07345457806591,-63.9519774477974,-63.4790229028216,-62.0500464990472,-57.8712979095072,-57.5082911895585,-63.9315964911382,-65.8703563886401,-68.04756412444161,-67.7455480754012,-63.6976643049394,-60.5785071233447,-55.8061716035519,-62.0663664181811,-65.3557179501537,-66.85366831374,-67.9873805508182,-68.67337725918421,-65.2431727850817,-60.6057449724936,-54.857312074858],
	"y":[23.4029933869031,14.4250206051106,4.93902196055165,-3.99602690964651,-12.1225825359176,-20.7142401133607,-29.4103272939036,-36.822878027095,19.320204704861,9.726896281316151,1.18680314312602,-8.03589168009422,-16.7348590365233,-25.3880223054718,-33.7807619289678,-42.1978436841472,15.0384980688718,6.21075897765961,-3.3181635784937,-11.8153328050895,-20.5357621173157,-29.2347294737448,-37.6245889213546,-46.8745060521444,11.2776387237876,1.74871616763427,-7.18633270256389,-16.0140717937761,-24.6457731069274,-33.4735121981396,-42.1510175987715,-50.7426751762146,7.66989324516988,-1.26515562502829,-10.5951602272345,-19.4872851858383,-28.5783280983892,-37.6693710109401,-46.0621106344361,-53.5576290149301,4.12941380982994,-5.06893888170691,-14.2672915732438,-22.8961127105089,-32.3177254876762,-40.8578186258664,-49.7986278478369,-58.2342913829273,0.720586285159353,-8.82979822679115,-17.3698913649813,-26.4609342775322,-35.3959831477303,-45.540241345636,-54.1046766155095,-62.3657643283362,-3.30357688126358,-12.566315440192,-21.5013643103902,-30.2217936226164,-39.7507161787697,-48.1834995379739,-57.4491182727885,-66.1695475850148],
	"z":[45.2947533485685,48.8301927262309,51.3750578789103,54.6569946961969,57.1549878158357,58.4089041501154,61.0777476191959,60.9552899603552,38.2780815627522,41.4567031163712,44.8006290918584,47.3868203500048,49.2744930852242,51.6898339939289,53.3653302742394,54.3864071008769,30.8398298309051,33.4880102472521,36.2863779603073,39.3768013754187,41.391225390826,43.2788981260454,45.7355651402171,46.8861662108292,21.92188884227,24.7202565553252,28.0021933726118,30.6503737889588,32.9389634174755,35.5871438338225,37.3480652888539,38.6019816231337,12.8978596261804,16.179796443467,19.3997441025531,22.4281783594638,25.0350326703437,27.6418869812236,29.3173832615342,30.4831014573064,4.27474730338813,7.5153580152077,10.7559687270273,13.8257290894051,15.9903404015206,19.3342663770078,21.0538617265722,22.9828605672587,-4.3277019666706,-1.40258297342748,1.94134300205973,4.54819731293965,7.83013413022627,10.271684019238,12.961190541052,14.6573498740961,-13.2869690607728,-9.666104508389481,-6.38416769110286,-4.36974367569553,-1.57137596264034,1.13879361190722,3.97848743042947,5.9929114458368],
	"size":[4,4,4,4,4,4,4,4,4,4,4,4,4,4,4,4,4,4,4,4,4,4,4,4,4,4,4,4,4,4,4,4,4,4,4,4,4,4,4,4,4,4,4,4,4,4,4,4,4,4,4,4,4,4,4,4,4,4,4,4,4,4,4,4],
	"type":[
		"surface",
		"surface",
		"surface",
		"surface",
		"surface",
		"surface",
		"surface",
		"surface",
		"surface",
		"surface",
		"surface",
		"surface",
		"surface",
		"surface",
		"surface",
		"surface",
		"surface",
		"surface",
		"surface",
		"surface",
		"surface",
		"surface",
		"surface",
		"surface",
		"surface",
		"surface",
		"surface",
		"surface",
		"surface",
		"surface",
		"surface",
		"surface",
		"surface",
		"surface",
		"surface",
		"surface",
		"surface",
		"surface",
		"surface",
		"surface",
		"surface",
		"surface",
		"surface",
		"surface",
		"surface",
		"surface",
		"surface",
		"surface",
		"surface",
		"surface",
		"surface",
		"surface",
		"surface",
		"surface",
		"surface",
		"surface",
		"surface",
		"surface",
		"surface",
		"surface",
		"surface",
		"surface",
		"surface",
		"surface"
	],
	"manufacturer":[
		"AdTech",
		"AdTech",
		"AdTech",
		"AdTech",
		"AdTech",
		"AdTech",
		"AdTech",
		"AdTech",
		"AdTech",
		"AdTech",
		"AdTech",
		"AdTech",
		"AdTech",
		"AdTech",
		"AdTech",
		"AdTech",
		"AdTech",
		"AdTech",
		"AdTech",
		"AdTech",
		"AdTech",
		"AdTech",
		"AdTech",
		"AdTech",
		"AdTech",
		"AdTech",
		"AdTech",
		"AdTech",
		"AdTech",
		"AdTech",
		"AdTech",
		"AdTech",
		"AdTech",
		"AdTech",
		"AdTech",
		"AdTech",
		"AdTech",
		"AdTech",
		"AdTech",
		"AdTech",
		"AdTech",
		"AdTech",
		"AdTech",
		"AdTech",
		"AdTech",
		"AdTech",
		"AdTech",
		"AdTech",
		"AdTech",
		"AdTech",
		"AdTech",
		"AdTech",
		"AdTech",
		"AdTech",
		"AdTech",
		"AdTech",
		"AdTech",
		"AdTech",
		"AdTech",
		"AdTech",
		"AdTech",
		"AdTech",
		"AdTech",
		"AdTech"
	]
}
