{
	"onset":[0.053,8.807,15.302,21.47,26.728,33.512,37.347,41.679,45.606,48.55,52.367,57.804,62.474,67.98999999999999,75.46599999999999,84.346,88.783,98.215,105.475,124.064,128.981,133.131,136.853,140.78,143.042,147.179,154.757,161.751,165.263,174.876,178.868,182.936,186.103,188.136,191.145,197.071,210.845,213.909,216.317,220.009,231.941,236.756,239.122,243.596,250.265,254.852,257.303,260.382,264.444,267.567,271.068,281.186,284.427,291.258,299.404,305.313,308.739,312.443,315.483,319.674,330.615,334.803,339.478,344.882,348.483,353.151,356.633,364.778,370.046,373.351,377.449,390.743,394.631,398.347,400.66,404.46,408.215,410.669,419.614,423.274,428.718,431.629,439.094,443.362,445.725,447.668,452.484,454.806,459.183,463.21,467.574,470.598,484.953,489.377,494.28,497.257,500.857,504.007,508.263,511.356,514.443,519.083,527.317,529.58,533.318,536.994,539.585,543.098,544.9829999999999,548.576,552.6420000000001,562.693,567.927,570.045,573.052,575.446,578.998,580.98,583.5700000000001,597.078,604.086],
	"duration":[0.772,0.772,0.772,0.772,0.772,0.772,0.772,0.772,0.772,0.772,0.772,0.772,0.772,0.772,0.772,0.772,0.772,0.772,0.772,0.772,0.772,0.772,0.772,0.772,0.772,0.772,0.772,0.772,0.772,0.772,0.772,0.772,0.772,0.772,0.772,0.772,0.772,0.772,0.772,0.772,0.772,0.772,0.772,0.772,0.772,0.772,0.772,0.772,0.772,0.772,0.772,0.772,0.772,0.772,0.772,0.772,0.772,0.772,0.772,0.772,0.772,0.772,0.772,0.772,0.772,0.772,0.772,0.772,0.772,0.772,0.772,0.772,0.772,0.772,0.772,0.772,0.772,0.772,0.772,0.772,0.772,0.772,0.772,0.772,0.772,0.772,0.772,0.772,0.772,0.772,0.772,0.772,0.772,0.772,0.772,0.772,0.772,0.772,0.772,0.772,0.772,0.772,0.772,0.772,0.772,0.772,0.772,0.772,0.772,0.772,0.772,0.772,0.772,0.772,0.772,0.772,0.772,0.772,0.772,0.772,0.772],
	"trial_type":[
		"pumps_demean",
		"explode_demean",
		"pumps_demean",
		"pumps_demean",
		"pumps_demean",
		"cash_demean",
		"pumps_demean",
		"pumps_demean",
		"pumps_demean",
		"pumps_demean",
		"explode_demean",
		"control_pumps_demean",
		"control_pumps_demean",
		"control_pumps_demean",
		"control_pumps_demean",
		"control_pumps_demean",
		"control_pumps_demean",
		"control_pumps_demean",
		"control_pumps_demean",
		"control_pumps_demean",
		"control_pumps_demean",
		"control_pumps_demean",
		"control_pumps_demean",
		"control_pumps_demean",
		"control_pumps_demean",
		"control_pumps_demean",
		"control_pumps_demean",
		"control_pumps_demean",
		"control_pumps_demean",
		"pumps_demean",
		"pumps_demean",
		"pumps_demean",
		"pumps_demean",
		"pumps_demean",
		"pumps_demean",
		"explode_demean",
		"pumps_demean",
		"pumps_demean",
		"pumps_demean",
		"cash_demean",
		"control_pumps_demean",
		"control_pumps_demean",
		"control_pumps_demean",
		"control_pumps_demean",
		"control_pumps_demean",
		"control_pumps_demean",
		"control_pumps_demean",
		"control_pumps_demean",
		"control_pumps_demean",
		"control_pumps_demean",
		"control_pumps_demean",
		"pumps_demean",
		"pumps_demean",
		"cash_demean",
		"pumps_demean",
		"pumps_demean",
		"pumps_demean",
		"pumps_demean",
		"pumps_demean",
		"cash_demean",
		"control_pumps_demean",
		"control_pumps_demean",
		"control_pumps_demean",
		"control_pumps_demean",
		"control_pumps_demean",
		"control_pumps_demean",
		"control_pumps_demean",
		"control_pumps_demean",
		"control_pumps_demean",
		"control_pumps_demean",
		"control_pumps_demean",
		"pumps_demean",
		"pumps_demean",
		"pumps_demean",
		"explode_demean",
		"pumps_demean",
		"pumps_demean",
		"explode_demean",
		"pumps_demean",
		"explode_demean",
		"control_pumps_demean",
		"control_pumps_demean",
		"control_pumps_demean",
		"control_pumps_demean",
		"control_pumps_demean",
		"control_pumps_demean",
		"control_pumps_demean",
		"control_pumps_demean",
		"control_pumps_demean",
		"control_pumps_demean",
		"control_pumps_demean",
		"control_pumps_demean",
		"pumps_demean",
		"pumps_demean",
		"pumps_demean",
		"pumps_demean",
		"pumps_demean",
		"pumps_demean",
		"pumps_demean",
		"pumps_demean",
		"pumps_demean",
		"explode_demean",
		"pumps_demean",
		"pumps_demean",
		"pumps_demean",
		"pumps_demean",
		"pumps_demean",
		"pumps_demean",
		"pumps_demean",
		"cash_demean",
		"cash_demean",
		"pumps_demean",
		"pumps_demean",
		"pumps_demean",
		"pumps_demean",
		"pumps_demean",
		"pumps_demean",
		"pumps_demean",
		"explode_demean",
		"pumps_demean",
		"cash_demean"
	],
	"cash_demean":[
		"n/a",
		"n/a",
		"n/a",
		"n/a",
		"n/a",
		0,
		"n/a",
		"n/a",
		"n/a",
		"n/a",
		"n/a",
		"n/a",
		"n/a",
		"n/a",
		"n/a",
		"n/a",
		"n/a",
		"n/a",
		"n/a",
		"n/a",
		"n/a",
		"n/a",
		"n/a",
		"n/a",
		"n/a",
		"n/a",
		"n/a",
		"n/a",
		"n/a",
		"n/a",
		"n/a",
		"n/a",
		"n/a",
		"n/a",
		"n/a",
		"n/a",
		"n/a",
		"n/a",
		"n/a",
		0,
		"n/a",
		"n/a",
		"n/a",
		"n/a",
		"n/a",
		"n/a",
		"n/a",
		"n/a",
		"n/a",
		"n/a",
		"n/a",
		"n/a",
		"n/a",
		-1,
		"n/a",
		"n/a",
		"n/a",
		"n/a",
		"n/a",
		2,
		"n/a",
		"n/a",
		"n/a",
		"n/a",
		"n/a",
		"n/a",
		"n/a",
		"n/a",
		"n/a",
		"n/a",
		"n/a",
		"n/a",
		"n/a",
		"n/a",
		"n/a",
		"n/a",
		"n/a",
		"n/a",
		"n/a",
		"n/a",
		"n/a",
		"n/a",
		"n/a",
		"n/a",
		"n/a",
		"n/a",
		"n/a",
		"n/a",
		"n/a",
		"n/a",
		"n/a",
		"n/a",
		"n/a",
		"n/a",
		"n/a",
		"n/a",
		"n/a",
		"n/a",
		"n/a",
		"n/a",
		"n/a",
		"n/a",
		"n/a",
		"n/a",
		"n/a",
		"n/a",
		"n/a",
		"n/a",
		"n/a",
		4,
		-3,
		"n/a",
		"n/a",
		"n/a",
		"n/a",
		"n/a",
		"n/a",
		"n/a",
		"n/a",
		"n/a",
		-2
	],
	"control_pumps_demean":[
		"n/a",
		"n/a",
		"n/a",
		"n/a",
		"n/a",
		"n/a",
		"n/a",
		"n/a",
		"n/a",
		"n/a",
		"n/a",
		-3.5,
		-2.5,
		-1.5,
		-0.5,
		0.5,
		1.5,
		2.5,
		3.5,
		-4.5,
		-3.5,
		-2.5,
		-1.5,
		-0.5,
		0.5,
		1.5,
		2.5,
		3.5,
		4.5,
		"n/a",
		"n/a",
		"n/a",
		"n/a",
		"n/a",
		"n/a",
		"n/a",
		"n/a",
		"n/a",
		"n/a",
		"n/a",
		-5,
		-4,
		-3,
		-2,
		-1,
		0,
		1,
		2,
		3,
		4,
		5,
		"n/a",
		"n/a",
		"n/a",
		"n/a",
		"n/a",
		"n/a",
		"n/a",
		"n/a",
		"n/a",
		-5,
		-4,
		-3,
		-2,
		-1,
		0,
		1,
		2,
		3,
		4,
		5,
		"n/a",
		"n/a",
		"n/a",
		"n/a",
		"n/a",
		"n/a",
		"n/a",
		"n/a",
		"n/a",
		-5.5,
		-4.5,
		-3.5,
		-2.5,
		-1.5,
		-0.5,
		0.5,
		1.5,
		2.5,
		3.5,
		4.5,
		5.5,
		"n/a",
		"n/a",
		"n/a",
		"n/a",
		"n/a",
		"n/a",
		"n/a",
		"n/a",
		"n/a",
		"n/a",
		"n/a",
		"n/a",
		"n/a",
		"n/a",
		"n/a",
		"n/a",
		"n/a",
		"n/a",
		"n/a",
		"n/a",
		"n/a",
		"n/a",
		"n/a",
		"n/a",
		"n/a",
		"n/a",
		"n/a",
		"n/a",
		"n/a"
	],
	"explode_demean":[
		"n/a",
		-3.125,
		"n/a",
		"n/a",
		"n/a",
		"n/a",
		"n/a",
		"n/a",
		"n/a",
		"n/a",
		-0.125,
		"n/a",
		"n/a",
		"n/a",
		"n/a",
		"n/a",
		"n/a",
		"n/a",
		"n/a",
		"n/a",
		"n/a",
		"n/a",
		"n/a",
		"n/a",
		"n/a",
		"n/a",
		"n/a",
		"n/a",
		"n/a",
		"n/a",
		"n/a",
		"n/a",
		"n/a",
		"n/a",
		"n/a",
		1.875,
		"n/a",
		"n/a",
		"n/a",
		"n/a",
		"n/a",
		"n/a",
		"n/a",
		"n/a",
		"n/a",
		"n/a",
		"n/a",
		"n/a",
		"n/a",
		"n/a",
		"n/a",
		"n/a",
		"n/a",
		"n/a",
		"n/a",
		"n/a",
		"n/a",
		"n/a",
		"n/a",
		"n/a",
		"n/a",
		"n/a",
		"n/a",
		"n/a",
		"n/a",
		"n/a",
		"n/a",
		"n/a",
		"n/a",
		"n/a",
		"n/a",
		"n/a",
		"n/a",
		"n/a",
		-1.125,
		"n/a",
		"n/a",
		-2.125,
		"n/a",
		-3.125,
		"n/a",
		"n/a",
		"n/a",
		"n/a",
		"n/a",
		"n/a",
		"n/a",
		"n/a",
		"n/a",
		"n/a",
		"n/a",
		"n/a",
		"n/a",
		"n/a",
		"n/a",
		"n/a",
		"n/a",
		"n/a",
		"n/a",
		"n/a",
		"n/a",
		4.875,
		"n/a",
		"n/a",
		"n/a",
		"n/a",
		"n/a",
		"n/a",
		"n/a",
		"n/a",
		"n/a",
		"n/a",
		"n/a",
		"n/a",
		"n/a",
		"n/a",
		"n/a",
		"n/a",
		2.875,
		"n/a",
		"n/a"
	],