{
	"onset":[0.063,3.268,6.797,9.683,13.232,18.75,22.686,25.621,28.774,37.576,40.784,43.536,46.275,48.148,53.53,57.096,60.36,63.662,65.85299999999999,69.041,72.089,75.446,78.81399999999999,80.754,82.998,85.137,97.06399999999999,98.946,101.381,103.395,110.965,114.06,116.588,119.836,122.926,125.988,132.718,137.374,140.617,142.762,145.47,151.95,156.856,160.902,164.433,166.526,169.582,172.286,175.517,177.527,180.625,183.273,186.358,189.174,192.079,201.605,203.471,211.564,218.192,220.852,223.787,227.583,229.892,234.539,237.872,239.985,242.607,245.114,247.148,251.055,256.016,261.693,267.759,273.604,276.213,278.509,282.356,286.198,289.039,291.529,294.563,297.282,299.273,302.067,305.549,318.914,324.149,326.921,329.923,333.363,335.225,337.479,340.829,343.221,350.616,352.691,354.724,357.701,364.588,367.968,380.368,387.956,389.737,393.894,397.703,400.723,405.205,408.644,412.94,416.738,419.92,422.981,425.05,428.789,430.374,432.875,436.505,447.829,452.305,454.172,457.082,459.29,468.828,472.123,477.353,480.016,482.759,484.607,486.106,487.656,490.21,492.202,495.447,497.823,501.454,513.808,521.425,523.987,527.14,540.748,542.784,544.628,546.908,549.73,551.501,554.371,564.837,569.635,573.0170000000001,574.8049999999999,577.289,580.49,583.9109999999999,588.343,590.936,592.832,596.187],
	"duration":[0.772,0.772,0.772,0.772,0.772,0.772,0.772,0.772,0.772,0.772,0.772,0.772,0.772,0.772,0.772,0.772,0.772,0.772,0.772,0.772,0.772,0.772,0.772,0.772,0.772,0.772,0.772,0.772,0.772,0.772,0.772,0.772,0.772,0.772,0.772,0.772,0.772,0.772,0.772,0.772,0.772,0.772,0.772,0.772,0.772,0.772,0.772,0.772,0.772,0.772,0.772,0.772,0.772,0.772,0.772,0.772,0.772,0.772,0.772,0.772,0.772,0.772,0.772,0.772,0.772,0.772,0.772,0.772,0.772,0.772,0.772,0.772,0.772,0.772,0.772,0.772,0.772,0.772,0.772,0.772,0.772,0.772,0.772,0.772,0.772,0.772,0.772,0.772,0.772,0.772,0.772,0.772,0.772,0.772,0.772,0.772,0.772,0.772,0.772,0.772,0.772,0.772,0.772,0.772,0.772,0.772,0.772,0.772,0.772,0.772,0.772,0.772,0.772,0.772,0.772,0.772,0.772,0.772,0.772,0.772,0.772,0.772,0.772,0.772,0.772,0.772,0.772,0.772,0.772,0.772,0.772,0.772,0.772,0.772,0.772,0.772,0.772,0.772,0.772,0.772,0.772,0.772,0.772,0.772,0.772,0.772,0.772,0.772,0.772,0.772,0.772,0.772,0.772,0.772,0.772,0.772,0.772],
	"trial_type":[
		"pumps_demean",
		"pumps_demean",
		"pumps_demean",
		"pumps_demean",
		"pumps_demean",
		"cash_demean",
		"control_pumps_demean",
		"control_pumps_demean",
		"control_pumps_demean",
		"pumps_demean",
		"pumps_demean",
		"pumps_demean",
		"pumps_demean",
		"explode_demean",
		"control_pumps_demean",
		"control_pumps_demean",
		"control_pumps_demean",
		"control_pumps_demean",
		"control_pumps_demean",
		"control_pumps_demean",
		"control_pumps_demean",
		"control_pumps_demean",
		"control_pumps_demean",
		"control_pumps_demean",
		"control_pumps_demean",
		"control_pumps_demean",
		"control_pumps_demean",
		"control_pumps_demean",
		"control_pumps_demean",
		"control_pumps_demean",
		"pumps_demean",
		"pumps_demean",
		"pumps_demean",
		"explode_demean",
		"pumps_demean",
		"cash_demean",
		"pumps_demean",
		"pumps_demean",
		"pumps_demean",
		"pumps_demean",
		"pumps_demean",
		"pumps_demean",
		"pumps_demean",
		"explode_demean",
		"control_pumps_demean",
		"control_pumps_demean",
		"control_pumps_demean",
		"control_pumps_demean",
		"control_pumps_demean",
		"control_pumps_demean",
		"control_pumps_demean",
		"control_pumps_demean",
		"control_pumps_demean",
		"control_pumps_demean",
		"control_pumps_demean",
		"control_pumps_demean",
		"control_pumps_demean",
		"pumps_demean",
		"pumps_demean",
		"pumps_demean",
		"pumps_demean",
		"pumps_demean",
		"cash_demean",
		"pumps_demean",
		"pumps_demean",
		"pumps_demean",
		"pumps_demean",
		"pumps_demean",
		"pumps_demean",
		"cash_demean",
		"pumps_demean",
		"explode_demean",
		"pumps_demean",
		"pumps_demean",
		"pumps_demean",
		"cash_demean",
		"pumps_demean",
		"pumps_demean",
		"pumps_demean",
		"pumps_demean",
		"pumps_demean",
		"pumps_demean",
		"pumps_demean",
		"cash_demean",
		"cash_demean",
		"pumps_demean",
		"pumps_demean",
		"pumps_demean",
		"pumps_demean",
		"pumps_demean",
		"pumps_demean",
		"pumps_demean",
		"pumps_demean",
		"cash_demean",
		"pumps_demean",
		"pumps_demean",
		"pumps_demean",
		"explode_demean",
		"pumps_demean",
		"cash_demean",
		"pumps_demean",
		"pumps_demean",
		"pumps_demean",
		"pumps_demean",
		"pumps_demean",
		"pumps_demean",
		"pumps_demean",
		"cash_demean",
		"pumps_demean",
		"pumps_demean",
		"pumps_demean",
		"pumps_demean",
		"pumps_demean",
		"pumps_demean",
		"pumps_demean",
		"pumps_demean",
		"explode_demean",
		"pumps_demean",
		"pumps_demean",
		"pumps_demean",
		"pumps_demean",
		"explode_demean",
		"pumps_demean",
		"cash_demean",
		"control_pumps_demean",
		"control_pumps_demean",
		"control_pumps_demean",
		"control_pumps_demean",
		"control_pumps_demean",
		"control_pumps_demean",
		"control_pumps_demean",
		"control_pumps_demean",
		"control_pumps_demean",
		"control_pumps_demean",
		"control_pumps_demean",
		"control_pumps_demean",
		"control_pumps_demean",
		"control_pumps_demean",
		"control_pumps_demean",
		"control_pumps_demean",
		"control_pumps_demean",
		"control_pumps_demean",
		"control_pumps_demean",
		"control_pumps_demean",
		"control_pumps_demean",
		"control_pumps_demean",
		"pumps_demean",
		"pumps_demean",
		"pumps_demean",
		"pumps_demean",
		"pumps_demean",
		"pumps_demean",
		"explode_demean",
		"pumps_demean",
		"pumps_demean",
		"pumps_demean",
		"explode_demean"
	],
	"cash_demean":[
		"n/a",
		"n/a",
		"n/a",
		"n/a",
		"n/a",
		1,
		"n/a",
		"n/a",
		"n/a",
		"n/a",
		"n/a",
		"n/a",
		"n/a",
		"n/a",
		"n/a",
		"n/a",
		"n/a",
		"n/a",
		"n/a",
		"n/a",
		"n/a",
		"n/a",
		"n/a",
		"n/a",
		"n/a",
		"n/a",
		"n/a",
		"n/a",
		"n/a",
		"n/a",
		"n/a",
		"n/a",
		"n/a",
		"n/a",
		"n/a",
		-3,
		"n/a",
		"n/a",
		"n/a",
		"n/a",
		"n/a",
		"n/a",
		"n/a",
		"n/a",
		"n/a",
		"n/a",
		"n/a",
		"n/a",
		"n/a",
		"n/a",
		"n/a",
		"n/a",
		"n/a",
		"n/a",
		"n/a",
		"n/a",
		"n/a",
		"n/a",
		"n/a",
		"n/a",
		"n/a",
		"n/a",
		1,
		"n/a",
		"n/a",
		"n/a",
		"n/a",
		"n/a",
		"n/a",
		2,
		"n/a",
		"n/a",
		"n/a",
		"n/a",
		"n/a",
		-1,
		"n/a",
		"n/a",
		"n/a",
		"n/a",
		"n/a",
		"n/a",
		"n/a",
		3,
		-4,
		"n/a",
		"n/a",
		"n/a",
		"n/a",
		"n/a",
		"n/a",
		"n/a",
		"n/a",
		4,
		"n/a",
		"n/a",
		"n/a",
		"n/a",
		"n/a",
		-3,
		"n/a",
		"n/a",
		"n/a",
		"n/a",
		"n/a",
		"n/a",
		"n/a",
		3,
		"n/a",
		"n/a",
		"n/a",
		"n/a",
		"n/a",
		"n/a",
		"n/a",
		"n/a",
		"n/a",
		"n/a",
		"n/a",
		"n/a",
		"n/a",
		"n/a",
		"n/a",
		-3,
		"n/a",
		"n/a",
		"n/a",
		"n/a",
		"n/a",
		"n/a",
		"n/a",
		"n/a",
		"n/a",
		"n/a",
		"n/a",
		"n/a",
		"n/a",
		"n/a",
		"n/a",
		"n/a",
		"n/a",
		"n/a",
		"n/a",
		"n/a",
		"n/a",
		"n/a",
		"n/a",
		"n/a",
		"n/a",
		"n/a",
		"n/a",
		"n/a",
		"n/a",
		"n/a",
		"n/a",
		"n/a",
		"n/a"
	],