{
	"onset":[0.2,4.618,9.109999999999999,13.593,18.107,22.683,27.174,31.673,36.088,40.609,45.117,49.691,54.117,58.666,63.173,67.676,72.19199999999999,76.61,81.19199999999999,85.587,90.117,94.673,99.173,103.674,108.111,112.592,117.11,121.612,126.111,130.674,135.178,139.674,144.092,148.588,153.191,157.607,162.084,166.675,171.174,175.672,180.117,184.612,189.19,193.61,198.191,202.672,207.176,211.674,216.191,220.587,225.11,229.618,234.106,238.675,243.173,247.675,252.185,256.61,261.11,265.589,270.191,274.675,279.175,283.671,288.087,292.618,297.192,301.587,306.111,310.673,315.173,319.676,324.193,328.587,333.192,337.587,342.088,346.674,351.171,355.674],
	"duration":[
		2,
		2,
		2,
		2,
		2,
		"n/a",
		"n/a",
		"n/a",
		2,
		2,
		2,
		2,
		2,
		"n/a",
		"n/a",
		"n/a",
		2,
		2,
		2,
		2,
		2,
		"n/a",
		"n/a",
		"n/a",
		2,
		2,
		2,
		2,
		2,
		"n/a",
		"n/a",
		"n/a",
		2,
		2,
		2,
		2,
		2,
		"n/a",
		"n/a",
		"n/a",
		2,
		2,
		2,
		2,
		2,
		"n/a",
		"n/a",
		"n/a",
		2,
		2,
		2,
		2,
		2,
		"n/a",
		"n/a",
		"n/a",
		2,
		2,
		2,
		2,
		2,
		"n/a",
		"n/a",
		"n/a",
		2,
		2,
		2,
		2,
		2,
		"n/a",
		"n/a",
		"n/a",
		2,
		2,
		2,
		2,
		2,
		"n/a",
		"n/a",
		"n/a"
	],
	"trial_type":[
		"feedback",
		"feedback",
		"feedback",
		"feedback",
		"feedback",
		"n/a",
		"n/a",
		"n/a",
		"feedback",
		"feedback",
		"feedback",
		"feedback",
		"feedback",
		"n/a",
		"n/a",
		"n/a",
		"feedback",
		"feedback",
		"feedback",
		"feedback",
		"feedback",
		"n/a",
		"n/a",
		"n/a",
		"feedback",
		"feedback",
		"feedback",
		"feedback",
		"feedback",
		"n/a",
		"n/a",
		"n/a",
		"feedback",
		"feedback",
		"feedback",
		"feedback",
		"feedback",
		"n/a",
		"n/a",
		"n/a",
		"feedback",
		"feedback",
		"feedback",
		"feedback",
		"feedback",
		"n/a",
		"n/a",
		"n/a",
		"feedback",
		"feedback",
		"feedback",
		"feedback",
		"feedback",
		"n/a",
		"n/a",
		"n/a",
		"feedback",
		"feedback",
		"feedback",
		"feedback",
		"feedback",
		"n/a",
		"n/a",
		"n/a",
		"feedback",
		"feedback",
		"feedback",
		"feedback",
		"feedback",
		"n/a",
		"n/a",
		"n/a",
		"feedback",
		"feedback",
		"feedback",
		"feedback",
		"feedback",
		"n/a",
		"n/a",
		"n/a"
	],
	"feedback":[
		-1.36,
		0.64,
		0.64,
		0.64,
		0.64,
		"n/a",
		"n/a",
		"n/a",
		0.64,
		0.64,
		0.64,
		0.64,
		0.64,
		"n/a",
		"n/a",
		"n/a",
		-1.36,
		0.64,
		-1.36,
		-1.36,
		0.64,
		"n/a",
		"n/a",
		"n/a",
		-1.36,
		0.64,
		0.64,
		0.64,
		-1.36,
		"n/a",
		"n/a",
		"n/a",
		0.64,
		0.64,
		0.64,
		0.64,
		0.64,
		"n/a",
		"n/a",
		"n/a",
		0.64,
		-1.36,
		0.64,
		0.64,
		-1.36,
		"n/a",
		"n/a",
		"n/a",
		0.64,
		-1.36,
		0.64,
		0.64,
		0.64,
		"n/a",
		"n/a",
		"n/a",
		0.64,
		0.64,
		-1.36,
		-1.36,
		-1.36,
		"n/a",
		"n/a",
		"n/a",
		0.64,
		0.64,
		-1.36,
		0.64,
		0.64,
		"n/a",
		"n/a",
		"n/a",
		0.64,
		-1.36,
		0.64,
		-1.36,
		-1.36,
		"n/a",
		"n/a",
		"n/a"
	],
	"TrialNum":[1,2,3,4,5,6,7,8,9,10,11,12,13,14,15,16,17,18,19,20,21,22,23,24,25,26,27,28,29,30,31,32,33,34,35,36,37,38,39,40,41,42,43,44,45,46,47,48,49,50,51,52,53,54,55,56,57,58,59,60,61,62,63,64,65,66,67,68,69,70,71,72,73,74,75,76,77,78,79,80],
	"StimCond":[1,1,1,1,1,1,1,1,1,1,1,1,1,1,1,1,1,1,1,1,1,1,1,1,1,1,1,1,1,1,1,1,1,1,1,1,1,1,1,1,1,1,1,1,1,1,1,1,1,1,1,1,1,1,1,1,1,1,1,1,1,1,1,1,1,1,1,1,1,1,1,1,1,1,1,1,1,1,1,1],
	"StimulusNum":[9,5,10,2,10,0,0,0,4,10,8,11,8,0,0,0,11,10,11,3,5,0,0,0,6,2,10,10,6,0,0,0,2,1,11,10,1,0,0,0,5,6,11,10,14,0,0,0,14,3,10,5,10,0,0,0,12,10,6,2,11,0,0,0,4,5,11,3,10,0,0,0,11,1,14,4,1,0,0,0],
	"Response":[
		"R",
		"R",
		"L",
		"R",
		"L",
		"R",
		"R",
		"R",
		"L",
		"L",
		"R",
		"R",
		"R",
		"R",
		"R",
		"R",
		"R",
		"L",
		"L",
		"L",
		"R",
		"R",
		"R",
		"R",
		"R",
		"R",
		"L",
		"L",
		"R",
		"R",
		"R",
		"R",
		"R",
		"R",
		"R",
		"L",
		"R",
		"R",
		"R",
		"R",
		"R",
		"R",
		"R",
		"L",
		"R",
		"R",
		"R",
		"R",
		"R",
		"R",
		"L",
		"R",
		"L",
		"R",
		"R",
		"R",
		"L",
		"L",
		"R",
		"R",
		"L",
		"R",
		"R",
		"R",
		"L",
		"R",
		"L",
		"L",
		"L",
		"R",
		"R",
		"R",
		"R",
		"R",
		"R",
		"L",
		"L",
		"R",
		"R",
		"R"
	],
	"response_time":[2.954,2.061,0.977,0.9350000000000001,1.224,0.711,0.403,0.425,1.303,1.791,2.07,1.265,1.276,0.665,0.759,0.519,1.724,1.192,1.15,0.703,1.151,0.6879999999999999,0.608,0.499,0.955,0.958,1.166,0.9389999999999999,2.203,0.614,0.661,0.581,2.179,0.919,1.842,2.226,0.896,0.878,0.6919999999999999,0.433,1.835,0.997,2.157,0.904,1.368,0.65,0.436,0.905,2.005,1.55,0.875,0.99,2.575,0.681,0.824,0.849,2.075,1.305,1.309,0.772,1.895,0.7,0.847,0.703,1.21,1.003,2.063,1.32,1.198,0.777,0.675,0.847,1.639,1.026,2.737,1.018,1.653,0.671,0.63,1.392],
	"Correct":[
		0,
		1,
		1,
		1,
		1,
		"-",
		"-",
		"-",
		1,
		1,
		1,
		1,
		1,
		"-",
		"-",
		"-",
		1,
		1,
		0,
		1,
		1,
		"-",
		"-",
		"-",
		0,
		1,
		1,
		1,
		0,
		"-",
		"-",
		"-",
		1,
		1,
		1,
		1,
		1,
		"-",
		"-",
		"-",
		1,
		0,
		1,
		1,
		1,
		"-",
		"-",
		"-",
		1,
		0,
		1,
		1,
		1,
		"-",
		"-",
		"-",
		-1,
		1,
		0,
		1,
		0,
		"-",
		"-",
		"-",
		1,
		1,
		0,
		1,
		1,
		"-",
		"-",
		"-",
		1,
		1,
		1,
		1,
		0,
		"-",
		"-",
		"-"
	],
	"Feedback":[
		"L",
		"R",
		"L",
		"R",
		"L",
		"-",
		"-",
		"-",
		"L",
		"L",
		"R",
		"R",
		"R",
		"-",
		"-",
		"-",
		"L",
		"L",
		"R",
		"R",
		"R",
		"-",
		"-",
		"-",
		"L",
		"R",
		"L",
		"L",
		"L",
		"-",
		"-",
		"-",
		"R",
		"R",
		"R",
		"L",
		"R",
		"-",
		"-",
		"-",
		"R",
		"L",
		"R",
		"L",
		"L",
		"-",
		"-",
		"-",
		"R",
		"L",
		"L",
		"R",
		"L",
		"-",
		"-",
		"-",
		"L",
		"L",
		"L",
		"L",
		"R",
		"-",
		"-",
		"-",
		"L",
		"R",
		"R",
		"L",
		"L",
		"-",
		"-",
		"-",
		"R",
		"L",
		"R",
		"R",
		"R",
		"-",
		"-",
		"-"
	]
}
