{
	"onset":[4.002,8.002000000000001,10.005,14.005,16.072,20.072,26.005,32.005,34.062,36.062,38.061,42.061,46.005,50.005,52.061,54.061,56.06,62.06,64.004,66.004,72.006,76.006,78.063,84.063,86.06699999999999,92.06699999999999,94.06399999999999,98.06399999999999,100.062,104.062,106.005,108.005,112.061,114.061,116.06,118.06,120.055,124.055,126.004,132.004,136.065,138.065,140.064,146.064,150.005,152.005,154.06,160.06,162.005,168.005,170.071,172.071,174.004,178.004,180.065,186.065,188.063,190.063,192.064,196.064,198.062,200.062,202.06,208.06,210.005,216.005,218.063,224.063,226.065,228.065,230.05,232.05,234.061,240.061,244.005,250.005,254.005,258.005,260.061,264.061,266.068,270.068,274.062,280.062,282.066,284.066,288.005,290.005,292.065,296.065,298.062,304.062,306.062,308.062,310.061,314.061,316.064,318.064,320.06,322.06,326.005,332.005,334.064,338.064,340.06,344.06,348.004,350.004,352.061,358.061,360.062,364.062],
	"duration":[1,0.5,1,0.5,1,0.5,1,0.5,1,0.5,1,0.5,1,0.5,1,0.5,1,0.5,1,0.5,1,0.5,1,0.5,1,0.5,1,0.5,1,0.5,1,0.5,1,0.5,1,0.5,1,0.5,1,0.5,1,0.5,1,0.5,1,0.5,1,0.5,1,0.5,1,0.5,1,0.5,1,0.5,1,0.5,1,0.5,1,0.5,1,0.5,1,0.5,1,0.5,1,0.5,1,0.5,1,0.5,1,0.5,1,0.5,1,0.5,1,0.5,1,0.5,1,0.5,1,0.5,1,0.5,1,0.5,1,0.5,1,0.5,1,0.5,1,0.5,1,0.5,1,0.5,1,0.5,1,0.5,1,0.5,1,0.5],
	"trial_type":[
		"Valid Other Obj Cue: valid cue where following stimulus was an untested or no response object",
		"Valid Other Obj: stimulus that was an untested or no response object and that followed a valid cue",
		"Valid Other Greeble Cue: valid cue where following stimulus was an untested or no response greeble",
		"Valid Other Greeble: stimulus that was an untested or no response greeble and that followed a valid cue",
		"Valid Miss Cue: valid cue where following object was a subsequent miss",
		"Valid Miss Obj: object that was a subsequent miss and that followed a valid cue",
		"Valid HC-Hit Cue: valid cue where following object was a subsequent high confidence hit",
		"Valid HC-Hit Obj: object that was a subsequent high confidence hit and that followed a valid cue",
		"Valid LC-Hit Cue: valid cue where following object was a subsequent low confidence hit",
		"Valid LC-Hit Obj: object that was a subsequent low confidence hit and that followed a valid cue",
		"Invalid HC-Hit Cue: invalid cue where following object was a subsequent high confidence hit",
		"Invalid HC-Hit Obj: object that was a subsequent high confidence hit and that followed an invalid cue",
		"Valid Other Greeble Cue: valid cue where following stimulus was an untested or no response greeble",
		"Valid Other Greeble: stimulus that was an untested or no response greeble and that followed a valid cue",
		"Valid Miss Cue: valid cue where following object was a subsequent miss",
		"Valid Miss Obj: object that was a subsequent miss and that followed a valid cue",
		"Valid LC-Hit Cue: valid cue where following object was a subsequent low confidence hit",
		"Valid LC-Hit Obj: object that was a subsequent low confidence hit and that followed a valid cue",
		"Invalid Miss Cue: invalid cue where following object was a subsequent miss",
		"Invalid Miss Obj: object that was a subsequent miss and that followed an invalid cue",
		"Valid HC-Hit Cue: valid cue where following object was a subsequent high confidence hit",
		"Valid HC-Hit Obj: object that was a subsequent high confidence hit and that followed a valid cue",
		"Valid HC-Hit Cue: valid cue where following object was a subsequent high confidence hit",
		"Valid HC-Hit Obj: object that was a subsequent high confidence hit and that followed a valid cue",
		"Valid Other Greeble Cue: valid cue where following stimulus was an untested or no response greeble",
		"Valid Other Greeble: stimulus that was an untested or no response greeble and that followed a valid cue",
		"Valid LC-Hit Cue: valid cue where following object was a subsequent low confidence hit",
		"Valid LC-Hit Obj: object that was a subsequent low confidence hit and that followed a valid cue",
		"Invalid Miss Cue: invalid cue where following object was a subsequent miss",
		"Invalid Miss Obj: object that was a subsequent miss and that followed an invalid cue",
		"Invalid Miss Cue: invalid cue where following object was a subsequent miss",
		"Invalid Miss Obj: object that was a subsequent miss and that followed an invalid cue",
		"Valid HC-Hit Cue: valid cue where following object was a subsequent high confidence hit",
		"Valid HC-Hit Obj: object that was a subsequent high confidence hit and that followed a valid cue",
		"Valid Other Greeble Cue: valid cue where following stimulus was an untested or no response greeble",
		"Valid Other Greeble: stimulus that was an untested or no response greeble and that followed a valid cue",
		"Valid LC-Hit Cue: valid cue where following object was a subsequent low confidence hit",
		"Valid LC-Hit Obj: object that was a subsequent low confidence hit and that followed a valid cue",
		"Valid Other Greeble Cue: valid cue where following stimulus was an untested or no response greeble",
		"Valid Other Greeble: stimulus that was an untested or no response greeble and that followed a valid cue",
		"Valid Miss Cue: valid cue where following object was a subsequent miss",
		"Valid Miss Obj: object that was a subsequent miss and that followed a valid cue",
		"Valid HC-Hit Cue: valid cue where following object was a subsequent high confidence hit",
		"Valid HC-Hit Obj: object that was a subsequent high confidence hit and that followed a valid cue",
		"Valid HC-Hit Cue: valid cue where following object was a subsequent high confidence hit",
		"Valid HC-Hit Obj: object that was a subsequent high confidence hit and that followed a valid cue",
		"Valid Other Greeble Cue: valid cue where following stimulus was an untested or no response greeble",
		"Valid Other Greeble: stimulus that was an untested or no response greeble and that followed a valid cue",
		"Valid Other Greeble Cue: valid cue where following stimulus was an untested or no response greeble",
		"Valid Other Greeble: stimulus that was an untested or no response greeble and that followed a valid cue",
		"Valid Other Greeble Cue: valid cue where following stimulus was an untested or no response greeble",
		"Valid Other Greeble: stimulus that was an untested or no response greeble and that followed a valid cue",
		"Invalid Miss Cue: invalid cue where following object was a subsequent miss",
		"Invalid Miss Obj: object that was a subsequent miss and that followed an invalid cue",
		"Valid Miss Cue: valid cue where following object was a subsequent miss",
		"Valid Miss Obj: object that was a subsequent miss and that followed a valid cue",
		"Valid Other Greeble Cue: valid cue where following stimulus was an untested or no response greeble",
		"Valid Other Greeble: stimulus that was an untested or no response greeble and that followed a valid cue",
		"Invalid Other Greeble Cue: invalid cue where following stimulus was an untested or no response greeble",
		"Invalid Other Greeble: stimulus that was an untested or no response greeble and that followed a invalid cue",
		"Valid Miss Cue: valid cue where following object was a subsequent miss",
		"Valid Miss Obj: object that was a subsequent miss and that followed a valid cue",
		"Valid Other Obj Cue: valid cue where following stimulus was an untested or no response object",
		"Valid Other Obj: stimulus that was an untested or no response object and that followed a valid cue",
		"Valid HC-Hit Cue: valid cue where following object was a subsequent high confidence hit",
		"Valid HC-Hit Obj: object that was a subsequent high confidence hit and that followed a valid cue",
		"Valid Other Greeble Cue: valid cue where following stimulus was an untested or no response greeble",
		"Valid Other Greeble: stimulus that was an untested or no response greeble and that followed a valid cue",
		"Valid Miss Cue: valid cue where following object was a subsequent miss",
