{
	"onset":[0.01,12,24,36,48.01,62,74,86,98.01000000000001,112,122,134,144,156,166,178,190.01,204,216,226,236,248.01,262.01,276,288],
	"duration":[6,6,6,6,6,6,6,6,6,6,6,6,6,6,6,6,6,6,6,6,6,6,6,6,6],
	"trial_type":[
		"rocknroll",
		"symphonic",
		"rocknroll",
		"metal",
		"symphonic",
		"country",
		"country",
		"ambient",
		"ambient",
		"country",
		"symphonic",
		"symphonic",
		"ambient",
		"metal",
		"metal",
		"ambient",
		"rocknroll",
		"country",
		"rocknroll",
		"ambient",
		"symphonic",
		"metal",
		"country",
		"metal",
		"rocknroll"
	],
	"run":[6,6,6,6,6,6,6,6,6,6,6,6,6,6,6,6,6,6,6,6,6,6,6,6,6],
	"run_id":[6,6,6,6,6,6,6,6,6,6,6,6,6,6,6,6,6,6,6,6,6,6,6,6,6],
	"volume":[765,771,777,783,789,796,802,808,814,821,826,832,837,843,848,854,860,867,873,878,883,889,896,903,909],
	"run_volume":[0,6,12,18,24,31,37,43,49,56,61,67,72,78,83,89,95,102,108,113,118,124,131,138,144],
	"stim":[
		"rocknroll_002.wav",
		"symphonic_003.wav",
		"rocknroll_001.wav",
		"metal_004.wav",
		"symphonic_002.wav",
		"country_003.wav",
		"country_002.wav",
		"ambient_001.wav",
		"ambient_004.wav",
		"country_000.wav",
		"symphonic_001.wav",
		"symphonic_004.wav",
		"ambient_003.wav",
		"metal_003.wav",
		"metal_000.wav",
		"ambient_000.wav",
		"rocknroll_003.wav",
		"country_004.wav",
		"rocknroll_004.wav",
		"ambient_002.wav",
		"symphonic_000.wav",
		"metal_002.wav",
		"country_001.wav",
		"metal_001.wav",
		"rocknroll_000.wav"
	],
	"genre":[
		"rocknroll",
		"symphonic",
		"rocknroll",
		"metal",
		"symphonic",
		"country",
		"country",
		"ambient",
		"ambient",
		"country",
		"symphonic",
		"symphonic",
		"ambient",
		"metal",
		"metal",
		"ambient",
		"rocknroll",
		"country",
		"rocknroll",
		"ambient",
		"symphonic",
		"metal",
		"country",
		"metal",
		"rocknroll"
	],
	"delay":[6,6,6,6,8,6,6,6,8,4,6,4,6,4,6,6,8,6,4,4,6,8,8,6,6],
	"catch":[0,0,0,0,1,0,0,0,1,0,0,0,0,0,0,0,1,0,0,0,0,1,1,0,0],
	"sound_soa":[0.007999999999810825,0.00279999999975189,0.003400000000056025,0.00250000000005457,0.01119999999991705,0.004199999999855208,0.00430000000005748,0.00250000000005457,0.009800000000268485,0.002400000000307045,0.00250000000005457,0.002599999999802094,0.002399999999852298,0.00250000000005457,0.002399999999852298,0.003500000000258296,0.01209999999991851,0.002700000000004366,0.002599999999802094,0.00250000000005457,0.003499999999803549,0.008500000000367436,0.008900000000267028,0.003800000000410364,0.00430000000005748],
	"trigger_ts":[2591.3166,2603.3168,2615.3168,2627.3174,2639.3175,2653.3166,2665.3169,2677.3167,2689.3169,2703.3169,2713.3175,2725.3175,2735.3166,2747.317,2757.3171,2769.3167,2781.3175,2795.3168,2807.3175,2817.3175,2827.3168,2839.3167,2853.3172,2867.3169,2879.3168]
}
