{
	"onset":[0.02,14,26,38,50,60,70,80.01000000000001,94.01000000000001,108,120,132,144,156,168,180,192,204,214.01,228,238,250,262,274.01,288],
	"duration":[6,6,6,6,6,6,6,6,6,6,6,6,6,6,6,6,6,6,6,6,6,6,6,6,6],
	"trial_type":[
		"country",
		"ambient",
		"rocknroll",
		"ambient",
		"ambient",
		"country",
		"symphonic",
		"ambient",
		"symphonic",
		"rocknroll",
		"country",
		"rocknroll",
		"symphonic",
		"metal",
		"symphonic",
		"symphonic",
		"country",
		"metal",
		"rocknroll",
		"rocknroll",
		"metal",
		"metal",
		"ambient",
		"metal",
		"country"
	],
	"run":[3,3,3,3,3,3,3,3,3,3,3,3,3,3,3,3,3,3,3,3,3,3,3,3,3],
	"run_id":[2,2,2,2,2,2,2,2,2,2,2,2,2,2,2,2,2,2,2,2,2,2,2,2,2],
	"volume":[306,313,319,325,331,336,341,346,353,360,366,372,378,384,390,396,402,408,413,420,425,431,437,443,450],
	"run_volume":[0,7,13,19,25,30,35,40,47,54,60,66,72,78,84,90,96,102,107,114,119,125,131,137,144],
	"stim":[
		"country_001.wav",
		"ambient_000.wav",
		"rocknroll_002.wav",
		"ambient_002.wav",
		"ambient_004.wav",
		"country_000.wav",
		"symphonic_004.wav",
		"ambient_001.wav",
		"symphonic_002.wav",
		"rocknroll_000.wav",
		"country_002.wav",
		"rocknroll_004.wav",
		"symphonic_003.wav",
		"metal_003.wav",
		"symphonic_000.wav",
		"symphonic_001.wav",
		"country_004.wav",
		"metal_001.wav",
		"rocknroll_001.wav",
		"rocknroll_003.wav",
		"metal_002.wav",
		"metal_000.wav",
		"ambient_003.wav",
		"metal_004.wav",
		"country_003.wav"
	],
	"genre":[
		"country",
		"ambient",
		"rocknroll",
		"ambient",
		"ambient",
		"country",
		"symphonic",
		"ambient",
		"symphonic",
		"rocknroll",
		"country",
		"rocknroll",
		"symphonic",
		"metal",
		"symphonic",
		"symphonic",
		"country",
		"metal",
		"rocknroll",
		"rocknroll",
		"metal",
		"metal",
		"ambient",
		"metal",
		"country"
	],
	"delay":[8,6,6,6,4,4,4,8,8,6,6,6,6,6,6,6,6,4,8,4,6,6,6,8,6],
	"catch":[1,0,0,0,0,0,0,1,1,0,0,0,0,0,0,0,0,0,1,0,0,0,0,1,0],
	"sound_soa":[0.01929999999993015,0.004699999999957072,0.0022999999998774,0.003500000000030923,0.002700000000004366,0.002799999999979264,0.002400000000079672,0.008499999999912689,0.01229999999986831,0.003699999999980719,0.002600000000029468,0.002799999999979264,0.00250000000005457,0.002499999999827196,0.002700000000004366,0.003899999999930515,0.00250000000005457,0.002499999999827196,0.0102999999999156,0.003099999999903957,0.003500000000030923,0.002600000000029468,0.0022999999998774,0.01269999999999527,0.002399999999852298],
	"trigger_ts":[1554.9463,1568.9445,1580.9454,1592.9447,1604.9447,1614.9449,1624.9448,1634.9454,1648.9453,1662.9446,1674.9454,1686.9446,1698.9446,1710.9454,1722.9455,1734.9446,1746.9448,1758.9454,1768.9448,1782.9445,1792.9446,1804.9447,1816.9447,1828.9453,1842.9454]
}
