{
	"onset":[0.01,12,24,36,48.01,62,74,86,98.02,112,122,134,146,156,168,178,188.02,202,212,224,236,248,260,272.01,286.01],
	"duration":[6,6,6,6,6,6,6,6,6,6,6,6,6,6,6,6,6,6,6,6,6,6,6,6,6],
	"trial_type":[
		"country",
		"symphonic",
		"metal",
		"country",
		"ambient",
		"metal",
		"symphonic",
		"ambient",
		"symphonic",
		"symphonic",
		"country",
		"metal",
		"ambient",
		"ambient",
		"country",
		"rocknroll",
		"metal",
		"metal",
		"rocknroll",
		"rocknroll",
		"ambient",
		"rocknroll",
		"symphonic",
		"rocknroll",
		"country"
	],
	"run":[4,4,4,4,4,4,4,4,4,4,4,4,4,4,4,4,4,4,4,4,4,4,4,4,4],
	"run_id":[4,4,4,4,4,4,4,4,4,4,4,4,4,4,4,4,4,4,4,4,4,4,4,4,4],
	"volume":[459,465,471,477,483,490,496,502,508,515,520,526,532,537,543,548,553,560,565,571,577,583,589,595,602],
	"run_volume":[0,6,12,18,24,31,37,43,49,56,61,67,73,78,84,89,94,101,106,112,118,124,130,136,143],
	"stim":[
		"country_001.wav",
		"symphonic_004.wav",
		"metal_000.wav",
		"country_003.wav",
		"ambient_003.wav",
		"metal_003.wav",
		"symphonic_003.wav",
		"ambient_002.wav",
		"symphonic_000.wav",
		"symphonic_002.wav",
		"country_000.wav",
		"metal_002.wav",
		"ambient_000.wav",
		"ambient_004.wav",
		"country_004.wav",
		"rocknroll_000.wav",
		"metal_001.wav",
		"metal_004.wav",
		"rocknroll_001.wav",
		"rocknroll_004.wav",
		"ambient_001.wav",
		"rocknroll_003.wav",
		"symphonic_001.wav",
		"rocknroll_002.wav",
		"country_002.wav"
	],
	"genre":[
		"country",
		"symphonic",
		"metal",
		"country",
		"ambient",
		"metal",
		"symphonic",
		"ambient",
		"symphonic",
		"symphonic",
		"country",
		"metal",
		"ambient",
		"ambient",
		"country",
		"rocknroll",
		"metal",
		"metal",
		"rocknroll",
		"rocknroll",
		"ambient",
		"rocknroll",
		"symphonic",
		"rocknroll",
		"country"
	],
	"delay":[6,6,6,6,8,6,6,6,8,4,6,6,4,6,4,4,8,4,6,6,6,6,6,8,8],
	"catch":[0,0,0,0,1,0,0,0,1,0,0,0,0,0,0,0,1,0,0,0,0,0,0,1,1],
	"sound_soa":[0.006600000000162254,0.003499999999803549,0.003500000000030923,0.002499999999827196,0.009900000000016007,0.002700000000004366,0.003200000000106229,0.002799999999979264,0.01720000000000255,0.002700000000004366,0.002700000000004366,0.00250000000005457,0.002600000000029468,0.003400000000056025,0.00250000000005457,0.002400000000307045,0.0180000000000291,0.003700000000208093,0.002399999999852298,0.00250000000005457,0.003600000000005821,0.00250000000005457,0.003000000000156433,0.01189999999996871,0.01160000000027139],
	"trigger_ts":[1901.2314,1913.2306,1925.2308,1937.2306,1949.2315,1963.2308,1975.2313,1987.2311,1999.2307,2013.2306,2023.2311,2035.2321,2047.2311,2057.2307,2069.2315,2079.2315,2089.2306,2103.2308,2113.2307,2125.2315,2137.2308,2149.2307,2161.2306,2173.2308,2187.2313]
}
