{
	"onset":[126.40234375,291.890625,295.13671875,298.1953125,331.515625,335.078125,337.265625,409.79296875,412.44140625,417.75,572.76171875,575.375,579.796875,698.80859375,701.4375,703.5859375,706.0390625,850.05078125,852.71484375,854.91015625,857.31640625,983.32421875,990.53515625,992.828125,1095.83203125,1099.27734375,1101.421875,1103.59375,1154.59765625,1157.9609375,1164.1484375,1289.15234375,1296.671875,1299.859375],
	"duration":[
		"n/a",
		"n/a",
		"n/a",
		"n/a",
		"n/a",
		"n/a",
		"n/a",
		"n/a",
		"n/a",
		"n/a",
		"n/a",
		"n/a",
		"n/a",
		"n/a",
		"n/a",
		"n/a",
		"n/a",
		"n/a",
		"n/a",
		"n/a",
		"n/a",
		"n/a",
		"n/a",
		"n/a",
		"n/a",
		"n/a",
		"n/a",
		"n/a",
		"n/a",
		"n/a",
		"n/a",
		"n/a",
		"n/a",
		"n/a"
	],
	"trial_type":[
		"stimulus",
		"stimulus",
		"response",
		"response",
		"stimulus",
		"response",
		"response",
		"stimulus",
		"response",
		"response",
		"stimulus",
		"response",
		"response",
		"stimulus",
		"response",
		"response",
		"response",
		"stimulus",
		"response",
		"response",
		"response",
		"stimulus",
		"response",
		"response",
		"stimulus",
		"response",
		"response",
		"response",
		"stimulus",
		"response",
		"response",
		"stimulus",
		"response",
		"response"
	],
	"response_time":[
		"n/a",
		"n/a",
		"n/a",
		"n/a",
		"n/a",
		"n/a",
		"n/a",
		"n/a",
		"n/a",
		"n/a",
		"n/a",
		"n/a",
		"n/a",
		"n/a",
		"n/a",
		"n/a",
		"n/a",
		"n/a",
		"n/a",
		"n/a",
		"n/a",
		"n/a",
		"n/a",
		"n/a",
		"n/a",
		"n/a",
		"n/a",
		"n/a",
		"n/a",
		"n/a",
		"n/a",
		"n/a",
		"n/a",
		"n/a"
	],
	"sample":[32359,74724,75555,76338,84868,85780,86340,104907,105585,106944,146627,147296,148428,178895,179568,180118,180746,217613,218295,218857,219473,251731,253577,254164,280533,281415,281964,282520,295577,296438,298022,330023,331948,332764],
	"value":[128,128,4,2,128,2,2,128,4,2,128,4,2,128,2,2,2,128,2,4,2,128,4,2,128,2,4,2,128,2,2,128,4,2]
}
