{
	"onset":[0.005,0.005,43.425,124.975,373.265,388.405,414.445,432.205,454.275,467.245,486.275,497.635,514.115,533.155,563.235,583.175,605.505,624.655,637.505,652.1950000000001,677.4450000000001,694.235,720.205,740.775,757.675,777.1950000000001,791.335,816.785,827.6849999999999,896.895,957.855,1019.155,1151.025],
	"duration":[0,0,0,0,0,0,0,0,0,0,0,0,0,0,0,0,0,0,0,0,0,0,0,0,0,0,0,0,0,0,0,0,0],
	"trial_type":[
		"discontinuity",
		"eyes closed",
		"discontinuity",
		"discontinuity",
		"eyes opened",
		"eyes closed",
		"eyes opened",
		"eyes closed",
		"eyes opened",
		"eyes closed",
		"eyes opened",
		"eyes closed",
		"eyes opened",
		"eyes closed",
		"eyes opened",
		"eyes closed",
		"eyes opened",
		"eyes closed",
		"eyes opened",
		"eyes closed",
		"eyes opened",
		"eyes closed",
		"eyes opened",
		"eyes closed",
		"eyes opened",
		"eyes closed",
		"eyes opened",
		"eyes closed",
		"hyperventilation 1",
		"hyperventilation 2",
		"hyperventilation 3",
		"recuperation",
		"eyes closed"
	],
	"value":[2,65,2,2,66,65,66,65,66,65,66,65,66,65,66,65,66,65,66,65,66,65,66,65,66,65,66,65,67,68,69,70,65],
	"sample":[1,1,8685,24995,74653,77681,82889,86441,90855,93449,97255,99527,102823,106631,112647,116635,121101,124931,127501,130439,135489,138847,144041,148155,151535,155439,158267,163357,165537,179379,191571,203831,230205]
}
