{
	"onset":[1.5,3.496,18.496,26.599,28.596,32.622,38.729,40.726,52.722,59.836,61.832,65.825,79.83499999999999,86.94799999999999,88.962,102.938,109.045,111.041,115.068,121.175,123.172,127.181,139.177,148.288,150.284,163.287,169.394,171.391,175.417,181.524,183.521,187.531,202.53,210.634,212.63,216.64,229.643,235.75,237.746,252.746,259.859,261.856,265.866,274.976,276.973,280.982,290.093,292.089,296.082,311.082,318.195,320.192,332.188,341.298,343.295,347.288,362.287,368.394,370.391,374.417],
	"duration":[2,8,2.1,2,4,2.1,2,8,2.1,2,4,8,2.1,2,8,2.1,2,4,2.1,2,4,8,2.1,2,8,2.1,2,4,2.1,2,4,8,2.1,2,4,8,2.1,2,8,2.1,2,4,2.1,2,4,2.1,2,4,8,2.1,2,8,2.1,2,4,8,2.1,2,4,2.1],
	"trial_type":[
		"Look_Neutral_Cue",
		"Look_Neutral_Stim",
		"Look_Neutral_Rating",
		"Look_Neg_Cue",
		"Look_Neg_Ant",
		"Look_Neg_Rating",
		"Reapp_Neg_Cue",
		"Reapp_Neg_Stim",
		"Reapp_Neg_Rating",
		"Look_Neutral_Cue",
		"Look_Neutral_Ant",
		"Look_Neutral_Stim",
		"Look_Neutral_Rating",
		"Reapp_Neg_Cue",
		"Reapp_Neg_Stim",
		"Reapp_Neg_Rating",
		"Look_Neutral_Cue",
		"Look_Neutral_Ant",
		"Look_Neutral_Rating",
		"Reapp_Neg_Cue",
		"Reapp_Neg_Ant",
		"Reapp_Neg_Stim",
		"Reapp_Neg_Rating",
		"Look_Neg_Cue",
		"Look_Neg_Stim",
		"Look_Neg_Rating",
		"Look_Neutral_Cue",
		"Look_Neutral_Ant",
		"Look_Neutral_Rating",
		"Reapp_Neg_Cue",
		"Reapp_Neg_Ant",
		"Reapp_Neg_Stim",
		"Reapp_Neg_Rating",
		"Look_Neg_Cue",
		"Look_Neg_Ant",
		"Look_Neg_Stim",
		"Look_Neg_Rating",
		"Look_Neutral_Cue",
		"Look_Neutral_Stim",
		"Look_Neutral_Rating",
		"Look_Neg_Cue",
		"Look_Neg_Ant",
		"Look_Neg_Rating",
		"Reapp_Neg_Cue",
		"Reapp_Neg_Ant",
		"Reapp_Neg_Rating",
		"Look_Neutral_Cue",
		"Look_Neutral_Ant",
		"Look_Neutral_Stim",
		"Look_Neutral_Rating",
		"Look_Neg_Cue",
		"Look_Neg_Stim",
		"Look_Neg_Rating",
		"Look_Neg_Cue",
		"Look_Neg_Ant",
		"Look_Neg_Stim",
		"Look_Neg_Rating",
		"Reapp_Neg_Cue",
		"Reapp_Neg_Ant",
		"Reapp_Neg_Rating"
	]
}
