{
	"onset":[0.02,14,26,38,50,60,70,80.01000000000001,94.01000000000001,108,120,132,144,156,168,180,192,204,214.01,228,238,250,262,274.01,288],
	"duration":[6,6,6,6,6,6,6,6,6,6,6,6,6,6,6,6,6,6,6,6,6,6,6,6,6],
	"trial_type":[
		"country",
		"ambient",
		"rocknroll",
		"ambient",
		"ambient",
		"country",
		"symphonic",
		"ambient",
		"symphonic",
		"rocknroll",
		"country",
		"rocknroll",
		"symphonic",
		"metal",
		"symphonic",
		"symphonic",
		"country",
		"metal",
		"rocknroll",
		"rocknroll",
		"metal",
		"metal",
		"ambient",
		"metal",
		"country"
	],
	"run":[5,5,5,5,5,5,5,5,5,5,5,5,5,5,5,5,5,5,5,5,5,5,5,5,5],
	"run_id":[2,2,2,2,2,2,2,2,2,2,2,2,2,2,2,2,2,2,2,2,2,2,2,2,2],
	"volume":[612,619,625,631,637,642,647,652,659,666,672,678,684,690,696,702,708,714,719,726,731,737,743,749,756],
	"run_volume":[0,7,13,19,25,30,35,40,47,54,60,66,72,78,84,90,96,102,107,114,119,125,131,137,144],
	"stim":[
		"country_001.wav",
		"ambient_000.wav",
		"rocknroll_002.wav",
		"ambient_002.wav",
		"ambient_004.wav",
		"country_000.wav",
		"symphonic_004.wav",
		"ambient_001.wav",
		"symphonic_002.wav",
		"rocknroll_000.wav",
		"country_002.wav",
		"rocknroll_004.wav",
		"symphonic_003.wav",
		"metal_003.wav",
		"symphonic_000.wav",
		"symphonic_001.wav",
		"country_004.wav",
		"metal_001.wav",
		"rocknroll_001.wav",
		"rocknroll_003.wav",
		"metal_002.wav",
		"metal_000.wav",
		"ambient_003.wav",
		"metal_004.wav",
		"country_003.wav"
	],
	"genre":[
		"country",
		"ambient",
		"rocknroll",
		"ambient",
		"ambient",
		"country",
		"symphonic",
		"ambient",
		"symphonic",
		"rocknroll",
		"country",
		"rocknroll",
		"symphonic",
		"metal",
		"symphonic",
		"symphonic",
		"country",
		"metal",
		"rocknroll",
		"rocknroll",
		"metal",
		"metal",
		"ambient",
		"metal",
		"country"
	],
	"delay":[8,6,6,6,4,4,4,8,8,6,6,6,6,6,6,6,6,4,8,4,6,6,6,8,6],
	"catch":[1,0,0,0,0,0,0,1,1,0,0,0,0,0,0,0,0,0,1,0,0,0,0,1,0],
	"sound_soa":[0.01609999999982392,0.003299999999853753,0.003500000000030923,0.003500000000030923,0.002399999999852298,0.00250000000005457,0.003699999999980719,0.008699999999862484,0.009499999999889042,0.003800000000182991,0.002400000000079672,0.003600000000005821,0.004099999999880311,0.003500000000030923,0.00250000000005457,0.00250000000005457,0.003600000000005821,0.003500000000030923,0.01099999999996726,0.003200000000106229,0.002400000000079672,0.002499999999827196,0.002499999999827196,0.009900000000016007,0.003600000000005821],
	"trigger_ts":[1460.5992,1474.5993,1486.5991,1498.5994,1510.5994,1520.5991,1530.5992,1540.5994,1554.5996,1568.5991,1580.5996,1592.5993,1604.5992,1616.5995,1628.5997,1640.6,1652.5996,1664.5994,1674.5993,1688.6,1698.5996,1710.6001,1722.6001,1734.5996,1748.5994]
}
