{
	"onset":[0.03,12,24,36,48.01,62,74,86,98.01000000000001,112,122,134,144,156,166,178,190.02,204,216,226,236,248.01,262.01,276,288],
	"duration":[6,6,6,6,6,6,6,6,6,6,6,6,6,6,6,6,6,6,6,6,6,6,6,6,6],
	"trial_type":[
		"rocknroll",
		"symphonic",
		"rocknroll",
		"metal",
		"symphonic",
		"country",
		"country",
		"ambient",
		"ambient",
		"country",
		"symphonic",
		"symphonic",
		"ambient",
		"metal",
		"metal",
		"ambient",
		"rocknroll",
		"country",
		"rocknroll",
		"ambient",
		"symphonic",
		"metal",
		"country",
		"metal",
		"rocknroll"
	],
	"run":[2,2,2,2,2,2,2,2,2,2,2,2,2,2,2,2,2,2,2,2,2,2,2,2,2],
	"run_id":[6,6,6,6,6,6,6,6,6,6,6,6,6,6,6,6,6,6,6,6,6,6,6,6,6],
	"volume":[153,159,165,171,177,184,190,196,202,209,214,220,225,231,236,242,248,255,261,266,271,277,284,291,297],
	"run_volume":[0,6,12,18,24,31,37,43,49,56,61,67,72,78,83,89,95,102,108,113,118,124,131,138,144],
	"stim":[
		"rocknroll_002.wav",
		"symphonic_003.wav",
		"rocknroll_001.wav",
		"metal_004.wav",
		"symphonic_002.wav",
		"country_003.wav",
		"country_002.wav",
		"ambient_001.wav",
		"ambient_004.wav",
		"country_000.wav",
		"symphonic_001.wav",
		"symphonic_004.wav",
		"ambient_003.wav",
		"metal_003.wav",
		"metal_000.wav",
		"ambient_000.wav",
		"rocknroll_003.wav",
		"country_004.wav",
		"rocknroll_004.wav",
		"ambient_002.wav",
		"symphonic_000.wav",
		"metal_002.wav",
		"country_001.wav",
		"metal_001.wav",
		"rocknroll_000.wav"
	],
	"genre":[
		"rocknroll",
		"symphonic",
		"rocknroll",
		"metal",
		"symphonic",
		"country",
		"country",
		"ambient",
		"ambient",
		"country",
		"symphonic",
		"symphonic",
		"ambient",
		"metal",
		"metal",
		"ambient",
		"rocknroll",
		"country",
		"rocknroll",
		"ambient",
		"symphonic",
		"metal",
		"country",
		"metal",
		"rocknroll"
	],
	"delay":[6,6,6,6,8,6,6,6,8,4,6,4,6,4,6,6,8,6,4,4,6,8,8,6,6],
	"catch":[0,0,0,0,1,0,0,0,1,0,0,0,0,0,0,0,1,0,0,0,0,1,1,0,0],
	"sound_soa":[0.02780000000001337,0.002899999999954161,0.002799999999979264,0.003899999999987358,0.01080000000001746,0.003999999999962256,0.002499999999997727,0.002800000000036107,0.009699999999952523,0.002600000000029468,0.00250000000005457,0.003799999999955617,0.002499999999940883,0.002499999999940883,0.002200000000016189,0.002399999999965985,0.01509999999996126,0.002599999999915781,0.002600000000029468,0.002399999999965985,0.002499999999940883,0.009500000000002728,0.0140999999999849,0.002700000000004366,0.002499999999940883],
	"trigger_ts":[416.9264,428.9261,440.927,452.9262,464.9264,478.9263,490.9266,502.9265,514.927,528.9261,538.9268,550.9259999999999,560.9266,572.927,582.9265,594.927,606.9265,620.9265,632.9266,642.9261,652.9265,664.927,678.927,692.9263,704.9269]
}
