{
	"onset":[0.01,12,24,36,48.01,62,74,86,98.02,112,122,134,146,156,168,178,188.01,202,212,224,236,248,260,272.01,286.01],
	"duration":[6,6,6,6,6,6,6,6,6,6,6,6,6,6,6,6,6,6,6,6,6,6,6,6,6],
	"trial_type":[
		"country",
		"symphonic",
		"metal",
		"country",
		"ambient",
		"metal",
		"symphonic",
		"ambient",
		"symphonic",
		"symphonic",
		"country",
		"metal",
		"ambient",
		"ambient",
		"country",
		"rocknroll",
		"metal",
		"metal",
		"rocknroll",
		"rocknroll",
		"ambient",
		"rocknroll",
		"symphonic",
		"rocknroll",
		"country"
	],
	"run":[4,4,4,4,4,4,4,4,4,4,4,4,4,4,4,4,4,4,4,4,4,4,4,4,4],
	"run_id":[4,4,4,4,4,4,4,4,4,4,4,4,4,4,4,4,4,4,4,4,4,4,4,4,4],
	"volume":[459,465,471,477,483,490,496,502,508,515,520,526,532,537,543,548,553,560,565,571,577,583,589,595,602],
	"run_volume":[0,6,12,18,24,31,37,43,49,56,61,67,73,78,84,89,94,101,106,112,118,124,130,136,143],
	"stim":[
		"country_001.wav",
		"symphonic_004.wav",
		"metal_000.wav",
		"country_003.wav",
		"ambient_003.wav",
		"metal_003.wav",
		"symphonic_003.wav",
		"ambient_002.wav",
		"symphonic_000.wav",
		"symphonic_002.wav",
		"country_000.wav",
		"metal_002.wav",
		"ambient_000.wav",
		"ambient_004.wav",
		"country_004.wav",
		"rocknroll_000.wav",
		"metal_001.wav",
		"metal_004.wav",
		"rocknroll_001.wav",
		"rocknroll_004.wav",
		"ambient_001.wav",
		"rocknroll_003.wav",
		"symphonic_001.wav",
		"rocknroll_002.wav",
		"country_002.wav"
	],
	"genre":[
		"country",
		"symphonic",
		"metal",
		"country",
		"ambient",
		"metal",
		"symphonic",
		"ambient",
		"symphonic",
		"symphonic",
		"country",
		"metal",
		"ambient",
		"ambient",
		"country",
		"rocknroll",
		"metal",
		"metal",
		"rocknroll",
		"rocknroll",
		"ambient",
		"rocknroll",
		"symphonic",
		"rocknroll",
		"country"
	],
	"delay":[6,6,6,6,8,6,6,6,8,4,6,6,4,6,4,4,8,4,6,6,6,6,6,8,8],
	"catch":[0,0,0,0,1,0,0,0,1,0,0,0,0,0,0,0,1,0,0,0,0,0,0,1,1],
	"sound_soa":[0.008100000000013097,0.002899999999954161,0.002700000000004366,0.002200000000129876,0.008399999999937791,0.004500000000007276,0.004100000000107684,0.002499999999827196,0.01539999999999964,0.003699999999980719,0.002400000000079672,0.003500000000030923,0.00250000000005457,0.002400000000079672,0.002400000000079672,0.002900000000181535,0.01120000000014443,0.003699999999980719,0.002499999999827196,0.002499999999827196,0.003000000000156433,0.002700000000004366,0.003500000000030923,0.01430000000004839,0.01099999999996726],
	"trigger_ts":[1114.3305,1126.3305,1138.3303,1150.331,1162.3306,1176.3301,1188.3301,1200.3311,1212.3301,1226.3304,1236.3306,1248.3303,1260.3313,1270.3307,1282.3306,1292.3309,1302.3301,1316.3303,1326.3303,1338.3302,1350.331,1362.3305,1374.3303,1386.3305,1400.3304]
}
