{
	"onset":[0,2.147,6.792,11.483,16.124,20.816,25.401,30.1,34.692,39.192,56,58.21,62.855,67.494,72.07899999999999,76.66500000000001,81.36499999999999,86.062,90.648,95.148,112,114.156,118.741,123.332,127.977,132.672,137.371,142.018,146.603,151.103,168,170.196,174.89,179.491,184.121,188.791,193.46,198.128,202.787,207.287],
	"duration":[2,4,4,4,4,4,4,4,4,3,2,4,4,4,4,4,4,4,4,3,2,4,4,4,4,4,4,4,4,3,2,4,4,4,4,4,4,4,4,3],
	"trial_type":[
		"tone counting probe",
		"tone counting",
		"tone counting",
		"tone counting",
		"tone counting",
		"tone counting",
		"tone counting",
		"tone counting",
		"tone counting",
		"tone counting probe",
		"tone counting probe",
		"tone counting",
		"tone counting",
		"tone counting",
		"tone counting",
		"tone counting",
		"tone counting",
		"tone counting",
		"tone counting",
		"tone counting probe",
		"tone counting probe",
		"tone counting",
		"tone counting",
		"tone counting",
		"tone counting",
		"tone counting",
		"tone counting",
		"tone counting",
		"tone counting",
		"tone counting probe",
		"tone counting probe",
		"tone counting",
		"tone counting",
		"tone counting",
		"tone counting",
		"tone counting",
		"tone counting",
		"tone counting",
		"tone counting",
		"tone counting probe"
	]
}
