{
	"onset":[0,4.8,8.800000000000001,14.1,18.9,30.1,35.2,39.5,45.6,51.5,55.5,59.6,64,73.2,78.09999999999999,82.8,88.40000000000001,93.5,100.1,105.5,113.8,123.5,129.8,139.9,144.5,148.5,155.2,164.2,170.1,176.5,180.8,185.1,189.5,193.6,199.5,206.1,213,221.5,227.9,232.2,240.2,247.5,251.5,256.1,266,270.6,276.1,282,287.4,296.2,300.5,306.9,318.4,327.1,332,337.4,341.4,348,357.5,364.8,371.9,376.2,381.4,385.4],
	"duration":[3.25,3.25,3.25,3.25,3.25,3.25,3.25,3.25,3.25,3.25,3.25,3.25,3.25,3.25,3.25,3.25,3.25,3.25,3.25,3.25,3.25,3.25,3.25,3.25,3.25,3.25,3.25,3.25,3.25,3.25,3.25,3.25,3.25,3.25,3.25,3.25,3.25,3.25,3.25,3.25,3.25,3.25,3.25,3.25,3.25,3.25,3.25,3.25,3.25,3.25,3.25,3.25,3.25,3.25,3.25,3.25,3.25,3.25,3.25,3.25,3.25,3.25,3.25,3.25],
	"trial_type":[
		"pl_ns",
		"pl_ns",
		"pl_ns",
		"pl_ns",
		"pl_ns",
		"junk",
		"junk",
		"mr_ns",
		"mr_ns",
		"mr_ns",
		"pl_sw",
		"junk",
		"mr_ns",
		"mr_ns",
		"pl_sw",
		"pl_ns",
		"pl_ns",
		"mr_sw",
		"mr_ns",
		"mr_ns",
		"pl_sw",
		"pl_ns",
		"junk",
		"junk",
		"junk",
		"mr_ns",
		"junk",
		"pl_ns",
		"pl_ns",
		"mr_sw",
		"pl_sw",
		"pl_ns",
		"junk",
		"pl_ns",
		"mr_sw",
		"mr_ns",
		"mr_ns",
		"pl_sw",
		"pl_ns",
		"mr_sw",
		"mr_ns",
		"pl_sw",
		"pl_ns",
		"mr_sw",
		"mr_ns",
		"mr_ns",
		"mr_ns",
		"pl_sw",
		"pl_ns",
		"pl_ns",
		"pl_ns",
		"junk",
		"junk",
		"mr_ns",
		"pl_sw",
		"pl_ns",
		"pl_ns",
		"mr_sw",
		"mr_ns",
		"pl_sw",
		"pl_ns",
		"pl_ns",
		"mr_sw",
		"mr_ns"
	]
}
