{
	"onset":[25.1136,28.1709,31.3282,34.4355,37.7764,40.9673,44.2745,47.3482,50.5055,53.58,56.6536,59.7773,62.9345,66.15819999999999,69.3664,72.39,75.63,78.9545,82.1618,85.37,88.45999999999999,91.83450000000001,94.92449999999999,98.1155,101.356,104.464,107.505,110.795,113.852,116.926,120.1,123.24,126.364,129.538,132.762,135.903,139.244,142.552,145.742,149.066,152.124,155.381,158.573,161.813,164.853,168.127,171.335,174.525,177.599,180.706,183.864,186.987,190.111,193.235,196.409,199.533,202.724,205.931,208.938,212.195,215.369,218.544,221.567,224.775,227.932,231.089,234.38,237.47,240.594,243.735,247.093,250.233,253.34,256.581,259.705,262.828,265.969,269.277,272.384,275.675,278.965,282.174,285.23,288.387,291.495,294.685,297.793,300.966,304.04,307.398,310.405,313.429,316.585,319.576,322.835,325.975,329.165,332.423,335.563,338.804,342.028,345.319,348.494,351.7,354.891,358.115,361.189,364.446,367.737,370.945,374.269,377.426,380.634,383.925,386.998,390.223,393.279,396.537,399.761,403.002,406.025,409.233,412.424,415.597,418.738,422.079,425.253,428.294,431.501,434.541,437.615,440.672,443.946,447.271,450.445,453.618,456.809,459.95,463.224,466.247,469.538,472.73,475.886,479.044,482.235,485.425,488.716],
	"duration":[0,0,0,0,0,0,0,0,0,0,0,0,0,0,0,0,0,0,0,0,0,0,0,0,0,0,0,0,0,0,0,0,0,0,0,0,0,0,0,0,0,0,0,0,0,0,0,0,0,0,0,0,0,0,0,0,0,0,0,0,0,0,0,0,0,0,0,0,0,0,0,0,0,0,0,0,0,0,0,0,0,0,0,0,0,0,0,0,0,0,0,0,0,0,0,0,0,0,0,0,0,0,0,0,0,0,0,0,0,0,0,0,0,0,0,0,0,0,0,0,0,0,0,0,0,0,0,0,0,0,0,0,0,0,0,0,0,0,0,0,0,0,0,0,0,0,0],
	"event_sample":[27625,30988,34461,37879,41554,45064,48702,52083,55556,58938,62319,65755,69228,72774,76303,79629,83193,86850,90378,93907,97306,101018,104417,107927,111492,114910,118255,121874,125237,128619,132110,135564,139000,142492,146038,149493,153168,156807,160316,163973,167336,170919,174430,177994,181338,184940,188468,191978,195359,198777,202250,205686,209122,212558,216050,219486,222996,226524,229832,233415,236906,240398,243724,247252,250725,254198,257818,261217,264653,268108,271802,275256,278674,282239,285675,289111,292566,296205,299622,303242,306862,310391,313753,317226,320644,324154,327572,331063,334444,338138,341445,344772,348244,351534,355118,358572,362081,365665,369119,372684,376231,379851,383343,386870,390380,393926,397308,400891,404511,408039,411696,415169,418697,422317,425698,429245,432607,436191,439737,443302,446628,450156,453666,457157,460612,464287,467778,471123,474651,477995,481376,484739,488341,491998,495489,498980,502490,505945,509546,512872,516492,520003,523475,526948,530458,533968,537588],
	"trial_type":[
		"Famous",
		"Unfamiliar",
		"Scrambled",
		"Famous",
		"Famous",
		"Unfamiliar",
		"Unfamiliar",
		"Unfamiliar",
		"Unfamiliar",
		"Famous",
		"Scrambled",
		"Scrambled",
		"Unfamiliar",
		"Unfamiliar",
		"Unfamiliar",
		"Scrambled",
		"Famous",
		"Famous",
		"Famous",
		"Scrambled",
		"Scrambled",
		"Unfamiliar",
		"Unfamiliar",
		"Famous",
		"Famous",
		"Famous",
		"Famous",
		"Famous",
		"Famous",
		"Famous",
		"Unfamiliar",
		"Scrambled",
		"Unfamiliar",
		"Famous",
		"Famous",
		"Famous",
		"Famous",
		"Unfamiliar",
		"Unfamiliar",
		"Unfamiliar",
		"Unfamiliar",
		"Scrambled",
		"Scrambled",
		"Unfamiliar",
		"Unfamiliar",
		"Unfamiliar",
		"Scrambled",
		"Scrambled",
		"Famous",
		"Famous",
		"Scrambled",
		"Unfamiliar",
		"Unfamiliar",
		"Unfamiliar",
		"Scrambled",
		"Unfamiliar",
		"Scrambled",
		"Scrambled",
		"Famous",
		"Scrambled",
		"Scrambled",
		"Unfamiliar",
		"Unfamiliar",
		"Scrambled",
		"Scrambled",
		"Unfamiliar",
		"Unfamiliar",
		"Scrambled",
		"Famous",
		"Scrambled",
		"Scrambled",
		"Unfamiliar",
		"Unfamiliar",
		"Scrambled",
		"Scrambled",
		"Unfamiliar",
		"Unfamiliar",
		"Unfamiliar",
		"Scrambled",
		"Unfamiliar",
		"Scrambled",
		"Famous",
		"Scrambled",
		"Scrambled",
		"Scrambled",
		"Famous",
		"Famous",
		"Scrambled",
		"Unfamiliar",
		"Unfamiliar",
		"Scrambled",
		"Unfamiliar",
		"Famous",
		"Famous",
		"Famous",
		"Famous",
		"Famous",
		"Famous",
		"Famous",
		"Famous",
		"Scrambled",
		"Scrambled",
		"Scrambled",
		"Scrambled",
		"Unfamiliar",
		"Scrambled",
		"Scrambled",
		"Famous",
		"Scrambled",
		"Scrambled",
		"Unfamiliar",
		"Unfamiliar",
		"Scrambled",
		"Scrambled",
		"Scrambled",
		"Famous",
		"Famous",
		"Unfamiliar",
		"Scrambled",
		"Scrambled",
		"Scrambled",
		"Unfamiliar",
		"Unfamiliar",
		"Famous",
		"Famous",
		"Scrambled",
		"Scrambled",
		"Scrambled",
		"Famous",
		"Famous",
		"Unfamiliar",
		"Famous",
		"Unfamiliar",
		"Unfamiliar",
		"Unfamiliar",
		"Scrambled",
		"Famous",
		"Famous",
		"Scrambled",
		"Unfamiliar",
		"Famous",
		"Famous",
		"Famous",
		"Unfamiliar",
		"Famous",
		"Famous",
		"Unfamiliar"
	],
	"event_value":[5,13,17,5,6,13,14,13,14,7,17,18,15,13,14,19,5,5,5,17,18,13,14,5,7,5,7,5,6,7,13,17,13,7,5,6,7,13,14,13,15,17,19,13,14,15,17,18,5,6,17,15,13,14,19,13,17,18,5,17,19,13,14,17,18,15,13,17,7,17,19,13,14,17,17,15,13,14,19,13,19,5,17,18,19,5,6,19,13,14,17,15,5,6,7,5,6,5,5,6,17,19,17,18,13,17,18,7,17,18,13,14,19,17,18,5,6,15,17,18,17,13,13,5,6,17,17,19,5,6,15,5,15,13,13,19,5,6,19,13,5,7,5,15,5,6,15],
	"stim_file":[
		"f074.bmp",
		"u011.bmp",
		"s036.bmp",
		"f112.bmp",
		"f112.bmp",
		"u066.bmp",
		"u066.bmp",
		"u113.bmp",
		"u113.bmp",
		"f074.bmp",
		"s100.bmp",
		"s100.bmp",
		"u011.bmp",
		"u069.bmp",
		"u069.bmp",
		"s036.bmp",
		"f039.bmp",
		"f020.bmp",
		"f101.bmp",
		"s058.bmp",
		"s058.bmp",
		"u061.bmp",
		"u061.bmp",
		"f105.bmp",
		"f039.bmp",
		"f138.bmp",
		"f020.bmp",
		"f064.bmp",
		"f064.bmp",
		"f101.bmp",
		"u127.bmp",
		"s103.bmp",
		"u143.bmp",
		"f105.bmp",
		"f119.bmp",
		"f119.bmp",
		"f138.bmp",
		"u074.bmp",
		"u074.bmp",
		"u134.bmp",
		"u127.bmp",
		"s150.bmp",
		"s103.bmp",
		"u077.bmp",
		"u077.bmp",
		"u143.bmp",
		"s026.bmp",
		"s026.bmp",
		"f036.bmp",
		"f036.bmp",
		"s101.bmp",
		"u134.bmp",
		"u016.bmp",
		"u016.bmp",
		"s150.bmp",
		"u049.bmp",
		"s129.bmp",
		"s129.bmp",
		"f038.bmp",
		"s001.bmp",
		"s101.bmp",
		"u084.bmp",
		"u084.bmp",
		"s029.bmp",
		"s029.bmp",
		"u049.bmp",
		"u145.bmp",
		"s030.bmp",
		"f038.bmp",
		"s060.bmp",
		"s001.bmp",
		"u050.bmp",
		"u050.bmp",
		"s076.bmp",
		"s137.bmp",
		"u145.bmp",
		"u020.bmp",
		"u020.bmp",
		"s030.bmp",
		"u056.bmp",
		"s060.bmp",
		"f032.bmp",
		"s077.bmp",
		"s077.bmp",
		"s076.bmp",
		"f133.bmp",
		"f133.bmp",
		"s137.bmp",
		"u064.bmp",
		"u064.bmp",
		"s113.bmp",
		"u056.bmp",
		"f015.bmp",
		"f015.bmp",
		"f032.bmp",
		"f005.bmp",
		"f005.bmp",
		"f115.bmp",
		"f040.bmp",
		"f040.bmp",
		"s109.bmp",
		"s113.bmp",
		"s003.bmp",
		"s003.bmp",
		"u141.bmp",
		"s009.bmp",
		"s009.bmp",
		"f115.bmp",
		"s046.bmp",
		"s046.bmp",
		"u138.bmp",
		"u138.bmp",
		"s109.bmp",
		"s094.bmp",
		"s094.bmp",
		"f095.bmp",
		"f095.bmp",
		"u141.bmp",
		"s132.bmp",
		"s132.bmp",
		"s055.bmp",
		"u005.bmp",
		"u054.bmp",
		"f022.bmp",
		"f022.bmp",
		"s095.bmp",
		"s024.bmp",
		"s055.bmp",
		"f025.bmp",
		"f025.bmp",
		"u005.bmp",
		"f137.bmp",
		"u054.bmp",
		"u107.bmp",
		"u108.bmp",
		"s095.bmp",
		"f093.bmp",
		"f093.bmp",
		"s024.bmp",
		"u121.bmp",
		"f048.bmp",
		"f137.bmp",
		"f131.bmp",
		"u107.bmp",
		"f078.bmp",
		"f078.bmp",
		"u108.bmp"
	]
}
