{
	"onset":[25.0282,28.1682,31.2755,34.2991,37.3727,40.6636,43.6545,46.7445,49.9355,53.0427,56.0827,59.2236,62.4645,65.73820000000001,69.0291,72.1536,75.3109,78.4509,81.6418,84.7491,87.84,91.1636,94.2373,97.44450000000001,100.669,103.809,107,110.191,113.398,116.689,120.014,123.255,126.495,129.753,133.01,136.267,139.342,142.499,145.623,148.763,151.987,155.278,158.318,161.509,164.666,167.807,170.981,174.138,177.179,180.486,183.66,186.901,190.159,193.383,196.524,199.564,202.737,205.778,208.868,212.075,215.266,218.474,221.615,224.856,227.929,230.969,234.176,237.435,240.441,243.682,246.873,250.046,253.154,256.328,259.402,262.559,265.583,268.723,271.83,275.071,278.212,281.469,284.559,287.584,290.875,293.898,297.088,300.145,303.219,306.394,309.634,312.825,315.932,319.023,322.046,325.186,328.394,331.601,334.842,338.016,341.307,344.481,347.755,350.845,353.854,357.11,360.285,363.558,366.548,369.705,372.863,376.087,379.311,382.302,385.475,388.633,391.656,394.73,397.787,400.961,404.219,407.394,410.717,413.775,416.865,420.055,423.195,426.37,429.595,432.835,436.193,439.383,442.691,445.915,449.105,452.279,455.587,458.811,462.069,465.226,468.384,471.524,474.748,477.905,481.179,484.387,487.511,490.735],
	"duration":[0,0,0,0,0,0,0,0,0,0,0,0,0,0,0,0,0,0,0,0,0,0,0,0,0,0,0,0,0,0,0,0,0,0,0,0,0,0,0,0,0,0,0,0,0,0,0,0,0,0,0,0,0,0,0,0,0,0,0,0,0,0,0,0,0,0,0,0,0,0,0,0,0,0,0,0,0,0,0,0,0,0,0,0,0,0,0,0,0,0,0,0,0,0,0,0,0,0,0,0,0,0,0,0,0,0,0,0,0,0,0,0,0,0,0,0,0,0,0,0,0,0,0,0,0,0,0,0,0,0,0,0,0,0,0,0,0,0,0,0,0,0,0,0,0,0,0,0],
	"event_sample":[27531,30985,34403,37729,41110,44730,48020,51419,54929,58347,61691,65146,68711,72312,75932,79369,82842,86296,89806,93224,96624,100280,103661,107189,110736,114190,117700,121210,124738,128358,132015,135580,139145,142728,146311,149894,153276,156749,160185,163639,167186,170806,174150,177660,181133,184588,188079,191552,194897,198535,202026,205591,209175,212721,216176,219520,223011,226356,229755,233283,236793,240321,243776,247342,250722,254066,257594,261178,264485,268050,271560,275051,278469,281961,285342,288815,292141,295595,299013,302578,306033,309616,313015,316342,319962,323288,326797,330160,333541,337033,340597,344107,347525,350925,354251,357705,361233,364761,368326,371818,375438,378929,382531,385930,389239,392821,396313,399914,403203,406676,410149,413696,417242,420532,424023,427496,430822,434203,437566,441057,444641,448133,451789,455152,458551,462061,465515,469007,472554,476118,479812,483321,486960,490506,494016,497507,501146,504692,508276,511749,515222,518676,522223,525696,529297,532826,536262,539808],
	"trial_type":[
		"Unfamiliar",
		"Scrambled",
		"Scrambled",
		"Famous",
		"Scrambled",
		"Scrambled",
		"Famous",
		"Famous",
		"Unfamiliar",
		"Famous",
		"Famous",
		"Scrambled",
		"Famous",
		"Famous",
		"Scrambled",
		"Unfamiliar",
		"Unfamiliar",
		"Famous",
		"Famous",
		"Famous",
		"Famous",
		"Famous",
		"Scrambled",
		"Unfamiliar",
		"Unfamiliar",
		"Famous",
		"Famous",
		"Unfamiliar",
		"Unfamiliar",
		"Unfamiliar",
		"Unfamiliar",
		"Scrambled",
		"Scrambled",
		"Scrambled",
		"Scrambled",
		"Scrambled",
		"Famous",
		"Famous",
		"Scrambled",
		"Scrambled",
		"Scrambled",
		"Scrambled",
		"Famous",
		"Scrambled",
		"Scrambled",
		"Scrambled",
		"Scrambled",
		"Scrambled",
		"Famous",
		"Unfamiliar",
		"Famous",
		"Unfamiliar",
		"Unfamiliar",
		"Unfamiliar",
		"Unfamiliar",
		"Famous",
		"Scrambled",
		"Scrambled",
		"Famous",
		"Famous",
		"Famous",
		"Unfamiliar",
		"Famous",
		"Famous",
		"Famous",
		"Famous",
		"Famous",
		"Scrambled",
		"Unfamiliar",
		"Famous",
		"Unfamiliar",
		"Scrambled",
		"Scrambled",
		"Famous",
		"Scrambled",
		"Scrambled",
		"Unfamiliar",
		"Unfamiliar",
		"Famous",
		"Unfamiliar",
		"Famous",
		"Famous",
		"Unfamiliar",
		"Scrambled",
		"Unfamiliar",
		"Famous",
		"Unfamiliar",
		"Unfamiliar",
		"Famous",
		"Scrambled",
		"Unfamiliar",
		"Unfamiliar",
		"Scrambled",
		"Scrambled",
		"Unfamiliar",
		"Famous",
		"Famous",
		"Famous",
		"Scrambled",
		"Scrambled",
		"Unfamiliar",
		"Unfamiliar",
		"Scrambled",
		"Famous",
		"Famous",
		"Unfamiliar",
		"Famous",
		"Famous",
		"Famous",
		"Scrambled",
		"Unfamiliar",
		"Unfamiliar",
		"Unfamiliar",
		"Scrambled",
		"Scrambled",
		"Unfamiliar",
		"Scrambled",
		"Famous",
		"Scrambled",
		"Scrambled",
		"Unfamiliar",
		"Scrambled",
		"Unfamiliar",
		"Unfamiliar",
		"Unfamiliar",
		"Scrambled",
		"Scrambled",
		"Scrambled",
		"Famous",
		"Famous",
		"Unfamiliar",
		"Unfamiliar",
		"Scrambled",
		"Unfamiliar",
		"Scrambled",
		"Unfamiliar",
		"Famous",
		"Famous",
		"Scrambled",
		"Famous",
		"Unfamiliar",
		"Unfamiliar",
		"Unfamiliar",
		"Unfamiliar",
		"Unfamiliar",
		"Scrambled",
		"Unfamiliar",
		"Unfamiliar"
	],
	"event_value":[13,17,17,5,17,18,5,6,15,5,6,19,5,6,19,13,14,7,5,6,5,6,17,13,14,5,6,13,14,13,14,17,19,17,17,17,5,5,19,17,18,19,5,19,17,19,17,18,7,13,7,13,14,13,14,7,17,19,5,5,6,15,5,5,6,5,6,19,13,7,13,17,18,7,17,18,13,14,5,15,5,6,15,17,13,5,13,14,7,17,13,14,19,17,15,5,7,5,17,19,13,13,19,5,7,13,7,5,6,19,13,14,15,17,18,15,17,7,17,18,15,17,13,14,13,17,18,19,5,6,13,14,19,13,17,15,5,6,17,5,13,14,15,13,14,19,13,14],
	"stim_file":[
		"u142.bmp",
		"s007.bmp",
		"s004.bmp",
		"f086.bmp",
		"s054.bmp",
		"s054.bmp",
		"f047.bmp",
		"f047.bmp",
		"u142.bmp",
		"f055.bmp",
		"f055.bmp",
		"s007.bmp",
		"f097.bmp",
		"f097.bmp",
		"s004.bmp",
		"u051.bmp",
		"u051.bmp",
		"f086.bmp",
		"f001.bmp",
		"f001.bmp",
		"f148.bmp",
		"f148.bmp",
		"s079.bmp",
		"u012.bmp",
		"u012.bmp",
		"f114.bmp",
		"f114.bmp",
		"u095.bmp",
		"u095.bmp",
		"u102.bmp",
		"u102.bmp",
		"s020.bmp",
		"s079.bmp",
		"s111.bmp",
		"s075.bmp",
		"s118.bmp",
		"f026.bmp",
		"f143.bmp",
		"s020.bmp",
		"s116.bmp",
		"s116.bmp",
		"s111.bmp",
		"f029.bmp",
		"s075.bmp",
		"s005.bmp",
		"s118.bmp",
		"s139.bmp",
		"s139.bmp",
		"f026.bmp",
		"u001.bmp",
		"f143.bmp",
		"u062.bmp",
		"u062.bmp",
		"u125.bmp",
		"u125.bmp",
		"f029.bmp",
		"s078.bmp",
		"s005.bmp",
		"f031.bmp",
		"f107.bmp",
		"f107.bmp",
		"u001.bmp",
		"f116.bmp",
		"f016.bmp",
		"f016.bmp",
		"f083.bmp",
		"f083.bmp",
		"s078.bmp",
		"u010.bmp",
		"f031.bmp",
		"u059.bmp",
		"s042.bmp",
		"s042.bmp",
		"f116.bmp",
		"s014.bmp",
		"s014.bmp",
		"u082.bmp",
		"u082.bmp",
		"f023.bmp",
		"u010.bmp",
		"f118.bmp",
		"f118.bmp",
		"u059.bmp",
		"s125.bmp",
		"u033.bmp",
		"f068.bmp",
		"u038.bmp",
		"u038.bmp",
		"f023.bmp",
		"s098.bmp",
		"u137.bmp",
		"u137.bmp",
		"s125.bmp",
		"s008.bmp",
		"u033.bmp",
		"f146.bmp",
		"f068.bmp",
		"f061.bmp",
		"s019.bmp",
		"s098.bmp",
		"u116.bmp",
		"u036.bmp",
		"s008.bmp",
		"f053.bmp",
		"f146.bmp",
		"u067.bmp",
		"f061.bmp",
		"f125.bmp",
		"f125.bmp",
		"s019.bmp",
		"u117.bmp",
		"u117.bmp",
		"u116.bmp",
		"s134.bmp",
		"s134.bmp",
		"u036.bmp",
		"s119.bmp",
		"f053.bmp",
		"s021.bmp",
		"s021.bmp",
		"u067.bmp",
		"s061.bmp",
		"u111.bmp",
		"u111.bmp",
		"u004.bmp",
		"s040.bmp",
		"s040.bmp",
		"s119.bmp",
		"f006.bmp",
		"f006.bmp",
		"u034.bmp",
		"u034.bmp",
		"s061.bmp",
		"u075.bmp",
		"s027.bmp",
		"u004.bmp",
		"f024.bmp",
		"f024.bmp",
		"s057.bmp",
		"f126.bmp",
		"u135.bmp",
		"u135.bmp",
		"u075.bmp",
		"u110.bmp",
		"u110.bmp",
		"s027.bmp",
		"u072.bmp",
		"u072.bmp"
	]
}
