{
	"onset":[23.9691,27.1773,30.3845,33.5418,36.7155,39.8727,43.03,46.1873,49.4282,52.7027,55.8764,58.9,62.1573,65.46550000000001,68.7564,71.98,75.2709,78.56180000000001,81.76909999999999,85.06,88.1173,91.3082,94.5155,97.6391,100.83,104.004,107.128,110.369,113.493,116.716,119.79,122.948,126.038,129.179,132.336,135.51,138.734,141.992,145.115,148.239,151.514,154.604,157.778,160.918,164.26,167.601,170.675,173.832,177.039,180.28,183.37,186.645,189.768,192.993,196.083,199.257,202.447,205.705,208.946,212.104,215.094,218.1,221.225,224.515,227.756,230.78,233.87,237.127,240.302,243.292,246.633,249.824,252.981,256.021,259.045,262.035,265.159,268.215,271.44,274.647,277.838,280.895,284.153,287.294,290.384,293.541,296.632,299.839,302.913,306.07,309.244,312.535,315.792,319.05,322.09,325.281,328.405,331.612,334.753,337.944,340.95,344.125,347.398,350.64,353.864,357.021,360.211,363.368,366.543,369.716,372.724,375.815,379.105,382.178,385.319,388.595,391.867,394.858,398.065,401.239,404.614,407.755,410.912,413.935,417.243,420.484,423.641,426.715,429.939,433.179,436.32,439.444,442.685,445.842,448.999,452.04,455.23,458.321,461.578,464.735,467.876,471.117,474.307,477.465,480.488,483.645,486.87],
	"duration":[0,0,0,0,0,0,0,0,0,0,0,0,0,0,0,0,0,0,0,0,0,0,0,0,0,0,0,0,0,0,0,0,0,0,0,0,0,0,0,0,0,0,0,0,0,0,0,0,0,0,0,0,0,0,0,0,0,0,0,0,0,0,0,0,0,0,0,0,0,0,0,0,0,0,0,0,0,0,0,0,0,0,0,0,0,0,0,0,0,0,0,0,0,0,0,0,0,0,0,0,0,0,0,0,0,0,0,0,0,0,0,0,0,0,0,0,0,0,0,0,0,0,0,0,0,0,0,0,0,0,0,0,0,0,0,0,0,0,0,0,0,0,0,0,0,0,0],
	"event_sample":[26366,29895,33423,36896,40387,43860,47333,50806,54371,57973,61464,64790,68373,72012,75632,79178,82798,86418,89946,93566,96929,100439,103967,107403,110913,114404,117841,121406,124842,128388,131769,135243,138642,142097,145570,149061,152607,156191,159627,163063,166665,170064,173556,177010,180686,184361,187742,191215,194743,198308,201707,205309,208745,212292,215691,219183,222692,226276,229841,233314,236603,239910,243347,246967,250532,253858,257257,260840,264332,267621,271296,274806,278279,281623,284949,288239,291675,295037,298584,302112,305622,308985,312568,316023,319422,322895,326295,329823,333204,336677,340168,343788,347371,350955,354299,357809,361245,364773,368228,371738,375045,378537,382138,385704,389250,392723,396232,399705,403197,406688,409996,413396,417015,420396,423851,427454,431054,434344,437872,441363,445075,448530,452003,455329,458967,462532,466005,469386,472933,476497,479952,483388,486953,490426,493899,497244,500753,504153,507736,511209,514664,518229,521738,525211,528537,532010,535557],
	"trial_type":[
		"Famous",
		"Famous",
		"Scrambled",
		"Scrambled",
		"Scrambled",
		"Scrambled",
		"Unfamiliar",
		"Unfamiliar",
		"Unfamiliar",
		"Unfamiliar",
		"Famous",
		"Famous",
		"Famous",
		"Unfamiliar",
		"Unfamiliar",
		"Unfamiliar",
		"Unfamiliar",
		"Scrambled",
		"Scrambled",
		"Unfamiliar",
		"Famous",
		"Famous",
		"Unfamiliar",
		"Scrambled",
		"Unfamiliar",
		"Unfamiliar",
		"Famous",
		"Famous",
		"Famous",
		"Famous",
		"Famous",
		"Famous",
		"Unfamiliar",
		"Unfamiliar",
		"Scrambled",
		"Unfamiliar",
		"Unfamiliar",
		"Famous",
		"Famous",
		"Unfamiliar",
		"Scrambled",
		"Famous",
		"Famous",
		"Famous",
		"Unfamiliar",
		"Unfamiliar",
		"Unfamiliar",
		"Unfamiliar",
		"Scrambled",
		"Famous",
		"Unfamiliar",
		"Famous",
		"Famous",
		"Scrambled",
		"Unfamiliar",
		"Scrambled",
		"Scrambled",
		"Scrambled",
		"Scrambled",
		"Famous",
		"Famous",
		"Famous",
		"Unfamiliar",
		"Unfamiliar",
		"Scrambled",
		"Unfamiliar",
		"Scrambled",
		"Famous",
		"Scrambled",
		"Famous",
		"Famous",
		"Scrambled",
		"Scrambled",
		"Scrambled",
		"Scrambled",
		"Famous",
		"Scrambled",
		"Famous",
		"Famous",
		"Famous",
		"Famous",
		"Famous",
		"Famous",
		"Scrambled",
		"Famous",
		"Famous",
		"Unfamiliar",
		"Famous",
		"Unfamiliar",
		"Unfamiliar",
		"Famous",
		"Unfamiliar",
		"Unfamiliar",
		"Scrambled",
		"Scrambled",
		"Scrambled",
		"Scrambled",
		"Unfamiliar",
		"Scrambled",
		"Scrambled",
		"Unfamiliar",
		"Unfamiliar",
		"Unfamiliar",
		"Famous",
		"Scrambled",
		"Scrambled",
		"Scrambled",
		"Famous",
		"Famous",
		"Unfamiliar",
		"Unfamiliar",
		"Unfamiliar",
		"Unfamiliar",
		"Unfamiliar",
		"Famous",
		"Scrambled",
		"Scrambled",
		"Scrambled",
		"Unfamiliar",
		"Unfamiliar",
		"Scrambled",
		"Scrambled",
		"Scrambled",
		"Unfamiliar",
		"Scrambled",
		"Unfamiliar",
		"Famous",
		"Famous",
		"Unfamiliar",
		"Scrambled",
		"Scrambled",
		"Scrambled",
		"Famous",
		"Scrambled",
		"Scrambled",
		"Unfamiliar",
		"Unfamiliar",
		"Famous",
		"Unfamiliar",
		"Famous",
		"Famous",
		"Unfamiliar",
		"Unfamiliar",
		"Famous",
		"Scrambled",
		"Scrambled",
		"Scrambled"
	],
	"event_value":[5,6,17,18,17,18,13,14,13,13,5,5,6,13,14,13,15,17,18,15,5,7,13,17,13,15,5,6,5,6,7,5,15,13,19,13,15,5,6,13,17,7,5,6,15,13,14,15,17,5,15,5,6,19,13,17,18,17,19,5,6,7,13,14,17,15,17,5,19,5,6,17,17,18,19,5,19,5,7,5,6,5,6,19,5,6,13,7,13,14,7,13,14,17,18,17,17,15,17,18,13,14,13,5,19,17,19,5,6,13,14,13,15,13,7,17,18,19,13,14,17,17,18,15,17,15,5,6,13,17,18,19,5,17,19,13,14,5,15,5,6,13,14,7,17,19,17],
	"stim_file":[
		"f140.bmp",
		"f140.bmp",
		"s064.bmp",
		"s064.bmp",
		"s092.bmp",
		"s092.bmp",
		"u041.bmp",
		"u041.bmp",
		"u099.bmp",
		"u031.bmp",
		"f071.bmp",
		"f018.bmp",
		"f018.bmp",
		"u035.bmp",
		"u035.bmp",
		"u039.bmp",
		"u099.bmp",
		"s013.bmp",
		"s013.bmp",
		"u031.bmp",
		"f079.bmp",
		"f071.bmp",
		"u045.bmp",
		"s112.bmp",
		"u087.bmp",
		"u039.bmp",
		"f008.bmp",
		"f008.bmp",
		"f129.bmp",
		"f129.bmp",
		"f079.bmp",
		"f088.bmp",
		"u045.bmp",
		"u085.bmp",
		"s112.bmp",
		"u027.bmp",
		"u087.bmp",
		"f050.bmp",
		"f050.bmp",
		"u129.bmp",
		"s117.bmp",
		"f088.bmp",
		"f021.bmp",
		"f021.bmp",
		"u085.bmp",
		"u088.bmp",
		"u088.bmp",
		"u027.bmp",
		"s037.bmp",
		"f060.bmp",
		"u129.bmp",
		"f019.bmp",
		"f019.bmp",
		"s117.bmp",
		"u060.bmp",
		"s065.bmp",
		"s065.bmp",
		"s136.bmp",
		"s037.bmp",
		"f094.bmp",
		"f094.bmp",
		"f060.bmp",
		"u018.bmp",
		"u018.bmp",
		"s034.bmp",
		"u060.bmp",
		"s110.bmp",
		"f122.bmp",
		"s136.bmp",
		"f007.bmp",
		"f007.bmp",
		"s107.bmp",
		"s133.bmp",
		"s133.bmp",
		"s034.bmp",
		"f069.bmp",
		"s110.bmp",
		"f142.bmp",
		"f122.bmp",
		"f058.bmp",
		"f058.bmp",
		"f144.bmp",
		"f144.bmp",
		"s107.bmp",
		"f056.bmp",
		"f056.bmp",
		"u123.bmp",
		"f069.bmp",
		"u081.bmp",
		"u081.bmp",
		"f142.bmp",
		"u063.bmp",
		"u063.bmp",
		"s149.bmp",
		"s149.bmp",
		"s088.bmp",
		"s084.bmp",
		"u123.bmp",
		"s038.bmp",
		"s038.bmp",
		"u112.bmp",
		"u112.bmp",
		"u021.bmp",
		"f059.bmp",
		"s088.bmp",
		"s081.bmp",
		"s084.bmp",
		"f104.bmp",
		"f104.bmp",
		"u076.bmp",
		"u076.bmp",
		"u118.bmp",
		"u021.bmp",
		"u149.bmp",
		"f059.bmp",
		"s031.bmp",
		"s031.bmp",
		"s081.bmp",
		"u096.bmp",
		"u096.bmp",
		"s120.bmp",
		"s047.bmp",
		"s047.bmp",
		"u118.bmp",
		"s102.bmp",
		"u149.bmp",
		"f077.bmp",
		"f077.bmp",
		"u057.bmp",
		"s074.bmp",
		"s074.bmp",
		"s120.bmp",
		"f113.bmp",
		"s104.bmp",
		"s102.bmp",
		"u047.bmp",
		"u047.bmp",
		"f141.bmp",
		"u057.bmp",
		"f135.bmp",
		"f135.bmp",
		"u126.bmp",
		"u126.bmp",
		"f113.bmp",
		"s070.bmp",
		"s104.bmp",
		"s130.bmp"
	]
}
