{
	"onset":[1.499,3.49,18.489,26.593,28.589,32.616,38.723,40.72,52.716,59.829,61.826,65.819,79.828,86.94199999999999,88.93899999999999,102.931,109.038,111.035,115.061,121.168,123.165,127.161,139.172,148.282,150.278,163.28,169.387,171.383,175.404,181.511,183.507,187.517,202.516,210.62,212.617,216.626,229.629,235.736,237.733,252.731,259.845,261.842,265.852,274.962,276.958,280.968,290.079,292.075,296.068,311.067,318.181,320.172,332.168,341.278,343.275,347.268,362.278,368.385,370.382,374.408],
	"duration":[2,8,2.1,2,4,2.1,2,8,2.1,2,4,8,2.1,2,8,2.1,2,4,2.1,2,4,8,2.1,2,8,2.1,2,4,2.1,2,4,8,2.1,2,4,8,2.1,2,8,2.1,2,4,2.1,2,4,2.1,2,4,8,2.1,2,8,2.1,2,4,8,2.1,2,4,2.1],
	"trial_type":[
		"Look_Neutral_Cue",
		"Look_Neutral_Stim",
		"Look_Neutral_Rating",
		"Look_Neg_Cue",
		"Look_Neg_Ant",
		"Look_Neg_Rating",
		"Reapp_Neg_Cue",
		"Reapp_Neg_Stim",
		"Reapp_Neg_Rating",
		"Look_Neutral_Cue",
		"Look_Neutral_Ant",
		"Look_Neutral_Stim",
		"Look_Neutral_Rating",
		"Reapp_Neg_Cue",
		"Reapp_Neg_Stim",
		"Reapp_Neg_Rating",
		"Look_Neutral_Cue",
		"Look_Neutral_Ant",
		"Look_Neutral_Rating",
		"Reapp_Neg_Cue",
		"Reapp_Neg_Ant",
		"Reapp_Neg_Stim",
		"Reapp_Neg_Rating",
		"Look_Neg_Cue",
		"Look_Neg_Stim",
		"Look_Neg_Rating",
		"Look_Neutral_Cue",
		"Look_Neutral_Ant",
		"Look_Neutral_Rating",
		"Reapp_Neg_Cue",
		"Reapp_Neg_Ant",
		"Reapp_Neg_Stim",
		"Reapp_Neg_Rating",
		"Look_Neg_Cue",
		"Look_Neg_Ant",
		"Look_Neg_Stim",
		"Look_Neg_Rating",
		"Look_Neutral_Cue",
		"Look_Neutral_Stim",
		"Look_Neutral_Rating",
		"Look_Neg_Cue",
		"Look_Neg_Ant",
		"Look_Neg_Rating",
		"Reapp_Neg_Cue",
		"Reapp_Neg_Ant",
		"Reapp_Neg_Rating",
		"Look_Neutral_Cue",
		"Look_Neutral_Ant",
		"Look_Neutral_Stim",
		"Look_Neutral_Rating",
		"Look_Neg_Cue",
		"Look_Neg_Stim",
		"Look_Neg_Rating",
		"Look_Neg_Cue",
		"Look_Neg_Ant",
		"Look_Neg_Stim",
		"Look_Neg_Rating",
		"Reapp_Neg_Cue",
		"Reapp_Neg_Ant",
		"Reapp_Neg_Rating"
	]
}
