{
	"onset":[24.2155,27.5227,30.6464,33.9873,37.2955,40.4864,43.5609,46.6845,49.8409,52.9482,56.1055,59.3627,62.6873,65.8609,69.12,72.27549999999999,75.5836,78.8409,82.1991,85.35639999999999,88.6973,91.9045,95.2118,98.43640000000001,101.511,104.801,108.042,111.082,114.356,117.464,120.787,123.928,127.085,130.41,133.5,136.607,139.798,143.123,146.43,149.788,152.995,156.085,159.143,162.3,165.391,168.581,171.605,174.845,177.953,181.06,184.15,187.325,190.582,193.755,196.946,200.187,203.495,206.585,209.826,212.984,216.241,219.448,222.555,225.663,228.87,232.061,235.235,238.308,241.332,244.606,247.78,250.855,253.928,257.018,260.159,263.333,266.456,269.715,272.922,276.213,279.336,282.627,285.785,288.892,292.033,295.24,298.431,301.571,304.812,308.003,311.211,314.467,317.608,320.765,324.056,327.146,330.304,333.345,336.435,339.525,342.749,345.99,349.131,352.255,355.563,358.754,362.044,365.135,368.425,371.549,374.606,377.746,380.954,384.111,387.435,390.693,393.85,397.025,400.298,403.373,406.496,409.487,412.677,415.817,418.975,422.215,425.34,428.464,431.605,434.812,438.135,441.21,444.517,447.675,450.815,453.855,457.029,460.186,463.327,466.451,469.575,472.865,476.074,479.264,482.605,485.763,488.819],
	"duration":[0,0,0,0,0,0,0,0,0,0,0,0,0,0,0,0,0,0,0,0,0,0,0,0,0,0,0,0,0,0,0,0,0,0,0,0,0,0,0,0,0,0,0,0,0,0,0,0,0,0,0,0,0,0,0,0,0,0,0,0,0,0,0,0,0,0,0,0,0,0,0,0,0,0,0,0,0,0,0,0,0,0,0,0,0,0,0,0,0,0,0,0,0,0,0,0,0,0,0,0,0,0,0,0,0,0,0,0,0,0,0,0,0,0,0,0,0,0,0,0,0,0,0,0,0,0,0,0,0,0,0,0,0,0,0,0,0,0,0,0,0,0,0,0,0,0,0],
	"onset_sample":[26637,30275,33711,37386,41025,44535,47917,51353,54825,58243,61716,65299,68956,72447,76032,79503,83142,86725,90419,93892,97567,101095,104733,108280,111662,115281,118846,122190,125792,129210,132866,136321,139794,143451,146850,150268,153778,157435,161073,164767,168295,171694,175057,178530,181930,185439,188765,192330,195748,199166,202565,206058,209640,213131,216641,220206,223845,227244,230809,234282,237865,241393,244811,248229,251757,255267,258758,262139,265465,269067,272558,275940,279321,282720,286175,289666,293102,296687,300214,303834,307270,310890,314363,317781,321236,324764,328274,331728,335293,338803,342332,345914,349369,352842,356462,359861,363334,366679,370079,373478,377024,380589,384044,387481,391119,394629,398248,401648,405268,408704,412067,415521,419049,422522,426179,429762,433235,436727,440328,443710,447146,450436,453945,457399,460873,464437,467874,471310,474765,478293,481949,485331,488969,492442,495897,499241,502732,506205,509660,513096,516532,520152,523681,527190,530865,534339,537701],
	"stim_type":[
		"Scrambled",
		"Unfamiliar",
		"Scrambled",
		"Scrambled",
		"Scrambled",
		"Scrambled",
		"Famous",
		"Famous",
		"Scrambled",
		"Scrambled",
		"Scrambled",
		"Unfamiliar",
		"Unfamiliar",
		"Famous",
		"Famous",
		"Famous",
		"Famous",
		"Scrambled",
		"Scrambled",
		"Unfamiliar",
		"Famous",
		"Famous",
		"Scrambled",
		"Scrambled",
		"Famous",
		"Famous",
		"Famous",
		"Scrambled",
		"Scrambled",
		"Scrambled",
		"Scrambled",
		"Scrambled",
		"Unfamiliar",
		"Famous",
		"Famous",
		"Famous",
		"Famous",
		"Famous",
		"Famous",
		"Unfamiliar",
		"Unfamiliar",
		"Scrambled",
		"Scrambled",
		"Unfamiliar",
		"Unfamiliar",
		"Unfamiliar",
		"Unfamiliar",
		"Famous",
		"Famous",
		"Scrambled",
		"Scrambled",
		"Scrambled",
		"Scrambled",
		"Famous",
		"Famous",
		"Unfamiliar",
		"Unfamiliar",
		"Unfamiliar",
		"Scrambled",
		"Famous",
		"Scrambled",
		"Scrambled",
		"Scrambled",
		"Unfamiliar",
		"Scrambled",
		"Unfamiliar",
		"Famous",
		"Famous",
		"Scrambled",
		"Scrambled",
		"Famous",
		"Famous",
		"Unfamiliar",
		"Scrambled",
		"Scrambled",
		"Unfamiliar",
		"Unfamiliar",
		"Scrambled",
		"Scrambled",
		"Famous",
		"Scrambled",
		"Unfamiliar",
		"Unfamiliar",
		"Unfamiliar",
		"Scrambled",
		"Famous",
		"Famous",
		"Unfamiliar",
		"Unfamiliar",
		"Scrambled",
		"Famous",
		"Famous",
		"Famous",
		"Unfamiliar",
		"Scrambled",
		"Scrambled",
		"Unfamiliar",
		"Unfamiliar",
		"Unfamiliar",
		"Unfamiliar",
		"Famous",
		"Famous",
		"Scrambled",
		"Unfamiliar",
		"Unfamiliar",
		"Scrambled",
		"Scrambled",
		"Unfamiliar",
		"Unfamiliar",
		"Unfamiliar",
		"Unfamiliar",
		"Famous",
		"Famous",
		"Famous",
		"Scrambled",
		"Scrambled",
		"Scrambled",
		"Unfamiliar",
		"Unfamiliar",
		"Famous",
		"Famous",
		"Famous",
		"Famous",
		"Famous",
		"Scrambled",
		"Unfamiliar",
		"Unfamiliar",
		"Unfamiliar",
		"Unfamiliar",
		"Famous",
		"Famous",
		"Famous",
		"Scrambled",
		"Unfamiliar",
		"Famous",
		"Unfamiliar",
		"Unfamiliar",
		"Unfamiliar",
		"Famous",
		"Famous",
		"Famous",
		"Scrambled",
		"Scrambled",
		"Unfamiliar",
		"Unfamiliar",
		"Unfamiliar",
		"Unfamiliar"
	],
	"trigger":[17,13,17,18,17,18,5,6,17,18,19,13,15,5,5,6,5,17,17,15,5,7,17,18,5,6,7,17,18,19,17,19,13,7,5,6,5,5,6,13,14,19,17,15,13,14,13,7,5,17,17,18,19,5,6,13,14,15,17,7,17,18,19,13,17,13,5,6,19,17,5,6,15,17,19,13,15,17,18,5,19,13,13,14,19,5,6,15,13,17,7,5,6,15,17,18,13,14,13,15,5,6,19,13,14,17,18,13,13,14,15,5,5,6,17,17,18,15,13,5,7,5,6,5,19,13,13,14,15,5,6,7,17,13,7,13,14,15,5,6,5,17,19,13,15,13,14],
	"stim_file":[
		"meg/s031.bmp",
		"meg/u092.bmp",
		"meg/s017.bmp",
		"meg/s017.bmp",
		"meg/s122.bmp",
		"meg/s122.bmp",
		"meg/f095.bmp",
		"meg/f095.bmp",
		"meg/s116.bmp",
		"meg/s116.bmp",
		"meg/s031.bmp",
		"meg/u129.bmp",
		"meg/u092.bmp",
		"meg/f134.bmp",
		"meg/f032.bmp",
		"meg/f032.bmp",
		"meg/f058.bmp",
		"meg/s091.bmp",
		"meg/s034.bmp",
		"meg/u129.bmp",
		"meg/f018.bmp",
		"meg/f134.bmp",
		"meg/s024.bmp",
		"meg/s024.bmp",
		"meg/f107.bmp",
		"meg/f107.bmp",
		"meg/f058.bmp",
		"meg/s027.bmp",
		"meg/s027.bmp",
		"meg/s091.bmp",
		"meg/s078.bmp",
		"meg/s034.bmp",
		"meg/u008.bmp",
		"meg/f018.bmp",
		"meg/f019.bmp",
		"meg/f019.bmp",
		"meg/f006.bmp",
		"meg/f075.bmp",
		"meg/f075.bmp",
		"meg/u105.bmp",
		"meg/u105.bmp",
		"meg/s078.bmp",
		"meg/s138.bmp",
		"meg/u008.bmp",
		"meg/u116.bmp",
		"meg/u116.bmp",
		"meg/u136.bmp",
		"meg/f006.bmp",
		"meg/f115.bmp",
		"meg/s037.bmp",
		"meg/s147.bmp",
		"meg/s147.bmp",
		"meg/s138.bmp",
		"meg/f003.bmp",
		"meg/f003.bmp",
		"meg/u068.bmp",
		"meg/u068.bmp",
		"meg/u136.bmp",
		"meg/s115.bmp",
		"meg/f115.bmp",
		"meg/s010.bmp",
		"meg/s010.bmp",
		"meg/s037.bmp",
		"meg/u094.bmp",
		"meg/s007.bmp",
		"meg/u053.bmp",
		"meg/f016.bmp",
		"meg/f016.bmp",
		"meg/s115.bmp",
		"meg/s128.bmp",
		"meg/f142.bmp",
		"meg/f142.bmp",
		"meg/u094.bmp",
		"meg/s022.bmp",
		"meg/s007.bmp",
		"meg/u006.bmp",
		"meg/u053.bmp",
		"meg/s011.bmp",
		"meg/s011.bmp",
		"meg/f036.bmp",
		"meg/s128.bmp",
		"meg/u012.bmp",
		"meg/u011.bmp",
		"meg/u011.bmp",
		"meg/s022.bmp",
		"meg/f087.bmp",
		"meg/f087.bmp",
		"meg/u006.bmp",
		"meg/u120.bmp",
		"meg/s140.bmp",
		"meg/f036.bmp",
		"meg/f060.bmp",
		"meg/f060.bmp",
		"meg/u012.bmp",
		"meg/s040.bmp",
		"meg/s040.bmp",
		"meg/u052.bmp",
		"meg/u052.bmp",
		"meg/u138.bmp",
		"meg/u120.bmp",
		"meg/f117.bmp",
		"meg/f117.bmp",
		"meg/s140.bmp",
		"meg/u055.bmp",
		"meg/u055.bmp",
		"meg/s066.bmp",
		"meg/s066.bmp",
		"meg/u134.bmp",
		"meg/u009.bmp",
		"meg/u009.bmp",
		"meg/u138.bmp",
		"meg/f092.bmp",
		"meg/f067.bmp",
		"meg/f067.bmp",
		"meg/s016.bmp",
		"meg/s067.bmp",
		"meg/s067.bmp",
		"meg/u134.bmp",
		"meg/u119.bmp",
		"meg/f137.bmp",
		"meg/f092.bmp",
		"meg/f069.bmp",
		"meg/f069.bmp",
		"meg/f085.bmp",
		"meg/s016.bmp",
		"meg/u027.bmp",
		"meg/u044.bmp",
		"meg/u044.bmp",
		"meg/u119.bmp",
		"meg/f104.bmp",
		"meg/f104.bmp",
		"meg/f137.bmp",
		"meg/s045.bmp",
		"meg/u043.bmp",
		"meg/f085.bmp",
		"meg/u035.bmp",
		"meg/u035.bmp",
		"meg/u027.bmp",
		"meg/f048.bmp",
		"meg/f048.bmp",
		"meg/f083.bmp",
		"meg/s061.bmp",
		"meg/s045.bmp",
		"meg/u143.bmp",
		"meg/u043.bmp",
		"meg/u067.bmp",
		"meg/u067.bmp"
	]
}
