{
	"onset":[23.7155,26.9064,30.2309,33.5218,36.6791,39.8864,43.1609,46.4518,49.5755,52.8327,56.0236,59.1645,62.3045,65.4791,68.77,72.0273,75.2009,78.3245,81.48180000000001,84.67270000000001,87.81359999999999,91.07089999999999,94.2282,97.3355,100.593,103.716,106.991,110.182,113.439,116.68,119.854,123.028,126.135,129.275,132.516,135.658,138.865,141.972,145.095,148.353,151.577,154.935,157.958,161.083,164.206,167.264,170.521,173.862,177.085,180.226,183.4,186.575,189.648,192.705,195.979,199.187,202.361,205.535,208.592,211.799,214.906,218.014,221.305,224.412,227.653,230.76,234.051,237.125,240.348,243.555,246.613,249.904,253.011,256.268,259.493,262.666,265.824,268.981,272.205,275.379,278.52,281.677,284.767,287.992,291.182,294.44,297.53,300.654,303.945,307.069,310.059,313.3,316.591,319.782,322.855,325.895,329.019,332.144,335.2,338.458,341.632,344.722,347.829,351.004,354.211,357.418,360.542,363.683,366.99,370.165,373.455,376.813,380.054,383.161,386.402,389.675,392.8,395.806,398.981,402.155,405.162,408.419,411.61,414.884,418.125,421.198,424.405,427.53,430.67,433.795,436.835,440.008,443.349,446.506,449.681,452.721,455.828,458.985,462.226,465.467,468.541,471.648,474.772,477.946,481.036,484.227,487.385],
	"duration":[0,0,0,0,0,0,0,0,0,0,0,0,0,0,0,0,0,0,0,0,0,0,0,0,0,0,0,0,0,0,0,0,0,0,0,0,0,0,0,0,0,0,0,0,0,0,0,0,0,0,0,0,0,0,0,0,0,0,0,0,0,0,0,0,0,0,0,0,0,0,0,0,0,0,0,0,0,0,0,0,0,0,0,0,0,0,0,0,0,0,0,0,0,0,0,0,0,0,0,0,0,0,0,0,0,0,0,0,0,0,0,0,0,0,0,0,0,0,0,0,0,0,0,0,0,0,0,0,0,0,0,0,0,0,0,0,0,0,0,0,0,0,0,0,0,0,0],
	"onset_sample":[26087,29597,33254,36874,40347,43875,47477,51097,54533,58116,61626,65081,68535,72027,75647,79230,82721,86157,89630,93140,96595,100178,103651,107069,110652,114088,117690,121200,124783,128348,131839,135331,138749,142203,145768,149224,152751,156169,159605,163188,166735,170428,173754,177191,180627,183990,187573,191248,194794,198249,201740,205232,208613,211976,215577,219106,222597,226088,229451,232979,236397,239815,243435,246853,250418,253836,257456,260837,264383,267911,271274,274894,278312,281895,285442,288933,292406,295879,299426,302917,306372,309845,313244,316791,320300,323884,327283,330719,334339,337776,341065,344630,348250,351760,355141,358485,361921,365358,368720,372304,375795,379194,382612,386104,389632,393160,396596,400051,403689,407181,410801,414494,418059,421477,425042,428643,432080,435387,438879,442370,445678,449261,452771,456372,459937,463318,466846,470283,473737,477174,480518,484009,487684,491157,494649,497993,501411,504884,508449,512014,515395,518813,522249,525741,529140,532650,536123],
	"stim_type":[
		"Unfamiliar",
		"Unfamiliar",
		"Famous",
		"Unfamiliar",
		"Unfamiliar",
		"Unfamiliar",
		"Unfamiliar",
		"Famous",
		"Scrambled",
		"Scrambled",
		"Famous",
		"Famous",
		"Unfamiliar",
		"Unfamiliar",
		"Unfamiliar",
		"Scrambled",
		"Famous",
		"Scrambled",
		"Scrambled",
		"Scrambled",
		"Scrambled",
		"Famous",
		"Famous",
		"Famous",
		"Unfamiliar",
		"Unfamiliar",
		"Unfamiliar",
		"Scrambled",
		"Unfamiliar",
		"Unfamiliar",
		"Famous",
		"Famous",
		"Famous",
		"Scrambled",
		"Scrambled",
		"Famous",
		"Scrambled",
		"Scrambled",
		"Famous",
		"Scrambled",
		"Famous",
		"Unfamiliar",
		"Famous",
		"Scrambled",
		"Scrambled",
		"Unfamiliar",
		"Scrambled",
		"Scrambled",
		"Famous",
		"Scrambled",
		"Scrambled",
		"Scrambled",
		"Scrambled",
		"Unfamiliar",
		"Famous",
		"Famous",
		"Famous",
		"Famous",
		"Unfamiliar",
		"Scrambled",
		"Famous",
		"Unfamiliar",
		"Scrambled",
		"Unfamiliar",
		"Unfamiliar",
		"Famous",
		"Unfamiliar",
		"Scrambled",
		"Famous",
		"Famous",
		"Famous",
		"Unfamiliar",
		"Unfamiliar",
		"Unfamiliar",
		"Unfamiliar",
		"Famous",
		"Famous",
		"Famous",
		"Unfamiliar",
		"Unfamiliar",
		"Unfamiliar",
		"Unfamiliar",
		"Scrambled",
		"Scrambled",
		"Famous",
		"Unfamiliar",
		"Unfamiliar",
		"Famous",
		"Scrambled",
		"Scrambled",
		"Unfamiliar",
		"Famous",
		"Scrambled",
		"Scrambled",
		"Famous",
		"Famous",
		"Unfamiliar",
		"Scrambled",
		"Famous",
		"Scrambled",
		"Scrambled",
		"Scrambled",
		"Famous",
		"Famous",
		"Unfamiliar",
		"Unfamiliar",
		"Famous",
		"Famous",
		"Famous",
		"Scrambled",
		"Famous",
		"Famous",
		"Famous",
		"Famous",
		"Scrambled",
		"Famous",
		"Famous",
		"Famous",
		"Unfamiliar",
		"Unfamiliar",
		"Scrambled",
		"Scrambled",
		"Unfamiliar",
		"Scrambled",
		"Scrambled",
		"Famous",
		"Unfamiliar",
		"Unfamiliar",
		"Famous",
		"Unfamiliar",
		"Unfamiliar",
		"Unfamiliar",
		"Scrambled",
		"Unfamiliar",
		"Unfamiliar",
		"Scrambled",
		"Scrambled",
		"Unfamiliar",
		"Scrambled",
		"Unfamiliar",
		"Unfamiliar",
		"Scrambled",
		"Famous",
		"Famous",
		"Unfamiliar",
		"Scrambled",
		"Scrambled"
	],
	"trigger":[13,14,5,13,14,13,14,5,17,18,5,7,13,14,13,17,7,17,18,17,18,7,5,5,15,13,14,19,13,14,5,5,7,17,18,7,17,18,5,17,7,13,7,17,18,13,17,18,7,17,18,19,17,15,5,6,5,6,15,17,5,13,19,13,14,5,13,19,5,6,7,13,14,15,13,5,6,7,13,14,15,13,17,18,5,15,13,5,17,18,15,5,17,18,7,5,15,17,7,17,18,17,7,5,13,14,7,5,6,19,5,6,5,6,19,5,7,5,13,14,17,18,13,17,18,7,13,14,7,13,13,14,17,15,13,17,17,15,17,13,14,19,5,6,15,17,19],
	"stim_file":[
		"meg/u072.bmp",
		"meg/u072.bmp",
		"meg/f124.bmp",
		"meg/u063.bmp",
		"meg/u063.bmp",
		"meg/u085.bmp",
		"meg/u085.bmp",
		"meg/f148.bmp",
		"meg/s144.bmp",
		"meg/s144.bmp",
		"meg/f105.bmp",
		"meg/f124.bmp",
		"meg/u003.bmp",
		"meg/u003.bmp",
		"meg/u083.bmp",
		"meg/s026.bmp",
		"meg/f148.bmp",
		"meg/s047.bmp",
		"meg/s047.bmp",
		"meg/s101.bmp",
		"meg/s101.bmp",
		"meg/f105.bmp",
		"meg/f081.bmp",
		"meg/f128.bmp",
		"meg/u083.bmp",
		"meg/u114.bmp",
		"meg/u114.bmp",
		"meg/s026.bmp",
		"meg/u122.bmp",
		"meg/u122.bmp",
		"meg/f015.bmp",
		"meg/f106.bmp",
		"meg/f081.bmp",
		"meg/s084.bmp",
		"meg/s084.bmp",
		"meg/f128.bmp",
		"meg/s060.bmp",
		"meg/s060.bmp",
		"meg/f011.bmp",
		"meg/s110.bmp",
		"meg/f015.bmp",
		"meg/u080.bmp",
		"meg/f106.bmp",
		"meg/s141.bmp",
		"meg/s141.bmp",
		"meg/u069.bmp",
		"meg/s065.bmp",
		"meg/s065.bmp",
		"meg/f011.bmp",
		"meg/s057.bmp",
		"meg/s057.bmp",
		"meg/s110.bmp",
		"meg/s100.bmp",
		"meg/u080.bmp",
		"meg/f131.bmp",
		"meg/f131.bmp",
		"meg/f103.bmp",
		"meg/f103.bmp",
		"meg/u069.bmp",
		"meg/s003.bmp",
		"meg/f112.bmp",
		"meg/u121.bmp",
		"meg/s100.bmp",
		"meg/u139.bmp",
		"meg/u139.bmp",
		"meg/f071.bmp",
		"meg/u046.bmp",
		"meg/s003.bmp",
		"meg/f040.bmp",
		"meg/f040.bmp",
		"meg/f112.bmp",
		"meg/u075.bmp",
		"meg/u075.bmp",
		"meg/u121.bmp",
		"meg/u040.bmp",
		"meg/f110.bmp",
		"meg/f110.bmp",
		"meg/f071.bmp",
		"meg/u048.bmp",
		"meg/u048.bmp",
		"meg/u046.bmp",
		"meg/u057.bmp",
		"meg/s009.bmp",
		"meg/s009.bmp",
		"meg/f080.bmp",
		"meg/u040.bmp",
		"meg/u078.bmp",
		"meg/f101.bmp",
		"meg/s077.bmp",
		"meg/s077.bmp",
		"meg/u057.bmp",
		"meg/f034.bmp",
		"meg/s075.bmp",
		"meg/s075.bmp",
		"meg/f080.bmp",
		"meg/f014.bmp",
		"meg/u078.bmp",
		"meg/s126.bmp",
		"meg/f101.bmp",
		"meg/s109.bmp",
		"meg/s109.bmp",
		"meg/s121.bmp",
		"meg/f034.bmp",
		"meg/f097.bmp",
		"meg/u098.bmp",
		"meg/u098.bmp",
		"meg/f014.bmp",
		"meg/f145.bmp",
		"meg/f145.bmp",
		"meg/s126.bmp",
		"meg/f109.bmp",
		"meg/f109.bmp",
		"meg/f020.bmp",
		"meg/f020.bmp",
		"meg/s121.bmp",
		"meg/f033.bmp",
		"meg/f097.bmp",
		"meg/f073.bmp",
		"meg/u042.bmp",
		"meg/u042.bmp",
		"meg/s073.bmp",
		"meg/s073.bmp",
		"meg/u088.bmp",
		"meg/s145.bmp",
		"meg/s145.bmp",
		"meg/f033.bmp",
		"meg/u097.bmp",
		"meg/u097.bmp",
		"meg/f073.bmp",
		"meg/u148.bmp",
		"meg/u073.bmp",
		"meg/u073.bmp",
		"meg/s080.bmp",
		"meg/u088.bmp",
		"meg/u081.bmp",
		"meg/s064.bmp",
		"meg/s150.bmp",
		"meg/u148.bmp",
		"meg/s001.bmp",
		"meg/u060.bmp",
		"meg/u060.bmp",
		"meg/s080.bmp",
		"meg/f116.bmp",
		"meg/f116.bmp",
		"meg/u081.bmp",
		"meg/s006.bmp",
		"meg/s064.bmp"
	]
}
