{
	"onset":[0.01,12,24.01,38,50,62,72,84,96,108,120.01,134,146,158,170,180,192.02,206,218.01,232,242,252,264,276,286.01],
	"duration":[6,6,6,6,6,6,6,6,6,6,6,6,6,6,6,6,6,6,6,6,6,6,6,6,6],
	"trial_type":[
		"ambient",
		"country",
		"metal",
		"country",
		"rocknroll",
		"symphonic",
		"symphonic",
		"metal",
		"metal",
		"symphonic",
		"country",
		"country",
		"symphonic",
		"rocknroll",
		"metal",
		"ambient",
		"symphonic",
		"ambient",
		"rocknroll",
		"country",
		"ambient",
		"metal",
		"rocknroll",
		"rocknroll",
		"ambient"
	],
	"run":[4,4,4,4,4,4,4,4,4,4,4,4,4,4,4,4,4,4,4,4,4,4,4,4,4],
	"run_id":[0,0,0,0,0,0,0,0,0,0,0,0,0,0,0,0,0,0,0,0,0,0,0,0,0],
	"volume":[459,465,471,478,484,490,495,501,507,513,519,526,532,538,544,549,555,562,568,575,580,585,591,597,602],
	"run_volume":[0,6,12,19,25,31,36,42,48,54,60,67,73,79,85,90,96,103,109,116,121,126,132,138,143],
	"stim":[
		"ambient_004.wav",
		"country_003.wav",
		"metal_002.wav",
		"country_002.wav",
		"rocknroll_004.wav",
		"symphonic_004.wav",
		"symphonic_000.wav",
		"metal_003.wav",
		"metal_001.wav",
		"symphonic_001.wav",
		"country_001.wav",
		"country_000.wav",
		"symphonic_002.wav",
		"rocknroll_002.wav",
		"metal_004.wav",
		"ambient_000.wav",
		"symphonic_003.wav",
		"ambient_001.wav",
		"rocknroll_003.wav",
		"country_004.wav",
		"ambient_002.wav",
		"metal_000.wav",
		"rocknroll_001.wav",
		"rocknroll_000.wav",
		"ambient_003.wav"
	],
	"genre":[
		"ambient",
		"country",
		"metal",
		"country",
		"rocknroll",
		"symphonic",
		"symphonic",
		"metal",
		"metal",
		"symphonic",
		"country",
		"country",
		"symphonic",
		"rocknroll",
		"metal",
		"ambient",
		"symphonic",
		"ambient",
		"rocknroll",
		"country",
		"ambient",
		"metal",
		"rocknroll",
		"rocknroll",
		"ambient"
	],
	"delay":[6,6,8,6,6,4,6,6,6,6,8,6,6,6,4,6,8,6,8,4,4,6,6,4,8],
	"catch":[0,0,1,0,0,0,0,0,0,0,1,0,0,0,0,0,1,0,1,0,0,0,0,0,1],
	"sound_soa":[0.006999999999834472,0.002799999999979264,0.01289999999994507,0.002600000000029468,0.002899999999954161,0.002700000000004366,0.00250000000005457,0.002799999999979264,0.004000000000132786,0.003500000000030923,0.01359999999999673,0.002700000000004366,0.00250000000005457,0.002499999999827196,0.002399999999852298,0.003600000000005821,0.01769999999987704,0.002400000000079672,0.008100000000013097,0.00430000000005748,0.00250000000005457,0.002600000000029468,0.003199999999878855,0.00250000000005457,0.01050000000009277],
	"trigger_ts":[1749.69,1761.6899,1773.69,1787.6896,1799.6909,1811.69,1821.6904,1833.6895,1845.6897,1857.6895,1869.6895,1883.6898,1895.6903,1907.6899,1919.69,1929.6903,1941.6898,1955.6896,1967.6903,1981.6895,1991.6897,2001.6905,2013.6899,2025.6896,2035.6897]
}
