{
	"onset":[0.202,4.585,9.117000000000001,13.61,18.115,22.689,27.181,31.676,36.096,40.584,45.212,49.584,54.115,58.676,63.181,67.676,72.11499999999999,76.611,81.096,85.61199999999999,90.19499999999999,94.676,99.188,103.675,108.09,112.691,117.191,121.613,126.11,130.677,135.182,139.675,144.121,148.611,153.178,157.614,162.116,166.691,171.181,175.715,180.113,184.584,189.091,193.587,198.195,202.676,207.181,211.676,216.194,220.584,225.118,229.618,234.214,238.682,243.181,247.675,252.106,256.624,261.117,265.615,270.195,274.675,279.181,283.675,288.195,292.692,297.09,301.692,306.114,310.675,315.222,319.681,324.195,328.612,333.195,337.692,342.087,346.675,351.18,355.676],
	"duration":[
		2,
		2,
		2,
		2,
		2,
		"n/a",
		"n/a",
		"n/a",
		2,
		2,
		2,
		2,
		2,
		"n/a",
		"n/a",
		"n/a",
		2,
		2,
		2,
		2,
		2,
		"n/a",
		"n/a",
		"n/a",
		2,
		2,
		2,
		2,
		2,
		"n/a",
		"n/a",
		"n/a",
		2,
		2,
		2,
		2,
		2,
		"n/a",
		"n/a",
		"n/a",
		2,
		2,
		2,
		2,
		2,
		"n/a",
		"n/a",
		"n/a",
		2,
		2,
		2,
		2,
		2,
		"n/a",
		"n/a",
		"n/a",
		2,
		2,
		2,
		2,
		2,
		"n/a",
		"n/a",
		"n/a",
		2,
		2,
		2,
		2,
		2,
		"n/a",
		"n/a",
		"n/a",
		2,
		2,
		2,
		2,
		2,
		"n/a",
		"n/a",
		"n/a"
	],
	"trial_type":[
		"feedback",
		"feedback",
		"feedback",
		"feedback",
		"feedback",
		"n/a",
		"n/a",
		"n/a",
		"feedback",
		"feedback",
		"feedback",
		"feedback",
		"feedback",
		"n/a",
		"n/a",
		"n/a",
		"feedback",
		"feedback",
		"feedback",
		"feedback",
		"feedback",
		"n/a",
		"n/a",
		"n/a",
		"feedback",
		"feedback",
		"feedback",
		"feedback",
		"feedback",
		"n/a",
		"n/a",
		"n/a",
		"feedback",
		"feedback",
		"feedback",
		"feedback",
		"feedback",
		"n/a",
		"n/a",
		"n/a",
		"feedback",
		"feedback",
		"feedback",
		"feedback",
		"feedback",
		"n/a",
		"n/a",
		"n/a",
		"feedback",
		"feedback",
		"feedback",
		"feedback",
		"feedback",
		"n/a",
		"n/a",
		"n/a",
		"feedback",
		"feedback",
		"feedback",
		"feedback",
		"feedback",
		"n/a",
		"n/a",
		"n/a",
		"feedback",
		"feedback",
		"feedback",
		"feedback",
		"feedback",
		"n/a",
		"n/a",
		"n/a",
		"feedback",
		"feedback",
		"feedback",
		"feedback",
		"feedback",
		"n/a",
		"n/a",
		"n/a"
	],
	"feedback":[
		0.52,
		0.52,
		-1.48,
		0.52,
		0.52,
		"n/a",
		"n/a",
		"n/a",
		-1.48,
		-1.48,
		-1.48,
		0.52,
		0.52,
		"n/a",
		"n/a",
		"n/a",
		0.52,
		0.52,
		0.52,
		-1.48,
		0.52,
		"n/a",
		"n/a",
		"n/a",
		0.52,
		-1.48,
		-1.48,
		-1.48,
		0.52,
		"n/a",
		"n/a",
		"n/a",
		0.52,
		0.52,
		0.52,
		0.52,
		0.52,
		"n/a",
		"n/a",
		"n/a",
		0.52,
		0.52,
		0.52,
		-1.48,
		0.52,
		"n/a",
		"n/a",
		"n/a",
		-1.48,
		0.52,
		-1.48,
		0.52,
		0.52,
		"n/a",
		"n/a",
		"n/a",
		0.52,
		0.52,
		0.52,
		0.52,
		0.52,
		"n/a",
		"n/a",
		"n/a",
		0.52,
		0.52,
		0.52,
		-1.48,
		0.52,
		"n/a",
		"n/a",
		"n/a",
		0.52,
		0.52,
		0.52,
		0.52,
		-1.48,
		"n/a",
		"n/a",
		"n/a"
	],
	"TrialNum":[1,2,3,4,5,6,7,8,9,10,11,12,13,14,15,16,17,18,19,20,21,22,23,24,25,26,27,28,29,30,31,32,33,34,35,36,37,38,39,40,41,42,43,44,45,46,47,48,49,50,51,52,53,54,55,56,57,58,59,60,61,62,63,64,65,66,67,68,69,70,71,72,73,74,75,76,77,78,79,80],
	"StimCond":[1,1,1,1,1,1,1,1,1,1,1,1,1,1,1,1,1,1,1,1,1,1,1,1,1,1,1,1,1,1,1,1,1,1,1,1,1,1,1,1,1,1,1,1,1,1,1,1,1,1,1,1,1,1,1,1,1,1,1,1,1,1,1,1,1,1,1,1,1,1,1,1,1,1,1,1,1,1,1,1],
	"StimulusNum":[8,1,10,10,6,0,0,0,2,4,11,1,6,0,0,0,6,10,2,6,11,0,0,0,3,14,14,8,10,0,0,0,5,10,10,10,8,0,0,0,10,3,1,4,14,0,0,0,13,3,9,5,11,0,0,0,2,5,10,5,14,0,0,0,11,14,3,13,10,0,0,0,11,7,14,11,3,0,0,0],
	"Response":[
		"R",
		"R",
		"R",
		"L",
		"L",
		"R",
		"R",
		"R",
		"R",
		"R",
		"R",
		"R",
		"L",
		"R",
		"R",
		"R",
		"L",
		"L",
		"R",
		"L",
		"R",
		"R",
		"R",
		"R",
		"L",
		"R",
		"R",
		"L",
		"L",
		"R",
		"R",
		"R",
		"R",
		"L",
		"L",
		"L",
		"R",
		"R",
		"R",
		"R",
		"L",
		"L",
		"R",
		"L",
		"R",
		"R",
		"R",
		"R",
		"R",
		"L",
		"R",
		"R",
		"R",
		"R",
		"R",
		"R",
		"R",
		"R",
		"L",
		"R",
		"R",
		"R",
		"R",
		"R",
		"R",
		"R",
		"L",
		"R",
		"L",
		"R",
		"R",
		"R",
		"R",
		"L",
		"R",
		"R",
		"L",
		"R",
		"R",
		"R"
	],
	"response_time":[0.709,0.726,1.402,0.6919999999999999,1.223,0.5679999999999999,0.316,0.334,0.638,1.667,1.506,0.954,1.24,0.607,0.838,0.351,0.802,0.783,0.655,0.654,1.639,0.657,0.273,0.337,0.949,1.199,0.91,1.868,1.014,0.585,0.289,0.339,0.92,0.834,0.596,0.675,1.235,0.621,0.347,0.532,0.674,0.825,0.846,1.62,1.659,1.053,0.292,0.366,1.862,1.443,1.593,0.913,2.254,0.601,0.254,0.328,0.772,0.852,0.6850000000000001,1.038,1.015,0.553,0.327,0.418,1.928,1.153,1.189,1.666,1.206,0.595,0.392,0.401,1.113,1.815,2.538,1.635,0.774,0.588,0.323,0.427],
	"Correct":[
		1,
		1,
		0,
		1,
		1,
		"-",
		"-",
		"-",
		1,
		0,
		1,
		1,
		1,
		"-",
		"-",
		"-",
		1,
		1,
		1,
		1,
		1,
		"-",
		"-",
		"-",
		1,
		1,
		1,
		0,
		1,
		"-",
		"-",
		"-",
		1,
		1,
		1,
		1,
		1,
		"-",
		"-",
		"-",
		1,
		1,
		1,
		1,
		1,
		"-",
		"-",
		"-",
		0,
		1,
		0,
		1,
		1,
		"-",
		"-",
		"-",
		1,
		1,
		1,
		1,
		1,
		"-",
		"-",
		"-",
		1,
		1,
		1,
		0,
		1,
		"-",
		"-",
		"-",
		1,
		1,
		1,
		1,
		1,
		"-",
		"-",
		"-"
	],
	"Feedback":[
		"R",
		"R",
		"L",
		"L",
		"L",
		"-",
		"-",
		"-",
		"L",
		"L",
		"L",
		"R",
		"L",
		"-",
		"-",
		"-",
		"L",
		"L",
		"R",
		"R",
		"R",
		"-",
		"-",
		"-",
		"L",
		"L",
		"L",
		"R",
		"L",
		"-",
		"-",
		"-",
		"R",
		"L",
		"L",
		"L",
		"R",
		"-",
		"-",
		"-",
		"L",
		"L",
		"R",
		"R",
		"R",
		"-",
		"-",
		"-",
		"L",
		"L",
		"L",
		"R",
		"R",
		"-",
		"-",
		"-",
		"R",
		"R",
		"L",
		"R",
		"R",
		"-",
		"-",
		"-",
		"R",
		"R",
		"L",
		"L",
		"L",
		"-",
		"-",
		"-",
		"R",
		"L",
		"R",
		"R",
		"R",
		"-",
		"-",
		"-"
	]
}
