{
	"onset":[0.196,4.617,9.085000000000001,13.619,18.198,22.681,27.182,31.681,36.093,40.612,45.111,49.586,54.111,58.675,63.175,67.676,72.191,76.691,81.111,85.69,90.10899999999999,94.67400000000001,99.176,103.675,108.19,112.691,117.086,121.588,126.087,130.677,135.175,139.674,144.109,148.616,153.087,157.615,162.115,166.675,171.175,175.675,180.111,184.69,189.113,193.685,198.11,202.675,207.175,211.675,216.19,220.69,225.117,229.589,234.087,238.674,243.176,247.675,252.111,256.586,261.113,265.61,270.092,274.675,279.174,283.675,288.112,292.692,297.087,301.617,306.113,310.674,315.175,319.675,324.087,328.613,333.118,337.69,342.091,346.675,351.175,355.675],
	"duration":[
		2,
		2,
		2,
		2,
		2,
		"n/a",
		"n/a",
		"n/a",
		2,
		2,
		2,
		2,
		2,
		"n/a",
		"n/a",
		"n/a",
		2,
		2,
		2,
		2,
		2,
		"n/a",
		"n/a",
		"n/a",
		2,
		2,
		2,
		2,
		2,
		"n/a",
		"n/a",
		"n/a",
		2,
		2,
		2,
		2,
		2,
		"n/a",
		"n/a",
		"n/a",
		2,
		2,
		2,
		2,
		2,
		"n/a",
		"n/a",
		"n/a",
		2,
		2,
		2,
		2,
		2,
		"n/a",
		"n/a",
		"n/a",
		2,
		2,
		2,
		2,
		2,
		"n/a",
		"n/a",
		"n/a",
		2,
		2,
		2,
		2,
		2,
		"n/a",
		"n/a",
		"n/a",
		2,
		2,
		2,
		2,
		2,
		"n/a",
		"n/a",
		"n/a"
	],
	"trial_type":[
		"feedback",
		"feedback",
		"feedback",
		"feedback",
		"feedback",
		"n/a",
		"n/a",
		"n/a",
		"feedback",
		"feedback",
		"feedback",
		"feedback",
		"feedback",
		"n/a",
		"n/a",
		"n/a",
		"feedback",
		"feedback",
		"feedback",
		"feedback",
		"feedback",
		"n/a",
		"n/a",
		"n/a",
		"feedback",
		"feedback",
		"feedback",
		"feedback",
		"feedback",
		"n/a",
		"n/a",
		"n/a",
		"feedback",
		"feedback",
		"feedback",
		"feedback",
		"feedback",
		"n/a",
		"n/a",
		"n/a",
		"feedback",
		"feedback",
		"feedback",
		"feedback",
		"feedback",
		"n/a",
		"n/a",
		"n/a",
		"feedback",
		"feedback",
		"feedback",
		"feedback",
		"feedback",
		"n/a",
		"n/a",
		"n/a",
		"feedback",
		"feedback",
		"feedback",
		"feedback",
		"feedback",
		"n/a",
		"n/a",
		"n/a",
		"feedback",
		"feedback",
		"feedback",
		"feedback",
		"feedback",
		"n/a",
		"n/a",
		"n/a",
		"feedback",
		"feedback",
		"feedback",
		"feedback",
		"feedback",
		"n/a",
		"n/a",
		"n/a"
	],
	"feedback":[
		-1.16,
		-1.16,
		-1.16,
		-1.16,
		-1.16,
		"n/a",
		"n/a",
		"n/a",
		0.84,
		-1.16,
		-1.16,
		0.84,
		-1.16,
		"n/a",
		"n/a",
		"n/a",
		0.84,
		0.84,
		-1.16,
		-1.16,
		0.84,
		"n/a",
		"n/a",
		"n/a",
		-1.16,
		-1.16,
		-1.16,
		-1.16,
		0.84,
		"n/a",
		"n/a",
		"n/a",
		0.84,
		-1.16,
		-1.16,
		0.84,
		0.84,
		"n/a",
		"n/a",
		"n/a",
		-1.16,
		0.84,
		0.84,
		-1.16,
		-1.16,
		"n/a",
		"n/a",
		"n/a",
		0.84,
		0.84,
		0.84,
		0.84,
		0.84,
		"n/a",
		"n/a",
		"n/a",
		-1.16,
		0.84,
		0.84,
		0.84,
		0.84,
		"n/a",
		"n/a",
		"n/a",
		0.84,
		0.84,
		0.84,
		0.84,
		0.84,
		"n/a",
		"n/a",
		"n/a",
		-1.16,
		0.84,
		0.84,
		0.84,
		0.84,
		"n/a",
		"n/a",
		"n/a"
	],
	"TrialNum":[1,2,3,4,5,6,7,8,9,10,11,12,13,14,15,16,17,18,19,20,21,22,23,24,25,26,27,28,29,30,31,32,33,34,35,36,37,38,39,40,41,42,43,44,45,46,47,48,49,50,51,52,53,54,55,56,57,58,59,60,61,62,63,64,65,66,67,68,69,70,71,72,73,74,75,76,77,78,79,80],
	"StimCond":[1,1,1,1,1,1,1,1,1,1,1,1,1,1,1,1,1,1,1,1,1,1,1,1,1,1,1,1,1,1,1,1,1,1,1,1,1,1,1,1,1,1,1,1,1,1,1,1,1,1,1,1,1,1,1,1,1,1,1,1,1,1,1,1,1,1,1,1,1,1,1,1,1,1,1,1,1,1,1,1],
	"StimulusNum":[6,8,1,6,11,0,0,0,2,6,10,4,10,0,0,0,11,14,10,13,10,0,0,0,13,14,4,1,3,0,0,0,10,8,3,8,8,0,0,0,7,14,8,12,10,0,0,0,13,11,5,1,3,0,0,0,6,4,6,10,2,0,0,0,6,14,3,5,6,0,0,0,4,6,5,11,2,0,0,0],
	"Response":[
		"R",
		"L",
		"L",
		"R",
		"L",
		"R",
		"R",
		"R",
		"R",
		"L",
		"L",
		"R",
		"R",
		"R",
		"R",
		"R",
		"R",
		"R",
		"R",
		"R",
		"L",
		"R",
		"R",
		"R",
		"-",
		"R",
		"R",
		"L",
		"L",
		"R",
		"R",
		"R",
		"L",
		"R",
		"L",
		"R",
		"R",
		"R",
		"R",
		"R",
		"R",
		"R",
		"R",
		"L",
		"R",
		"R",
		"R",
		"R",
		"R",
		"R",
		"R",
		"R",
		"L",
		"R",
		"R",
		"R",
		"R",
		"L",
		"L",
		"L",
		"R",
		"R",
		"R",
		"R",
		"L",
		"R",
		"L",
		"R",
		"L",
		"R",
		"R",
		"R",
		"L",
		"L",
		"R",
		"R",
		"R",
		"R",
		"R",
		"R"
	],
	"response_time":[1.098,0.9350000000000001,0.994,0.844,1.556,0.712,0.379,0.344,0.876,1.514,0.77,0.895,1.474,0.656,0.884,0.383,1.686,1.779,1.258,1.549,1.605,0.634,0.276,0.322,0,1.852,1.445,2.15,1.068,0.601,0.295,0.301,1.29,1.591,0.7,1.48,0.9,0.605,0.297,0.8129999999999999,1.182,1.255,0.844,0.979,1.561,0.63,0.322,0.326,1.053,1.785,1.116,0.889,1.096,0.5600000000000001,0.419,0.416,1.696,1.023,1.494,1.256,0.6870000000000001,0.577,0.278,0.313,1.097,1.042,0.6899999999999999,0.707,1.28,0.5629999999999999,0.278,0.299,1.709,1.894,1.528,1.029,0.6840000000000001,0.636,0.312,0.268],
	"Correct":[
		0,
		0,
		0,
		0,
		0,
		"-",
		"-",
		"-",
		1,
		1,
		1,
		0,
		0,
		"-",
		"-",
		"-",
		1,
		1,
		0,
		0,
		1,
		"-",
		"-",
		"-",
		-1,
		1,
		0,
		0,
		1,
		"-",
		"-",
		"-",
		1,
		1,
		1,
		1,
		1,
		"-",
		"-",
		"-",
		0,
		1,
		1,
		-1,
		0,
		"-",
		"-",
		"-",
		0,
		1,
		1,
		1,
		1,
		"-",
		"-",
		"-",
		0,
		1,
		1,
		1,
		1,
		"-",
		"-",
		"-",
		1,
		1,
		1,
		1,
		1,
		"-",
		"-",
		"-",
		1,
		1,
		1,
		1,
		1,
		"-",
		"-",
		"-"
	],
	"Feedback":[
		"L",
		"R",
		"R",
		"L",
		"R",
		"-",
		"-",
		"-",
		"R",
		"R",
		"R",
		"R",
		"L",
		"-",
		"-",
		"-",
		"R",
		"R",
		"L",
		"L",
		"L",
		"-",
		"-",
		"-",
		"L",
		"L",
		"L",
		"R",
		"L",
		"-",
		"-",
		"-",
		"L",
		"L",
		"R",
		"R",
		"R",
		"-",
		"-",
		"-",
		"L",
		"R",
		"R",
		"R",
		"L",
		"-",
		"-",
		"-",
		"R",
		"R",
		"R",
		"R",
		"L",
		"-",
		"-",
		"-",
		"L",
		"L",
		"L",
		"L",
		"R",
		"-",
		"-",
		"-",
		"L",
		"R",
		"L",
		"R",
		"L",
		"-",
		"-",
		"-",
		"R",
		"L",
		"R",
		"R",
		"R",
		"-",
		"-",
		"-"
	]
}
