{
	"onset":[6.14700869197851,6.14700869197851,6.14700869197851,6.14700869197851,14.6470207111451,14.6470207111451,14.6470207111451,22.1460313148782,22.1470313162922,22.1470313162922,38.6960547169026,38.6960547169026,38.6960547169026,55.0290778120848,55.0290778120848,55.0290778120848,55.0290778120848,55.0290778120848,55.0290778120848,55.0290778120848,55.0290778120848,55.0290778120848,55.0290778120848,55.0290778120848,55.0290778120848,55.0290778120848,55.0290778120848,55.4300783791067,55.6290786604966,55.8290789433005,56.0120792020661,56.1810794410354,56.3450796729346,56.5120799090759,56.6620801211788,56.7950803092434,56.9310805015501,57.0450806627483,57.1620808281886,57.2790809936289,57.3790811350309,57.4620812523945,57.5620813937965,57.6290814885358,57.7120816058994,57.795081723263,57.8620818180024,57.9310819155697,57.9790819834426,58.0450820767679,58.0950821474689,58.1620822422082,58.2120823129092,58.2620823836102,58.2950824302728,58.3450825009738,58.3950825716748,58.4310826225795,58.4790826904524,58.5120827371151,58.5620828078161,58.5950828544787,58.6290829025554,58.6810829760844,58.712083019919,58.7450830665817,58.7790831146583,58.812083161321,58.8450832079836,58.8790832560603,58.9120833027229,58.9450833493856,58.9790833974622,59.0120834441249,59.0450834907875,59.0790835388642,59.1120835855269,59.1450836321895,59.1810836830942,59.2120837269288,59.2450837735915,59.2950838442924,59.3290838923691,59.3620839390318,59.3950839856944,59.4310840365991,59.4790841044721,59.5120841511347,59.5450841977973,59.5950842684983,59.629084316575,59.681084390104,59.729084457977,59.7790845286779,59.8290845993789,59.8790846700799,59.9310847436089,59.9780848100678,60.0450849048071,60.1120849995465],
	"duration":[0,0,0,0,0,0,0,0,0,0,0,0,0,0,0,0,0,0,0,0,0,0,0,0,0,0,0,0,0,0,0,0,0,0,0,0,0,0,0,0,0,0,0,0,0,0,0,0,0,0,0,0,0,0,0,0,0,0,0,0,0,0,0,0,0,0,0,0,0,0,0,0,0,0,0,0,0,0,0,0,0,0,0,0,0,0,0,0,0,0,0,0,0,0,0,0,0,0,0,0],
	"sample":[6148,6148,6148,6148,14648,14648,14648,22147,22148,22148,38697,38697,38697,55030,55030,55030,55030,55030,55030,55030,55030,55030,55030,55030,55030,55030,55030,55431,55630,55830,56013,56182,56346,56513,56663,56796,56932,57046,57163,57280,57380,57463,57563,57630,57713,57796,57863,57932,57980,58046,58096,58163,58213,58263,58296,58346,58396,58432,58480,58513,58563,58596,58630,58682,58713,58746,58780,58813,58846,58880,58913,58946,58980,59013,59046,59080,59113,59146,59182,59213,59246,59296,59330,59363,59396,59432,59480,59513,59546,59596,59630,59682,59730,59780,59830,59880,59932,59979,60046,60113],
	"type":[
		"Markers",
		"Markers",
		"Markers",
		"Markers",
		"Markers",
		"Markers",
		"Markers",
		"Markers",
		"Markers",
		"Markers",
		"Markers",
		"Markers",
		"Markers",
		"Markers",
		"Markers",
		"Markers",
		"Markers",
		"Markers",
		"Markers",
		"Markers",
		"Markers",
		"Markers",
		"Markers",
		"Markers",
		"Markers",
		"Markers",
		"Markers",
		"Markers",
		"Markers",
		"Markers",
		"Markers",
		"Markers",
		"Markers",
		"Markers",
		"Markers",
		"Markers",
		"Markers",
		"Markers",
		"Markers",
		"Markers",
		"Markers",
		"Markers",
		"Markers",
		"Markers",
		"Markers",
		"Markers",
		"Markers",
		"Markers",
		"Markers",
		"Markers",
		"Markers",
		"Markers",
		"Markers",
		"Markers",
		"Markers",
		"Markers",
		"Markers",
		"Markers",
		"Markers",
		"Markers",
		"Markers",
		"Markers",
		"Markers",
		"Markers",
		"Markers",
		"Markers",
		"Markers",
		"Markers",
		"Markers",
		"Markers",
		"Markers",
		"Markers",
		"Markers",
		"Markers",
		"Markers",
		"Markers",
		"Markers",
		"Markers",
		"Markers",
		"Markers",
		"Markers",
		"Markers",
		"Markers",
		"Markers",
		"Markers",
		"Markers",
		"Markers",
		"Markers",
		"Markers",
		"Markers",
		"Markers",
		"Markers",
		"Markers",
		"Markers",
		"Markers",
		"Markers",
		"Markers",
		"Markers",
		"Markers",
		"Markers"
	],
	"value":[
		"('/Event/Category/Participant response', '/Event/Label/wii_button', '/Event/Description/Button press with the right index finger (devices include Wiimote/Joystick/Mouse)', '/Action/Type/Button press/Joystick', '/Participant/Effect/Tactile', '/Participant/Effect/Body part/Arm/Hand/Finger/Index', '/Attribute/Object side/Left')",
		"('/Event/Category/Experimental stimulus/Instruction/Read/', '/Event/Label/inst_read', '/Event/Description/Text instruction to understand experiment presented to the subject', '/Item/Symbolic/Character/Letter/Unicode', '/Attribute/Onset', '/Attribute/Location/Screen/Center', '/Attribute/Visual/Color/White', '/Attribute/Visual/Foreground', '/Attribute/Visual/Background/Color/Black with grassy ground', '/Attribute/Language/Unit/Sentence/Full', '/Attribute/Language/Family/Latin/German', '/Sensory presentation/Visual/Rendering type/Screen/3D/Rift DK2', '/Participant/Effect/Cognitive/Meaningful', '/Participant/Effect/Visual/Foveal')",
		"training_start",
		"learn trial start",
		"('/Event/Category/Participant response', '/Event/Label/wii_button', '/Event/Description/Button press with the right index finger (devices include Wiimote/Joystick/Mouse)', '/Action/Type/Button press/Joystick', '/Participant/Effect/Tactile', '/Participant/Effect/Body part/Arm/Hand/Finger/Index', '/Attribute/Object side/Left')",
		"('/Event/Category/Experimental stimulus/Instruction/Read/', '/Event/Label/inst_read', '/Event/Description/Text instruction to understand experiment presented to the subject', '/Item/Symbolic/Character/Letter/Unicode', '/Attribute/Onset', '/Attribute/Location/Screen/Center', '/Attribute/Visual/Color/White', '/Attribute/Visual/Foreground', '/Attribute/Visual/Background/Color/Black with grassy ground', '/Attribute/Language/Unit/Sentence/Full', '/Attribute/Language/Family/Latin/German', '/Sensory presentation/Visual/Rendering type/Screen/3D/Rift DK2', '/Participant/Effect/Cognitive/Meaningful', '/Participant/Effect/Visual/Foveal')",
		"red_pole_joy",
		"('/Event/Category/Participant response', '/Event/Label/wii_button', '/Event/Description/Button press with the right index finger (devices include Wiimote/Joystick/Mouse)', '/Action/Type/Button press/Joystick', '/Participant/Effect/Tactile', '/Participant/Effect/Body part/Arm/Hand/Finger/Index', '/Attribute/Object side/Left')",
		"('/Event/Category/Experimental stimulus/Instruction/Read/', '/Event/Label/inst_read', '/Event/Description/Text instruction to understand experiment presented to the subject', '/Item/Symbolic/Character/Letter/Unicode', '/Attribute/Onset', '/Attribute/Location/Screen/Center', '/Attribute/Visual/Color/White', '/Attribute/Visual/Foreground', '/Attribute/Visual/Background/Color/Black with grassy ground', '/Attribute/Language/Unit/Sentence/Full', '/Attribute/Language/Family/Latin/German', '/Sensory presentation/Visual/Rendering type/Screen/3D/Rift DK2', '/Participant/Effect/Cognitive/Meaningful', '/Participant/Effect/Visual/Foveal')",
		"red_pole_lang",
		"('/Event/Category/Participant response', '/Event/Label/wii_button', '/Event/Description/Button press with the right index finger (devices include Wiimote/Joystick/Mouse)', '/Action/Type/Button press/Joystick', '/Participant/Effect/Tactile', '/Participant/Effect/Body part/Arm/Hand/Finger/Index', '/Attribute/Object side/Left')",
		"('/Event/Category/Experimental stimulus/Instruction/Read/', '/Event/Label/inst_read', '/Event/Description/Text instruction to understand experiment presented to the subject', '/Item/Symbolic/Character/Letter/Unicode', '/Attribute/Onset', '/Attribute/Location/Screen/Center', '/Attribute/Visual/Color/White', '/Attribute/Visual/Foreground', '/Attribute/Visual/Background/Color/Black with grassy ground', '/Attribute/Language/Unit/Sentence/Full', '/Attribute/Language/Family/Latin/German', '/Sensory presentation/Visual/Rendering type/Screen/3D/Rift DK2', '/Participant/Effect/Cognitive/Meaningful', '/Participant/Effect/Visual/Foveal')",
		"target_lang",
