{
	"onset":[23.8227,26.83,30.0036,33.2118,36.4191,39.6264,42.75,46.0073,48.9982,52.1882,55.4627,58.5864,61.7773,64.9682,68.2591,71.3991,74.64,77.68089999999999,80.8045,84.0791,87.06910000000001,90.31,93.46729999999999,96.7409,99.7991,102.905,106.196,109.471,112.611,115.718,118.775,121.883,125.19,128.281,131.339,134.395,137.703,140.843,144.067,147.442,150.799,154.09,157.281,160.588,163.745,167.004,170.277,173.485,176.759,179.883,182.956,186.131,189.372,192.395,195.503,198.71,201.9,205.108,208.365,211.69,214.93,218.138,221.345,224.453,227.61,230.65,233.841,237.165,240.506,243.646,246.787,249.895,253.068,256.359,259.651,262.724,265.781,269.038,272.43,275.536,278.594,281.935,285.025,288.149,291.223,294.464,297.738,300.878,303.885,307.059,310.234,313.507,316.698,319.923,323.164,326.204,329.461,332.618,335.793,338.916,342.14,345.348,348.705,351.745,354.87,358.077,361.301,364.342,367.482,370.539,373.696,376.82,379.995,383.152,386.342,389.315,392.54,395.697,398.737,402.045,405.404,408.51,411.767,414.958,418.233,421.556,424.782,427.938,431.045,434.319,437.494,440.685,443.775,447.015,450.123,453.397,456.637,459.895,463.003,466.16,469.334,472.625,475.932,479.039,482.28,485.487,488.612,491.802],
	"duration":[0,0,0,0,0,0,0,0,0,0,0,0,0,0,0,0,0,0,0,0,0,0,0,0,0,0,0,0,0,0,0,0,0,0,0,0,0,0,0,0,0,0,0,0,0,0,0,0,0,0,0,0,0,0,0,0,0,0,0,0,0,0,0,0,0,0,0,0,0,0,0,0,0,0,0,0,0,0,0,0,0,0,0,0,0,0,0,0,0,0,0,0,0,0,0,0,0,0,0,0,0,0,0,0,0,0,0,0,0,0,0,0,0,0,0,0,0,0,0,0,0,0,0,0,0,0,0,0,0,0,0,0,0,0,0,0,0,0,0,0,0,0,0,0,0,0,0,0],
	"onset_sample":[26205,29513,33004,36533,40061,43589,47025,50608,53898,57407,61009,64445,67955,71465,75085,78539,82104,85449,88885,92487,95776,99341,102814,106415,109779,113196,116816,120418,123872,127290,130653,134071,137709,141109,144473,147834,151473,154927,158474,162186,165879,169499,173009,176647,180120,183704,187305,190833,194435,197871,201252,204744,208309,211635,215053,218581,222090,225619,229202,232859,236423,239952,243480,246898,250371,253715,257225,260882,264557,268011,271466,274884,278375,281995,285616,288996,292359,295942,299673,303090,306453,310128,313528,316964,320345,323910,327512,330966,334274,337765,341257,344858,348368,351915,355480,358824,362407,365880,369372,372808,376354,379883,383576,386920,390357,393885,397431,400776,404230,407593,411066,414502,417994,421467,424976,428247,431794,435267,438611,442250,445944,449361,452944,456454,460056,463712,467260,470732,474150,477751,481243,484753,488152,491717,495135,498737,502301,505885,509303,512776,516267,519887,523525,526943,530508,534036,537473,540982],
	"stim_type":[
		"Famous",
		"Unfamiliar",
		"Unfamiliar",
		"Famous",
		"Famous",
		"Scrambled",
		"Scrambled",
		"Famous",
		"Famous",
		"Unfamiliar",
		"Famous",
		"Famous",
		"Unfamiliar",
		"Scrambled",
		"Scrambled",
		"Famous",
		"Famous",
		"Famous",
		"Famous",
		"Unfamiliar",
		"Scrambled",
		"Scrambled",
		"Famous",
		"Unfamiliar",
		"Unfamiliar",
		"Famous",
		"Unfamiliar",
		"Unfamiliar",
		"Scrambled",
		"Scrambled",
		"Unfamiliar",
		"Scrambled",
		"Scrambled",
		"Unfamiliar",
		"Unfamiliar",
		"Famous",
		"Scrambled",
		"Scrambled",
		"Famous",
		"Scrambled",
		"Scrambled",
		"Unfamiliar",
		"Unfamiliar",
		"Scrambled",
		"Scrambled",
		"Scrambled",
		"Famous",
		"Scrambled",
		"Scrambled",
		"Famous",
		"Unfamiliar",
		"Unfamiliar",
		"Scrambled",
		"Unfamiliar",
		"Unfamiliar",
		"Unfamiliar",
		"Unfamiliar",
		"Famous",
		"Famous",
		"Famous",
		"Famous",
		"Famous",
		"Scrambled",
		"Scrambled",
		"Unfamiliar",
		"Unfamiliar",
		"Scrambled",
		"Scrambled",
		"Unfamiliar",
		"Unfamiliar",
		"Unfamiliar",
		"Unfamiliar",
		"Scrambled",
		"Unfamiliar",
		"Unfamiliar",
		"Unfamiliar",
		"Scrambled",
		"Scrambled",
		"Famous",
		"Scrambled",
		"Unfamiliar",
		"Famous",
		"Scrambled",
		"Famous",
		"Famous",
		"Famous",
		"Scrambled",
		"Scrambled",
		"Famous",
		"Famous",
		"Scrambled",
		"Scrambled",
		"Famous",
		"Famous",
		"Famous",
		"Unfamiliar",
		"Scrambled",
		"Unfamiliar",
		"Unfamiliar",
		"Famous",
		"Unfamiliar",
		"Scrambled",
		"Famous",
		"Famous",
		"Famous",
		"Unfamiliar",
		"Unfamiliar",
		"Unfamiliar",
		"Famous",
		"Famous",
		"Scrambled",
		"Unfamiliar",
		"Unfamiliar",
		"Famous",
		"Famous",
		"Unfamiliar",
		"Scrambled",
		"Scrambled",
		"Famous",
		"Scrambled",
		"Unfamiliar",
		"Unfamiliar",
		"Scrambled",
		"Famous",
		"Scrambled",
		"Unfamiliar",
		"Unfamiliar",
		"Famous",
		"Scrambled",
		"Scrambled",
		"Scrambled",
		"Famous",
		"Unfamiliar",
		"Scrambled",
		"Scrambled",
		"Unfamiliar",
		"Unfamiliar",
		"Famous",
		"Famous",
		"Scrambled",
		"Scrambled",
		"Scrambled",
		"Famous",
		"Famous",
		"Famous",
		"Unfamiliar",
		"Unfamiliar",
		"Unfamiliar"
	],
	"trigger":[5,13,13,5,5,17,18,7,5,15,5,6,15,17,18,7,5,6,7,13,17,18,7,13,14,5,13,14,17,18,15,17,17,13,14,7,17,18,5,17,19,13,14,19,17,18,5,17,18,7,13,14,19,13,13,14,13,7,5,6,5,6,17,18,15,13,17,18,15,13,14,13,17,13,14,15,17,18,5,17,15,5,19,5,5,6,17,18,7,5,19,17,7,5,7,13,17,13,14,7,13,19,5,6,7,13,14,15,5,6,19,13,14,5,6,15,17,17,5,17,13,13,19,5,19,13,14,7,17,18,19,5,15,17,18,15,13,7,5,17,17,18,7,5,6,13,14,15],
	"stim_file":[
		"meg/f035.bmp",
		"meg/u100.bmp",
		"meg/u144.bmp",
		"meg/f053.bmp",
		"meg/f014.bmp",
		"meg/s145.bmp",
		"meg/s145.bmp",
		"meg/f035.bmp",
		"meg/f018.bmp",
		"meg/u100.bmp",
		"meg/f011.bmp",
		"meg/f011.bmp",
		"meg/u144.bmp",
		"meg/s033.bmp",
		"meg/s033.bmp",
		"meg/f053.bmp",
		"meg/f037.bmp",
		"meg/f037.bmp",
		"meg/f014.bmp",
		"meg/u141.bmp",
		"meg/s046.bmp",
		"meg/s046.bmp",
		"meg/f018.bmp",
		"meg/u008.bmp",
		"meg/u008.bmp",
		"meg/f044.bmp",
		"meg/u079.bmp",
		"meg/u079.bmp",
		"meg/s065.bmp",
		"meg/s065.bmp",
		"meg/u141.bmp",
		"meg/s083.bmp",
		"meg/s100.bmp",
		"meg/u058.bmp",
		"meg/u058.bmp",
		"meg/f044.bmp",
		"meg/s084.bmp",
		"meg/s084.bmp",
		"meg/f092.bmp",
		"meg/s015.bmp",
		"meg/s083.bmp",
		"meg/u028.bmp",
		"meg/u028.bmp",
		"meg/s100.bmp",
		"meg/s063.bmp",
		"meg/s063.bmp",
		"meg/f082.bmp",
		"meg/s085.bmp",
		"meg/s085.bmp",
		"meg/f092.bmp",
		"meg/u084.bmp",
		"meg/u084.bmp",
		"meg/s015.bmp",
		"meg/u048.bmp",
		"meg/u117.bmp",
		"meg/u117.bmp",
		"meg/u017.bmp",
		"meg/f082.bmp",
		"meg/f058.bmp",
		"meg/f058.bmp",
		"meg/f093.bmp",
		"meg/f093.bmp",
		"meg/s127.bmp",
		"meg/s127.bmp",
		"meg/u048.bmp",
		"meg/u130.bmp",
		"meg/s013.bmp",
		"meg/s013.bmp",
		"meg/u017.bmp",
		"meg/u025.bmp",
		"meg/u025.bmp",
		"meg/u043.bmp",
		"meg/s108.bmp",
		"meg/u082.bmp",
		"meg/u082.bmp",
		"meg/u130.bmp",
		"meg/s090.bmp",
		"meg/s090.bmp",
		"meg/f075.bmp",
		"meg/s116.bmp",
		"meg/u043.bmp",
		"meg/f010.bmp",
		"meg/s108.bmp",
		"meg/f059.bmp",
		"meg/f145.bmp",
		"meg/f145.bmp",
		"meg/s058.bmp",
		"meg/s058.bmp",
		"meg/f075.bmp",
		"meg/f065.bmp",
		"meg/s116.bmp",
		"meg/s122.bmp",
		"meg/f010.bmp",
		"meg/f138.bmp",
		"meg/f059.bmp",
		"meg/u094.bmp",
		"meg/s092.bmp",
		"meg/u142.bmp",
		"meg/u142.bmp",
		"meg/f065.bmp",
		"meg/u089.bmp",
		"meg/s122.bmp",
		"meg/f030.bmp",
		"meg/f030.bmp",
		"meg/f138.bmp",
		"meg/u136.bmp",
		"meg/u136.bmp",
		"meg/u094.bmp",
		"meg/f100.bmp",
		"meg/f100.bmp",
		"meg/s092.bmp",
		"meg/u013.bmp",
		"meg/u013.bmp",
		"meg/f087.bmp",
		"meg/f087.bmp",
		"meg/u089.bmp",
		"meg/s051.bmp",
		"meg/s035.bmp",
		"meg/f085.bmp",
		"meg/s055.bmp",
		"meg/u085.bmp",
		"meg/u098.bmp",
		"meg/s051.bmp",
		"meg/f005.bmp",
		"meg/s035.bmp",
		"meg/u095.bmp",
		"meg/u095.bmp",
		"meg/f085.bmp",
		"meg/s012.bmp",
		"meg/s012.bmp",
		"meg/s055.bmp",
		"meg/f020.bmp",
		"meg/u085.bmp",
		"meg/s129.bmp",
		"meg/s129.bmp",
		"meg/u098.bmp",
		"meg/u016.bmp",
		"meg/f005.bmp",
		"meg/f072.bmp",
		"meg/s045.bmp",
		"meg/s069.bmp",
		"meg/s069.bmp",
		"meg/f020.bmp",
		"meg/f124.bmp",
		"meg/f124.bmp",
		"meg/u037.bmp",
		"meg/u037.bmp",
		"meg/u016.bmp"
	]
}
