{
	"onset":[0,3.007,6.247,9.254,12.511,15.635,18.859,22.116,25.256,27.845,48.408,51.531,54.621,57.762,61.002,64.24299999999999,67.383,70.557,73.84699999999999,77.105,80.379,83.51900000000001,86.794,89.883,92.90600000000001,96.18000000000001,99.20399999999999,102.327,105.468,108.574,111.147,131.659,134.883,138.173,141.314,144.421,147.528,150.768,154.025,157.132,160.423,163.546,166.603,169.794,172.984,176.191,179.232,182.255,185.361,187.967,208.496,211.82,215.027,218.201,221.408,224.599,227.622,230.862,234.12,237.31,240.45,243.674,246.781,250.022,253.128,256.285,259.526,262.633,265.79,268.947,271.67,292.132,295.489,298.713,301.903,304.994,308.151,311.441,314.799,317.972,321.096,324.27,327.393,330.401,333.64,336.797,340.105,343.295,346.352,349.576,352.198,372.66,375.684,378.791,381.914,385.222,388.313,391.352,394.108],
	"duration":[0.803,0.904,0.8149999999999999,0.927,0.886,0.894,0.894,0.9320000000000001,0.849,20,0.895,0.865,0.948,0.975,0.961,0.9399999999999999,0.899,0.9360000000000001,0.899,0.949,0.848,0.985,0.905,0.836,0.975,0.823,0.832,0.95,0.806,0.835,20,0.92,0.98,0.853,0.876,0.906,0.905,0.922,0.931,0.971,0.868,0.848,0.837,0.965,0.958,0.885,0.835,0.884,0.861,20,0.973,0.896,0.856,0.891,0.823,0.8149999999999999,0.877,0.979,0.9330000000000001,0.931,0.9320000000000001,0.827,0.971,0.928,0.965,0.887,0.862,0.944,0.854,0.975,20,0.992,0.993,0.863,0.862,0.819,0.961,0.992,0.977,0.93,0.903,0.894,0.8090000000000001,0.882,0.97,0.994,0.989,0.868,0.877,0.883,20,0.82,0.824,0.84,0.995,0.911,0.8179999999999999,0.96,0.012],
	"circle_duration":[0.493,0.424,0.463,0.43,0.5580000000000001,0.474,0.553,0.589,0.448,20,0.521,0.458,0.466,0.419,0.486,0.511,0.423,0.509,0.59,0.595,0.5649999999999999,0.526,0.535,0.414,0.421,0.526,0.426,0.527,0.426,0.53,20,0.477,0.523,0.545,0.521,0.464,0.426,0.556,0.5610000000000001,0.413,0.548,0.489,0.44,0.575,0.466,0.481,0.401,0.43,0.46,20,0.488,0.573,0.544,0.544,0.55,0.598,0.44,0.532,0.516,0.492,0.44,0.52,0.511,0.501,0.408,0.419,0.574,0.476,0.437,0.527,20,0.427,0.585,0.464,0.554,0.458,0.573,0.5649999999999999,0.6,0.431,0.42,0.5,0.463,0.434,0.6,0.421,0.541,0.43,0.43,0.579,20,0.429,0.432,0.502,0.515,0.539,0.418,0.459,0],
	"stim_type":[
		"UNFAMILIAR",
		"UNFAMILIAR",
		"FAMOUS",
		"UNFAMILIAR",
		"UNFAMILIAR",
		"FAMOUS",
		"UNFAMILIAR",
		"UNFAMILIAR",
		"SCRAMBLED",
		"n/a",
		"FAMOUS",
		"FAMOUS",
		"FAMOUS",
		"FAMOUS",
		"FAMOUS",
		"FAMOUS",
		"FAMOUS",
		"FAMOUS",
		"FAMOUS",
		"SCRAMBLED",
		"SCRAMBLED",
		"SCRAMBLED",
		"FAMOUS",
		"UNFAMILIAR",
		"SCRAMBLED",
		"SCRAMBLED",
		"FAMOUS",
		"FAMOUS",
		"SCRAMBLED",
		"SCRAMBLED",
		"n/a",
		"SCRAMBLED",
		"SCRAMBLED",
		"SCRAMBLED",
		"FAMOUS",
		"FAMOUS",
		"UNFAMILIAR",
		"FAMOUS",
		"UNFAMILIAR",
		"SCRAMBLED",
		"SCRAMBLED",
		"SCRAMBLED",
		"SCRAMBLED",
		"UNFAMILIAR",
		"SCRAMBLED",
		"SCRAMBLED",
		"FAMOUS",
		"SCRAMBLED",
		"UNFAMILIAR",
		"n/a",
		"SCRAMBLED",
		"SCRAMBLED",
		"SCRAMBLED",
		"SCRAMBLED",
		"UNFAMILIAR",
		"UNFAMILIAR",
		"UNFAMILIAR",
		"SCRAMBLED",
		"FAMOUS",
		"FAMOUS",
		"SCRAMBLED",
		"FAMOUS",
		"UNFAMILIAR",
		"UNFAMILIAR",
		"SCRAMBLED",
		"UNFAMILIAR",
		"UNFAMILIAR",
		"UNFAMILIAR",
		"SCRAMBLED",
		"UNFAMILIAR",
		"n/a",
		"SCRAMBLED",
		"SCRAMBLED",
		"FAMOUS",
		"UNFAMILIAR",
		"UNFAMILIAR",
		"UNFAMILIAR",
		"UNFAMILIAR",
		"FAMOUS",
		"FAMOUS",
		"FAMOUS",
		"UNFAMILIAR",
		"FAMOUS",
		"FAMOUS",
		"FAMOUS",
		"UNFAMILIAR",
		"UNFAMILIAR",
		"UNFAMILIAR",
		"UNFAMILIAR",
		"UNFAMILIAR",
		"n/a",
		"FAMOUS",
		"FAMOUS",
		"FAMOUS",
		"SCRAMBLED",
		"FAMOUS",
		"UNFAMILIAR",
		"SCRAMBLED",
		"n/a"
	],
	"trigger":[13,14,5,13,14,5,13,14,17,999,5,7,5,6,5,6,7,5,6,17,19,17,7,13,17,18,5,6,17,19,999,17,18,19,5,6,15,5,13,17,18,19,17,13,17,18,7,17,15,999,17,18,17,19,13,14,15,17,5,6,19,5,13,14,19,13,13,14,19,13,999,17,18,7,13,13,14,15,5,6,5,15,5,5,6,15,13,14,13,14,999,5,6,7,17,7,13,17,999],
	"button_pushed":[
		7,
		7,
		4,
		7,
		7,
		4,
		7,
		7,
		7,
		20000,
		7,
		4,
		7,
		4,
		4,
		4,
		7,
		4,
		4,
		7,
		7,
		7,
		7,
		7,
		7,
		7,
		7,
		7,
		7,
		7,
		20000,
		7,
		4,
		7,
		4,
		4,
		7,
		4,
		7,
		7,
		7,
		7,
		4,
		7,
		7,
		7,
		4,
		4,
		4,
		20000,
		7,
		7,
		7,
		7,
		4,
		4,
		7,
		7,
		4,
		4,
		4,
		4,
		7,
		7,
		7,
		7,
		7,
		7,
		4,
		7,
		20000,
		7,
		7,
		7,
		7,
		7,
		7,
		7,
		7,
		7,
		7,
		7,
		7,
		7,
		4,
		4,
		4,
		4,
		7,
		7,
		20000,
		7,
		7,
		7,
		4,
		4,
		7,
		"n/a",
		0
	],
	"response_time":[0.994,1.375,1.6,0.736,0.512,0.863,0.577,0.677,0.302,20,1.448,1.072,1.343,0.871,1.09,0.758,0.759,1.09,0.678,1.135,1.532,0.594,1.408,1.707,1.293,0.531,1.097,0.92,0.73,0.6879999999999999,20,0.664,0.7,1.313,1.768,1.13,0.723,1.018,0.892,0.727,1.002,0.715,0.798,0.959,0.869,0.734,1.161,1.232,1.384,20,0.9330000000000001,0.536,0.767,0.723,0.883,0.872,0.9370000000000001,1.197,1.21,0.672,1.361,1.077,0.868,0.711,0.762,1.067,0.9399999999999999,0.9320000000000001,0.885,0.735,20,0.733,0.8169999999999999,0.902,0.902,1.252,0.751,0.885,1.148,0.969,1.303,0.898,0.721,0.8149999999999999,0.757,1.059,0.796,0.745,0.891,0.59,20,0.946,1.379,1.579,0.706,0.619,1.747,0,0],
	"stim_file":[
		"func/u133.bmp",
		"func/u133.bmp",
		"func/f137.bmp",
		"func/u137.bmp",
		"func/u137.bmp",
		"func/f146.bmp",
		"func/u142.bmp",
		"func/u142.bmp",
		"func/s145.bmp",
		"func/i999.bmp",
		"func/f133.bmp",
		"func/f137.bmp",
		"func/f143.bmp",
		"func/f143.bmp",
		"func/f140.bmp",
		"func/f140.bmp",
		"func/f146.bmp",
		"func/f135.bmp",
		"func/f135.bmp",
		"func/s141.bmp",
		"func/s145.bmp",
		"func/s140.bmp",
		"func/f133.bmp",
		"func/u145.bmp",
		"func/s134.bmp",
		"func/s134.bmp",
		"func/f138.bmp",
		"func/f138.bmp",
		"func/s143.bmp",
		"func/s141.bmp",
		"func/i999.bmp",
		"func/s136.bmp",
		"func/s136.bmp",
		"func/s140.bmp",
		"func/f139.bmp",
		"func/f139.bmp",
		"func/u145.bmp",
		"func/f132.bmp",
		"func/u146.bmp",
		"func/s131.bmp",
		"func/s131.bmp",
		"func/s143.bmp",
		"func/s142.bmp",
		"func/u132.bmp",
		"func/s137.bmp",
		"func/s137.bmp",
		"func/f132.bmp",
		"func/s133.bmp",
		"func/u146.bmp",
		"func/i999.bmp",
		"func/s132.bmp",
		"func/s132.bmp",
		"func/s138.bmp",
		"func/s142.bmp",
		"func/u139.bmp",
		"func/u139.bmp",
		"func/u132.bmp",
		"func/s146.bmp",
		"func/f145.bmp",
		"func/f145.bmp",
		"func/s133.bmp",
		"func/f144.bmp",
		"func/u131.bmp",
		"func/u131.bmp",
		"func/s138.bmp",
		"func/u140.bmp",
		"func/u143.bmp",
		"func/u143.bmp",
		"func/s146.bmp",
		"func/u144.bmp",
		"func/i999.bmp",
		"func/s144.bmp",
		"func/s144.bmp",
		"func/f144.bmp",
		"func/u136.bmp",
		"func/u141.bmp",
		"func/u141.bmp",
		"func/u140.bmp",
		"func/f134.bmp",
		"func/f134.bmp",
		"func/f131.bmp",
		"func/u144.bmp",
		"func/f136.bmp",
		"func/f142.bmp",
		"func/f142.bmp",
		"func/u136.bmp",
		"func/u138.bmp",
		"func/u138.bmp",
		"func/u135.bmp",
		"func/u135.bmp",
		"func/i999.bmp",
		"func/f141.bmp",
		"func/f141.bmp",
		"func/f131.bmp",
		"func/s139.bmp",
		"func/f136.bmp",
		"func/u134.bmp",
		"func/s135.bmp",
		"func/Circle.bmp"
	]
}
