{
	"onset":[0,3.14,6.247,9.255000000000001,12.511,15.601,18.725,21.882,24.922,28.112,30.768,51.281,54.538,57.745,60.919,64.126,67.333,70.523,73.547,76.70399999999999,79.92700000000001,83.13500000000001,86.408,89.465,92.489,95.746,99.02,102.26,105.584,108.791,111.497,132.11,135.3,138.474,141.781,144.972,148.045,151.152,154.309,157.516,160.723,164.031,167.271,170.378,173.485,176.675,179.916,182.939,186.029,188.585,209.047,212.154,215.478,218.719,221.892,224.932,228.156,231.414,234.47,237.644,240.667,243.774,246.981,250.273,253.429,256.736,260.044,263.251,266.491,269.648,272.354,292.983,296.14,299.331,302.405,305.595,308.686,311.892,315.133,318.189,321.48,324.704,327.894,331.151,334.392,337.566,340.606,343.83,347.037,349.743,370.305,373.295,376.335,379.408,382.549,385.589,388.763,391.986,395.194,398.385,401.14],
	"duration":[0.836,0.8179999999999999,0.825,0.955,0.899,0.9350000000000001,0.8139999999999999,0.834,0.983,0.914,20,0.948,0.837,0.966,0.965,0.965,0.906,0.8179999999999999,0.923,0.997,0.951,0.961,0.88,0.801,0.915,0.966,0.884,0.983,0.903,0.958,20,0.988,0.827,0.994,0.851,0.855,0.893,0.801,0.853,0.866,0.968,0.883,0.8169999999999999,0.917,0.828,0.871,0.805,0.876,0.804,20,0.9350000000000001,0.98,0.964,0.857,0.853,0.9419999999999999,0.944,0.833,0.849,0.804,0.914,0.844,0.949,0.836,1,0.961,0.951,0.916,0.856,0.963,20,0.8179999999999999,0.832,0.8070000000000001,0.918,0.8,0.958,0.87,0.857,0.923,0.96,0.954,0.992,0.955,0.83,0.836,0.907,0.978,0.965,20,0.805,0.854,0.867,0.8129999999999999,0.837,0.892,0.993,0.846,0.873,0.993,0.012],
	"circle_duration":[0.428,0.544,0.432,0.418,0.533,0.426,0.424,0.571,0.444,0.442,20,0.479,0.544,0.595,0.443,0.482,0.477,0.513,0.449,0.461,0.465,0.486,0.54,0.415,0.461,0.575,0.54,0.587,0.57,0.548,20,0.577,0.431,0.57,0.539,0.583,0.448,0.435,0.589,0.579,0.578,0.572,0.595,0.529,0.421,0.589,0.597,0.436,0.439,20,0.43,0.402,0.579,0.51,0.549,0.425,0.508,0.471,0.463,0.555,0.438,0.428,0.59,0.585,0.555,0.541,0.58,0.489,0.556,0.52,20,0.596,0.577,0.594,0.501,0.513,0.535,0.479,0.591,0.422,0.586,0.492,0.458,0.493,0.509,0.571,0.445,0.542,0.459,20,0.529,0.411,0.408,0.44,0.5590000000000001,0.423,0.505,0.462,0.599,0.551,0],
	"stim_type":[
		"FAMOUS",
		"FAMOUS",
		"SCRAMBLED",
		"FAMOUS",
		"SCRAMBLED",
		"FAMOUS",
		"FAMOUS",
		"FAMOUS",
		"FAMOUS",
		"SCRAMBLED",
		"n/a",
		"UNFAMILIAR",
		"UNFAMILIAR",
		"FAMOUS",
		"SCRAMBLED",
		"SCRAMBLED",
		"SCRAMBLED",
		"FAMOUS",
		"FAMOUS",
		"FAMOUS",
		"FAMOUS",
		"FAMOUS",
		"FAMOUS",
		"UNFAMILIAR",
		"UNFAMILIAR",
		"SCRAMBLED",
		"SCRAMBLED",
		"SCRAMBLED",
		"SCRAMBLED",
		"SCRAMBLED",
		"n/a",
		"FAMOUS",
		"FAMOUS",
		"UNFAMILIAR",
		"UNFAMILIAR",
		"UNFAMILIAR",
		"UNFAMILIAR",
		"SCRAMBLED",
		"SCRAMBLED",
		"SCRAMBLED",
		"FAMOUS",
		"FAMOUS",
		"FAMOUS",
		"UNFAMILIAR",
		"UNFAMILIAR",
		"FAMOUS",
		"FAMOUS",
		"UNFAMILIAR",
		"SCRAMBLED",
		"n/a",
		"SCRAMBLED",
		"SCRAMBLED",
		"FAMOUS",
		"FAMOUS",
		"SCRAMBLED",
		"SCRAMBLED",
		"UNFAMILIAR",
		"FAMOUS",
		"FAMOUS",
		"FAMOUS",
		"SCRAMBLED",
		"SCRAMBLED",
		"UNFAMILIAR",
		"UNFAMILIAR",
		"FAMOUS",
		"UNFAMILIAR",
		"UNFAMILIAR",
		"SCRAMBLED",
		"SCRAMBLED",
		"FAMOUS",
		"n/a",
		"FAMOUS",
		"UNFAMILIAR",
		"SCRAMBLED",
		"SCRAMBLED",
		"UNFAMILIAR",
		"FAMOUS",
		"SCRAMBLED",
		"FAMOUS",
		"UNFAMILIAR",
		"UNFAMILIAR",
		"UNFAMILIAR",
		"UNFAMILIAR",
		"UNFAMILIAR",
		"SCRAMBLED",
		"UNFAMILIAR",
		"UNFAMILIAR",
		"SCRAMBLED",
		"FAMOUS",
		"n/a",
		"UNFAMILIAR",
		"UNFAMILIAR",
		"SCRAMBLED",
		"UNFAMILIAR",
		"UNFAMILIAR",
		"UNFAMILIAR",
		"UNFAMILIAR",
		"SCRAMBLED",
		"SCRAMBLED",
		"UNFAMILIAR",
		"n/a"
	],
	"trigger":[5,6,17,5,17,5,5,5,6,19,999,13,14,7,17,19,17,7,5,6,7,5,6,13,14,17,18,19,17,19,999,5,6,13,13,14,13,17,18,19,5,6,5,15,13,5,6,15,17,999,17,18,5,7,17,18,15,5,5,6,19,17,13,14,7,13,14,17,18,7,999,5,13,19,17,13,5,17,7,13,14,15,13,14,19,13,15,17,7,999,13,14,19,13,14,13,14,17,18,15,999],
	"button_pushed":[
		7,
		7,
		4,
		7,
		4,
		7,
		4,
		7,
		7,
		"n/a",
		20000,
		7,
		7,
		4,
		"n/a",
		"n/a",
		4,
		4,
		"n/a",
		7,
		7,
		4,
		"n/a",
		"n/a",
		4,
		7,
		"n/a",
		4,
		"n/a",
		7,
		20000,
		4,
		4,
		7,
		4,
		4,
		4,
		7,
		7,
		7,
		7,
		"n/a",
		4,
		7,
		"n/a",
		"n/a",
		"n/a",
		"n/a",
		"n/a",
		20000,
		7,
		7,
		7,
		4,
		7,
		7,
		4,
		7,
		7,
		7,
		4,
		7,
		4,
		4,
		7,
		4,
		4,
		"n/a",
		7,
		4,
		20000,
		4,
		7,
		7,
		7,
		4,
		7,
		4,
		4,
		4,
		4,
		7,
		4,
		4,
		7,
		7,
		4,
		7,
		4,
		20000,
		7,
		7,
		7,
		7,
		"n/a",
		7,
		4,
		7,
		7,
		"n/a",
		0
	],
	"response_time":[1.187,1.446,0.986,1.375,1.164,1.088,1.866,0.953,0.739,0,20,1.294,0.916,1.388,0,0,0.952,1.559,0,1.077,0.889,1.312,0,0,0.838,1.124,0,1.14,0,0.668,20,1.46,0.869,1.036,0.886,0.799,0.967,1.061,0.581,0.751,1.339,0,0.436,1.032,0,0,0,0,0,20,1.201,0.778,1.537,0.925,0.626,0.888,1.402,1.299,0.99,1.111,1.263,1.646,1.11,1.056,0.631,1.004,1.471,0,0.868,1.22,20,1.251,1.629,0.6899999999999999,0.9,0.986,2.026,0.33,1.396,1.284,1.142,1.664,1.426,0.9340000000000001,0.627,1.214,1.176,1.559,1.431,20,1.477,0.759,0.994,1.224,0,0.617,0.855,0.95,1.066,0,0],
	"stim_file":[
		"func/f045.bmp",
		"func/f045.bmp",
		"func/s046.bmp",
		"func/f040.bmp",
		"func/s041.bmp",
		"func/f033.bmp",
		"func/f034.bmp",
		"func/f042.bmp",
		"func/f042.bmp",
		"func/s046.bmp",
		"func/i999.bmp",
		"func/u048.bmp",
		"func/u048.bmp",
		"func/f040.bmp",
		"func/s043.bmp",
		"func/s041.bmp",
		"func/s045.bmp",
		"func/f033.bmp",
		"func/f048.bmp",
		"func/f048.bmp",
		"func/f034.bmp",
		"func/f047.bmp",
		"func/f047.bmp",
		"func/u044.bmp",
		"func/u044.bmp",
		"func/s040.bmp",
		"func/s040.bmp",
		"func/s043.bmp",
		"func/s034.bmp",
		"func/s045.bmp",
		"func/i999.bmp",
		"func/f046.bmp",
		"func/f046.bmp",
		"func/u035.bmp",
		"func/u040.bmp",
		"func/u040.bmp",
		"func/u043.bmp",
		"func/s039.bmp",
		"func/s039.bmp",
		"func/s034.bmp",
		"func/f043.bmp",
		"func/f043.bmp",
		"func/f035.bmp",
		"func/u035.bmp",
		"func/u039.bmp",
		"func/f039.bmp",
		"func/f039.bmp",
		"func/u043.bmp",
		"func/s033.bmp",
		"func/i999.bmp",
		"func/s035.bmp",
		"func/s035.bmp",
		"func/f041.bmp",
		"func/f035.bmp",
		"func/s048.bmp",
		"func/s048.bmp",
		"func/u039.bmp",
		"func/f036.bmp",
		"func/f037.bmp",
		"func/f037.bmp",
		"func/s033.bmp",
		"func/s038.bmp",
		"func/u042.bmp",
		"func/u042.bmp",
		"func/f041.bmp",
		"func/u037.bmp",
		"func/u037.bmp",
		"func/s044.bmp",
		"func/s044.bmp",
		"func/f036.bmp",
		"func/i999.bmp",
		"func/f044.bmp",
		"func/u047.bmp",
		"func/s038.bmp",
		"func/s042.bmp",
		"func/u038.bmp",
		"func/f038.bmp",
		"func/s037.bmp",
		"func/f044.bmp",
		"func/u041.bmp",
		"func/u041.bmp",
		"func/u047.bmp",
		"func/u046.bmp",
		"func/u046.bmp",
		"func/s042.bmp",
		"func/u045.bmp",
		"func/u038.bmp",
		"func/s036.bmp",
		"func/f038.bmp",
		"func/i999.bmp",
		"func/u036.bmp",
		"func/u036.bmp",
		"func/s037.bmp",
		"func/u034.bmp",
		"func/u034.bmp",
		"func/u033.bmp",
		"func/u033.bmp",
		"func/s047.bmp",
		"func/s047.bmp",
		"func/u045.bmp",
		"func/Circle.bmp"
	]
}
