{
	"onset":[0,3.074,6.348,9.505000000000001,12.729,15.852,19.043,22.133,25.34,27.946,48.475,51.782,54.939,58.13,61.387,64.56100000000001,67.717,70.774,73.848,77.105,80.345,83.619,86.943,90.218,93.39100000000001,96.498,99.58799999999999,102.812,106.136,109.243,111.865,132.295,135.367,138.508,141.665,144.838,147.962,151.152,154.309,157.5,160.757,163.914,167.121,170.245,173.386,176.659,179.783,182.89,185.98,189.02,191.575,212.154,215.395,218.585,221.709,224.783,228.09,231.164,234.32,237.427,240.634,243.741,246.915,250.072,253.062,256.185,259.259,262.416,265.707,268.897,271.586,292.082,295.239,298.296,301.453,304.761,307.8,310.99,314.147,317.388,320.645,323.635,326.792,330,333.14,336.413,339.621,342.711,345.818,348.54,369.053,372.059,375.25,378.306,381.514,384.754,387.995,391.319,394.509,397.649,400.405],
	"duration":[0.8169999999999999,0.84,0.977,0.871,0.8070000000000001,0.9399999999999999,0.86,0.858,0.86,20,0.97,0.911,0.9320000000000001,0.973,0.868,0.878,0.845,0.825,0.988,0.984,0.979,0.958,0.9429999999999999,0.85,0.901,0.891,0.854,0.958,0.822,0.875,20,0.888,0.866,0.885,0.978,0.926,0.827,0.9389999999999999,0.951,0.98,0.953,0.984,0.857,0.924,0.929,0.854,0.899,0.899,0.844,0.8110000000000001,20,0.871,0.9389999999999999,0.8139999999999999,0.83,0.996,0.832,0.8120000000000001,0.911,0.9340000000000001,0.826,0.881,0.958,0.8179999999999999,0.878,0.839,0.959,0.987,0.892,0.9370000000000001,20,0.889,0.863,0.848,0.972,0.806,0.85,0.959,0.919,0.914,0.805,0.842,0.953,0.866,0.99,0.914,0.896,0.869,0.979,20,0.832,0.848,0.849,0.921,1,0.918,0.969,0.992,0.96,0.999,0.012],
	"circle_duration":[0.431,0.492,0.555,0.406,0.578,0.536,0.477,0.46,0.569,20,0.5,0.571,0.479,0.501,0.514,0.551,0.511,0.435,0.471,0.491,0.488,0.527,0.589,0.5679999999999999,0.552,0.444,0.431,0.587,0.597,0.515,20,0.401,0.411,0.516,0.502,0.419,0.419,0.595,0.444,0.478,0.504,0.448,0.466,0.493,0.451,0.577,0.486,0.443,0.43,0.418,20,0.545,0.594,0.475,0.547,0.484,0.49,0.484,0.581,0.419,0.505,0.516,0.524,0.433,0.407,0.483,0.456,0.42,0.526,0.53,20,0.453,0.486,0.431,0.55,0.5679999999999999,0.463,0.575,0.419,0.5580000000000001,0.569,0.412,0.538,0.501,0.504,0.507,0.531,0.421,0.478,20,0.47,0.408,0.583,0.444,0.507,0.473,0.5600000000000001,0.592,0.42,0.416,0],
	"stim_type":[
		"FAMOUS",
		"FAMOUS",
		"FAMOUS",
		"FAMOUS",
		"UNFAMILIAR",
		"UNFAMILIAR",
		"UNFAMILIAR",
		"FAMOUS",
		"FAMOUS",
		"n/a",
		"UNFAMILIAR",
		"UNFAMILIAR",
		"SCRAMBLED",
		"SCRAMBLED",
		"SCRAMBLED",
		"FAMOUS",
		"UNFAMILIAR",
		"UNFAMILIAR",
		"SCRAMBLED",
		"FAMOUS",
		"FAMOUS",
		"UNFAMILIAR",
		"SCRAMBLED",
		"FAMOUS",
		"FAMOUS",
		"SCRAMBLED",
		"SCRAMBLED",
		"UNFAMILIAR",
		"SCRAMBLED",
		"SCRAMBLED",
		"n/a",
		"SCRAMBLED",
		"UNFAMILIAR",
		"UNFAMILIAR",
		"UNFAMILIAR",
		"UNFAMILIAR",
		"FAMOUS",
		"SCRAMBLED",
		"SCRAMBLED",
		"UNFAMILIAR",
		"SCRAMBLED",
		"UNFAMILIAR",
		"UNFAMILIAR",
		"SCRAMBLED",
		"SCRAMBLED",
		"UNFAMILIAR",
		"SCRAMBLED",
		"SCRAMBLED",
		"FAMOUS",
		"FAMOUS",
		"n/a",
		"UNFAMILIAR",
		"UNFAMILIAR",
		"SCRAMBLED",
		"SCRAMBLED",
		"FAMOUS",
		"FAMOUS",
		"SCRAMBLED",
		"UNFAMILIAR",
		"SCRAMBLED",
		"SCRAMBLED",
		"UNFAMILIAR",
		"UNFAMILIAR",
		"SCRAMBLED",
		"FAMOUS",
		"FAMOUS",
		"SCRAMBLED",
		"SCRAMBLED",
		"UNFAMILIAR",
		"UNFAMILIAR",
		"n/a",
		"FAMOUS",
		"UNFAMILIAR",
		"UNFAMILIAR",
		"UNFAMILIAR",
		"SCRAMBLED",
		"UNFAMILIAR",
		"FAMOUS",
		"SCRAMBLED",
		"UNFAMILIAR",
		"UNFAMILIAR",
		"FAMOUS",
		"FAMOUS",
		"SCRAMBLED",
		"SCRAMBLED",
		"UNFAMILIAR",
		"FAMOUS",
		"FAMOUS",
		"FAMOUS",
		"n/a",
		"SCRAMBLED",
		"SCRAMBLED",
		"FAMOUS",
		"FAMOUS",
		"UNFAMILIAR",
		"FAMOUS",
		"FAMOUS",
		"FAMOUS",
		"FAMOUS",
		"FAMOUS",
		"n/a"
	],
	"trigger":[5,6,5,6,13,14,13,5,6,999,13,14,17,18,17,5,15,13,17,5,6,13,19,5,7,17,18,15,17,19,999,17,13,15,13,14,7,17,18,13,19,13,14,19,17,15,17,18,5,6,999,13,15,17,18,5,6,19,13,17,18,13,15,17,5,6,17,18,15,13,999,5,15,13,14,19,13,5,17,15,13,7,5,17,18,15,5,6,7,999,17,19,5,6,15,5,6,7,5,6,999],
	"button_pushed":[
		7,
		7,
		7,
		7,
		7,
		7,
		4,
		7,
		7,
		20000,
		7,
		7,
		7,
		7,
		7,
		7,
		4,
		7,
		7,
		4,
		4,
		4,
		7,
		4,
		7,
		7,
		7,
		7,
		7,
		7,
		20000,
		7,
		4,
		4,
		4,
		4,
		7,
		7,
		7,
		7,
		7,
		4,
		4,
		7,
		7,
		4,
		4,
		7,
		7,
		7,
		20000,
		7,
		7,
		7,
		7,
		4,
		4,
		7,
		4,
		7,
		7,
		4,
		4,
		7,
		4,
		4,
		7,
		7,
		4,
		4,
		20000,
		4,
		4,
		4,
		4,
		7,
		4,
		4,
		7,
		4,
		"n/a",
		7,
		7,
		4,
		4,
		4,
		4,
		"n/a",
		4,
		20000,
		7,
		7,
		4,
		"n/a",
		4,
		7,
		7,
		7,
		4,
		4,
		0
	],
	"response_time":[1.799,1,1.583,0.644,1.029,0.597,0.93,0.946,0.515,20,0.861,0.8129999999999999,0.702,1.085,0.545,0.764,0.79,1.08,1.389,1.073,0.664,1.619,0.753,1.017,1.514,1.114,0.746,1.176,0.783,0.525,20,0.656,1.045,1.006,0.912,0.662,1.59,1.215,0.8,1.082,1.201,0.9389999999999999,0.734,0.736,1.325,0.844,1.2,0.577,1.778,0.451,20,1.392,0.743,0.852,0.959,1.454,0.82,0.735,1.537,1.474,1.862,1.055,1.943,1.57,1.357,0.654,0.956,0.708,2.144,1.297,20,0.981,0.903,1.188,0.654,1.079,1.528,1.142,0.955,0.922,0,1.122,1.15,1.153,0.664,0.964,1.945,0,0.987,20,0.651,0.886,1.63,0,0.6899999999999999,1.457,1.33,0.993,1.414,0.68,0],
	"stim_file":[
		"func/f086.bmp",
		"func/f086.bmp",
		"func/f092.bmp",
		"func/f092.bmp",
		"func/u094.bmp",
		"func/u094.bmp",
		"func/u084.bmp",
		"func/f097.bmp",
		"func/f097.bmp",
		"func/i999.bmp",
		"func/u097.bmp",
		"func/u097.bmp",
		"func/s091.bmp",
		"func/s091.bmp",
		"func/s086.bmp",
		"func/f089.bmp",
		"func/u084.bmp",
		"func/u085.bmp",
		"func/s089.bmp",
		"func/f094.bmp",
		"func/f094.bmp",
		"func/u087.bmp",
		"func/s086.bmp",
		"func/f093.bmp",
		"func/f089.bmp",
		"func/s090.bmp",
		"func/s090.bmp",
		"func/u085.bmp",
		"func/s082.bmp",
		"func/s089.bmp",
		"func/i999.bmp",
		"func/s095.bmp",
		"func/u093.bmp",
		"func/u087.bmp",
		"func/u092.bmp",
		"func/u092.bmp",
		"func/f093.bmp",
		"func/s092.bmp",
		"func/s092.bmp",
		"func/u083.bmp",
		"func/s082.bmp",
		"func/u095.bmp",
		"func/u095.bmp",
		"func/s095.bmp",
		"func/s088.bmp",
		"func/u093.bmp",
		"func/s083.bmp",
		"func/s083.bmp",
		"func/f096.bmp",
		"func/f096.bmp",
		"func/i999.bmp",
		"func/u096.bmp",
		"func/u083.bmp",
		"func/s093.bmp",
		"func/s093.bmp",
		"func/f091.bmp",
		"func/f091.bmp",
		"func/s088.bmp",
		"func/u088.bmp",
		"func/s085.bmp",
		"func/s085.bmp",
		"func/u089.bmp",
		"func/u096.bmp",
		"func/s094.bmp",
		"func/f087.bmp",
		"func/f087.bmp",
		"func/s097.bmp",
		"func/s097.bmp",
		"func/u088.bmp",
		"func/u082.bmp",
		"func/i999.bmp",
		"func/f088.bmp",
		"func/u089.bmp",
		"func/u086.bmp",
		"func/u086.bmp",
		"func/s094.bmp",
		"func/u091.bmp",
		"func/f090.bmp",
		"func/s084.bmp",
		"func/u082.bmp",
		"func/u090.bmp",
		"func/f088.bmp",
		"func/f083.bmp",
		"func/s087.bmp",
		"func/s087.bmp",
		"func/u091.bmp",
		"func/f082.bmp",
		"func/f082.bmp",
		"func/f090.bmp",
		"func/i999.bmp",
		"func/s096.bmp",
		"func/s084.bmp",
		"func/f095.bmp",
		"func/f095.bmp",
		"func/u090.bmp",
		"func/f084.bmp",
		"func/f084.bmp",
		"func/f083.bmp",
		"func/f085.bmp",
		"func/f085.bmp",
		"func/Circle.bmp"
	]
}
