{
	"onset":[0,3.107,6.481,9.587999999999999,12.745,16.002,19.293,22.567,25.69,28.33,48.858,52,55.172,58.363,61.52,64.643,67.718,70.907,74.248,77.422,80.61199999999999,83.76900000000001,86.926,90.23399999999999,93.474,96.631,99.688,102.661,105.718,108.34,128.936,132.177,135.25,138.424,141.481,144.654,147.945,151.002,154.042,157.232,160.406,163.53,166.77,170.077,173.251,176.358,179.548,182.806,185.896,189.086,191.792,212.421,215.562,218.652,221.792,224.966,228.24,231.43,234.504,237.811,241.102,244.109,247.315,250.623,253.664,256.87,260.06,263.284,266.508,269.08,289.559,292.8,296.14,299.18,302.304,305.611,308.635,311.692,314.832,317.922,321.046,324.253,327.46,330.583,333.874,337.064,340.288,343.445,346.535,349.091,369.72,372.894,376.001,379.208,382.398,385.539,388.846,391.953,394.642],
	"duration":[0.892,0.977,0.9340000000000001,0.966,0.992,0.928,0.991,0.836,0.888,20,0.867,0.8070000000000001,0.922,0.904,0.893,0.85,0.834,0.983,0.833,0.902,0.981,0.824,0.972,0.96,0.887,0.832,0.8080000000000001,0.87,0.872,20,0.902,0.84,0.928,0.825,0.844,0.959,0.881,0.858,0.893,0.95,0.887,0.974,0.973,0.989,0.826,0.882,0.888,0.881,0.821,0.968,20,0.9419999999999999,0.886,0.857,0.994,0.906,0.946,0.83,0.965,0.92,0.826,0.925,0.99,0.8159999999999999,0.842,0.863,0.9360000000000001,0.962,0.824,20,0.99,0.985,0.844,0.847,0.959,0.851,0.832,0.951,0.922,0.8100000000000001,0.972,0.91,0.87,0.983,0.948,0.856,0.914,0.87,0.8070000000000001,20,0.8149999999999999,0.801,0.973,0.9399999999999999,0.881,0.961,0.865,0.891,0.012],
	"circle_duration":[0.447,0.437,0.528,0.414,0.42,0.498,0.591,0.516,0.528,20,0.493,0.518,0.587,0.497,0.475,0.46,0.468,0.598,0.593,0.579,0.521,0.401,0.5610000000000001,0.5600000000000001,0.505,0.497,0.467,0.4,0.41,20,0.555,0.579,0.458,0.471,0.462,0.5580000000000001,0.5600000000000001,0.402,0.408,0.528,0.457,0.452,0.488,0.556,0.417,0.513,0.545,0.598,0.438,0.587,20,0.589,0.42,0.443,0.513,0.414,0.6,0.427,0.476,0.577,0.598,0.417,0.51,0.548,0.468,0.597,0.5639999999999999,0.527,0.486,20,0.447,0.471,0.591,0.427,0.503,0.569,0.405,0.455,0.428,0.4,0.54,0.464,0.529,0.474,0.546,0.469,0.592,0.47,0.443,20,0.592,0.599,0.537,0.457,0.471,0.494,0.582,0.475,0],
	"stim_type":[
		"FAMOUS",
		"SCRAMBLED",
		"SCRAMBLED",
		"SCRAMBLED",
		"FAMOUS",
		"FAMOUS",
		"FAMOUS",
		"SCRAMBLED",
		"FAMOUS",
		"n/a",
		"SCRAMBLED",
		"SCRAMBLED",
		"FAMOUS",
		"FAMOUS",
		"SCRAMBLED",
		"UNFAMILIAR",
		"UNFAMILIAR",
		"FAMOUS",
		"FAMOUS",
		"UNFAMILIAR",
		"SCRAMBLED",
		"SCRAMBLED",
		"SCRAMBLED",
		"SCRAMBLED",
		"SCRAMBLED",
		"UNFAMILIAR",
		"UNFAMILIAR",
		"FAMOUS",
		"FAMOUS",
		"n/a",
		"UNFAMILIAR",
		"UNFAMILIAR",
		"UNFAMILIAR",
		"FAMOUS",
		"UNFAMILIAR",
		"UNFAMILIAR",
		"UNFAMILIAR",
		"FAMOUS",
		"SCRAMBLED",
		"UNFAMILIAR",
		"FAMOUS",
		"FAMOUS",
		"UNFAMILIAR",
		"FAMOUS",
		"FAMOUS",
		"UNFAMILIAR",
		"UNFAMILIAR",
		"UNFAMILIAR",
		"FAMOUS",
		"FAMOUS",
		"n/a",
		"UNFAMILIAR",
		"SCRAMBLED",
		"FAMOUS",
		"FAMOUS",
		"SCRAMBLED",
		"SCRAMBLED",
		"FAMOUS",
		"FAMOUS",
		"FAMOUS",
		"SCRAMBLED",
		"SCRAMBLED",
		"SCRAMBLED",
		"UNFAMILIAR",
		"UNFAMILIAR",
		"SCRAMBLED",
		"UNFAMILIAR",
		"UNFAMILIAR",
		"UNFAMILIAR",
		"n/a",
		"UNFAMILIAR",
		"UNFAMILIAR",
		"SCRAMBLED",
		"SCRAMBLED",
		"SCRAMBLED",
		"UNFAMILIAR",
		"UNFAMILIAR",
		"UNFAMILIAR",
		"SCRAMBLED",
		"SCRAMBLED",
		"SCRAMBLED",
		"UNFAMILIAR",
		"FAMOUS",
		"UNFAMILIAR",
		"UNFAMILIAR",
		"FAMOUS",
		"FAMOUS",
		"UNFAMILIAR",
		"UNFAMILIAR",
		"n/a",
		"FAMOUS",
		"FAMOUS",
		"SCRAMBLED",
		"SCRAMBLED",
		"FAMOUS",
		"SCRAMBLED",
		"SCRAMBLED",
		"FAMOUS",
		"n/a"
	],
	"trigger":[5,17,18,17,5,5,6,17,7,999,17,18,5,6,19,13,14,7,5,13,19,17,18,17,18,13,14,5,7,999,13,15,13,5,13,13,14,7,17,15,5,6,15,5,7,13,14,15,5,6,999,13,19,5,6,17,18,7,5,6,17,18,17,15,13,17,13,13,14,999,13,14,19,17,18,15,13,14,19,17,18,15,5,13,14,5,5,13,14,999,5,7,17,17,7,17,18,7,999],
	"button_pushed":[
		"n/a",
		"n/a",
		7,
		7,
		7,
		7,
		7,
		4,
		4,
		20000,
		7,
		4,
		4,
		"n/a",
		4,
		4,
		4,
		7,
		4,
		7,
		7,
		4,
		7,
		7,
		7,
		7,
		4,
		4,
		4,
		20000,
		4,
		7,
		4,
		7,
		4,
		7,
		7,
		7,
		7,
		4,
		4,
		4,
		4,
		4,
		7,
		7,
		7,
		7,
		4,
		4,
		20000,
		7,
		7,
		7,
		7,
		7,
		7,
		4,
		4,
		4,
		7,
		7,
		7,
		4,
		7,
		7,
		4,
		4,
		4,
		20000,
		"n/a",
		7,
		7,
		7,
		7,
		7,
		7,
		7,
		7,
		7,
		7,
		4,
		4,
		4,
		4,
		4,
		4,
		"n/a",
		4,
		20000,
		7,
		7,
		7,
		7,
		7,
		7,
		7,
		4,
		0
	],
	"response_time":[0,0,0.713,0.79,1.372,0.906,0.643,1.195,0.894,20,0.784,1.42,2.076,0,1.291,1.203,1.521,2.4,1.525,1.777,1.898,2.184,0.732,0.711,0.891,1.256,0.794,1.442,0.884,20,1.122,1.333,0.985,0.983,1.164,0.92,1.272,1.183,1.216,1.3,1.314,0.677,1.166,0.946,1.274,2.013,1.039,0.992,0.869,0.656,20,1.749,1.147,1.867,0.54,0.966,1.001,1.074,1.03,0.627,0.964,1.166,1.78,0.907,1.076,1.127,1.6,1.026,0.613,20,0,1.374,0.765,0.823,1.048,0.895,1.702,0.45,0.64,0.575,0.73,1.025,1.211,1.099,0.588,0.923,0.874,0,0.982,20,1.079,1.063,1.223,0.84,0.9419999999999999,0.697,1.003,0.717,0],
	"stim_file":[
		"func/f112.bmp",
		"func/s101.bmp",
		"func/s101.bmp",
		"func/s109.bmp",
		"func/f099.bmp",
		"func/f109.bmp",
		"func/f109.bmp",
		"func/s108.bmp",
		"func/f112.bmp",
		"func/i999.bmp",
		"func/s104.bmp",
		"func/s104.bmp",
		"func/f104.bmp",
		"func/f104.bmp",
		"func/s109.bmp",
		"func/u108.bmp",
		"func/u108.bmp",
		"func/f099.bmp",
		"func/f098.bmp",
		"func/u110.bmp",
		"func/s108.bmp",
		"func/s100.bmp",
		"func/s100.bmp",
		"func/s110.bmp",
		"func/s110.bmp",
		"func/u098.bmp",
		"func/u098.bmp",
		"func/f100.bmp",
		"func/f098.bmp",
		"func/i999.bmp",
		"func/u102.bmp",
		"func/u110.bmp",
		"func/u109.bmp",
		"func/f101.bmp",
		"func/u107.bmp",
		"func/u111.bmp",
		"func/u111.bmp",
		"func/f100.bmp",
		"func/s107.bmp",
		"func/u102.bmp",
		"func/f102.bmp",
		"func/f102.bmp",
		"func/u109.bmp",
		"func/f111.bmp",
		"func/f101.bmp",
		"func/u113.bmp",
		"func/u113.bmp",
		"func/u107.bmp",
		"func/f110.bmp",
		"func/f110.bmp",
		"func/i999.bmp",
		"func/u101.bmp",
		"func/s107.bmp",
		"func/f113.bmp",
		"func/f113.bmp",
		"func/s103.bmp",
		"func/s103.bmp",
		"func/f111.bmp",
		"func/f107.bmp",
		"func/f107.bmp",
		"func/s112.bmp",
		"func/s112.bmp",
		"func/s111.bmp",
		"func/u101.bmp",
		"func/u103.bmp",
		"func/s099.bmp",
		"func/u112.bmp",
		"func/u106.bmp",
		"func/u106.bmp",
		"func/i999.bmp",
		"func/u100.bmp",
		"func/u100.bmp",
		"func/s111.bmp",
		"func/s102.bmp",
		"func/s102.bmp",
		"func/u103.bmp",
		"func/u099.bmp",
		"func/u099.bmp",
		"func/s099.bmp",
		"func/s113.bmp",
		"func/s113.bmp",
		"func/u112.bmp",
		"func/f106.bmp",
		"func/u105.bmp",
		"func/u105.bmp",
		"func/f103.bmp",
		"func/f108.bmp",
		"func/u104.bmp",
		"func/u104.bmp",
		"func/i999.bmp",
		"func/f105.bmp",
		"func/f106.bmp",
		"func/s106.bmp",
		"func/s098.bmp",
		"func/f103.bmp",
		"func/s105.bmp",
		"func/s105.bmp",
		"func/f108.bmp",
		"func/Circle.bmp"
	]
}
