{
	"onset":[0,3.023,6.415,9.571,12.745,15.818,18.942,22.199,25.406,28.413,31.035,51.631,54.738,57.878,61.119,64.16,67.383,70.489,73.68000000000001,77.004,80.212,83.468,86.508,89.79900000000001,92.77200000000001,95.879,99.069,102.243,105.333,107.972,128.618,131.658,134.865,138.039,141.246,144.487,147.677,150.884,154.158,157.383,160.522,163.813,167.07,170.127,173.2,176.424,179.531,182.755,185.962,189.152,191.858,212.32,215.394,218.4,221.674,224.765,227.905,231.162,234.319,237.643,240.733,243.807,246.93,250.171,253.244,256.385,259.575,262.749,265.856,268.511,289.124,292.147,295.321,298.444,301.568,304.859,308.183,311.373,314.563,317.72,320.762,323.918,327.008,330.165,333.355,336.546,339.703,342.876,346.016,349.123,352.347,354.92,375.432,378.572,381.696,384.869,387.993,391.267,394.39,397.13],
	"duration":[0.834,0.95,0.908,0.873,0.833,0.8169999999999999,0.9379999999999999,0.917,0.831,0.872,20,0.883,0.805,0.906,0.8090000000000001,0.966,0.874,0.825,0.985,0.979,0.979,0.843,0.922,0.8090000000000001,0.881,0.967,0.981,0.916,0.902,20,0.832,0.841,0.912,0.888,0.97,0.822,0.896,0.981,0.9340000000000001,0.841,0.961,0.947,0.826,0.844,0.961,0.8159999999999999,0.996,0.967,0.98,0.958,20,0.879,0.8149999999999999,0.977,0.841,0.837,0.913,0.923,0.992,0.834,0.894,0.906,0.985,0.902,0.849,0.979,0.948,0.896,0.908,20,0.8100000000000001,0.917,0.857,0.948,0.986,0.976,0.972,0.916,0.978,0.8169999999999999,0.88,0.85,0.959,0.852,0.889,0.906,0.904,0.924,0.827,0.965,0.836,20,0.912,0.876,0.882,0.824,0.906,0.899,0.954,0.012],
	"circle_duration":[0.577,0.419,0.5639999999999999,0.479,0.497,0.482,0.526,0.504,0.519,0.416,20,0.5610000000000001,0.457,0.5649999999999999,0.553,0.468,0.488,0.46,0.599,0.573,0.468,0.505,0.419,0.597,0.4,0.439,0.454,0.421,0.405,20,0.586,0.449,0.592,0.485,0.548,0.491,0.591,0.545,0.529,0.534,0.53,0.5659999999999999,0.545,0.458,0.457,0.488,0.52,0.456,0.483,0.448,20,0.418,0.425,0.432,0.522,0.472,0.51,0.532,0.462,0.5669999999999999,0.496,0.403,0.429,0.488,0.412,0.52,0.442,0.458,0.448,20,0.578,0.435,0.496,0.495,0.402,0.546,0.581,0.444,0.497,0.404,0.446,0.51,0.468,0.422,0.572,0.518,0.476,0.498,0.44,0.506,0.49,20,0.477,0.467,0.474,0.508,0.52,0.593,0.455,0],
	"stim_type":[
		"SCRAMBLED",
		"SCRAMBLED",
		"FAMOUS",
		"FAMOUS",
		"SCRAMBLED",
		"SCRAMBLED",
		"SCRAMBLED",
		"SCRAMBLED",
		"SCRAMBLED",
		"FAMOUS",
		"n/a",
		"FAMOUS",
		"UNFAMILIAR",
		"UNFAMILIAR",
		"SCRAMBLED",
		"SCRAMBLED",
		"SCRAMBLED",
		"FAMOUS",
		"FAMOUS",
		"FAMOUS",
		"FAMOUS",
		"FAMOUS",
		"FAMOUS",
		"SCRAMBLED",
		"SCRAMBLED",
		"UNFAMILIAR",
		"UNFAMILIAR",
		"FAMOUS",
		"SCRAMBLED",
		"n/a",
		"UNFAMILIAR",
		"FAMOUS",
		"FAMOUS",
		"UNFAMILIAR",
		"UNFAMILIAR",
		"UNFAMILIAR",
		"FAMOUS",
		"FAMOUS",
		"UNFAMILIAR",
		"UNFAMILIAR",
		"UNFAMILIAR",
		"SCRAMBLED",
		"FAMOUS",
		"UNFAMILIAR",
		"UNFAMILIAR",
		"UNFAMILIAR",
		"FAMOUS",
		"FAMOUS",
		"FAMOUS",
		"FAMOUS",
		"n/a",
		"FAMOUS",
		"UNFAMILIAR",
		"UNFAMILIAR",
		"FAMOUS",
		"FAMOUS",
		"SCRAMBLED",
		"FAMOUS",
		"UNFAMILIAR",
		"UNFAMILIAR",
		"SCRAMBLED",
		"FAMOUS",
		"UNFAMILIAR",
		"UNFAMILIAR",
		"SCRAMBLED",
		"SCRAMBLED",
		"FAMOUS",
		"FAMOUS",
		"SCRAMBLED",
		"n/a",
		"UNFAMILIAR",
		"UNFAMILIAR",
		"UNFAMILIAR",
		"UNFAMILIAR",
		"SCRAMBLED",
		"SCRAMBLED",
		"UNFAMILIAR",
		"UNFAMILIAR",
		"FAMOUS",
		"FAMOUS",
		"SCRAMBLED",
		"SCRAMBLED",
		"UNFAMILIAR",
		"UNFAMILIAR",
		"SCRAMBLED",
		"SCRAMBLED",
		"SCRAMBLED",
		"FAMOUS",
		"UNFAMILIAR",
		"UNFAMILIAR",
		"SCRAMBLED",
		"n/a",
		"UNFAMILIAR",
		"UNFAMILIAR",
		"SCRAMBLED",
		"FAMOUS",
		"SCRAMBLED",
		"SCRAMBLED",
		"SCRAMBLED",
		"n/a"
	],
	"trigger":[17,18,5,6,17,18,17,17,18,5,999,5,13,14,17,18,19,5,5,6,7,5,7,17,18,13,13,7,17,999,13,7,5,13,14,15,5,6,15,13,14,19,5,15,13,14,7,5,5,6,999,5,13,14,7,5,17,7,13,14,17,7,13,14,17,18,7,5,19,999,13,14,13,14,19,17,13,14,5,7,17,17,13,14,19,17,17,7,13,14,19,999,13,14,19,5,17,18,19,999],
	"button_pushed":[
		4,
		4,
		4,
		4,
		7,
		4,
		4,
		4,
		4,
		7,
		20000,
		4,
		7,
		7,
		4,
		4,
		4,
		7,
		4,
		4,
		7,
		4,
		4,
		4,
		4,
		4,
		4,
		7,
		4,
		20000,
		4,
		7,
		7,
		4,
		4,
		4,
		7,
		7,
		4,
		4,
		4,
		4,
		7,
		4,
		4,
		4,
		7,
		7,
		7,
		7,
		20000,
		"n/a",
		7,
		7,
		7,
		4,
		4,
		7,
		7,
		7,
		7,
		7,
		4,
		4,
		4,
		4,
		4,
		7,
		4,
		20000,
		"n/a",
		4,
		4,
		4,
		4,
		4,
		4,
		4,
		7,
		7,
		4,
		4,
		7,
		7,
		4,
		4,
		4,
		7,
		4,
		4,
		7,
		20000,
		"n/a",
		4,
		4,
		7,
		4,
		7,
		4,
		0
	],
	"response_time":[1.059,0.625,0.799,0.615,0.957,0.722,0.904,1.058,0.752,1.141,20,0.82,1.158,1.276,0.822,0.717,0.728,1.09,1.057,0.727,0.955,1.015,0.969,1.056,0.6929999999999999,1.084,0.972,1.191,0.854,20,1.015,0.898,0.953,0.847,0.756,0.822,0.9360000000000001,0.765,0.845,0.922,0.8110000000000001,0.821,1.033,0.913,0.914,0.825,0.649,1.002,1.261,0.9,20,0,0.9409999999999999,0.71,1.044,0.868,1.121,0.9320000000000001,1.136,0.781,0.747,0.754,0.971,0.801,0.886,0.653,0.737,0.776,0.873,20,0,1.088,1.147,0.795,0.929,0.759,1.041,0.646,0.978,1.015,0.917,1.341,1.046,0.761,0.9360000000000001,0.757,0.732,1.009,0.734,1.181,0.908,20,0,1.059,0.789,0.892,0.746,1.233,1.205,0],
	"stim_file":[
		"func/s034.bmp",
		"func/s034.bmp",
		"func/f047.bmp",
		"func/f047.bmp",
		"func/s044.bmp",
		"func/s044.bmp",
		"func/s041.bmp",
		"func/s037.bmp",
		"func/s037.bmp",
		"func/f038.bmp",
		"func/i999.bmp",
		"func/f033.bmp",
		"func/u038.bmp",
		"func/u038.bmp",
		"func/s046.bmp",
		"func/s046.bmp",
		"func/s041.bmp",
		"func/f039.bmp",
		"func/f037.bmp",
		"func/f037.bmp",
		"func/f038.bmp",
		"func/f046.bmp",
		"func/f033.bmp",
		"func/s033.bmp",
		"func/s033.bmp",
		"func/u044.bmp",
		"func/u034.bmp",
		"func/f039.bmp",
		"func/s035.bmp",
		"func/i999.bmp",
		"func/u042.bmp",
		"func/f046.bmp",
		"func/f034.bmp",
		"func/u037.bmp",
		"func/u037.bmp",
		"func/u044.bmp",
		"func/f043.bmp",
		"func/f043.bmp",
		"func/u034.bmp",
		"func/u045.bmp",
		"func/u045.bmp",
		"func/s035.bmp",
		"func/f045.bmp",
		"func/u042.bmp",
		"func/u039.bmp",
		"func/u039.bmp",
		"func/f034.bmp",
		"func/f048.bmp",
		"func/f044.bmp",
		"func/f044.bmp",
		"func/i999.bmp",
		"func/f036.bmp",
		"func/u047.bmp",
		"func/u047.bmp",
		"func/f045.bmp",
		"func/f035.bmp",
		"func/s040.bmp",
		"func/f048.bmp",
		"func/u048.bmp",
		"func/u048.bmp",
		"func/s047.bmp",
		"func/f036.bmp",
		"func/u043.bmp",
		"func/u043.bmp",
		"func/s036.bmp",
		"func/s036.bmp",
		"func/f035.bmp",
		"func/f042.bmp",
		"func/s040.bmp",
		"func/i999.bmp",
		"func/u036.bmp",
		"func/u036.bmp",
		"func/u046.bmp",
		"func/u046.bmp",
		"func/s047.bmp",
		"func/s042.bmp",
		"func/u040.bmp",
		"func/u040.bmp",
		"func/f040.bmp",
		"func/f042.bmp",
		"func/s039.bmp",
		"func/s043.bmp",
		"func/u035.bmp",
		"func/u035.bmp",
		"func/s042.bmp",
		"func/s045.bmp",
		"func/s048.bmp",
		"func/f040.bmp",
		"func/u033.bmp",
		"func/u033.bmp",
		"func/s039.bmp",
		"func/i999.bmp",
		"func/u041.bmp",
		"func/u041.bmp",
		"func/s043.bmp",
		"func/f041.bmp",
		"func/s038.bmp",
		"func/s038.bmp",
		"func/s045.bmp",
		"func/Circle.bmp"
	]
}
