{
	"onset":[0,3.14,6.33,9.571,12.628,15.785,18.925,22.232,25.389,28.446,31.119,51.698,54.955,58.162,61.269,64.309,67.499,70.556,73.83,77.03700000000001,80.227,83.41800000000001,86.55800000000001,89.815,92.89,96.146,99.253,102.393,105.484,108.106,128.651,131.775,134.965,138.156,141.396,144.52,147.577,150.75,153.824,157.148,160.255,163.295,166.335,169.375,172.498,175.756,178.863,181.903,184.993,187.615,208.127,211.301,214.475,217.599,220.772,223.929,227.236,230.41,233.55,236.624,239.714,242.871,246.012,249.135,252.459,255.683,258.79,262.047,265.287,268.562,271.184,291.746,294.903,298.093,301.3,304.357,307.514,310.739,313.828,317.102,320.409,323.533,326.623,329.797,332.904,336.061,339.151,342.425,345.732,348.989,351.578,372.141,375.298,378.538,381.695,384.986,388.193,391.333,394.473,397.213],
	"duration":[0.847,0.835,0.9340000000000001,0.866,0.8169999999999999,0.846,0.995,0.8159999999999999,0.835,0.925,20,0.91,0.876,0.84,0.865,0.963,0.823,0.904,0.926,0.962,0.9330000000000001,0.875,0.898,0.917,0.884,0.8179999999999999,0.844,0.896,0.875,20,0.911,0.859,0.827,0.903,0.832,0.855,0.967,0.8179999999999999,0.983,0.919,0.861,0.849,0.804,0.947,0.9350000000000001,0.872,0.8129999999999999,0.802,0.887,20,0.96,0.992,0.825,0.969,0.958,0.969,0.9350000000000001,0.915,0.899,0.89,0.969,0.97,0.953,0.959,0.958,0.846,0.992,0.988,0.9419999999999999,0.878,20,0.867,0.9330000000000001,0.884,0.849,0.8139999999999999,0.878,0.855,0.9340000000000001,0.981,0.931,0.916,0.98,0.835,0.891,0.89,0.992,0.9419999999999999,0.997,0.842,20,0.852,0.92,0.9370000000000001,1,0.899,0.837,0.911,0.97,0.012],
	"circle_duration":[0.553,0.521,0.495,0.537,0.41,0.576,0.52,0.53,0.583,0.457,20,0.541,0.573,0.5600000000000001,0.495,0.406,0.465,0.457,0.596,0.502,0.435,0.491,0.496,0.6,0.401,0.596,0.521,0.531,0.434,20,0.509,0.444,0.555,0.593,0.549,0.526,0.434,0.44,0.496,0.578,0.43,0.409,0.41,0.461,0.4,0.5600000000000001,0.46,0.455,0.534,20,0.469,0.441,0.415,0.534,0.443,0.404,0.579,0.409,0.465,0.411,0.414,0.433,0.401,0.407,0.596,0.5,0.489,0.496,0.477,0.5679999999999999,20,0.524,0.533,0.495,0.5639999999999999,0.443,0.582,0.584,0.457,0.58,0.5629999999999999,0.422,0.407,0.423,0.506,0.483,0.429,0.505,0.598,0.495,20,0.528,0.545,0.552,0.442,0.527,0.538,0.526,0.456,0],
	"stim_type":[
		"FAMOUS",
		"FAMOUS",
		"FAMOUS",
		"FAMOUS",
		"UNFAMILIAR",
		"SCRAMBLED",
		"SCRAMBLED",
		"SCRAMBLED",
		"SCRAMBLED",
		"FAMOUS",
		"n/a",
		"FAMOUS",
		"FAMOUS",
		"FAMOUS",
		"FAMOUS",
		"UNFAMILIAR",
		"UNFAMILIAR",
		"SCRAMBLED",
		"SCRAMBLED",
		"FAMOUS",
		"UNFAMILIAR",
		"UNFAMILIAR",
		"UNFAMILIAR",
		"UNFAMILIAR",
		"FAMOUS",
		"UNFAMILIAR",
		"UNFAMILIAR",
		"UNFAMILIAR",
		"UNFAMILIAR",
		"n/a",
		"SCRAMBLED",
		"FAMOUS",
		"FAMOUS",
		"FAMOUS",
		"FAMOUS",
		"FAMOUS",
		"SCRAMBLED",
		"SCRAMBLED",
		"UNFAMILIAR",
		"UNFAMILIAR",
		"UNFAMILIAR",
		"SCRAMBLED",
		"SCRAMBLED",
		"FAMOUS",
		"UNFAMILIAR",
		"UNFAMILIAR",
		"UNFAMILIAR",
		"UNFAMILIAR",
		"UNFAMILIAR",
		"n/a",
		"SCRAMBLED",
		"SCRAMBLED",
		"UNFAMILIAR",
		"UNFAMILIAR",
		"SCRAMBLED",
		"FAMOUS",
		"FAMOUS",
		"FAMOUS",
		"UNFAMILIAR",
		"FAMOUS",
		"FAMOUS",
		"SCRAMBLED",
		"SCRAMBLED",
		"UNFAMILIAR",
		"SCRAMBLED",
		"SCRAMBLED",
		"SCRAMBLED",
		"UNFAMILIAR",
		"SCRAMBLED",
		"FAMOUS",
		"n/a",
		"FAMOUS",
		"FAMOUS",
		"UNFAMILIAR",
		"UNFAMILIAR",
		"SCRAMBLED",
		"SCRAMBLED",
		"SCRAMBLED",
		"FAMOUS",
		"FAMOUS",
		"SCRAMBLED",
		"FAMOUS",
		"FAMOUS",
		"FAMOUS",
		"UNFAMILIAR",
		"UNFAMILIAR",
		"UNFAMILIAR",
		"SCRAMBLED",
		"FAMOUS",
		"SCRAMBLED",
		"n/a",
		"SCRAMBLED",
		"SCRAMBLED",
		"SCRAMBLED",
		"SCRAMBLED",
		"UNFAMILIAR",
		"UNFAMILIAR",
		"UNFAMILIAR",
		"SCRAMBLED",
		"n/a"
	],
	"trigger":[5,5,5,6,13,17,18,17,18,7,999,5,6,7,5,13,15,17,18,5,13,14,13,14,7,13,15,13,14,999,17,7,5,6,5,6,17,18,15,13,13,19,17,5,13,14,13,14,15,999,17,18,15,13,19,5,6,7,13,5,5,17,18,15,17,17,18,15,17,7,999,5,7,13,14,17,19,17,5,6,19,5,6,7,13,13,14,19,5,19,999,17,18,17,18,13,14,15,17,999],
	"button_pushed":[4,4,4,4,7,4,4,4,4,4,20000,4,4,4,4,4,7,4,4,7,7,7,7,7,4,7,4,7,7,20000,7,7,7,7,7,7,7,4,4,7,7,7,7,4,4,4,7,7,7,20000,7,7,7,7,4,4,4,7,7,7,7,7,7,7,4,7,7,7,7,7,20000,4,7,7,7,7,4,4,7,7,4,7,7,4,7,4,7,7,7,4,20000,4,4,4,4,4,4,7,4,0],
	"response_time":[1.104,0.762,0.775,0.734,1.034,0.929,0.707,0.748,0.674,1.258,20,1.407,0.842,0.989,0.852,0.883,0.981,0.865,0.674,0.777,1.406,0.883,0.903,0.866,0.975,1.202,0.846,0.8179999999999999,0.777,20,1.065,1.423,0.966,0.512,1.114,0.826,1.016,0.921,1.379,1.039,1.428,0.85,0.6850000000000001,1.244,0.994,0.676,1.408,0.726,0.843,20,1.075,0.951,1.014,0.917,1.271,1.172,0.755,1.328,1.081,0.989,0.862,1.002,0.721,0.878,1.002,1.261,0.921,0.983,1.214,1.398,20,1.376,0.969,1.099,0.9340000000000001,1.208,1.172,1.128,0.79,0.889,1.324,0.965,0.663,1.152,0.725,1.102,0.841,1.108,0.634,0.964,20,1.262,0.9,0.946,0.828,1.057,1.17,0.698,0.8,0],
	"stim_file":[
		"func/f109.bmp",
		"func/f113.bmp",
		"func/f099.bmp",
		"func/f099.bmp",
		"func/u108.bmp",
		"func/s102.bmp",
		"func/s102.bmp",
		"func/s104.bmp",
		"func/s104.bmp",
		"func/f109.bmp",
		"func/i999.bmp",
		"func/f098.bmp",
		"func/f098.bmp",
		"func/f113.bmp",
		"func/f110.bmp",
		"func/u098.bmp",
		"func/u108.bmp",
		"func/s109.bmp",
		"func/s109.bmp",
		"func/f101.bmp",
		"func/u099.bmp",
		"func/u099.bmp",
		"func/u110.bmp",
		"func/u110.bmp",
		"func/f110.bmp",
		"func/u102.bmp",
		"func/u098.bmp",
		"func/u112.bmp",
		"func/u112.bmp",
		"func/i999.bmp",
		"func/s111.bmp",
		"func/f101.bmp",
		"func/f104.bmp",
		"func/f104.bmp",
		"func/f107.bmp",
		"func/f107.bmp",
		"func/s103.bmp",
		"func/s103.bmp",
		"func/u102.bmp",
		"func/u113.bmp",
		"func/u111.bmp",
		"func/s111.bmp",
		"func/s108.bmp",
		"func/f103.bmp",
		"func/u103.bmp",
		"func/u103.bmp",
		"func/u105.bmp",
		"func/u105.bmp",
		"func/u113.bmp",
		"func/i999.bmp",
		"func/s110.bmp",
		"func/s110.bmp",
		"func/u111.bmp",
		"func/u104.bmp",
		"func/s108.bmp",
		"func/f108.bmp",
		"func/f108.bmp",
		"func/f103.bmp",
		"func/u106.bmp",
		"func/f102.bmp",
		"func/f106.bmp",
		"func/s100.bmp",
		"func/s100.bmp",
		"func/u104.bmp",
		"func/s101.bmp",
		"func/s112.bmp",
		"func/s112.bmp",
		"func/u106.bmp",
		"func/s099.bmp",
		"func/f102.bmp",
		"func/i999.bmp",
		"func/f111.bmp",
		"func/f106.bmp",
		"func/u107.bmp",
		"func/u107.bmp",
		"func/s107.bmp",
		"func/s101.bmp",
		"func/s113.bmp",
		"func/f112.bmp",
		"func/f112.bmp",
		"func/s099.bmp",
		"func/f105.bmp",
		"func/f105.bmp",
		"func/f111.bmp",
		"func/u100.bmp",
		"func/u101.bmp",
		"func/u101.bmp",
		"func/s107.bmp",
		"func/f100.bmp",
		"func/s113.bmp",
		"func/i999.bmp",
		"func/s106.bmp",
		"func/s106.bmp",
		"func/s098.bmp",
		"func/s098.bmp",
		"func/u109.bmp",
		"func/u109.bmp",
		"func/u100.bmp",
		"func/s105.bmp",
		"func/Circle.bmp"
	]
}
