{
	"onset":[0,3.14,6.398,9.654999999999999,12.962,16.269,19.393,22.5,25.657,28.747,31.403,51.932,55.222,58.429,61.653,64.827,68.068,71.108,74.315,77.422,80.679,83.919,87.06,90.083,93.39,96.681,99.788,102.911,106.102,109.376,112.449,115.172,135.784,138.941,142.031,145.172,148.345,151.503,154.81,157.883,161.107,164.13,167.254,170.411,173.651,176.909,180.132,183.356,186.513,189.086,209.665,212.989,216.313,219.453,222.644,225.817,229.007,232.248,235.472,238.779,242.103,245.293,248.4,251.507,254.748,257.821,260.812,263.951,267.259,270.566,273.155,293.801,296.858,300.031,303.105,306.112,309.252,312.309,315.449,318.489,321.763,324.97,328.127,331.251,334.341,337.481,340.755,343.962,347.119,349.825,370.355,373.411,376.568,379.675,382.815,385.905,389.145,392.269,395.426,398.182],
	"duration":[0.944,0.911,0.93,0.961,0.958,0.839,0.838,0.931,0.835,0.91,20,0.925,0.982,0.876,0.844,0.964,0.859,0.899,0.823,0.957,0.951,0.843,0.848,0.964,0.961,0.855,0.832,0.86,0.984,0.838,0.979,20,0.898,0.831,0.851,0.964,0.838,0.961,0.821,0.861,0.837,0.908,0.8,0.891,0.895,0.969,0.944,0.976,0.836,20,0.999,0.996,0.918,0.863,0.911,0.847,0.826,0.911,0.9409999999999999,0.969,0.925,0.8139999999999999,0.857,0.984,0.889,0.834,0.839,0.964,0.971,0.846,20,0.865,0.9,0.853,0.8149999999999999,0.923,0.849,0.8129999999999999,0.874,0.972,0.972,0.852,0.881,0.917,0.838,0.999,0.848,0.8179999999999999,0.967,20,0.841,0.806,0.8100000000000001,0.901,0.883,0.956,0.951,0.858,0.978,0.012],
	"circle_duration":[0.407,0.428,0.481,0.555,0.575,0.522,0.516,0.487,0.462,0.49,20,0.497,0.59,0.466,0.55,0.5610000000000001,0.506,0.405,0.546,0.517,0.51,0.524,0.526,0.406,0.574,0.5620000000000001,0.472,0.501,0.539,0.529,0.467,20,0.581,0.497,0.469,0.534,0.446,0.551,0.584,0.473,0.586,0.403,0.436,0.585,0.572,0.587,0.485,0.505,0.41,20,0.545,0.5580000000000001,0.5580000000000001,0.447,0.5679999999999999,0.488,0.577,0.5679999999999999,0.547,0.6,0.585,0.486,0.527,0.476,0.49,0.404,0.401,0.527,0.57,0.555,20,0.578,0.432,0.496,0.465,0.43,0.442,0.447,0.5610000000000001,0.4,0.523,0.453,0.541,0.472,0.404,0.523,0.502,0.6,0.574,20,0.5,0.444,0.572,0.53,0.472,0.44,0.502,0.41,0.518,0],
	"stim_type":[
		"UNFAMILIAR",
		"UNFAMILIAR",
		"UNFAMILIAR",
		"FAMOUS",
		"FAMOUS",
		"SCRAMBLED",
		"SCRAMBLED",
		"UNFAMILIAR",
		"UNFAMILIAR",
		"UNFAMILIAR",
		"n/a",
		"UNFAMILIAR",
		"UNFAMILIAR",
		"UNFAMILIAR",
		"FAMOUS",
		"UNFAMILIAR",
		"UNFAMILIAR",
		"UNFAMILIAR",
		"UNFAMILIAR",
		"FAMOUS",
		"FAMOUS",
		"FAMOUS",
		"SCRAMBLED",
		"SCRAMBLED",
		"FAMOUS",
		"UNFAMILIAR",
		"UNFAMILIAR",
		"SCRAMBLED",
		"FAMOUS",
		"FAMOUS",
		"FAMOUS",
		"n/a",
		"SCRAMBLED",
		"SCRAMBLED",
		"SCRAMBLED",
		"SCRAMBLED",
		"SCRAMBLED",
		"UNFAMILIAR",
		"UNFAMILIAR",
		"UNFAMILIAR",
		"SCRAMBLED",
		"FAMOUS",
		"SCRAMBLED",
		"SCRAMBLED",
		"FAMOUS",
		"SCRAMBLED",
		"SCRAMBLED",
		"UNFAMILIAR",
		"UNFAMILIAR",
		"n/a",
		"FAMOUS",
		"FAMOUS",
		"FAMOUS",
		"FAMOUS",
		"FAMOUS",
		"FAMOUS",
		"FAMOUS",
		"FAMOUS",
		"SCRAMBLED",
		"SCRAMBLED",
		"SCRAMBLED",
		"SCRAMBLED",
		"SCRAMBLED",
		"FAMOUS",
		"FAMOUS",
		"FAMOUS",
		"FAMOUS",
		"FAMOUS",
		"SCRAMBLED",
		"SCRAMBLED",
		"n/a",
		"UNFAMILIAR",
		"SCRAMBLED",
		"SCRAMBLED",
		"SCRAMBLED",
		"UNFAMILIAR",
		"UNFAMILIAR",
		"FAMOUS",
		"SCRAMBLED",
		"SCRAMBLED",
		"SCRAMBLED",
		"SCRAMBLED",
		"UNFAMILIAR",
		"UNFAMILIAR",
		"UNFAMILIAR",
		"FAMOUS",
		"UNFAMILIAR",
		"FAMOUS",
		"FAMOUS",
		"n/a",
		"UNFAMILIAR",
		"SCRAMBLED",
		"SCRAMBLED",
		"SCRAMBLED",
		"FAMOUS",
		"FAMOUS",
		"FAMOUS",
		"UNFAMILIAR",
		"UNFAMILIAR",
		"n/a"
	],
	"trigger":[13,13,13,5,6,17,18,13,14,15,999,13,14,15,5,15,13,13,14,5,5,6,17,18,7,13,15,17,5,6,7,999,17,18,17,17,18,15,13,14,19,5,17,18,5,19,17,13,14,999,5,6,7,5,6,5,7,5,19,17,17,17,18,5,7,5,6,7,17,19,999,13,19,17,18,13,14,7,17,18,17,19,13,14,15,5,13,5,6,999,13,19,17,18,5,6,7,13,15,999],
	"button_pushed":[
		7,
		7,
		4,
		7,
		7,
		4,
		4,
		4,
		4,
		7,
		20000,
		4,
		4,
		7,
		7,
		4,
		7,
		4,
		7,
		4,
		7,
		7,
		4,
		4,
		7,
		7,
		7,
		4,
		4,
		4,
		7,
		20000,
		7,
		7,
		4,
		4,
		4,
		7,
		4,
		4,
		7,
		7,
		4,
		4,
		4,
		"n/a",
		7,
		4,
		4,
		20000,
		7,
		7,
		7,
		7,
		7,
		4,
		4,
		7,
		4,
		7,
		4,
		7,
		7,
		7,
		7,
		7,
		7,
		7,
		4,
		7,
		20000,
		4,
		4,
		7,
		7,
		4,
		4,
		7,
		4,
		4,
		4,
		7,
		4,
		4,
		4,
		7,
		4,
		7,
		7,
		20000,
		4,
		4,
		4,
		4,
		7,
		7,
		7,
		4,
		7,
		0
	],
	"response_time":[0.986,0.916,0.835,0.904,0.794,0.786,0.765,1.039,0.671,1.094,20,0.92,0.724,0.717,0.869,0.832,0.9389999999999999,1.058,0.908,1.186,1.053,0.886,0.861,0.77,0.767,1.155,0.752,0.903,1.197,0.6879999999999999,1.091,20,0.986,0.795,0.747,0.866,0.74,1.263,1.034,0.707,0.793,0.952,0.9429999999999999,0.794,1.05,0,0.805,1.061,0.714,20,0.93,1.004,0.882,1.197,0.805,1.235,1.171,1.152,1.319,0.737,0.798,0.981,0.861,0.6850000000000001,0.754,0.698,0.912,0.844,1.087,1.045,20,1.067,0.839,1.031,0.773,0.9370000000000001,0.717,1.137,1.052,0.7,0.804,0.9379999999999999,0.948,0.883,0.948,0.9429999999999999,0.744,1.092,0.855,20,0.975,0.868,1.008,0.832,0.92,0.758,0.9419999999999999,1.103,0.72,0],
	"stim_file":[
		"func/u022.bmp",
		"func/u017.bmp",
		"func/u021.bmp",
		"func/f019.bmp",
		"func/f019.bmp",
		"func/s028.bmp",
		"func/s028.bmp",
		"func/u030.bmp",
		"func/u030.bmp",
		"func/u022.bmp",
		"func/i999.bmp",
		"func/u029.bmp",
		"func/u029.bmp",
		"func/u017.bmp",
		"func/f028.bmp",
		"func/u021.bmp",
		"func/u032.bmp",
		"func/u019.bmp",
		"func/u019.bmp",
		"func/f022.bmp",
		"func/f032.bmp",
		"func/f032.bmp",
		"func/s022.bmp",
		"func/s022.bmp",
		"func/f028.bmp",
		"func/u018.bmp",
		"func/u032.bmp",
		"func/s027.bmp",
		"func/f024.bmp",
		"func/f024.bmp",
		"func/f022.bmp",
		"func/i999.bmp",
		"func/s030.bmp",
		"func/s030.bmp",
		"func/s026.bmp",
		"func/s031.bmp",
		"func/s031.bmp",
		"func/u018.bmp",
		"func/u028.bmp",
		"func/u028.bmp",
		"func/s027.bmp",
		"func/f030.bmp",
		"func/s019.bmp",
		"func/s019.bmp",
		"func/f023.bmp",
		"func/s026.bmp",
		"func/s021.bmp",
		"func/u020.bmp",
		"func/u020.bmp",
		"func/i999.bmp",
		"func/f029.bmp",
		"func/f029.bmp",
		"func/f030.bmp",
		"func/f017.bmp",
		"func/f017.bmp",
		"func/f020.bmp",
		"func/f023.bmp",
		"func/f018.bmp",
		"func/s021.bmp",
		"func/s025.bmp",
		"func/s024.bmp",
		"func/s032.bmp",
		"func/s032.bmp",
		"func/f026.bmp",
		"func/f020.bmp",
		"func/f021.bmp",
		"func/f021.bmp",
		"func/f018.bmp",
		"func/s023.bmp",
		"func/s025.bmp",
		"func/i999.bmp",
		"func/u023.bmp",
		"func/s024.bmp",
		"func/s017.bmp",
		"func/s017.bmp",
		"func/u025.bmp",
		"func/u025.bmp",
		"func/f026.bmp",
		"func/s018.bmp",
		"func/s018.bmp",
		"func/s020.bmp",
		"func/s023.bmp",
		"func/u031.bmp",
		"func/u031.bmp",
		"func/u023.bmp",
		"func/f025.bmp",
		"func/u026.bmp",
		"func/f027.bmp",
		"func/f027.bmp",
		"func/i999.bmp",
		"func/u024.bmp",
		"func/s020.bmp",
		"func/s029.bmp",
		"func/s029.bmp",
		"func/f031.bmp",
		"func/f031.bmp",
		"func/f025.bmp",
		"func/u027.bmp",
		"func/u026.bmp",
		"func/Circle.bmp"
	]
}
