{
	"onset":[0,3.174,6.431,9.589,12.745,15.802,18.875,22.083,25.239,28.33,31.019,51.615,54.788,57.912,61.002,64.092,67.333,70.54000000000001,73.864,76.98699999999999,80.19499999999999,83.402,86.60899999999999,89.76600000000001,92.889,96.01300000000001,99.203,102.377,105.601,108.34,128.852,131.993,135.233,138.457,141.664,144.721,147.895,151.001,154.309,157.432,160.723,163.764,166.937,170.144,173.468,176.491,179.682,182.905,185.962,188.952,191.591,212.187,215.344,218.618,221.658,224.748,227.939,231.146,234.169,237.409,240.566,243.675,246.814,250.055,253.061,256.336,259.592,262.766,265.939,269.146,271.769,292.365,295.622,298.829,301.952,305.143,308.233,311.256,314.53,317.737,320.961,324.085,327.292,330.432,333.589,336.696,339.903,343.094,346.284,348.94,369.502,372.759,376,379.24,382.28,385.521,388.678,391.852,394.591],
	"duration":[0.96,0.8,0.906,0.909,0.846,0.856,0.891,0.961,0.821,0.9429999999999999,20,0.828,0.837,0.819,0.82,0.88,0.968,0.953,0.865,0.853,0.913,0.9340000000000001,0.819,0.872,0.851,0.913,0.8100000000000001,0.886,0.994,20,0.915,0.998,0.9419999999999999,0.896,0.806,0.98,0.84,0.97,0.927,0.921,0.851,0.977,0.85,0.994,0.829,0.9350000000000001,0.9409999999999999,0.868,0.8120000000000001,0.888,20,0.947,0.922,0.8100000000000001,0.852,1,0.9320000000000001,0.8070000000000001,0.986,0.873,0.827,0.947,0.944,0.823,0.957,0.915,0.93,0.9370000000000001,0.973,0.885,20,0.92,0.956,0.919,0.974,0.8110000000000001,0.802,0.957,0.977,0.889,0.878,0.973,0.875,0.884,0.891,0.98,0.883,0.993,0.919,20,0.991,0.947,0.9379999999999999,0.866,0.874,0.9350000000000001,0.832,0.9419999999999999,0.012],
	"circle_duration":[0.458,0.441,0.598,0.483,0.482,0.442,0.426,0.537,0.424,0.495,20,0.5600000000000001,0.572,0.488,0.511,0.466,0.599,0.475,0.597,0.468,0.586,0.531,0.504,0.556,0.481,0.505,0.515,0.591,0.584,20,0.433,0.457,0.468,0.517,0.544,0.458,0.43,0.489,0.584,0.433,0.586,0.434,0.422,0.593,0.552,0.423,0.485,0.478,0.422,0.41,20,0.5610000000000001,0.437,0.574,0.462,0.477,0.424,0.457,0.438,0.497,0.511,0.517,0.422,0.524,0.412,0.55,0.571,0.481,0.455,0.458,20,0.5620000000000001,0.573,0.482,0.447,0.444,0.512,0.456,0.542,0.454,0.5669999999999999,0.481,0.466,0.498,0.502,0.445,0.462,0.544,0.427,20,0.521,0.494,0.532,0.523,0.413,0.585,0.456,0.582,0],
	"stim_type":[
		"SCRAMBLED",
		"SCRAMBLED",
		"SCRAMBLED",
		"SCRAMBLED",
		"SCRAMBLED",
		"FAMOUS",
		"SCRAMBLED",
		"SCRAMBLED",
		"SCRAMBLED",
		"SCRAMBLED",
		"n/a",
		"UNFAMILIAR",
		"UNFAMILIAR",
		"FAMOUS",
		"FAMOUS",
		"FAMOUS",
		"FAMOUS",
		"UNFAMILIAR",
		"SCRAMBLED",
		"SCRAMBLED",
		"FAMOUS",
		"SCRAMBLED",
		"SCRAMBLED",
		"UNFAMILIAR",
		"UNFAMILIAR",
		"FAMOUS",
		"FAMOUS",
		"FAMOUS",
		"UNFAMILIAR",
		"n/a",
		"FAMOUS",
		"SCRAMBLED",
		"UNFAMILIAR",
		"UNFAMILIAR",
		"FAMOUS",
		"SCRAMBLED",
		"SCRAMBLED",
		"SCRAMBLED",
		"SCRAMBLED",
		"SCRAMBLED",
		"FAMOUS",
		"FAMOUS",
		"UNFAMILIAR",
		"UNFAMILIAR",
		"FAMOUS",
		"FAMOUS",
		"SCRAMBLED",
		"UNFAMILIAR",
		"UNFAMILIAR",
		"FAMOUS",
		"n/a",
		"FAMOUS",
		"FAMOUS",
		"FAMOUS",
		"UNFAMILIAR",
		"SCRAMBLED",
		"SCRAMBLED",
		"SCRAMBLED",
		"FAMOUS",
		"FAMOUS",
		"UNFAMILIAR",
		"FAMOUS",
		"UNFAMILIAR",
		"SCRAMBLED",
		"SCRAMBLED",
		"SCRAMBLED",
		"SCRAMBLED",
		"UNFAMILIAR",
		"UNFAMILIAR",
		"FAMOUS",
		"n/a",
		"UNFAMILIAR",
		"UNFAMILIAR",
		"UNFAMILIAR",
		"UNFAMILIAR",
		"FAMOUS",
		"FAMOUS",
		"FAMOUS",
		"SCRAMBLED",
		"UNFAMILIAR",
		"SCRAMBLED",
		"UNFAMILIAR",
		"FAMOUS",
		"FAMOUS",
		"UNFAMILIAR",
		"UNFAMILIAR",
		"UNFAMILIAR",
		"UNFAMILIAR",
		"UNFAMILIAR",
		"n/a",
		"UNFAMILIAR",
		"UNFAMILIAR",
		"SCRAMBLED",
		"FAMOUS",
		"UNFAMILIAR",
		"FAMOUS",
		"SCRAMBLED",
		"SCRAMBLED",
		"n/a"
	],
	"trigger":[17,17,18,17,18,5,17,17,18,19,999,13,14,5,6,5,7,13,19,17,5,17,18,13,14,7,5,6,15,999,5,19,13,14,7,17,17,18,17,18,5,7,13,14,5,6,19,13,14,5,999,5,6,7,13,17,17,18,5,7,13,5,15,17,19,17,18,13,14,7,999,13,14,15,13,7,5,6,19,13,17,13,5,6,15,13,14,13,15,999,13,14,19,5,15,5,17,18,999],
	"button_pushed":[
		7,
		4,
		4,
		4,
		4,
		7,
		4,
		4,
		4,
		4,
		20000,
		7,
		7,
		7,
		7,
		7,
		7,
		4,
		4,
		4,
		7,
		4,
		4,
		7,
		"n/a",
		7,
		7,
		7,
		4,
		20000,
		7,
		4,
		7,
		7,
		7,
		4,
		4,
		4,
		4,
		4,
		7,
		7,
		4,
		7,
		7,
		7,
		4,
		4,
		4,
		7,
		20000,
		4,
		4,
		4,
		4,
		4,
		4,
		4,
		7,
		7,
		7,
		4,
		4,
		4,
		4,
		4,
		4,
		4,
		4,
		7,
		20000,
		4,
		4,
		4,
		4,
		4,
		7,
		7,
		"n/a",
		4,
		4,
		7,
		4,
		4,
		4,
		4,
		4,
		4,
		4,
		20000,
		4,
		4,
		4,
		7,
		4,
		7,
		7,
		7,
		0
	],
	"response_time":[1.003,0.9330000000000001,0.877,0.905,0.947,1.071,0.9419999999999999,0.925,0.852,1.112,20,1.276,0.804,1.1,0.725,1.064,0.9360000000000001,0.901,0.93,0.852,1.145,0.885,0.826,1.038,0,0.959,0.898,0.919,1.08,20,1.25,0.853,0.986,0.87,1.003,0.795,0.805,0.6929999999999999,0.676,0.741,0.918,1.322,0.98,0.767,0.834,0.847,0.946,0.965,1.051,1.379,20,1.407,0.701,0.864,1.001,0.8159999999999999,0.787,0.676,1.231,1.239,1.119,1.093,0.8159999999999999,0.8120000000000001,1.12,1.045,0.841,1.327,0.9379999999999999,1.21,20,1.621,0.756,0.73,1.27,1.109,1.233,0.706,0,1.002,1.143,1.158,0.981,0.853,1.144,0.892,0.784,1.376,0.846,20,0.876,0.793,0.82,1.175,1.462,1.038,1.303,0.841,0],
	"stim_file":[
		"func/s069.bmp",
		"func/s065.bmp",
		"func/s065.bmp",
		"func/s066.bmp",
		"func/s066.bmp",
		"func/f068.bmp",
		"func/s068.bmp",
		"func/s072.bmp",
		"func/s072.bmp",
		"func/s069.bmp",
		"func/i999.bmp",
		"func/u081.bmp",
		"func/u081.bmp",
		"func/f081.bmp",
		"func/f081.bmp",
		"func/f077.bmp",
		"func/f068.bmp",
		"func/u079.bmp",
		"func/s068.bmp",
		"func/s078.bmp",
		"func/f078.bmp",
		"func/s081.bmp",
		"func/s081.bmp",
		"func/u077.bmp",
		"func/u077.bmp",
		"func/f077.bmp",
		"func/f080.bmp",
		"func/f080.bmp",
		"func/u079.bmp",
		"func/i999.bmp",
		"func/f072.bmp",
		"func/s078.bmp",
		"func/u080.bmp",
		"func/u080.bmp",
		"func/f078.bmp",
		"func/s075.bmp",
		"func/s067.bmp",
		"func/s067.bmp",
		"func/s073.bmp",
		"func/s073.bmp",
		"func/f067.bmp",
		"func/f072.bmp",
		"func/u065.bmp",
		"func/u065.bmp",
		"func/f075.bmp",
		"func/f075.bmp",
		"func/s075.bmp",
		"func/u067.bmp",
		"func/u067.bmp",
		"func/f079.bmp",
		"func/i999.bmp",
		"func/f070.bmp",
		"func/f070.bmp",
		"func/f067.bmp",
		"func/u073.bmp",
		"func/s079.bmp",
		"func/s070.bmp",
		"func/s070.bmp",
		"func/f066.bmp",
		"func/f079.bmp",
		"func/u074.bmp",
		"func/f065.bmp",
		"func/u073.bmp",
		"func/s077.bmp",
		"func/s079.bmp",
		"func/s074.bmp",
		"func/s074.bmp",
		"func/u070.bmp",
		"func/u070.bmp",
		"func/f066.bmp",
		"func/i999.bmp",
		"func/u075.bmp",
		"func/u075.bmp",
		"func/u074.bmp",
		"func/u071.bmp",
		"func/f065.bmp",
		"func/f074.bmp",
		"func/f074.bmp",
		"func/s077.bmp",
		"func/u068.bmp",
		"func/s080.bmp",
		"func/u072.bmp",
		"func/f073.bmp",
		"func/f073.bmp",
		"func/u071.bmp",
		"func/u066.bmp",
		"func/u066.bmp",
		"func/u078.bmp",
		"func/u068.bmp",
		"func/i999.bmp",
		"func/u069.bmp",
		"func/u069.bmp",
		"func/s080.bmp",
		"func/f071.bmp",
		"func/u072.bmp",
		"func/f069.bmp",
		"func/s071.bmp",
		"func/s071.bmp",
		"func/Circle.bmp"
	]
}
