{
	"onset":[1.499,3.496,7.489,20.492,26.599,28.595,40.591,47.705,49.702,64.70099999999999,72.80500000000001,74.801,78.81100000000001,90.807,99.917,101.914,105.907,120.906,127.013,129.01,133.02,147.012,154.126,156.122,160.132,166.239,168.236,172.263,181.373,183.369,198.369,205.482,207.479,221.471,227.579,229.575,233.602,239.709,241.705,245.732,254.842,256.839,260.849,266.956,268.952,272.962,287.961,296.065,298.061,311.064,317.171,319.168,323.194,331.298,333.295,337.304,352.304,359.417,361.464,373.41],
	"duration":[2,4,8,2.1,2,8,2.1,2,8,2.1,2,4,8,2.1,2,4,8,2.1,2,4,8,2.1,2,4,2.1,2,4,2.1,2,8,2.1,2,8,2.1,2,4,2.1,2,4,2.1,2,4,2.1,2,4,8,2.1,2,8,2.1,2,4,2.1,2,4,8,2.1,2,8,2.1],
	"trial_type":[
		"Look_Neg_Cue",
		"Look_Neg_Ant",
		"Look_Neg_Stim",
		"Look_Neg_Rating",
		"Reapp_Neg_Cue",
		"Reapp_Neg_Stim",
		"Reapp_Neg_Rating",
		"Look_Neutral_Cue",
		"Look_Neutral_Stim",
		"Look_Neutral_Rating",
		"Reapp_Neg_Cue",
		"Reapp_Neg_Ant",
		"Reapp_Neg_Stim",
		"Reapp_Neg_Rating",
		"Look_Neg_Cue",
		"Look_Neg_Ant",
		"Look_Neg_Stim",
		"Look_Neg_Rating",
		"Look_Neutral_Cue",
		"Look_Neutral_Ant",
		"Look_Neutral_Stim",
		"Look_Neutral_Rating",
		"Look_Neg_Cue",
		"Look_Neg_Ant",
		"Look_Neg_Rating",
		"Reapp_Neg_Cue",
		"Reapp_Neg_Ant",
		"Reapp_Neg_Rating",
		"Look_Neutral_Cue",
		"Look_Neutral_Stim",
		"Look_Neutral_Rating",
		"Reapp_Neg_Cue",
		"Reapp_Neg_Stim",
		"Reapp_Neg_Rating",
		"Look_Neutral_Cue",
		"Look_Neutral_Ant",
		"Look_Neutral_Rating",
		"Look_Neg_Cue",
		"Look_Neg_Ant",
		"Look_Neg_Rating",
		"Look_Neutral_Cue",
		"Look_Neutral_Ant",
		"Look_Neutral_Rating",
		"Reapp_Neg_Cue",
		"Reapp_Neg_Ant",
		"Reapp_Neg_Stim",
		"Reapp_Neg_Rating",
		"Look_Neg_Cue",
		"Look_Neg_Stim",
		"Look_Neg_Rating",
		"Reapp_Neg_Cue",
		"Reapp_Neg_Ant",
		"Reapp_Neg_Rating",
		"Look_Neutral_Cue",
		"Look_Neutral_Ant",
		"Look_Neutral_Stim",
		"Look_Neutral_Rating",
		"Look_Neg_Cue",
		"Look_Neg_Stim",
		"Look_Neg_Rating"
	]
}
