{
	"onset":[0.12,5.315,9.189,14.107,17.583,22.387,26.224,29.594,33.886,38.809,43.079,47.201,51.493,55.203,59.719,63.724,69.816,73.999,81.482,84.68600000000001,87.696,91.31399999999999,97.175,102.201,109.68,112.882,118.209,122.585,130.094,136.316,142.092,149.209,152.494,155.421,159.084,162.719,169.679,177.178,180.615,185.024,190.792,194.084,197.408,201.385,204.409,210.597,215.595,221.398,224.499,227.808,232.815,236.613,241.721,248.815,252.024,255.595,260.65,260.7,263.698,269.886,275.188,279.309,283.422,286.62,291.394,295.577,298.909,305.584,311.981,315.19,319.384,322.494,329.815,337.284,342.702,349.981,354.894,359.003,363.884,369.197,372.683,379.897,385.897,389.5,393.389,396.313,400.514,407.096,413.486,417.298,421.721,426.296,430.921,434.308,438.588,441.609,445.506,450.679,454.609,458.411,461.514],
	"duration":[
		2,
		2,
		2,
		2,
		2,
		2,
		2,
		2,
		2,
		2,
		2,
		2,
		2,
		2,
		2,
		2,
		2,
		2,
		2,
		2,
		2,
		2,
		2,
		2,
		2,
		2,
		2,
		2,
		2,
		2,
		2,
		2,
		2,
		2,
		2,
		2,
		2,
		2,
		2,
		2,
		2,
		2,
		2,
		2,
		2,
		2,
		2,
		2,
		2,
		2,
		2,
		2,
		2,
		2,
		2,
		2,
		"n/a",
		2,
		2,
		2,
		2,
		2,
		2,
		2,
		2,
		2,
		2,
		2,
		2,
		2,
		2,
		2,
		2,
		2,
		2,
		2,
		2,
		2,
		2,
		2,
		2,
		2,
		2,
		2,
		2,
		2,
		2,
		2,
		2,
		2,
		2,
		2,
		2,
		2,
		2,
		2,
		2,
		2,
		2,
		2,
		2
	],
	"trial_type":[
		"classification-probabilistic",
		"classification-probabilistic",
		"classification-probabilistic",
		"classification-probabilistic",
		"classification-probabilistic",
		"classification-deterministic",
		"classification-deterministic",
		"classification-deterministic",
		"classification-deterministic",
		"classification-deterministic",
		"classification-probabilistic",
		"classification-probabilistic",
		"classification-probabilistic",
		"classification-deterministic",
		"classification-probabilistic",
		"classification-probabilistic",
		"classification-deterministic",
		"classification-deterministic",
		"classification-deterministic",
		"classification-deterministic",
		"classification-probabilistic",
		"classification-probabilistic",
		"classification-deterministic",
		"classification-probabilistic",
		"classification-probabilistic",
		"classification-probabilistic",
		"classification-probabilistic",
		"classification-deterministic",
		"classification-deterministic",
		"classification-deterministic",
		"classification-probabilistic",
		"classification-probabilistic",
		"classification-probabilistic",
		"classification-probabilistic",
		"classification-deterministic",
		"classification-probabilistic",
		"classification-probabilistic",
		"classification-probabilistic",
		"classification-probabilistic",
		"classification-deterministic",
		"classification-probabilistic",
		"classification-deterministic",
		"classification-deterministic",
		"classification-deterministic",
		"classification-deterministic",
		"classification-probabilistic",
		"classification-deterministic",
		"classification-deterministic",
		"classification-deterministic",
		"classification-probabilistic",
		"classification-probabilistic",
		"classification-deterministic",
		"classification-deterministic",
		"classification-deterministic",
		"classification-probabilistic",
		"classification-deterministic",
		"n/a",
		"classification-deterministic",
		"classification-deterministic",
		"classification-deterministic",
		"classification-probabilistic",
		"classification-deterministic",
		"classification-deterministic",
		"classification-probabilistic",
		"classification-probabilistic",
		"classification-probabilistic",
		"classification-deterministic",
		"classification-deterministic",
		"classification-probabilistic",
		"classification-probabilistic",
		"classification-probabilistic",
		"classification-probabilistic",
		"classification-deterministic",
		"classification-deterministic",
		"classification-deterministic",
		"classification-probabilistic",
		"classification-probabilistic",
		"classification-probabilistic",
		"classification-deterministic",
		"classification-deterministic",
		"classification-deterministic",
		"classification-deterministic",
		"classification-probabilistic",
		"classification-probabilistic",
		"classification-probabilistic",
		"classification-deterministic",
		"classification-deterministic",
		"classification-probabilistic",
		"classification-probabilistic",
		"classification-probabilistic",
		"classification-deterministic",
		"classification-deterministic",
		"classification-deterministic",
		"classification-probabilistic",
		"classification-probabilistic",
		"classification-deterministic",
		"classification-deterministic",
		"classification-probabilistic",
		"classification-probabilistic",
		"classification-deterministic",
		"classification-deterministic"
	],
	"TrialNum":[
		1,
		3,
		5,
		7,
		9,
		11,
		13,
		15,
		17,
		19,
		21,
		23,
		25,
		27,
		29,
		31,
		33,
		35,
		37,
		39,
		41,
		43,
		45,
		47,
		49,
		51,
		53,
		55,
		57,
		59,
		61,
		63,
		65,
		67,
		69,
		71,
		73,
		75,
		77,
		79,
		81,
		83,
		85,
		87,
		89,
		91,
		93,
		95,
		97,
		99,
		101,
		103,
		105,
		107,
		109,
		111,
		113,
		"n/a",
		115,
		117,
		119,
		121,
		123,
		125,
		127,
		129,
		131,
		133,
		135,
		137,
		139,
		141,
		143,
		145,
		147,
		149,
		151,
		153,
		155,
		157,
		159,
		161,
		163,
		165,
		167,
		169,
		171,
		173,
		175,
		177,
		179,
		181,
		183,
		185,
		187,
		189,
		191,
		193,
		195,
		197,
		199
	],
	"StimCond":[
		1,
		1,
		1,
		1,
		1,
		2,
		2,
		2,
		2,
		2,
		1,
		1,
		1,
		2,
		1,
		1,
		2,
		2,
		2,
		2,
		1,
		1,
		2,
		1,
		1,
		1,
		1,
		2,
		2,
		2,
		1,
		1,
		1,
		1,
		2,
		1,
		1,
		1,
		1,
		2,
		1,
		2,
		2,
		2,
		2,
		1,
		2,
		2,
		2,
		1,
		1,
		2,
		2,
		2,
		1,
		2,
		2,
		"n/a",
		2,
		2,
		1,
		2,
		2,
		1,
		1,
		1,
		2,
		2,
		1,
		1,
		1,
		1,
		2,
		2,
		2,
		1,
		1,
		1,
		2,
		2,
		2,
		2,
		1,
		1,
		1,
		2,
		2,
		1,
		1,
		1,
		2,
		2,
		2,
		1,
		1,
		2,
		2,
		1,
		1,
		2,
		2
	],
	"StimulusNum":[
		10,
		3,
		11,
		10,
		3,
		10,
		10,
		11,
		10,
		2,
		14,
		2,
		10,
		13,
		10,
		10,
		2,
		5,
		1,
		13,
		3,
		4,
		10,
		4,
		5,
		6,
		14,
		2,
		1,
		3,
		3,
		11,
		7,
		1,
		3,
		6,
		8,
		8,
		5,
		11,
		5,
		3,
		13,
		9,
		13,
		11,
		3,
		7,
		6,
		4,
		3,
		5,
		7,
		11,
		11,
		12,
		8,
		"n/a",
		1,
		6,
		13,
		2,
		4,
		6,
		10,
		11,
		13,
		3,
		11,
		14,
		10,
		10,
		1,
		7,
		3,
		11,
		10,
		5,
		5,
		2,
		12,
		6,
		6,
		5,
		9,
		2,
		10,
		14,
		2,
		11,
		7,
		13,
		1,
		1,
		12,
		10,
		7,
		8,
		10,
		13,
		9
	],
	"Response":[
		"L",
		"R",
		"R",
		"L",
		"L",
		"L",
		"L",
		"R",
		"L",
		"R",
		"R",
		"R",
		"L",
		"L",
		"L",
		"L",
		"R",
		"L",
		"L",
		"R",
		"-",
		"L",
		"L",
		"L",
		"R",
		"L",
		"R",
		"R",
		"L",
		"R",
		"R",
		"R",
		"L",
		"R",
		"R",
		"-",
		"R",
		"R",
		"R",
		"R",
		"R",
		"R",
		"L",
		"L",
		"L",
		"R",
		"R",
		"L",
		"L",
		"L",
		"R",
		"-",
		"L",
		"R",
		"R",
		"L",
		"R",
		"n/a",
		"R",
		"R",
		"L",
		"R",
		"L",
		"R",
		"L",
		"R",
		"L",
		"R",
		"L",
		"R",
		"L",
		"L",
		"R",
		"L",
		"R",
		"R",
		"L",
		"R",
		"R",
		"R",
		"R",
		"R",
		"R",
		"R",
		"L",
		"R",
		"L",
		"R",
		"R",
		"R",
		"L",
		"L",
		"R",
		"R",
		"R",
		"L",
		"L",
		"-",
		"L",
		"L",
		"R"
	],