{
	"onset":[0.118,4.691,9.087999999999999,13.612,18.191,22.671,27.176,31.672,36.115,40.588,45.115,49.587,54.115,58.671,63.177,67.672,72.19,76.688,81.08799999999999,85.687,90.084,94.67100000000001,99.17700000000001,103.671,108.115,112.588,117.115,121.688,126.191,130.671,135.177,139.671,144.191,148.613,153.109,157.587,162.188,166.671,171.177,175.672,180.116,184.587,189.115,193.613,198.088,202.672,207.177,211.671,216.088,220.684,225.113,229.613,234.115,238.671,243.178,247.671,252.115,256.61,261.2,265.587,270.116,274.671,279.177,283.665,288.192,292.586,297.115,301.587,306.087,310.671,315.177,319.672,324.116,328.587,333.19,337.613,342.087,346.671,351.177,355.671],
	"duration":[
		2,
		2,
		2,
		2,
		2,
		"n/a",
		"n/a",
		"n/a",
		2,
		2,
		2,
		2,
		2,
		"n/a",
		"n/a",
		"n/a",
		2,
		2,
		2,
		2,
		2,
		"n/a",
		"n/a",
		"n/a",
		2,
		2,
		2,
		2,
		2,
		"n/a",
		"n/a",
		"n/a",
		2,
		2,
		2,
		2,
		2,
		"n/a",
		"n/a",
		"n/a",
		2,
		2,
		2,
		2,
		2,
		"n/a",
		"n/a",
		"n/a",
		2,
		2,
		2,
		2,
		2,
		"n/a",
		"n/a",
		"n/a",
		2,
		2,
		2,
		2,
		2,
		"n/a",
		"n/a",
		"n/a",
		2,
		2,
		2,
		2,
		2,
		"n/a",
		"n/a",
		"n/a",
		2,
		2,
		2,
		2,
		2,
		"n/a",
		"n/a",
		"n/a"
	],
	"trial_type":[
		"feedback",
		"feedback",
		"feedback",
		"feedback",
		"feedback",
		"n/a",
		"n/a",
		"n/a",
		"feedback",
		"feedback",
		"feedback",
		"feedback",
		"feedback",
		"n/a",
		"n/a",
		"n/a",
		"feedback",
		"feedback",
		"feedback",
		"feedback",
		"feedback",
		"n/a",
		"n/a",
		"n/a",
		"feedback",
		"feedback",
		"feedback",
		"feedback",
		"feedback",
		"n/a",
		"n/a",
		"n/a",
		"feedback",
		"feedback",
		"feedback",
		"feedback",
		"feedback",
		"n/a",
		"n/a",
		"n/a",
		"feedback",
		"feedback",
		"feedback",
		"feedback",
		"feedback",
		"n/a",
		"n/a",
		"n/a",
		"feedback",
		"feedback",
		"feedback",
		"feedback",
		"feedback",
		"n/a",
		"n/a",
		"n/a",
		"feedback",
		"feedback",
		"feedback",
		"feedback",
		"feedback",
		"n/a",
		"n/a",
		"n/a",
		"feedback",
		"feedback",
		"feedback",
		"feedback",
		"feedback",
		"n/a",
		"n/a",
		"n/a",
		"feedback",
		"feedback",
		"feedback",
		"feedback",
		"feedback",
		"n/a",
		"n/a",
		"n/a"
	],
	"feedback":[
		0.72,
		0.72,
		0.72,
		0.72,
		-1.28,
		"n/a",
		"n/a",
		"n/a",
		0.72,
		-1.28,
		0.72,
		0.72,
		-1.28,
		"n/a",
		"n/a",
		"n/a",
		0.72,
		-1.28,
		0.72,
		-1.28,
		0.72,
		"n/a",
		"n/a",
		"n/a",
		0.72,
		0.72,
		0.72,
		-1.28,
		0.72,
		"n/a",
		"n/a",
		"n/a",
		0.72,
		0.72,
		-1.28,
		0.72,
		0.72,
		"n/a",
		"n/a",
		"n/a",
		-1.28,
		0.72,
		-1.28,
		0.72,
		-1.28,
		"n/a",
		"n/a",
		"n/a",
		0.72,
		-1.28,
		-1.28,
		0.72,
		0.72,
		"n/a",
		"n/a",
		"n/a",
		0.72,
		0.72,
		-1.28,
		-1.28,
		0.72,
		"n/a",
		"n/a",
		"n/a",
		-1.28,
		0.72,
		-1.28,
		-1.28,
		0.72,
		"n/a",
		"n/a",
		"n/a",
		0.72,
		0.72,
		0.72,
		-1.28,
		0.72,
		"n/a",
		"n/a",
		"n/a"
	],
	"TrialNum":[1,2,3,4,5,6,7,8,9,10,11,12,13,14,15,16,17,18,19,20,21,22,23,24,25,26,27,28,29,30,31,32,33,34,35,36,37,38,39,40,41,42,43,44,45,46,47,48,49,50,51,52,53,54,55,56,57,58,59,60,61,62,63,64,65,66,67,68,69,70,71,72,73,74,75,76,77,78,79,80],
	"StimCond":[2,2,2,2,2,2,2,2,2,2,2,2,2,2,2,2,2,2,2,2,2,2,2,2,2,2,2,2,2,2,2,2,2,2,2,2,2,2,2,2,2,2,2,2,2,2,2,2,2,2,2,2,2,2,2,2,2,2,2,2,2,2,2,2,2,2,2,2,2,2,2,2,2,2,2,2,2,2,2,2],
	"StimulusNum":[2,14,2,6,12,0,0,0,5,3,8,1,10,0,0,0,11,13,2,12,3,0,0,0,7,2,7,13,12,0,0,0,13,5,10,3,13,0,0,0,9,4,8,5,1,0,0,0,4,12,9,7,8,0,0,0,10,10,12,1,10,0,0,0,13,4,7,1,3,0,0,0,5,3,11,5,3,0,0,0],
	"Response":[
		"R",
		"R",
		"R",
		"L",
		"L",
		"R",
		"R",
		"R",
		"R",
		"L",
		"R",
		"L",
		"R",
		"R",
		"R",
		"R",
		"R",
		"-",
		"R",
		"L",
		"R",
		"R",
		"R",
		"R",
		"L",
		"R",
		"L",
		"R",
		"R",
		"R",
		"R",
		"R",
		"L",
		"R",
		"R",
		"R",
		"L",
		"R",
		"R",
		"R",
		"L",
		"L",
		"L",
		"R",
		"R",
		"R",
		"R",
		"R",
		"L",
		"L",
		"L",
		"L",
		"R",
		"R",
		"R",
		"R",
		"L",
		"L",
		"L",
		"R",
		"L",
		"R",
		"R",
		"R",
		"-",
		"L",
		"R",
		"R",
		"R",
		"R",
		"R",
		"R",
		"R",
		"R",
		"R",
		"L",
		"R",
		"R",
		"R",
		"R"
	],
	"response_time":[1.319,2.383,1.491,1.657,1.86,1.442,1.754,0.961,1.414,1.403,1.256,1.212,1.657,1.14,1.61,0.729,2.223,0,1.111,2.673,1.28,1.221,0.699,0.965,1.289,0.989,1.691,1.985,2.327,1.702,0.981,0.9350000000000001,1.664,2.149,2.177,1.072,2.052,0.976,0.798,1.424,1.329,1.32,2.038,2.063,1.884,1.697,0.864,1.378,1.349,2.701,1.963,1.952,1.871,1.115,0.96,0.843,1.786,1.688,2.18,1.812,1.496,0.892,1.251,1.356,0,1.873,2.857,1.167,1.466,0.966,0.788,0.83,1.353,0.999,1.746,1.965,1.236,1.536,0.909,1.399],
	"Correct":[
		1,
		1,
		1,
		1,
		0,
		"-",
		"-",
		"-",
		1,
		0,
		1,
		1,
		0,
		"-",
		"-",
		"-",
		1,
		-1,
		1,
		0,
		1,
		"-",
		"-",
		"-",
		1,
		1,
		1,
		0,
		1,
		"-",
		"-",
		"-",
		1,
		1,
		0,
		1,
		1,
		"-",
		"-",
		"-",
		0,
		1,
		0,
		1,
		0,
		"-",
		"-",
		"-",
		1,
		0,
		0,
		1,
		1,
		"-",
		"-",
		"-",
		1,
		1,
		0,
		0,
		1,
		"-",
		"-",
		"-",
		-1,
		1,
		0,
		0,
		1,
		"-",
		"-",
		"-",
		1,
		1,
		1,
		0,
		1,
		"-",
		"-",
		"-"
	],
	"Feedback":[
		"R",
		"R",
		"R",
		"L",
		"R",
		"-",
		"-",
		"-",
		"R",
		"R",
		"R",
		"L",
		"L",
		"-",
		"-",
		"-",
		"R",
		"L",
		"R",
		"R",
		"R",
		"-",
		"-",
		"-",
		"L",
		"R",
		"L",
		"L",
		"R",
		"-",
		"-",
		"-",
		"L",
		"R",
		"L",
		"R",
		"L",
		"-",
		"-",
		"-",
		"R",
		"L",
		"R",
		"R",
		"L",
		"-",
		"-",
		"-",
		"L",
		"R",
		"R",
		"L",
		"R",
		"-",
		"-",
		"-",
		"L",
		"L",
		"R",
		"L",
		"L",
		"-",
		"-",
		"-",
		"L",
		"L",
		"L",
		"L",
		"R",
		"-",
		"-",
		"-",
		"R",
		"R",
		"R",
		"R",
		"R",
		"-",
		"-",
		"-"
	]
}
