{
	"onset":[0.01,10,20,32,44,54.02,68,80.01000000000001,94.01000000000001,108,120,132,144,156,168,180,192.01,206,218,228,238,250,262.01,274,286.01],
	"duration":[6,6,6,6,6,6,6,6,6,6,6,6,6,6,6,6,6,6,6,6,6,6,6,6,6],
	"trial_type":[
		"rocknroll",
		"metal",
		"symphonic",
		"country",
		"country",
		"ambient",
		"rocknroll",
		"country",
		"symphonic",
		"metal",
		"metal",
		"rocknroll",
		"symphonic",
		"rocknroll",
		"ambient",
		"country",
		"metal",
		"ambient",
		"ambient",
		"symphonic",
		"symphonic",
		"ambient",
		"metal",
		"country",
		"rocknroll"
	],
	"run":[2,2,2,2,2,2,2,2,2,2,2,2,2,2,2,2,2,2,2,2,2,2,2,2,2],
	"run_id":[7,7,7,7,7,7,7,7,7,7,7,7,7,7,7,7,7,7,7,7,7,7,7,7,7],
	"volume":[153,158,163,169,175,180,187,193,200,207,213,219,225,231,237,243,249,256,262,267,272,278,284,290,296],
	"run_volume":[0,5,10,16,22,27,34,40,47,54,60,66,72,78,84,90,96,103,109,114,119,125,131,137,143],
	"stim":[
		"rocknroll_000.wav",
		"metal_004.wav",
		"symphonic_002.wav",
		"country_004.wav",
		"country_003.wav",
		"ambient_001.wav",
		"rocknroll_001.wav",
		"country_001.wav",
		"symphonic_004.wav",
		"metal_002.wav",
		"metal_003.wav",
		"rocknroll_003.wav",
		"symphonic_001.wav",
		"rocknroll_004.wav",
		"ambient_000.wav",
		"country_000.wav",
		"metal_000.wav",
		"ambient_004.wav",
		"ambient_003.wav",
		"symphonic_000.wav",
		"symphonic_003.wav",
		"ambient_002.wav",
		"metal_001.wav",
		"country_002.wav",
		"rocknroll_002.wav"
	],
	"genre":[
		"rocknroll",
		"metal",
		"symphonic",
		"country",
		"country",
		"ambient",
		"rocknroll",
		"country",
		"symphonic",
		"metal",
		"metal",
		"rocknroll",
		"symphonic",
		"rocknroll",
		"ambient",
		"country",
		"metal",
		"ambient",
		"ambient",
		"symphonic",
		"symphonic",
		"ambient",
		"metal",
		"country",
		"rocknroll"
	],
	"delay":[4,4,6,6,4,8,6,8,8,6,6,6,6,6,6,6,8,6,4,4,6,6,6,6,8],
	"catch":[0,0,0,0,0,1,0,1,1,0,0,0,0,0,0,0,1,0,0,0,0,0,0,0,1],
	"sound_soa":[0.007900000000063301,0.002799999999979264,0.003500000000030923,0.003500000000030923,0.003500000000030923,0.01980000000003201,0.002700000000004366,0.01379999999994652,0.009800000000041109,0.002700000000004366,0.003500000000030923,0.003500000000030923,0.003900000000157888,0.003500000000030923,0.003500000000030923,0.003699999999980719,0.01300000000014734,0.002600000000029468,0.003500000000030923,0.0022999999998774,0.00250000000005457,0.003600000000005821,0.0057000000001608,0.002400000000079672,0.01119999999991705],
	"trigger_ts":[1137.358,1147.3586,1157.3581,1169.3579,1181.3581,1191.3579,1205.3587,1217.3578,1231.3578,1245.3578,1257.3578,1269.358,1281.3581,1293.3579,1305.3581,1317.3581,1329.358,1343.3579,1355.3581,1365.3586,1375.3587,1387.358,1399.358,1411.3578,1423.3579]
}
